{"sentidx":12451,"lemma":"aborto","token":"aborto","start":30,"end":36,"sent":"Qualche anno fasi effettuo un aborto terapeutico alla ventiduesima settimana ."}
{"sentidx":212611,"lemma":"aborto","token":"aborto","start":51,"end":57,"sent":"Come si puo allora restare indifferenti , quando l aborto viene utilizzato come strumento di selezione sessuale o peggio di selezione genetica ?"}
{"sentidx":212684,"lemma":"aborto","token":"aborto","start":169,"end":175,"sent":"Signor Presidente votero a favore della mozione con il dispositivo rivisto dal Governo perche trovo semplicemente di buon senso perseguire l obiettivo di impedire che l aborto sia uno strumento di controllo demografico e men che meno un obbligo acui le donne vengono sottoposte nel mondo ."}
{"sentidx":188874,"lemma":"aborto","token":"aborto","start":436,"end":442,"sent":"Quindi mentre in Italia ce la possibilita di scelta da parte della donna e quindi , quando si parla di interruzione di gravidanza si fa riferimento alla liberta della donna ( anche se si deve considerare che la scelta e il piu delle volte traumatica e coinvolge la coscienza della donna , chiamata ad una decisione importante e fondamentale ) , questo purtroppo non succede nei Paesi dove invece questo tipo di legislazioni impongono l aborto addirittura come strumento di selezione eugenetica oppure semplicemente come strumento di contraccezione ."}
{"sentidx":188911,"lemma":"aborto","token":"aborto","start":123,"end":129,"sent":"L Italia dei Valori non ha alcun problema a chiedere al Governo di impegnarsi in campo internazionale contro ogni forma di aborto imposto contro la volonta della donna , al punto da aver inserito questa disposizione nella mozione che abbiamo presentato ."}
{"sentidx":212646,"lemma":"aborto","token":"aborto","start":122,"end":128,"sent":"Per queste ragioni , per noi e una discriminante culturale e valoriale dire di no alle politiche demografiche che usano l aborto come metodo contraccettivo , a partire dal riconoscimento del principio etico della liberta di scelta , della responsabilita e dunque , dell \u2019 autonomia delle donne ."}
{"sentidx":212979,"lemma":"aborto","token":"aborto","start":334,"end":340,"sent":"Signor Presidente non so quanto sia rituale il mio intervento , dal momento che lei , in questo momento , ricopre la carica di Vicepresidente della Camera Mi rivolgo quindi all \u2019 onorevole Buttiglione per ringraziarla dell \u2019 opera che ha svolto in sede di presentazione della mozione che abbiamo discusso questa mattina concernente l aborto e per il lavoro che e stato fatto ."}
{"sentidx":212542,"lemma":"aborto","token":"aborto","start":3,"end":9,"sent":"Un aborto imposto e un sopruso ; l interruzione volontaria di gravidanza e seppure in maniera drammatica , l affermazione di una serie di diritti quali quello alla salute e alla maternita libera e consapevole ."}
{"sentidx":90465,"lemma":"aborto","token":"aborto","start":100,"end":106,"sent":"Signor Presidente non esistono attualmente rilevazioni sistematiche sulla pratica e le procedure di aborto farmacologico mediante Mifegyne il farmaco abortivo noto come Ru486 perche al momento non e ancora commercializzato in Italia Il Ministero del lavoro , della salute e delle politiche sociali quest \u2019 anno ha quindi chiesto direttamente alle regioni , le cui strutture \\\\\/ aziende sanitarie avevano chiesto l importazione diretta del Mifegyne il numero di interventi effettuati con tale metodica e le modalita d uso i dati resi disponibili riguardano solamente il numero di IVG effettuate secondo tale metodo ."}
{"sentidx":188966,"lemma":"aborto","token":"aborto","start":68,"end":74,"sent":"Questa mozione va nella direzione di impedire in qualche modo che l aborto diventi una facile soluzione per quelle popolazioni cosi povere , cosi poco istruite o cosi poco preparate , che non capiscono quale partita sia in gioco ."}
{"sentidx":188862,"lemma":"aborto","token":"aborto","start":30,"end":36,"sent":"Esso ritiene , invece , che l aborto vada per quanto possibile limitato e per quanto possibile bandito dalla nostra societa ."}
{"sentidx":212627,"lemma":"aborto","token":"aborto","start":97,"end":103,"sent":"L iniziativa favorevole ad una moratoria , o un iniziativa , in sede di Nazioni Unite affinche l aborto cessi di essere uno strumento di controllo demografico , ci trova consenzienti ."}
{"sentidx":212538,"lemma":"aborto","token":"aborto","start":2,"end":8,"sent":"L aborto non puo essere imposto per legge , non puo e non deve essere utilizzato come strumento di controllo demografico ."}
{"sentidx":212657,"lemma":"aborto","token":"aborto","start":265,"end":271,"sent":"Signor Presidente signor rappresentante del Governo onorevoli colleghi e colleghe , con la mozione a mia prima firma la Camera dei deputati intende rispondere , in modo significativo e con un impegno , alla pratica adottata in ambito internazionale di promuovere l aborto come strumento di controllo demografico e di politiche punitive nei confronti delle donne che rifiutano di abortire , come ha bene esposto , a nome del nostro gruppo , la collega Carlucci durante la discussione sulle linee generali ."}
{"sentidx":212543,"lemma":"aborto","token":"aborto","start":205,"end":211,"sent":"Leggendo i testi delle mozioni presentate riconosco che non vi e questo pericolo , poiche tutte chiedono al Governo di intraprendere un \u2019 azione diplomatica che porti in sede internazionale a condannare l aborto quale strumento di controllo demografico e ad affermare il diritto della donna alla maternita ."}
{"sentidx":178650,"lemma":"aborto","token":"aborto","start":82,"end":88,"sent":"Il fatto che l Italia abbia la grave colpa di ammettere , tollerare e difendere l aborto , non vuol dire che dove troviamo consenso per difendere altri diritti umani non dobbiamo usare questo consenso fino in fondo ."}
{"sentidx":188906,"lemma":"aborto","token":"aborto","start":151,"end":157,"sent":"Altresi deve essere condannata con determinazione la degenerazione cui portano le legislazioni piu rigide sul controllo delle nascite , trasformando l aborto in uno strumento per selezionare il sesso del nascituro ."}
{"sentidx":188861,"lemma":"aborto","token":"aborto","start":310,"end":316,"sent":"Anche su questo tema , infatti , esiste , credo , un consenso di fondo del popolo italiano che , mentre non vuole la punizione della donna e del medico e mentre ritiene che la decisione di abortire vada rispettata , tuttavia non ritiene che si possa imporre ad una donna di abortire e chesi possa utilizzare l aborto come strumento sistematico di controllo delle nascite ."}
{"sentidx":212690,"lemma":"aborto","token":"aborto","start":234,"end":240,"sent":"Signor Presidente in questo dibattito che stiamo svolgendo , vorrei sottolineare che l obiettivo centrale puo essere quello di rivolgere all \u2019 ONU un invito che riguarda popolazioni di Paesi in cui ben sappiamo che le politiche per l aborto sono a volte una condizione per poter ricevere aiuti e risorse necessarie a promuovere il loro sviluppo ."}
{"sentidx":188850,"lemma":"aborto","token":"aborto","start":120,"end":126,"sent":"Allora mentre la mentalita del Club di Roma tendeva adire : diminuiamo la popolazione con qualunque mezzo , anche con l aborto , e questo e stato ovviamente applicato in modo piu feroce nei Paesi sottosviluppati , oggi sappiamo che le tendenze demografiche mondiali sono cambiate e pongono a noi non solo per ragioni di dignita umana , ma anche per ragioni di equilibrio socioeconomico , l acquisizione di un diverso atteggiamento ."}
{"sentidx":188917,"lemma":"aborto","token":"aborto","start":259,"end":265,"sent":"Signor Presidente le mozioni che ho firmato e che oggi sono in discussione alla Camera pongono alla nostra attenzione un tema strategico sotto il profilo etico - antropologico e sotto quello socio - economico : quello del controllo delle nascite attraverso l aborto , non solo e non tanto a livello individuale , quanto a livello dei pesanti condizionamenti che alcune popolazioni in via di sviluppo subiscono da parte di alcune multinazionali che spesso afferiscono ai cosiddetti Paesi industrializzati ."}
{"sentidx":188895,"lemma":"aborto","token":"aborto","start":163,"end":169,"sent":"Chiediamo al Governo di farsi promotore presso le Nazioni Unite di una risoluzione che condanni luso dell \u2019 aborto quale strumento di controllo demografico e dell aborto selettivo , confermando , altresi , il pieno diritto della donna alla procreazione ."}
{"sentidx":188895,"lemma":"aborto","token":"aborto","start":108,"end":114,"sent":"Chiediamo al Governo di farsi promotore presso le Nazioni Unite di una risoluzione che condanni luso dell \u2019 aborto quale strumento di controllo demografico e dell aborto selettivo , confermando , altresi , il pieno diritto della donna alla procreazione ."}
{"sentidx":188902,"lemma":"aborto","token":"aborto","start":163,"end":169,"sent":"Chi crede fermamente in questa legge ela ritiene necessaria in uno Stato moderno , laico e democratico , non puo che essere decisamente contrario ad ogni forma di aborto coatto e alluso dell \u2019 interruzione di gravidanza come strumento di controllo delle nascite ."}
{"sentidx":289611,"lemma":"aborto","token":"aborto","start":2,"end":8,"sent":"L aborto della richiesta di riduzione delle province , che dovevano prima diminuire di venti , poi di dieci , poi di quattro e poi di nessuna , e il sintomo chiaro di un provvedimento che oggi ha fallito ( Applausi dei deputati del gruppo Italia dei"}
{"sentidx":212705,"lemma":"aborto","token":"aborto","start":83,"end":89,"sent":"C era allora la piaga dell \u2019 aborto clandestino e certamente la battaglia contro l aborto e piu congeniale alla Chiesa che non allo Stato La Chiesa ha strumenti materiali e spirituali , mentre lo Stato ha solo strumenti materiali come l informazione , l educazione ela contraccezione ."}
{"sentidx":212705,"lemma":"aborto","token":"aborto","start":29,"end":35,"sent":"C era allora la piaga dell \u2019 aborto clandestino e certamente la battaglia contro l aborto e piu congeniale alla Chiesa che non allo Stato La Chiesa ha strumenti materiali e spirituali , mentre lo Stato ha solo strumenti materiali come l informazione , l educazione ela contraccezione ."}
{"sentidx":212656,"lemma":"aborto","token":"aborto","start":101,"end":107,"sent":"Sarebbe stata davvero una bella giornata per le donne del mondo per quelle che muoiono di parto e di aborto se oggi il Parlamento italiano avesse nominato per tutte e non soltanto per noi che siamo qui , il principio della liberta di scelta ( Applausi dei deputati dei gruppi Partito Democratico e Italia dei Valori Avremmo voluto questo vostro coraggio che non avete avuto pero , ovviamente , apprezziamo il fatto che ci sia un riconoscimento esplicito di quelle due importanti conferenze e dunque voteremo la nostra mozione e ci asterremo sulla formulazione dei dispositivi proposta dal Governo Applausi dei deputati dei gruppi Partito Democratico Italia dei Valori e di deputati del gruppo Popolo della"}
{"sentidx":237249,"lemma":"aborto","token":"aborto","start":91,"end":97,"sent":"Tra i programmi gia definiti vi e quello rivolto alle comunita di migranti per prevenire l aborto tra le donne migranti , il quale costituisce una delle percentuali piu elevate del ricorso all \u2019 aborto nel nostro Paese Consentitemi di rivolgermi , in modo accorato davvero , a tutti i parlamentari qui presenti : sarebbe una grave perdita per la nostra comunita , sarebbe una grave perdita per la salute , la sicurezza e il senso di dignita del nostro Paese se questo istituto fosse costretto , per mancanza di fondi , a cessare la sua attivita ."}
{"sentidx":237249,"lemma":"aborto","token":"aborto","start":195,"end":201,"sent":"Tra i programmi gia definiti vi e quello rivolto alle comunita di migranti per prevenire l aborto tra le donne migranti , il quale costituisce una delle percentuali piu elevate del ricorso all \u2019 aborto nel nostro Paese Consentitemi di rivolgermi , in modo accorato davvero , a tutti i parlamentari qui presenti : sarebbe una grave perdita per la nostra comunita , sarebbe una grave perdita per la salute , la sicurezza e il senso di dignita del nostro Paese se questo istituto fosse costretto , per mancanza di fondi , a cessare la sua attivita ."}
{"sentidx":188832,"lemma":"aborto","token":"aborto","start":296,"end":302,"sent":"L aborto viene utilizzato come strumento di selezione sessuale , l aborto viene usato come strumento di selezione genetica , secondo un progetto eugenetico che ricorda abbastanza da vicino quello che era il progetto genetico nazionalsocialista : si tenta di incrementare , attraverso luso dell \u2019 aborto , alcune facolta e caratteristiche , razziali odi altra natura , le quali vengono considerate piu desiderabili di altre ."}
{"sentidx":188832,"lemma":"aborto","token":"aborto","start":2,"end":8,"sent":"L aborto viene utilizzato come strumento di selezione sessuale , l aborto viene usato come strumento di selezione genetica , secondo un progetto eugenetico che ricorda abbastanza da vicino quello che era il progetto genetico nazionalsocialista : si tenta di incrementare , attraverso luso dell \u2019 aborto , alcune facolta e caratteristiche , razziali odi altra natura , le quali vengono considerate piu desiderabili di altre ."}
{"sentidx":188832,"lemma":"aborto","token":"aborto","start":67,"end":73,"sent":"L aborto viene utilizzato come strumento di selezione sessuale , l aborto viene usato come strumento di selezione genetica , secondo un progetto eugenetico che ricorda abbastanza da vicino quello che era il progetto genetico nazionalsocialista : si tenta di incrementare , attraverso luso dell \u2019 aborto , alcune facolta e caratteristiche , razziali odi altra natura , le quali vengono considerate piu desiderabili di altre ."}
{"sentidx":215925,"lemma":"aborto","token":"aborto","start":32,"end":38,"sent":"Mio padre mi ha insegnato che l aborto e una cosa da non permettere , perche si tratta di un crimine e come tale deve essere denunciato ; e un azione inaccettabile in una societa che vuole benessere per tutti ."}
{"sentidx":188912,"lemma":"aborto","token":"aborto","start":141,"end":147,"sent":"Riteniamo pero che sarebbe un approccio troppo riduttivo , se si limitasse ad affrontare solo questo aspetto del problema : per questo all \u2019 aborto come strumento di controllo delle nascite , l Italia dei Valori accompagna la proposta di aiutare a diffondere ea radicare una cultura sempre maggiore della maternita consapevole e delle pratiche e dei metodi anticoncezionali , in particolare nei Paesi del Terzo mondo ."}
{"sentidx":178616,"lemma":"aborto","token":"aborto","start":139,"end":145,"sent":"Mi permetto di dire agli amici dell \u2019 UdC in particolare al presidente Buttiglione che forse uno Stato che consente di fatto la liberta di aborto come il nostro non e uno Stato che possa insegnare molto agli altri Stati Applausi del deputato Polledri Ma questo so che non e un discorso alla moda , e oramai i diritti umani sono diventati un elastico nelle mani di chi comanda i flussi dell \u2019 informazione e cerca di dare forma al sentimento di tutto il mondo ."}
{"sentidx":188810,"lemma":"aborto","token":"aborto","start":94,"end":100,"sent":"Da quando la Corte suprema degli Stati Uniti con la sentenza Roe versus Wade ha legalizzato l aborto in quel grande Paese sie aperta nella coscienza dell \u2019 Occidente una spaccatura che persiste fino al tempo presente ."}
{"sentidx":212701,"lemma":"aborto","token":"aborto","start":43,"end":49,"sent":"Allora se noi vogliamo veramente battere l aborto non si possono negare i metodi di contraccezione d emergenza , cosa che invece si fa qui in Italia dove alla contraccezione non hanno ad esempio accesso tutte le persone che voi avete reso invisibili ."}
{"sentidx":130732,"lemma":"aborto","token":"aborto","start":51,"end":57,"sent":"Questa e una legge che , giustamente , individua l aborto come un dramma ."}
{"sentidx":212695,"lemma":"aborto","token":"aborto","start":227,"end":233,"sent":"Tuttavia certamente , la dove la contraccezione rientrasse nella libera scelta individuale , non ce sicuramente l intento di voler fare di questa pratica il centro , il perno della sostituzione delle politiche che fanno dell \u2019 aborto il metodo di controllo delle nascite con politiche che fanno della contraccezione il metodo di controllo delle nascite ."}
{"sentidx":212671,"lemma":"aborto","token":"aborto","start":125,"end":131,"sent":"Non e possibile vincolare il sostegno ad un Paese invia di sviluppo alla sua accettazione di politiche abortive e comunque l aborto non puo essere usato come metodo di controllo delle nascite ."}
{"sentidx":212528,"lemma":"aborto","token":"aborto","start":207,"end":213,"sent":"Dobbiamo innanzitutto distinguere nettamente il ricorso fatto da alcuni Paesi all interruzione di gravidanza coatta el \u2019 impiego di questa come strumento di controllo delle nascite dalle legislazioni sull \u2019 aborto presenti invece in tutti gli Stati democratici ."}
{"sentidx":257247,"lemma":"aborto","token":"aborto","start":274,"end":280,"sent":"La piattaforma di azione di Pechino del 1995 ha allargato questa definizione , specificando che la violenza di genere include le violazione dei diritti delle donne in situazioni di conflitto , tra cui lo stupro sistematico , la schiavitu sessuale ela gravidanza forzata , l aborto forzato , l aborto selettivo e che sono particolarmente vulnerabili le donne appartenenti ad alcune minoranze ( anziane , indigene , appartenenti alle comunita migranti , le donne che vivono in zone rurali impoverite , denutrite ) ."}
{"sentidx":257247,"lemma":"aborto","token":"aborto","start":293,"end":299,"sent":"La piattaforma di azione di Pechino del 1995 ha allargato questa definizione , specificando che la violenza di genere include le violazione dei diritti delle donne in situazioni di conflitto , tra cui lo stupro sistematico , la schiavitu sessuale ela gravidanza forzata , l aborto forzato , l aborto selettivo e che sono particolarmente vulnerabili le donne appartenenti ad alcune minoranze ( anziane , indigene , appartenenti alle comunita migranti , le donne che vivono in zone rurali impoverite , denutrite ) ."}
{"sentidx":188904,"lemma":"aborto","token":"aborto","start":344,"end":350,"sent":"Nel mondo purtroppo esistono Stati le cui legislazioni non democratiche violano i diritti umani : in alcuni casi , i regimi ricorrono sovente a condanne giudiziarie esclusivamente per motivi politici ; in altri si fa ricorso alla tortura ; evi sono Stati che impongono un controllo molto rigido sulle nascite , imponendo la sterilizzazione o l aborto coatto ."}
{"sentidx":182202,"lemma":"aborto","token":"aborto","start":164,"end":170,"sent":"D Signor Presidente vorrei precisare al collega Radicale che ha teste enunciato quest \u2019 altro spettro che aleggia in quest \u2019 Aula dell eutanasia clandestina come l aborto clandestino , che , in alcune zone di questo Paese il problema e assistere gli ammalati , soprattutto quelli gravi e che hanno necessita di cure continuative e palliative ."}
{"sentidx":188984,"lemma":"aborto","token":"aborto","start":38,"end":44,"sent":"Queste ultime intendono evitare che l aborto diventi un motivo di controllo demografico e di selezione per razza , per sesso oper altre ragioni e quindi , un motivo di selezione eugenetica ."}
{"sentidx":212633,"lemma":"aborto","token":"aborto","start":60,"end":66,"sent":"Tuttavia credo che se ci limitiamo adire che siamo contro l aborto , ma non diciamo che nel mondo serve una seria campagna per diminuire la tendenza all \u2019 aumento della popolazione , attraverso la diffusione ampia degli anticoncezionali , rischiamo di dare voce a politiche che porteranno ad una catastrofe dal punto di vista umanitario ."}
{"sentidx":188964,"lemma":"aborto","token":"aborti","start":228,"end":234,"sent":"Il diritto di scegliere rappresenta un problema che abbiamo dibattuto spesso anche in questa Aula Sono convinta , d altro canto , che non e vero che in Italia le donne siano libere di scegliere , se e vero come e vero che molti aborti avvengono in Italia per questioni economiche ."}
{"sentidx":188961,"lemma":"aborto","token":"aborto","start":3,"end":9,"sent":"Un aborto considerato in questo modo prefigura un mondo profondamente ingiusto , un mondo con una pratica che offende la dignita della persona umana ."}
{"sentidx":188975,"lemma":"aborto","token":"aborto","start":109,"end":115,"sent":"Pertanto vie una serie ininterrotta di prese di posizione nazionali ed internazionali sulla questione dell \u2019 aborto , che condivido ."}
{"sentidx":212613,"lemma":"aborto","token":"aborto","start":88,"end":94,"sent":"Contravvenire a tale disposizione coercitiva e sanzionato con multe di elevata entita , aborto forzato e requisizione dei beni ."}
{"sentidx":212615,"lemma":"aborto","token":"aborti","start":120,"end":126,"sent":"La Cina none l unico Paese ad essersi macchiato di tali fatti : in India ad esempio , si pratica un quinto di tutti gli aborti a rischio del mondo ."}
{"sentidx":188926,"lemma":"aborto","token":"aborto","start":106,"end":112,"sent":"Ma ce un forte sospetto , cioe che anche in Italia siano soprattutto le donne immigrate a ricorrere all \u2019 aborto perche colpite non solo da uno stato di oggettiva indigenza , ma anche perche troppo spesso temono di perdere un posto di lavoro faticosamente raggiunto e spesso unico elemento di sostentamento familiare ."}
{"sentidx":37085,"lemma":"aborto","token":"aborto","start":250,"end":256,"sent":"Crescere significa promuovere la famiglia come nucleo di spinta dell \u2019 intera organizzazione sociale , significa dare alle donne nel lavoro e negli altri ruoli sociali un sostegno per la loro autonomia , significa rimuovere le cause materiali dell \u2019 aborto e varare un grande piano nazionale per la vita e perla tutela dell \u2019 infanzia , destinando nuove e consistenti risorse al fine di incrementare lo sviluppo demografico ( Applausi dei deputati dei gruppi Popolo della Liberta e Lega Nord Padania Crescere vuol dire aumentare la nostra capacita di scambio con il resto del mondo , vuol dire assorbire e integrare con ordine e saggezza le immigrazioni interne ed esterne alla comunita dei Paesi europei di cui facciamo parte , senza lasciarci penetrare da un senso oggi avvertibile di sconfitta e di chiusura di fronte alle difficolta e ai rischi dell \u2019 immigrazione selvaggia e non regolata , e restando padroni in casa nostra , ma fieri \u2013 fieri \u2013 dell \u2019 antico spirito di accoglienza e dell antica capacita di integrazione del nostro popolo ( Applausi dei deputati dei gruppi Popolo della Liberta e Lega Nord Padania Crescere vuol dire ancora \u2013 esportare le nostre capacita , salvaguardare il posto delle nostre imprese nei mercati internazionali ."}
{"sentidx":297063,"lemma":"aborto","token":"aborto","start":246,"end":252,"sent":"La sua commercializzazione in Francia ma anche negli Stati Uniti non sie associata ad un aumento significativo delle interruzioni di gravidanza , ma ha evitato alle donne che ne hanno fatto uso inutili sofferenze ed inutili rischi connessi all \u2019 aborto chirurgico ."}
{"sentidx":188909,"lemma":"aborto","token":"aborto","start":420,"end":426,"sent":"Le statistiche ci dicono che in due delle piu grandi potenze economiche emergenti di questo secolo , la Cina el \u2019 India l aborto e sistematicamente utilizzato a danno delle bambine : le famiglie di questi Paesi potendo avere un unico figlio , preferiscono per motivi economici , sociali e culturali che questo sia maschio ; cosi , quando vengono a conoscenza che il feto e di sesso femminile , ricorrono di prassi all \u2019 aborto ."}
{"sentidx":188909,"lemma":"aborto","token":"aborto","start":122,"end":128,"sent":"Le statistiche ci dicono che in due delle piu grandi potenze economiche emergenti di questo secolo , la Cina el \u2019 India l aborto e sistematicamente utilizzato a danno delle bambine : le famiglie di questi Paesi potendo avere un unico figlio , preferiscono per motivi economici , sociali e culturali che questo sia maschio ; cosi , quando vengono a conoscenza che il feto e di sesso femminile , ricorrono di prassi all \u2019 aborto ."}
{"sentidx":188870,"lemma":"aborto","token":"aborto","start":316,"end":322,"sent":"Come abbiamo sentito e come purtroppo , ci e stato spesso raccontato dalle notizie diffuse dalla stampa internazionale , si sono sviluppate politiche punitive nei confronti delle donne che rifiutano di abortire ed e aumentata anche nel mondo , in termini veramente significativi , la diffusione della pratica dell \u2019 aborto selettivo , che quindi e responsabile in alcune aree geografiche \u2013 lo abbiamo sentito dire anche poco fa \u2013 di un forte squilibrio tra i sessi ."}
{"sentidx":188840,"lemma":"aborto","token":"aborto","start":562,"end":568,"sent":"Signor sottosegretario , so che questi argomenti la toccano personalmente , so quanto lei e stato impegnato in altre battaglie , ad esempio , quella sulla pena di morte , pertanto , chiediamo che il Governo italiano , e in modo particolare il Ministro degli affari esteri , si facciano carico della presentazione alle Nazioni unite di una risoluzione volta a condannare luso dell \u2019 aborto obbligatorio , a tutelare la liberta di scelta della donna , a condannare luso dell \u2019 aborto come strumento di selezione sessuale , nonche a condannare l imposizione dell \u2019 aborto attraverso strumenti di ricatto e come strumento per la prevenzione delle nascite ."}
{"sentidx":188840,"lemma":"aborto","token":"aborto","start":475,"end":481,"sent":"Signor sottosegretario , so che questi argomenti la toccano personalmente , so quanto lei e stato impegnato in altre battaglie , ad esempio , quella sulla pena di morte , pertanto , chiediamo che il Governo italiano , e in modo particolare il Ministro degli affari esteri , si facciano carico della presentazione alle Nazioni unite di una risoluzione volta a condannare luso dell \u2019 aborto obbligatorio , a tutelare la liberta di scelta della donna , a condannare luso dell \u2019 aborto come strumento di selezione sessuale , nonche a condannare l imposizione dell \u2019 aborto attraverso strumenti di ricatto e come strumento per la prevenzione delle nascite ."}
{"sentidx":188840,"lemma":"aborto","token":"aborto","start":382,"end":388,"sent":"Signor sottosegretario , so che questi argomenti la toccano personalmente , so quanto lei e stato impegnato in altre battaglie , ad esempio , quella sulla pena di morte , pertanto , chiediamo che il Governo italiano , e in modo particolare il Ministro degli affari esteri , si facciano carico della presentazione alle Nazioni unite di una risoluzione volta a condannare luso dell \u2019 aborto obbligatorio , a tutelare la liberta di scelta della donna , a condannare luso dell \u2019 aborto come strumento di selezione sessuale , nonche a condannare l imposizione dell \u2019 aborto attraverso strumenti di ricatto e come strumento per la prevenzione delle nascite ."}
{"sentidx":212520,"lemma":"aborto","token":"aborto","start":415,"end":421,"sent":"Signor Presidente se lei acconsente e se come credo , i capigruppo ei delegati d Aula degli altri gruppi parlamentari acconsentono , chiederei , visto che abbiamo notizia che si sta lavorando in maniera positiva , comunemente , da parte dei rappresentanti dei gruppi e anche del sottosegretario , ad un \u2019 ipotesi di testo condiviso , bipartisan , di mozione relativa alle iniziative volte a contrastare luso dell \u2019 aborto come strumento di controllo demografico ."}
{"sentidx":188831,"lemma":"aborto","token":"aborti","start":18,"end":24,"sent":"Il risultato sono aborti di bambine , colpevoli solo di essere femmine , nell \u2019 ordine di decine o forse centinaia di milioni di unita , perche lo squilibrio di cui stiamo parlando ha raggiunto una cifra probabilmente vicina o superiore ai 100 milioni di unita ."}
{"sentidx":292139,"lemma":"aborto","token":"aborto","start":1170,"end":1176,"sent":"Il processo breve incide sui tempi di prescrizione di moltissimi reati , portandoli a sette anni , anziche sette anni e mezzo , da quelli urbanistici alle disposizioni urgenti per la tutela delle norme di particolare interesse ambientale , alle norme per la tutela delle acque dall \u2019 inquinamento , ai reati previsti per la salvaguardia di Venezia alle norme in materia di smaltimento dei rifiuti , alle norme in materia di biodegradabilita dei detergenti sintetici , alle norme a tutela della difesa del mare , alle norme che riguardano incidenti rilevanti connessi con determinate attivita industriali ( parliamo della Thyssenkrupp alle norme per il controllo delle armi , alle disposizioni che riguardano la tutela delle acque , alla corruzione semplice in atti giudiziari , all \u2019 abuso d ufficio , alla truffa semplice o aggravata , alle frodi fiscali , alle frodi comunitarie , al falso in bilancio , alla vendita di prodotti con marchi contraffatti , al traffico di rifiuti , allo sfruttamento della prostituzione , alla violenza privata , all \u2019 incesto , al furto in appartamento , alla calunnia e alla falsa testimonianza , ai maltrattamenti in famiglia , all \u2019 aborto clandestino , alla corruzione , alla bancarotta ; tutte norme sulle quali questo Parlamento in questi tre anni ha legiferato , ha aggravato le pene e ha dato un giro di vite per provare con norme piu severe a limitare questi reati ."}
{"sentidx":188881,"lemma":"aborto","token":"aborto","start":129,"end":135,"sent":"Noi che siamo una societa civile e moderna dobbiamo far si che anche nei Paesi invia di sviluppo , dove invece la pratica dell \u2019 aborto viene utilizzata come mezzo di contraccezione o addirittura di selezione eugenetica , ci sia invece la possibilita di ribadire e far valere il diritto alla vita , perche uno Stato anche laico , deve necessariamente riconoscere il diritto alla vita e il rispetto per la dignita della persona umana ."}
{"sentidx":188930,"lemma":"aborto","token":"aborti","start":293,"end":299,"sent":"Per questo , tutte le mozioni ricordano l articolo 3 della Dichiarazione universale dei diritti dell \u2019 uomo , che riafferma il diritto alla vita di ogni essere umano e probabilmente , proprio in questa direzione si e mosso il Presidente Obama mentre si comprometteva a ridurre il numero degli aborti nel suo Paese Contrastare la poverta in questi Paesi limitandone le nascite e una politica che va contro il rispetto per la liberta individuale , ma contraddice anche ad una riflessione piu ampia e piu matura nel rapporto tra lo sviluppo di un Paese e le politiche di sostegno alla vita ."}
{"sentidx":212639,"lemma":"aborto","token":"aborto","start":39,"end":45,"sent":"Non e tollerabile che il ricorso all \u2019 aborto sia imposto da chi dovrebbe promuovere e tutelare la dignita ela vita della persona ."}
{"sentidx":90451,"lemma":"aborto","token":"aborto","start":52,"end":58,"sent":"A fronte della continua riduzione del ricorso all \u2019 aborto fra le donne italiane \u2013 riduzione piu lenta nelle condizioni di svantaggio sociale \u2013 il costante aumento degli aborti effettuati da donne straniere , dovuto anche al costante aumento della loro presenza nel Paese rappresenta una criticita importante ."}
{"sentidx":182199,"lemma":"aborto","token":"aborto","start":79,"end":85,"sent":"La verita e che esiste nel Paese l eutanasia clandestina e quindi , come per l aborto , il problema e scegliere tra l eutanasia clandestina , che e quella di oggi , ela legalizzazione dell \u2019 eutanasia ."}
{"sentidx":212647,"lemma":"aborto","token":"aborto","start":359,"end":365,"sent":"Per questo riteniamo doveroso accendere i riflettori intorno ad un aspetto della negazione della liberta femminile e della dignita umana ancora troppo taciuto , come la diffusione nel mondo delle pratiche dell \u2019 aborto selettivo , a danno prevalentemente delle concepite di sesso femminile , e il numero crescente di legislazioni che attivamente promuovono l aborto come strumento di controllo delle nascite ."}
{"sentidx":212647,"lemma":"aborto","token":"aborto","start":212,"end":218,"sent":"Per questo riteniamo doveroso accendere i riflettori intorno ad un aspetto della negazione della liberta femminile e della dignita umana ancora troppo taciuto , come la diffusione nel mondo delle pratiche dell \u2019 aborto selettivo , a danno prevalentemente delle concepite di sesso femminile , e il numero crescente di legislazioni che attivamente promuovono l aborto come strumento di controllo delle nascite ."}
{"sentidx":85455,"lemma":"aborto","token":"aborto","start":224,"end":230,"sent":"Signor Presidente i fautori di questaproposta di legge sono coloro che amano la zona grigia : la zona grigia dell \u2019 eutanasia clandestina , la zona grigia che in passato vedeva centinaia di migliaia di donne ricorrere all \u2019 aborto clandestino e centinaia di migliaia di famiglie non poter ricostituire una famiglia , perche non cera la legge sul divorzio ."}
{"sentidx":212653,"lemma":"aborto","token":"aborto","start":1141,"end":1147,"sent":"Se 210 milioni di donne e 350 milioni di coppie nel mondo avessero accesso alla contraccezione si potrebbero salvare un milione e mezzo di vite all \u2019 anno ( Applausi dei deputati del gruppo Partito Democratico Per avere consapevolezza di quanto l Occidente sia ancora inadeguato nella promozione di politiche di cooperazione per la tutela della salute materno - infantile , cito un dato dell \u2019 Organizzazione mondiale della sanita , relativamente agli obiettivi di sviluppo del millennio contenuti nelle risoluzioni dell \u2019 ONU Essi prevedevano una riduzione della mortalita materna del 5 5 per cento l anno mentre l obiettivo raggiunto e solo dell 1 per cento l anno Vedete quanto siamo indietro e quanto e importante riconoscere questa tragica disuguaglianza e che l obiettivo della liberta delle donne deve essere un valore universale condiviso da tutte noi a partire da noi che siamo le piu privilegiate ( Applausi dei deputati del gruppo Partito Democratico Dunque la promozione della maternita , la lotta alla poverta , l accesso all \u2019 istruzione e lo sviluppo della contraccezione rappresentano l alternativa concreta all \u2019 uso dell \u2019 aborto come strumento di controllo delle nascite ."}
{"sentidx":297071,"lemma":"aborto","token":"aborto","start":83,"end":89,"sent":"Signor Ministro il problema non e tanto quello di essere a favore o contrari all \u2019 aborto : ancora una volta , in Italia vie uno scontro di posizioni , vi e soltanto uno scontro fra due idee diverse ."}
{"sentidx":212648,"lemma":"aborto","token":"aborto","start":1109,"end":1115,"sent":"Personalmente voglio ringraziare l onorevole Buttiglione per aver sollecitato il Parlamento a questa riflessione egli riconosco le parole di pacatezza che ha utilizzato sull \u2019 argomento , anche a proposito della legge n 194 del 1978 Anche noi sollecitiamo il Governo italiano a promuovere la stesura el \u2019 approvazione di una risoluzione delle Nazioni Unite che condanni luso dell \u2019 aborto come strumento di controllo delle nascite , nel farlo vogliamo richiamare i fondamentali valori internazionali come l articolo 3 della Dichiarazione dei diritti dell \u2019 uomo , che prevede il diritto alla vita , ma anche gli indirizzi di politica di sviluppo sanitario promossa dall \u2019 ONU e dalla Organizzazione mondiale della sanita : in particolare , voglio citare la Conferenza dell ONU svoltasi al Cairo nel 1994 che in modo inequivocabile parla di tutela della salute riproduttiva che ingloba il principio della liberta di scelta delle donne , anzi parte dal principio di liberta di scelta delle donne che \u2013 lo ripeto \u2013 e un potente principio etico , l unico che puo accogliere la vita el \u2019 unico che puo prevenire l aborto ( Applausi dei deputati del gruppo Partito Democratico e di deputati del gruppo Italia dei Valori Lo stesso puo dirsi per le risoluzioni dell \u2019 ONU sugli obiettivi di sviluppo del millennio , che pongono al centro dello sviluppo proprio la promozione della tutela della salute materno - infantile ."}
{"sentidx":212648,"lemma":"aborto","token":"aborto","start":382,"end":388,"sent":"Personalmente voglio ringraziare l onorevole Buttiglione per aver sollecitato il Parlamento a questa riflessione egli riconosco le parole di pacatezza che ha utilizzato sull \u2019 argomento , anche a proposito della legge n 194 del 1978 Anche noi sollecitiamo il Governo italiano a promuovere la stesura el \u2019 approvazione di una risoluzione delle Nazioni Unite che condanni luso dell \u2019 aborto come strumento di controllo delle nascite , nel farlo vogliamo richiamare i fondamentali valori internazionali come l articolo 3 della Dichiarazione dei diritti dell \u2019 uomo , che prevede il diritto alla vita , ma anche gli indirizzi di politica di sviluppo sanitario promossa dall \u2019 ONU e dalla Organizzazione mondiale della sanita : in particolare , voglio citare la Conferenza dell ONU svoltasi al Cairo nel 1994 che in modo inequivocabile parla di tutela della salute riproduttiva che ingloba il principio della liberta di scelta delle donne , anzi parte dal principio di liberta di scelta delle donne che \u2013 lo ripeto \u2013 e un potente principio etico , l unico che puo accogliere la vita el \u2019 unico che puo prevenire l aborto ( Applausi dei deputati del gruppo Partito Democratico e di deputati del gruppo Italia dei Valori Lo stesso puo dirsi per le risoluzioni dell \u2019 ONU sugli obiettivi di sviluppo del millennio , che pongono al centro dello sviluppo proprio la promozione della tutela della salute materno - infantile ."}
{"sentidx":212628,"lemma":"aborto","token":"aborto","start":278,"end":284,"sent":"Tuttavia esprimo una preoccupazione \u2013 per la quale mi riservo di decidere il voto finale su questa mozione , se sara un voto favorevole o come e piu probabile , se non vi saranno chiarimenti da parte del Governo un voto d astensione \u2013 che riguarda il problema dal quale nasce l aborto ."}
{"sentidx":188953,"lemma":"aborto","token":"aborto","start":66,"end":72,"sent":"Con questa mozione vorrei personalmente che la prevenzione dell \u2019 aborto non fosse in nessun modo ricondotta a politiche di contrasto alla natalita , ma che una volta per tutte si comprendesse come lo sviluppo di un Paese sia un Paese invia di sviluppo , sia esso industrializzato come il nostro , passa attraverso la piena tutela della vita ela sua promozione , sempre nel rispetto della liberta e delle responsabilita di ogni famiglia ."}
{"sentidx":212631,"lemma":"aborto","token":"aborto","start":101,"end":107,"sent":"Dunque per evitare un eccesso di nascite e per evitare che lo strumento utilizzato sia quello dell \u2019 aborto \u2013 che , come comprendiamo , suscita le riserve morali e sanitarie che ben conosciamo \u2013 e necessario accettare un principio di educazione al controllo delle nascite , che comporta luso degli anticoncezionali ."}
{"sentidx":188969,"lemma":"aborto","token":"aborto","start":31,"end":37,"sent":"Quale arbitrio piu grande se l aborto viene effettuato per motivi eugenetici o selettivi ?"}
{"sentidx":212685,"lemma":"aborto","token":"aborto","start":143,"end":149,"sent":"Penso ai Paesi dove l aborto e imposto proprio come politica di controllo demografico , ai Paesi come la Cina dove nona caso \u2013 a fianco dell \u2019 aborto imposto e della politica del figlio unico \u2013 abbiamo le repressioni in Tibet e nello Xinjiang Non e un caso Cari colleghi , proprio l obiettivo di liberare le donne da ogni costrizione all \u2019 interruzione della gravidanza non puo semplicemente prescindere dalla diffusione degli strumenti contraccettivi per evitare gravidanze indesiderate ( Applausi di deputati dei gruppi Popolo della Liberta e Partito Democratico E stato cosi nel nostro Paese sara cosi nei Paesi arretrati acui la richiesta che questo Parlamento oggi vota si rivolge ."}
{"sentidx":212685,"lemma":"aborto","token":"aborto","start":22,"end":28,"sent":"Penso ai Paesi dove l aborto e imposto proprio come politica di controllo demografico , ai Paesi come la Cina dove nona caso \u2013 a fianco dell \u2019 aborto imposto e della politica del figlio unico \u2013 abbiamo le repressioni in Tibet e nello Xinjiang Non e un caso Cari colleghi , proprio l obiettivo di liberare le donne da ogni costrizione all \u2019 interruzione della gravidanza non puo semplicemente prescindere dalla diffusione degli strumenti contraccettivi per evitare gravidanze indesiderate ( Applausi di deputati dei gruppi Popolo della Liberta e Partito Democratico E stato cosi nel nostro Paese sara cosi nei Paesi arretrati acui la richiesta che questo Parlamento oggi vota si rivolge ."}
{"sentidx":292053,"lemma":"aborto","token":"aborto","start":194,"end":200,"sent":"La domanda era molto precisa : poiche e sempre piu frequente che nascano bambini in queste condizioni , quindi gravemente immaturi e gravemente sottopeso , e poiche ce il rischio ela domanda di aborto da parte delle famiglie e viceversa , il valore assunto e il valore della vita \u2013 ma di una vita alla quale possa andare unita la massima qualita di vita possibile \u2013 si chiedeva se su questa finestra , ovvero la qualita specifica dell \u2019 assistenza neonatale che si offre nelle terapie intensive , il Governo intendeva in qualche modo prendere delle misure positive ."}
{"sentidx":90448,"lemma":"aborto","token":"aborto","start":81,"end":87,"sent":"Siamo in un Paese a bassa natalita , ma anche a basso ricorso all \u2019 IVG dunque l aborto non e utilizzato come metodo contraccettivo ed insieme un Paese con limitata diffusione della contraccezione chimica ."}
{"sentidx":212661,"lemma":"aborto","token":"aborto","start":140,"end":146,"sent":"Pero non ho capito l intervento dell \u2019 onorevole Livia Turco perche , se la mozione che abbiamo all \u2019 ordine del giorno oggi ha come tema l aborto come strumento di controllo demografico , la collega e andata completamente fuori tema ."}
{"sentidx":130717,"lemma":"aborto","token":"aborto","start":137,"end":143,"sent":"La commissione contemporaneamente alle linee guida , ha stabilito le modalita per effettuare il monitoraggio di tutto il percorso dell \u2019 aborto farmacologico ( numero di procedure IVG diagnosi , procedura e luogo della fase espulsiva , modalita e tempi del controllo successivo alla fase espulsiva , eventi collaterali , follow - up ) ."}
{"sentidx":188936,"lemma":"aborto","token":"aborto","start":264,"end":270,"sent":"Non solo la situazione di poverta provoca ancora in molte regioni alti tassi di mortalita infantile , ma perdurano in varie parti del mondo pratiche di controllo demografico da parte dei Governi che spesso diffondono la contraccezione e giungono a imporre anche l aborto ."}
{"sentidx":188923,"lemma":"aborto","token":"aborto","start":267,"end":273,"sent":"In questo clima si inserisce la nostra riflessione veicolata dalle diverse mozioni presentate : tutte le mozioni hanno come punto qualificante il riferimento alle Nazioni Unite perche promuovano con la necessaria energia un \u2019 esplicita risoluzione di condanna dell \u2019 aborto come strumento di controllo demografico e promuovano una politica demografica rispettosa della dignita umana , incrementando la promozione della salute materna infantile ( quest \u2019 ultimo passaggio e presente , con particolare incisivita , proprio nella nostra mozione ) ."}
{"sentidx":178649,"lemma":"aborto","token":"aborto","start":109,"end":115,"sent":"Se posso difendere la liberta religiosa in Libia insieme ai radicali che sono miei avversari sul tema dell \u2019 aborto , lo faccio e poi daro battaglia ai radicali sul tema dell \u2019 aborto con chi sara d accordo con me su quella questione ."}
{"sentidx":178649,"lemma":"aborto","token":"aborto","start":177,"end":183,"sent":"Se posso difendere la liberta religiosa in Libia insieme ai radicali che sono miei avversari sul tema dell \u2019 aborto , lo faccio e poi daro battaglia ai radicali sul tema dell \u2019 aborto con chi sara d accordo con me su quella questione ."}
{"sentidx":297064,"lemma":"aborto","token":"aborto","start":155,"end":161,"sent":"Impedirne la commercializzazione in Italia equivale a privare le nostre donne , le nostre concittadine , di un sacrosanto diritto : quello di scegliere un aborto meno invasivo e meno doloroso ."}
{"sentidx":212669,"lemma":"aborto","token":"aborto","start":130,"end":136,"sent":"Oggi siamo a richiedere un impegno affinche il Governo italiano promuova , presso le Nazioni Unite una risoluzione che dica che l aborto non puo mai essere imposto ad una donna contro la sua volonta ."}
{"sentidx":212654,"lemma":"aborto","token":"aborto","start":96,"end":102,"sent":"Per questo non possiamo limitarci a vietare una pratica che cancella la vita , come luso dell \u2019 aborto a scopo demografico ed eugenetico ma dobbiamo avere un \u2019 ambizione in piu , dobbiamo promuovere quelle politiche che consentono davvero l accoglienza della vita umana quali i sistemi sanitari , l istruzione , la lotta alla poverta , la tutela infantile ela promozione della contraccezione ."}
{"sentidx":216570,"lemma":"aborto","token":"aborti","start":332,"end":338,"sent":"In Ruanda ad esempio , le donne sono vittime di violenza inaudita da parte di singoli e di gruppi ; in Cina le donne sono considerate cittadine di serie B ed e tanto se riescono a sopravvivere al momento della nascita ; in Peru il Governo utilizza la violenza sulle donne per raggiungere scopi politici ( sterilizzazioni di massa , aborti forzati e matrimoni imposti ) ; in Guatemala le bambine non vanno a scuola ; in Nicaragua le donne incinte sono costrette Atti Parlamentari 42 Camera dei Deputati XVI LEGISLATURA DISCUSSIONI SEDUTA DEL 1O LUGLIO 2009 N 195 a dimettersi o ad abortire ; in Afghanistan le donne sono vittime di violenza domestica e sfigurate con l acido perche colpevoli di rifiutare le proposte sessuali dei parenti , o perche non accettano di interrompere gli studi ; in Turchia la Turchia che qualcuno vorrebbe che entrasse in Europa le donne sono costrette a sposarsi da bambine con conseguente alto tasso di gravidanze precoci e problemi di salute per le giovani puerpere e per il nascituro ."}
{"sentidx":188980,"lemma":"aborto","token":"aborto","start":19,"end":25,"sent":"Il problema dell \u2019 aborto si rifa ad un diritto alla vita sancito a livello internazionale ."}
{"sentidx":173894,"lemma":"aborto","token":"aborto","start":20,"end":26,"sent":"E vero che esiste l aborto , purtroppo , ahime , con cui una persona decide che cosa fare del proprio figlio , ma questo non significa poi estendere alla legge n 40 ed a qualsiasi altro provvedimento che debba essere affrontato in quest \u2019 Aula Pertanto mi associo al plauso al Governo e ritengo questo suo atto una cosa assolutamente ovvia e doverosa ."}
{"sentidx":188879,"lemma":"aborto","token":"aborto","start":243,"end":249,"sent":"Noi oggi prendiamo spunto dalla mozione Buttiglione ed altri n 1 00192 e anche la mozione del Popolo della Liberta impegna e chiede al Governo di farsi promotore presso le Nazioni Unite di una risoluzione che condanni solennemente luso dell \u2019 aborto quale strumento di controllo democratico e dell aborto selettivo , confermando altresi , come abbiamo appena detto , il pieno diritto della donna alla procreazione ."}
{"sentidx":188879,"lemma":"aborto","token":"aborto","start":298,"end":304,"sent":"Noi oggi prendiamo spunto dalla mozione Buttiglione ed altri n 1 00192 e anche la mozione del Popolo della Liberta impegna e chiede al Governo di farsi promotore presso le Nazioni Unite di una risoluzione che condanni solennemente luso dell \u2019 aborto quale strumento di controllo democratico e dell aborto selettivo , confermando altresi , come abbiamo appena detto , il pieno diritto della donna alla procreazione ."}
{"sentidx":188886,"lemma":"aborto","token":"aborto","start":90,"end":96,"sent":"Vanno condannate , ripeto , in tutto il mondo , ma va controllato anche l utilizzo dell \u2019 aborto nel nostro Paese Una societa civile deve essere guidata dalla cultura della vita e dal rispetto per le altre persone ."}
