{"sentidx":276000,"lemma":"sequestro","token":"sequestro","start":83,"end":92,"sent":"Pertanto riteniamo di non dover introdurre disomogeneita rispetto ad interventi di sequestro e di confisca amministrativa ."}
{"sentidx":10946,"lemma":"sequestro","token":"sequestro","start":20,"end":29,"sent":"Ho parlato prima di sequestro giudiziario ."}
{"sentidx":286654,"lemma":"sequestro","token":"sequestro","start":133,"end":142,"sent":"Sono conferiti ulteriori poteri al direttore della Direzione investigativa antimafia in relazione alla richiesta di provvedimenti di sequestro e di confisca e alla facolta di proporre la prosecuzione o l avvio del procedimento di prevenzione ."}
{"sentidx":267663,"lemma":"sequestro","token":"sequestro","start":3,"end":12,"sent":"Il sequestro effettuato dal tribunale di Udine comporta il blocco di buona parte della produzione di Torviscosa poiche il ciclo del cloro appare determinante per la sopravvivenza industriale sia di quello stabilimento sia di altri stabilimenti del"}
{"sentidx":227657,"lemma":"sequestro","token":"sequestro","start":238,"end":247,"sent":"La norma assicura un pieno contraddittorio , la formazione di una prova valida nel dibattimento e si introducono due strumenti investigativi per la lotta alla contraffazione , ovvero la possibilita di eseguire la consegna controllata oil sequestro ritardato ; questi strumenti sono veramente importanti ."}
{"sentidx":10921,"lemma":"sequestro","token":"sequestri","start":235,"end":244,"sent":"In particolare , l accentramento dei compiti di amministrazione nella sola Agenzia rischia di disperdere il contatto diretto tra giudice e amministratore e non tiene conto delle difficolta operative derivanti dal consistente numero di sequestri emessi in sede penale e di prevenzione ."}
{"sentidx":125075,"lemma":"sequestro","token":"sequestri","start":91,"end":100,"sent":"In passato ci sono state grandi pressioni mediatiche e grandi mobilitazioni rispetto a dei sequestri ."}
{"sentidx":238415,"lemma":"sequestro","token":"sequestro","start":20,"end":29,"sent":"Vogliamo opporsi al sequestro del Parlamento per gli esclusivi interessi della maggioranza e dichi la comanda ( Applausi dei deputati del gruppo Italia dei"}
{"sentidx":61831,"lemma":"sequestro","token":"sequestro","start":34,"end":43,"sent":"Signor Presidente in relazione al sequestro dell \u2019 ospedale San Giovanni di Dio di Agrigento disposto dalla Guardia di finanza , e invia preliminare , opportuno chiarire la differenza tra agibilita sismica e adeguatezza sismica ."}
{"sentidx":177401,"lemma":"sequestro","token":"sequestri","start":37,"end":46,"sent":"Un intervento preventivo , tramite i sequestri ela confisca dei beni rientranti nella disponibilita diretta o indiretta di individui indiziati di appartenere ad associazioni mafiose , rappresenta un intervento che , a nostro modo di vedere , puo portare alla soluzione dei problemi ."}
{"sentidx":183738,"lemma":"sequestro","token":"sequestro","start":136,"end":145,"sent":"Tuttavia chiedo una puntualizzazione minima e una certa attenzione rispetto ai regolamenti che dovranno essere emanati relativamente al sequestro non solo dei cani odei gatti , ma di tutti gli animali ."}
{"sentidx":80692,"lemma":"sequestro","token":"sequestro","start":48,"end":57,"sent":"L impianto di distillazione del greggio e sotto sequestro ."}
{"sentidx":292295,"lemma":"sequestro","token":"sequestri","start":54,"end":63,"sent":"Non visi possono eseguire ispezioni o perquisizioni o sequestri se non nei casi e modi stabiliti dalla legge secondo le garanzie prescritte per la tutela della liberta personale ."}
{"sentidx":156518,"lemma":"sequestro","token":"sequestro","start":42,"end":51,"sent":"Oggi costoro vedono i loro immobili sotto sequestro e non sanno neanche quando ne ritorneranno in possesso ."}
{"sentidx":95502,"lemma":"sequestro","token":"sequestro","start":64,"end":73,"sent":"Da segnalare anche la norma che introduce il divieto di atti di sequestro e pignoramento sui fondi destinati alla ricerca sanitaria ."}
{"sentidx":269358,"lemma":"sequestro","token":"sequestro","start":31,"end":40,"sent":"Rendete assai piu difficile il sequestro dei siti ."}
{"sentidx":77894,"lemma":"sequestro","token":"sequestri","start":116,"end":125,"sent":"Questo none assolutamente vero , in quanto mai come in questi ultimi due anni e mezzo sono stati cosi consistenti i sequestri e le confische di beni della criminalita organizzata , tanto da far divenire la gestione ela dimensione di questi beni un importante cespite per la finanza pubblica , prevalentemente impiegato per rafforzare le azioni delle forze dell \u2019 ordine contro la criminalita organizzata e comune ."}
{"sentidx":254535,"lemma":"sequestro","token":"sequestri","start":219,"end":228,"sent":"Il Ministro degli affari esteri dov era Gli indiani si stanno rivelando il peggior partner , tanto piu se pensiamo che questi nostri nuclei militari nelle acque somale hanno difeso e stanno intervenendo in arrembaggi e sequestri che vedono tra le vittime anche molti cittadini indiani ."}
{"sentidx":193300,"lemma":"sequestro","token":"sequestri","start":77,"end":86,"sent":"Vengono finalmente disciplinate in modo chiaro le modalita di esecuzione dei sequestri preventivi e viene istituito l albo nazionale degli amministratori giudiziari dei beni sequestrati , che garantira una specifica professionalita nella gestione dei beni sottratti alla criminalita organizzata in grado , dunque , di produrre economie legali , assicurando il mantenimento dei posti di lavoro ."}
{"sentidx":10837,"lemma":"sequestro","token":"sequestro","start":67,"end":76,"sent":"Sto per terminare , signor Presidente Infatti ogni procedimento di sequestro e di confisca vi sono delle persone che hanno investito la loro vita , anche mettendola a rischio nella lotta alla criminalita ."}
{"sentidx":253428,"lemma":"sequestro","token":"sequestro","start":156,"end":165,"sent":"Vorrei richiamare la sua attenzione , signor Presidente e quella di tutti i colleghi affinche si faccia al piu presto qualche cosa per liberare Martina dal sequestro ."}
{"sentidx":295033,"lemma":"sequestro","token":"sequestro","start":116,"end":125,"sent":"Mi riferisco a coloro che svolgono professioni direttamente attinenti all \u2019 utilizzo dell \u2019 automobile , per cui il sequestro della medesima ( insieme a tutta un \u2019 altra serie di disposizioni ) crea veramente , molto piu del previsto , disagi economici alle famiglie ."}
{"sentidx":224625,"lemma":"sequestro","token":"sequestro","start":59,"end":68,"sent":"Questo lavoro , peraltro , deve tener conto del perdurante sequestro del compendio , e andra concordato con la magistratura ."}
{"sentidx":254584,"lemma":"sequestro","token":"sequestro","start":184,"end":193,"sent":"Voglio ricordare al Parlamento che in quel Governo e durante quel Governo che e stato fortemente contestato , vi erano azioni molto difficili che si sono determinate nei confronti del sequestro di alcune persone , ma coloro che erano stati presi in ostaggio sono stati riportati a casa Applausi dei deputati del gruppo Popolo e"}
{"sentidx":28965,"lemma":"sequestro","token":"sequestro","start":540,"end":549,"sent":"Visto chesta per essere varato il codice delle leggi antimafia , ho preparato una proposta di parere , nelle Commissioni giustizia e bilancio , facendomi portavoce della richiesta al Governo di emanare anche direttive per intensificare le norme sul sequestro ela confisca dei beni , affinche queste siano applicate con successo , non solo alle organizzazioni criminali nazionali , ma rigidamente applicate pure nei confronti del sistema degli imprenditori cinesi collusi e degli appartenenti alla mafia cinese , con particolare riguardo al sequestro preventivo , al blocco dei conti bancari , per i reati di sfruttamento di manodopera clandestina , riduzione in schiavitu , sfruttamento dei minori ."}
{"sentidx":28965,"lemma":"sequestro","token":"sequestro","start":249,"end":258,"sent":"Visto chesta per essere varato il codice delle leggi antimafia , ho preparato una proposta di parere , nelle Commissioni giustizia e bilancio , facendomi portavoce della richiesta al Governo di emanare anche direttive per intensificare le norme sul sequestro ela confisca dei beni , affinche queste siano applicate con successo , non solo alle organizzazioni criminali nazionali , ma rigidamente applicate pure nei confronti del sistema degli imprenditori cinesi collusi e degli appartenenti alla mafia cinese , con particolare riguardo al sequestro preventivo , al blocco dei conti bancari , per i reati di sfruttamento di manodopera clandestina , riduzione in schiavitu , sfruttamento dei minori ."}
{"sentidx":132687,"lemma":"sequestro","token":"sequestro","start":95,"end":104,"sent":"Ed e proprio in ragione di tale situazione che il GIP di Taranto ha emesso un provvedimento di sequestro preventivo delle aree interessate , la cui esecuzione dovrebbe consistere nell \u2019 eliminazione delle emissioni inquinanti e pericolose attraverso l inibizione di qualunque attivita produttiva degli impianti sequestrati ."}
{"sentidx":132772,"lemma":"sequestro","token":"sequestro","start":124,"end":133,"sent":"Contro l ordinanza del riesame , non e stato a sua volta presentato alcun ricorso per Cassazione sicche sulla piu parte del sequestro si e formato il cosiddetto giudicato cautelare ."}
{"sentidx":232661,"lemma":"sequestro","token":"sequestro","start":68,"end":77,"sent":"Inoltre alla mancata espressione di parere favorevole in materia di sequestro e di confisca , si aggiunge anche il parere contrario in materia di tratta di minori ."}
{"sentidx":159045,"lemma":"sequestro","token":"sequestro","start":28,"end":37,"sent":"Non a caso all indomani del sequestro di alcuni mezzi Lince su cui hanno trovato la morte alcuni nostri giovani militari , il Ministro della difesa ne chiedeva la restituzione per riutilizzare come pezzi di ricambio ."}
{"sentidx":218275,"lemma":"sequestro","token":"sequestro","start":194,"end":203,"sent":"Accade cosi che dei veri e propri capolavori non possano essere conosciuti e ammirati dai nostri cittadini e turisti , perche non vengono prestati al nostro Paese per non correre il rischio del sequestro ."}
{"sentidx":295680,"lemma":"sequestro","token":"sequestri","start":166,"end":175,"sent":"La lotta alle mafie passa anche , finalmente , attraverso l aggressione ai capitali : quindi , nuove norme importanti sulla tracciabilita dei flussi , che consentano sequestri e confische piu facili e piu agevoli ."}
{"sentidx":10913,"lemma":"sequestro","token":"sequestro","start":86,"end":95,"sent":"Appare quindi necessaria una gestione dei beni con criteri diversi gia nella fase del sequestro ; inoltre , dopo la confisca , e necessario un rapido affidamento ad un ente capace di gestire e di destinare al riutilizzo in termini imprenditoriali e sociali ."}
{"sentidx":80697,"lemma":"sequestro","token":"sequestro","start":134,"end":143,"sent":"Evidentemente tutto cio ha portato la procura della Repubblica di Novara ad aprire un \u2019 inchiesta , i cui primi effetti sono stati il sequestro dell \u2019 impianto di distillazione , che da solo occupa un terzo della superficie aziendale , e il controllo costante dei vigili del fuoco su ogni operazione interna ."}
{"sentidx":292376,"lemma":"sequestro","token":"sequestro","start":66,"end":75,"sent":"Se questa non lo convalida nelle ventiquattro ore successive , il sequestro s intende revocato e privo di ogni effetto ."}
{"sentidx":132781,"lemma":"sequestro","token":"sequestro","start":154,"end":163,"sent":"Addirittura il Governo durante l esame in Commissione ha proposto e fatto approvare un emendamento che toglie effetto ad un recentissimo provvedimento di sequestro da parte del GIP di Taranto quello riguardante il materiale destinato alla commercializzazione ) a prescindere e prima ancora della pronuncia da parte del Tribunale del riesame ."}
{"sentidx":30168,"lemma":"sequestro","token":"sequestro","start":51,"end":60,"sent":"Non le ho parlato della mozzarella DOP bensi di un sequestro di latte di bufala per la trasformazione di mozzarella non DOP e cioe chiaro nel testo della mia interrogazione a risposta immediata ."}
{"sentidx":10895,"lemma":"sequestro","token":"sequestro","start":111,"end":120,"sent":"Dobbiamo sapere che con questo ci si confronta ea questi temi deve rispondere la normativa sulla confisca e il sequestro dei beni alle mafie ."}
{"sentidx":80255,"lemma":"sequestro","token":"sequestri","start":139,"end":148,"sent":"Parimenti troppo spesso , il Parlamento non concede l autorizzazione all \u2019 uso di mezzi istruttori importanti , come le intercettazioni ei sequestri , cosi come , infine , da oltre vent anni non autorizza l esecuzione di una misura cautelare ."}
{"sentidx":113007,"lemma":"sequestro","token":"sequestri","start":246,"end":255,"sent":"Non si sono ancora spenti gli echi del piu grave contrasto mai verificato nella recente storia del Paese tra procure della Repubblica che portarono gli uffici giudiziari di Salerno e Catanzaro a confrontarsi in una durissima battaglia a colpi di sequestri e dissequestri di fascicoli e alla reciproca incriminazione dei capi degli uffici giudiziari inquirenti dei due distretti ."}
{"sentidx":48045,"lemma":"sequestro","token":"sequestro","start":297,"end":306,"sent":"Per una lotta , pero , coordinata ed integrata di questo tipo e necessario , indispensabile che il legislatore dia finalmente attuazione ad alcuni provvedimenti di cooperazione giudiziaria adottati dall \u2019 Unione europea , e che permettono di fare eseguire all \u2019 estero indagini e provvedimenti di sequestro indicati dall \u2019 autorita giudiziaria italiana ."}
{"sentidx":80695,"lemma":"sequestro","token":"sequestro","start":42,"end":51,"sent":"L impianto , quindi , e stato posto sotto sequestro ela societa sta riavviando la struttura per poter ripartire con la produzione ."}
{"sentidx":218263,"lemma":"sequestro","token":"sequestro","start":105,"end":114,"sent":"Questo provvedimento , dunque , che alle condizioni in esse contenute permette di superare il rischio di sequestro , agevola la circolazione delle opere d arte nel mondo , e puo cosi contribuire , attraverso la conoscenza , a promuovere il rispetto della dignita e della cultura degli altri ."}
{"sentidx":269510,"lemma":"sequestro","token":"sequestri","start":40,"end":49,"sent":"Stiamo parlando infatti del fatto che i sequestri conservativi penali dei siti disposti da parte dei giudici dovrebbero essere confermati da parte del TAR entro trenta giorni , ovvero da parte di un giudice che agisce su ricorso di parte e che none attrezzato a svolgere un ruolo di questa natura ."}
{"sentidx":232680,"lemma":"sequestro","token":"sequestro","start":180,"end":189,"sent":"Vi sono poi una decisione quadro molto rilevante per quanto riguarda il reciproco riconoscimento delle decisioni di confisca ela decisione quadro relativa alle questioni legate al sequestro conservativo nello spazio di liberta , sicurezza e giustizia ."}
{"sentidx":173918,"lemma":"sequestro","token":"sequestri","start":33,"end":42,"sent":"Questo ha portato ad inchieste , sequestri e arresti ."}
{"sentidx":10943,"lemma":"sequestro","token":"sequestro","start":261,"end":270,"sent":"La seconda ragione e di ordine finanziario : non sono state sufficientemente previste adeguate risorse finanziarie da destinare al recupero funzionale dei beni confiscati , beni troppo spesso ridotti in stato di abbandono e di inefficienza dalla lunga fase del sequestro giudiziario su cui ritornero subito ."}
{"sentidx":267963,"lemma":"sequestro","token":"sequestro","start":947,"end":956,"sent":"Nel merito , volendo sintetizzare alcuni passaggi essenziali , sono particolarmente soddisfatto degli interventi operati nella materia delle misure di prevenzione antimafia tra i quali segnalo : l introduzione dell \u2019 innovativo principio secondo il quale le misure di prevenzione personali e patrimoniali possano essere richieste e applicate disgiuntamente , indipendentemente cioe dalla attuale pericolosita del soggetto titolare dei beni ; la possibilita che le misure di prevenzione patrimoniali possano essere disposte anche in caso di morte del soggetto proposto , con la loro applicazione al fine di impedire che i suoi eredi possano godere del provento delle attivita criminali del genitore ; inoltre l introduzione della possibilita di disporre la confisca per equivalente se la persona nei cui confronti e proposta la misura di prevenzione disperde , distrae , occulta o svaluta i beni alfine di eludere l esecuzione dei provvedimenti di sequestro e di confisca ."}
{"sentidx":136406,"lemma":"sequestro","token":"sequestro","start":350,"end":359,"sent":"Signor Presidente signor Ministro visto che si tratta dell \u2019 ultima seduta dell \u2019 anno ne approfitto anche per ringraziare lei e soprattutto , le forze dell \u2019 ordine per gli straordinari successi che quest \u2019 anno sono stati raggiunti in Italia soprattutto nei confronti della criminalita organizzata , tanto nell \u2019 arresto dei latitanti , quanto nel sequestro e nell aggressione ai patrimoni mafiosi ."}
{"sentidx":75672,"lemma":"sequestro","token":"sequestro","start":104,"end":113,"sent":"In sostanza chiediamo due cose e qualche risposta piu puntuale al Governo La prima ela seguente : ce un sequestro del sito perche e in corso un \u2019 inchiesta della magistratura ."}
{"sentidx":272125,"lemma":"sequestro","token":"sequestro","start":428,"end":437,"sent":"Abbiamo collaborato con il Governo e con la maggioranza , ad esempio , per l approvazione del piano straordinario antimafia , abbiamo collaborato con il Governo anche in occasione della creazione dell \u2019 agenzia nazionale per i beni confiscati e siamo stati i primi a congratularsi con le forze di polizia ela magistratura quando sono stati raggiunti importanti risultati in termini di arresto di latitanti e ovviamente anche di sequestro dei beni ."}
{"sentidx":9493,"lemma":"sequestro","token":"sequestro","start":249,"end":258,"sent":"La proposta di legge , in realta , prevede anche molti altri reati la cui struttura e importante , tra cui l associazione con finalita di terrorismo , l eversione dell \u2019 ordine democratico , l attentato per finalita terroristiche odi eversione , il sequestro di persona a scopo di terrorismo odi eversione , l associazione di tipo mafioso ela strage ."}
{"sentidx":75922,"lemma":"sequestro","token":"sequestro","start":119,"end":128,"sent":"Infatti questa discarica veniva localizzata a latere di altre discariche gia utilizzate , per le quali vi era stato un sequestro da parte della magistratura , perche era stato dichiarato il disastro ambientale : il territorio era stato talmente inquinato che vi era stato addirittura un provvedimento della magistratura ."}
{"sentidx":132577,"lemma":"sequestro","token":"sequestro","start":505,"end":514,"sent":"Signor Presidente signor sottosegretario , colleghi , a distanza di qualche tempo dal precedente intervento che ho svolto in quest \u2019 Aula su questo argomento , rinnovo come rappresentante del gruppo Unione di Centro il nostro vivo interesse riguardo il provvedimento sul risanamento ambientale ela riqualificazione del territorio della citta di Taranto La questione si protrae gia da mesi in mezzo al divampare di polemiche , proteste , conflitti di competenze , ed e stata aggravata dal provvedimento di sequestro dei prodotti finiti giacenti che comporta minaccia di sospensione del lavoro presso gli stabilimenti di Genova Novi Ligure ed altri ."}
{"sentidx":269541,"lemma":"sequestro","token":"sequestri","start":70,"end":79,"sent":"Proponiamo cioe che quanto meno per i procedimenti gia aperti , per i sequestri e le misure cautelari gia operative , sia stabilito il principio che il giudice amministrativo possa certamente modificarle o revocare mache non vi sia un effetto di caducazione ex lege Infatti voi sapete che in trenta giorni non vi e giudice amministrativo che possa fondatamente arrivare ad una decisione su questi meccanismi delicati ."}
{"sentidx":90159,"lemma":"sequestro","token":"sequestro","start":19,"end":28,"sent":"Abbiamo chiesto il sequestro , cosi come abbiamo chiesto , ieri in Aula un informativa del Governo su tutta la problematica , ma su questo argomento parlera in maniera piu appropriata in sede di replica il collega del mio gruppo ."}
{"sentidx":218274,"lemma":"sequestro","token":"sequestro","start":145,"end":154,"sent":"Come il relatore ha sottolineato , spesso si crea un blocco alla completezza di una mostra per la preoccupazione che si possa mettere in atto il sequestro di opere d arte che sono oggetto di contenzioso tra Stati o istituzioni ."}
{"sentidx":219466,"lemma":"sequestro","token":"sequestri","start":72,"end":81,"sent":"La Nigeria pero ultimamente , si sta caratterizzando anche per numerosi sequestri di occidentali , il che fa pensare che piu che le questioni religiose , piu che le questioni etniche che sicuramente sono una componente essenziale della grave crisi che ce in quel Paese probabilmente a farda struttura e da sfondo a queste problematiche sono anche i preziosi beni del sottosuolo , a cominciare dal gas e dal petrolio , di quel Paese Quindi mi rivolgo al rappresentante del Governo che mi ascolta , spero proprio che il Governo sappia farsi interprete di questa preoccupazione nelle sedi internazionali ."}
{"sentidx":10669,"lemma":"sequestro","token":"sequestro","start":177,"end":186,"sent":"Si tratta di una rivisitazione che coinvolge anche i beni immobili relativi alle aziende , perche , purtroppo , dal momento che non vi e mai stata una definizione specifica sul sequestro che colpisce le aziende , cosa che invece verra introdotta con le modifiche che auspichiamo , vi sono dei contesti abbastanza particolari di aziende che sono , sostanzialmente , in fase di liquidazione , i cui beni potrebbero comunque essere utilizzati dagli enti locali , anche anticipando , a determinate condizioni , il procedimento di liquidazione , e quindi eventualmente con l affidamento agli enti secondo le norme generali ."}
{"sentidx":103010,"lemma":"sequestro","token":"sequestro","start":376,"end":385,"sent":"Avrei voluto poter trarre dalla risposta la convinzione ( in parte l ho tratta ) , che il vero intento di Ciancimino non sia quello di porre in essere ( ognuno ha un suo modo di vedere ) manovre per salvare , attraverso una sua strumentale collaborazione con alcune procure , l ingente patrimonio familiare che e profitto e frutto del malaffare , e potrebbe essere oggetto di sequestro e confisca ai sensi della vigente normativa antimafia ."}
{"sentidx":154857,"lemma":"sequestro","token":"sequestro","start":77,"end":86,"sent":"Infine nel settembre decorso , una vasta operazione di polizia ha portato al sequestro di beni immobili e mobili per un valore di oltre dieci milioni di euro ."}
{"sentidx":256306,"lemma":"sequestro","token":"sequestro","start":212,"end":221,"sent":"Credo che sia il caso di iniziare a pensare ad un nuovo ambasciatore italiano a Tunisi che abbia il coraggio di alzare non dico la voce , o interessarsi piu da vicino contro il rapimento o direi addirittura , il sequestro indisturbato di una bambina italiana ."}
{"sentidx":147536,"lemma":"sequestro","token":"sequestro","start":379,"end":388,"sent":"Nel provvedimento in esame , poi , si affronta il tema della criminalita organizzata in merito ad alcuni aspetti , per i quali dobbiamo riconoscere il grande lavoro che la Procura nazionale antimafia , la magistratura e le forze di polizia stanno svolgendo : si tratta di un lavoro molto efficace che , nel corso di questi anni , ha prodotto l arresto di numerosi latitanti e il sequestro ela confisca di moltissimi beni e ha dato fortissimi colpi alla criminalita organizzata , facendo dire a qualche ottimista che si stanno compiendo passi che possono portare alla fine della criminalita organizzata in alcune parti del Paese C e una grande risposta del mondo imprenditoriale , con un aumento sensibile delle denunce ."}
{"sentidx":10783,"lemma":"sequestro","token":"sequestro","start":556,"end":565,"sent":"La verifica delle criticita e importante per appurare poi se questo decreto - legge , nel testo che oggi e all esame dell \u2019 Assemblea sia idoneo a risolverli Le criticita maggiori sono state rappresentate sicuramente dal coinvolgimento di vari soggetti pubblici ( Agenzia del demanio , prefetture , amministrazioni statali , enti pubblici e territoriali , soggetti privati , amministrazione giudiziaria ) e da una serie di questioni non definite normativamente quali , ad esempio , la sorte delle ipoteche iscritte sui beni immobili in epoca precedente al sequestro ole mancate risorse finanziarie necessarie per finanziare alcuni progetti ."}
{"sentidx":223236,"lemma":"sequestro","token":"sequestri","start":96,"end":105,"sent":"Abbiamo pur sempre il settore della moda , che continua ad essere quello in cui si registrano i sequestri piu ingenti , ma aumentano , come dicevo , esponenzialmente i sequestri dei beni di largo consumo ."}
{"sentidx":223236,"lemma":"sequestro","token":"sequestri","start":168,"end":177,"sent":"Abbiamo pur sempre il settore della moda , che continua ad essere quello in cui si registrano i sequestri piu ingenti , ma aumentano , come dicevo , esponenzialmente i sequestri dei beni di largo consumo ."}
{"sentidx":10958,"lemma":"sequestro","token":"sequestro","start":86,"end":95,"sent":"Da un lato dobbiamo garantire una piu efficiente gestione dei beni sin dalla fase del sequestro giudiziario privilegiando , come ci chiede espressamente la legge , una destinazione a scopi sociali che al tempo stesso si mantenga nei confini di un \u2019 accettabile utilizzazione economica ."}
{"sentidx":81515,"lemma":"sequestro","token":"sequestro","start":72,"end":81,"sent":"Non abbiamo certezze su chi siano effettivamente gli artefici di questo sequestro , e questa situazione di perdurante incertezza ci lascia perplessi su quali potrebbero essere gli sviluppi , che ci auguriamo ovviamente siano positivi ."}
{"sentidx":36057,"lemma":"sequestro","token":"sequestro","start":144,"end":153,"sent":"Il gruppo del Partito Democratico data la delicatezza dei risvolti che comporterebbe questa operazione , chiede inoltre che venga effettuato il sequestro del relitto da parte delle autorita preposte ."}
{"sentidx":267661,"lemma":"sequestro","token":"sequestro","start":89,"end":98,"sent":"I responsabili della ditta Caffaro Chimica hanno chiesto un riesame del provvedimento di sequestro ed hanno presentato istanza di dissequestro , predisponendo , nel contempo , un programma di adeguamento degli impianti ."}
{"sentidx":120888,"lemma":"sequestro","token":"sequestro","start":192,"end":201,"sent":"Dicevo allora , l assegnazione alla corte di assise di tre gruppi di reati , quelli contro l integrita della persona , quelli che colpiscono un bene fondamentale come la liberta ( pensiamo al sequestro di persona a scopo di estorsione , e altri di piu recente istituzione , come la riduzione in schiavitu ela tratta di esseri umani ) : un gruppo di reati che suscitano forte allarme sociale ."}
{"sentidx":226434,"lemma":"sequestro","token":"sequestri","start":160,"end":169,"sent":"I Paesi piu evidenti sono sotto gli occhi di tutti : l Iraq equi voglio ricordare una sorta di pulizia etnica che riguarda le varie denominazioni cristiane , i sequestri di persona , gli omicidi di preti e fedeli , l emarginazione dalla vita pubblica ; le Filippine l India con Orissa e le persecuzioni di cristiani ; il Pakistan con la legge sulla blasfemia che ha condotto al carcere e alla morte parecchi cristiani ; alcune zone della Nigeria e del Sudan dove sie creato uno stato di tensione per la volonta di imporre la sharia evi sono stati gli eccidi ; la Corea del Nord con la persecuzione dei cristiani ; il Vietnam dove ancora oggi ce l oppressione dei cattolici ; la Cina dove si perpetua il contrasto alla religione cattolica con anche l internamento nei lager dei seguaci della religione cattolica ( ricordo che i lager sono i campi di rieducazione ) ."}
{"sentidx":269514,"lemma":"sequestro","token":"sequestro","start":65,"end":74,"sent":"Avremmo dovuto affermare , invece , che le discariche oggetto di sequestro , in caso di straordinari motivi per l incolumita pubblica , potevano anche essere oggetto di conferimento di nuove ecoballe e rifiuti in via d urgenza , fermo restando il campionamento svolto dall \u2019 autorita giudiziaria ai fini conservativi della prova per il processo ."}
{"sentidx":265536,"lemma":"sequestro","token":"sequestri","start":79,"end":88,"sent":"Vi sono indagini in corso da parte dell \u2019 autorita giudiziaria , vi sono stati sequestri di atti che riguardano essenzialmente l urbanistica al comune di Orta di Atella Chiedo alla Presidenza di sollecitare una risposta urgente a questa interrogazione ."}
{"sentidx":263642,"lemma":"sequestro","token":"sequestro","start":261,"end":270,"sent":"Pur non essendo questo orientamento obbligato dal punto di vista ermeneutico , tale interpretazione trova un precedente nell \u2019 XI legislatura ( Testa e anche in quella circostanza , come del resto anche nell \u2019 attuale , l autorita giudiziaria aveva posto sotto sequestro le cassette senza averle aperte ."}
{"sentidx":177476,"lemma":"sequestro","token":"sequestro","start":227,"end":236,"sent":"Un altro punto che vorrei sottolineare come qualificante , e che dev essere in qualche modo recepito anche nella nostra indicazione al Governo riguarda il fatto che , se si sono voluti prevedere dei termini all \u2019 efficacia del sequestro ( mi riferisco alle misure di prevenzione patrimoniale ) , tali termini , che possono avere una loro logica , devono tenere conto della complessita degli accertamenti ."}
{"sentidx":10793,"lemma":"sequestro","token":"sequestro","start":101,"end":110,"sent":"Infatti per comprendere effettivamente le dinamiche economiche relazionali presenti nelle imprese in sequestro , per evidenziare i collegamenti operativi in ambienti mafiosi , per costruire una solida piattaforma probatoria che regga anche in relazione alla decisione sulla confisca , non possiamo addivenire ad un progetto , quale quello delineato in questo decreto - legge forse troppo ."}
{"sentidx":188789,"lemma":"sequestro","token":"sequestro","start":28,"end":37,"sent":"Ma ancora piu negativo e il sequestro di ostaggi e di navi Il pensiero ela solidarieta va ai tanti marinai che sono ostaggi ."}
{"sentidx":292220,"lemma":"sequestro","token":"sequestro","start":152,"end":161,"sent":"Analoga autorizzazione e richiesta per sottoporre i membri del Parlamento ad intercettazioni , in qualsiasi forma , di conversazioni o comunicazioni ea sequestro di corrispondenza \u00bb ."}
{"sentidx":220601,"lemma":"sequestro","token":"sequestro","start":181,"end":190,"sent":"Credo che l esercito israeliano abbia reagito come avrebbe reagito qualunque contingente militare di un Paese democratico dopo essere stato attaccato e linciato , con il rischio di sequestro di alcuni suoi soldati ."}
{"sentidx":286081,"lemma":"sequestro","token":"sequestro","start":662,"end":671,"sent":"L articolo 5 prevede che l esercizio della professione di costruttore edile sia subordinato al possesso di alcuni requisiti di onorabilita ; e necessaria , in sostanza , l assenza di procedimenti in corso per l applicazione di misure di prevenzione e non devono sussistere sentenze definitive di condanna , decreti penali di condanna irrevocabile o sentenze di applicazione della pena su richiesta delle parti , per delitti contro la pubblica amministrazione e delitti contro l economia pubblica , l industria e il commercio , per i delitti di ricettazione , riciclaggio , emissione di assegni a vuoto , insolvenza fraudolenta , bancarotta fraudolenta , usura , sequestro di persona a scopo di estorsione e rapina ."}
{"sentidx":128236,"lemma":"sequestro","token":"sequestro","start":334,"end":343,"sent":"Lo stiamo gia facendo , peraltro , e questa e un altra novita introdotta nell \u2019 ordinamento dal Governo e dal Parlamento Lo stiamo gia facendo proprio con i depositi ei conti correnti bancari e postali , sul presupposto che il denaro e il bene fungibile per eccellenza e quindi , si puo utilizzare anche prima che il provvedimento di sequestro diventi confisca , diversamente da quanto avviene per i beni immobili , per esempio , che non possono essere utilizzati o alienati fino a quando non viene emanato il provvedimento di confisca ."}
{"sentidx":138466,"lemma":"sequestro","token":"sequestro","start":79,"end":88,"sent":"Ricordo che lo facemmo , anche con molta soddisfazione , quando si concluse il sequestro della Savina Caylyn vicenda che tenne in sospeso non solo le famiglie ma anche tante persone del nostro Paese in quanto i nostri concittadini rimasero per molti mesi sequestrati e trattati veramente male ."}
{"sentidx":195961,"lemma":"sequestro","token":"sequestro","start":45,"end":54,"sent":"Penso infatti , ad episodi criminosi come il sequestro di persona oil banditismo in Sardegna o a quelli tragici delle morti sul lavoro , nei quali il lavoro accurato della stampa locale ha giocato un ruolo importante anche per la sensibilizzazione e informazione delle persone ."}
{"sentidx":120687,"lemma":"sequestro","token":"sequestro","start":115,"end":124,"sent":"A tale riguardo , si e inserito nelle competenze della Corte d assise , mentre in precedenza non era previsto , il sequestro di persona a scopo di estorsione ."}
{"sentidx":236012,"lemma":"sequestro","token":"sequestro","start":31,"end":40,"sent":"Non solo infatti si procede al sequestro e alla confisca , ma gli stessi beni vengono prima dati in custodia giudiziale con facolta d uso e poi dopo la confisca , assegnati agli stessi che li hanno in custodia ."}
{"sentidx":9286,"lemma":"sequestro","token":"sequestro","start":358,"end":367,"sent":"Nel corso del dibattito , con l approvazione dell \u2019 unico emendamento presentato la Commissione ha ritenuto necessario regolamentare espressamente l ipotesi di esclusione dal diritto alla reversibilita della pensione per l ipotesi di omicidio volontario , di omicidio preterintenzionale e di omicidio conseguente ad altro delitto ( ad esempio , l ipotesi di sequestro di persona acui consegue l omicidio medesimo ) ."}
{"sentidx":254409,"lemma":"sequestro","token":"sequestro","start":407,"end":416,"sent":"Si tratta nello specifico di sostegno allo sviluppo delle energie rinnovabili , promozione di interventi di efficienza energetica , sistema di scambio dei diritti di emissione , volto ad attivare comportamenti ecologicamente virtuosi da parte delle imprese e utile a contrastare l aumento delle emissioni dei gas ad effetto serra , il programma nazionale di rientro nel nucleare e sviluppo di tecnologie di sequestro e stoccaggio della CO2 con effetti di piu lungo termine ."}
{"sentidx":75678,"lemma":"sequestro","token":"sequestro","start":251,"end":260,"sent":"Tra l altro lente ha anche un attivo di bilancio derivante dalla produzione di energia elettrica originata da una parte dell \u2019 acqua del Tevere invasata a Montedoglio Insomma occorrono lavori al piu presto , un minuto dopo che il cantiere posto sotto sequestro sia stato liberato ."}
{"sentidx":233310,"lemma":"sequestro","token":"sequestro","start":395,"end":404,"sent":"Vorrei pero chiederle di valutare due passaggi : il primo e che estendere il controllo in maniera piu forte nel Mezzogiorno porta legalita e contrasta anche il fenomeno mafioso ; il secondo , invece , riguarda il discorso \u2013 che lei ha giustamente toccato \u2013 della legalita nei trasporti extracomunitari e non solo Volevo inoltre , chiederle di valutare l introduzione di una norma che preveda il sequestro del mezzo quando alla guida si trovi un cittadino clandestino , o comunque un cittadino che non ha le autorizzazioni necessarie per circolare in sicurezza all \u2019 interno del nostro Paese stante le leggi italiane ."}
{"sentidx":125076,"lemma":"sequestro","token":"sequestri","start":89,"end":98,"sent":"Ci sono state azioni concrete politicamente , anche di questo Governo rispetto ad alcuni sequestri in giro per il mondo , pero non si puo agire solo ed esclusivamente per questioni particolari , quando si tratta di persone facoltose e magari di uomini che sono rappresentanti del mondo della politica oche sono piu nel mirino di tutti e che fanno parte del mondo del giornalismo e fanno notizia ."}
{"sentidx":222289,"lemma":"sequestro","token":"sequestri","start":144,"end":153,"sent":"Occorre inoltre , incentivare il lavoro del Governo affinche in Colombia si accenda la speranza di un percorso di pace , cessino le violenze ei sequestri e si possano ricongiungere le famiglie ma , per fare questo , e necessaria una lotta senza quartiere al narcotraffico , che non si diriga solo alla coltivazione ma anche al traffico e al consumo : ci tengo particolarmente a segnalare Ritengo dunque , che dovremmo lavorare e contribuire per avere presto libere Ingrid Betancourt e le altre vittime e per vedere finalmente voltata la pagina in quel Paese una pagina di violenza che ha causato moltissimi lutti tra contadini , sindacalisti , difensori dei diritti umani , militari , religiosi , semplici cittadini ."}
{"sentidx":272692,"lemma":"sequestro","token":"sequestri","start":232,"end":241,"sent":"Per quanto concerne i controlli sui prodotti dannosi alla salute umana e comprovata , anche dall \u2019 Unione europea , la particolare meticolosita delle autorita italiane doganali , sanitarie e di polizia , che ha permesso migliaia di sequestri senza creare una situazione di emergenza come in altri Stati membri , alle prese con presenze eccessive di fumato cromo esavalente , farmaci e medicinali contraffatti , giocattoli con notevole contenuto di piombo nelle vernici ed altro ."}
{"sentidx":77897,"lemma":"sequestro","token":"sequestri","start":687,"end":696,"sent":"Al riguardo , va sottolineato che colpire mafia , camorra , \u2032 ndrangheta e sacra corona unita nei beni che sono riusciti ad accumulare con le azioni criminali , significa colpire in un punto per loro vitale e quindi , questa azione , rappresenta un utile corollario della repressione diretta delle attivita criminose e della cattura dei tanti boss che , in questi ultimi due anni , sono stati assicurati alla giustizia grazie all \u2019 azione delle forze dell \u2019 ordine , adeguatamente promossa e sostenuta dal Governo Purtroppo dobbiamo constatare che i mezzi di comunicazione di massa non danno sufficiente spazio ai successi delle forze dell \u2019 ordine nella cattura dei boss criminali enei sequestri e nelle confische di quantita enormi di beni in possesso della criminalita organizzata ."}
{"sentidx":14813,"lemma":"sequestro","token":"sequestro","start":240,"end":249,"sent":"Intendiamo continuare questa lotta senza tregua alla criminalita organizzata anche destinando al Ministero dell interno , al Ministero della giustizia e alle forze dell \u2019 ordine una parte delle somme del Fondo unico giustizia derivanti dal sequestro dei beni alla mafia ( Applausi dei deputati dei gruppi Popolo della Liberta e Lega Nord Padania Tra le misure che hanno consentito una svolta cruciale nel contrasto al fenomeno mafioso spiccano : l inasprimento del carcere duro previsto dal 41 bis cosi da impedire ai boss di continuare a dare ordini dal carcere e di godere del gratuito patrocinio , il reato di associazione mafiosa che e stato esteso anche alle organizzazioni criminali estere , l aumento di 30 milioni di euro del Fondo perle vittime dei mafiosi , il divieto di partecipazione alle gare per gli appalti pubblici per gli imprenditori che non denunciano le estorsioni ."}
{"sentidx":287109,"lemma":"sequestro","token":"sequestro","start":89,"end":98,"sent":"Mi riferisco alle norme che riguardano le soluzioni individuate in materia di confisca , sequestro e deposito dei beni sequestrati , misure che risolvono e semplificano le relative procedure ."}
{"sentidx":265137,"lemma":"sequestro","token":"sequestro","start":130,"end":139,"sent":"Non capisco perche votate contro un decreto - legge che rende piu duro l articolo 416 bis del codice penale e rende piu veloce il sequestro dei beni ai mafiosi , perche votate contro un provvedimento che garantisce maggior controllo sul territorio , da piu potere ai sindaci , alla polizia municipale , da la possibilita alla polizia municipale di collegarsi alla banca dati del Viminale finanzia piani di controllo del territorio ."}
{"sentidx":70370,"lemma":"sequestro","token":"sequestro","start":178,"end":187,"sent":"In che modo Attraverso il Fondo unico giustizia , istituito con il decreto - legge n 112 varato nella scorsa estate e prevedendo l incameramento di somme di denaro derivanti dal sequestro operato nell \u2019 ambito di procedimenti penali , di misure di prevenzione nonche dalla irrogazione di sanzioni amministrative ."}
{"sentidx":22408,"lemma":"sequestro","token":"sequestro","start":167,"end":176,"sent":"Infatti questa e una di quelle vicende assai interessanti sulle quali l Italia potra sviluppare , in futuro , una propria autonoma tecnologia avanzata nel settore del sequestro di anidride carbonica ."}
{"sentidx":224622,"lemma":"sequestro","token":"sequestro","start":524,"end":533,"sent":"La mia amministrazione ed il procuratore generale della confederazione dell \u2019 oratorio di San Filippo Neri hanno intanto siglato un accordo con il quale sono stati nominati il nuovo conservatore , nella persona del dottor Umberto Bile vice direttore del Museo nazionale di Capodimonte ed il nuovo direttore della biblioteca annessa , nella persona del dottor Mauro Giancaspro Ho potuto constatare il concreto impegno dell \u2019 amministrazione nell \u2019 esperire tutte le possibili attivita compatibili con l attuale situazione di sequestro conservativo dei beni , ivi comprese le misure intraprese per la prevenzione ela tutela del patrimonio librario recuperato ."}
