{"sentidx":3405,"lemma":"unione","token":"unione","start":47,"end":53,"sent":"Tra tali principi rientra la fattispecie della unione speciale di comuni montani cosi come anche qualificata dalla stessa Corte costituzionale ."}
{"sentidx":82663,"lemma":"unione","token":"unioni","start":166,"end":172,"sent":"Questo limite puo essere superato inserendo nella Carta delle autonomie la previsione normativa di unificare l esercizio delle funzioni , mediante lo strumento delle unioni tra piu comuni con caratteristiche simili ."}
{"sentidx":238185,"lemma":"unione","token":"unione","start":274,"end":280,"sent":"In particolare il Parlamento europeo aveva espresso perplessita su un siffatto accordo protezionistico ritenendo piu efficaci il quadro del diritto dell \u2019 Unione e il metodo comunitario per realizzare gli stessi obiettivi di disciplina di bilancio e per realizzare una vera unione economica e fiscale ."}
{"sentidx":14501,"lemma":"unione","token":"unione","start":215,"end":221,"sent":"Il coordinamento fiscale risulta oltremodo fondamentale per risolvere il problema del differenziale di competitivita dentro l area dell euro Dunque o l Unione monetaria diventera presto anche fiscale o non sara piu unione ."}
{"sentidx":28665,"lemma":"unione","token":"unione","start":139,"end":145,"sent":"Nel Patto di stabilita ce qualche richiamo all \u2019 obbligatorieta di associazione o comunque ad obiettivi da raggiungere all \u2019 interno delle unione dei comuni ."}
{"sentidx":108663,"lemma":"unione","token":"unione","start":139,"end":145,"sent":"Ne abbiamo discusso in Commissione cultura durante la discussione per l espressione del parere consultivo e abbiamo trovato molti punti di unione ."}
{"sentidx":116166,"lemma":"unione","token":"unione","start":142,"end":148,"sent":"Richiamati gli aspetti salienti del Trattato in esame , che costituisce un importante passo in avanti verso la realizzazione di una effettiva unione politica a livello europeo , manifesta apprezzamento per il meccanismo solidaristico introdotto dal MES Dichiara infine , il convinto voto favorevole del suo gruppo sul disegno di legge di ratifica in esame ."}
{"sentidx":215447,"lemma":"unione","token":"unioni","start":196,"end":202,"sent":"Sappiamo che in Italia vi sono piu di ottomila comuni e che una loro razionalizzazione sarebbe opportuna ; pertanto , mettere in comune le funzioni attraverso un modello di sviluppo delle attuali unioni dei comuni sarebbe stato assolutamente positivo ."}
{"sentidx":161493,"lemma":"unione","token":"unioni","start":107,"end":113,"sent":"In alcuni Stati d Europa i familiari non sono solo quelli acquisiti attraverso il matrimonio , ma anche da unioni di fatto e quindi vorremmo che fosse esteso anche a questa categoria di familiari il concetto di cittadini europei che possono tranquillamente soggiornare anche nel nostro Stato Applausi dei deputati del gruppo Italia dei"}
{"sentidx":78641,"lemma":"unione","token":"unione","start":279,"end":285,"sent":"E di pochi giorni fa la firma del trattato sulla stabilita , sul coordinamento e sulla governance dell \u2019 unione economica e monetaria , il cosiddetto fiscal compact , finalizzato a rafforzare il rigore nella gestione dei conti pubblici nazionali ea ristabilire la fiducia nell \u2019 unione economica e monetaria ."}
{"sentidx":270971,"lemma":"unione","token":"unione","start":78,"end":84,"sent":"Certo sappiamo bene che occorrono decine di anni per realizzare una autentica unione monetaria e politica , ma va riconosciuto al suo prestigio e alla sua competenza l inizio del rilancio del progetto europeista ."}
{"sentidx":86317,"lemma":"unione","token":"unione","start":259,"end":265,"sent":"Credo che con una ritrovata credibilita e con la dimostrata volonta di procedere sulla via della serieta e del rigore , all \u2019 Italia spetti il compito di indicare la strada del rafforzamento dell \u2019 Unione europea , della competitivita e della crescita dell \u2019 unione fiscale e delle solidarieta sociali e territoriali ."}
{"sentidx":171905,"lemma":"unione","token":"unione","start":100,"end":106,"sent":"Uno dei motivi principali e che l Unione europea , secondo me , viene interpretata soprattutto come unione monetaria , commerciale , economica e finanziaria : manca in modo preoccupante la dimensione sociale ."}
{"sentidx":8931,"lemma":"unione","token":"unione","start":33,"end":39,"sent":"Questa impostazione legata all \u2019 unione di comuni salva in buona sostanza tutti i comuni ei relativi sindaci , i consigli comunali , nonche tutto il personale dipendente ."}
{"sentidx":116250,"lemma":"unione","token":"unione","start":57,"end":63,"sent":"Troviamo l indicazione di un percorso verso una maggiore unione di tipo fiscale , di disciplina dei bilanci , e troviamo anche l indicazione chiara che la condivisione di una maggiore disciplina nei bilanci degli Stati deve accompagnarsi ad una possibilita di emissione di titoli di debito pubblico in comune ."}
{"sentidx":37075,"lemma":"unione","token":"unione","start":148,"end":154,"sent":"Questa regola dice che la sicurezza e il sinonimo della liberta e che e proprio sulla tutela della sicurezza individuale che si fondano il patto di unione di cittadini ela stessa legittimazione del potere pubblico ."}
{"sentidx":177122,"lemma":"unione","token":"unione","start":216,"end":222,"sent":"In particolare sono stati sentiti il procuratore nazionale antimafia dottor Pietro Grasso il sostituto procuratore antimafia dottor Gianfranco Donadio i rappresentanti dell \u2019 associazione nazionale magistrati e dell unione delle camere penali italiane , il prefetto Bruno Frattasi responsabile del comitato di coordinamento per l alta sorveglianza delle grandi opere , la professoressa Anna Maria Maugeri ordinario di diritto penale , ed il dottore Guglielmo Nicastro giudice presso il tribunale di Palermo esperti nella materia delle misure di prevenzione , i rappresentanti di Confcommercio Confartigianato Casartigiani Confederazione nazionale dell \u2019 artigianato e della piccola e media impresa , Confesercenti e dell Associazione nazionale costruttori edili , il direttore dell \u2019 unita di informazione finanziaria , dottor Gianni Castaldi e il presidente dell \u2019 Autorita perla vigilanza sui contratti pubblici di lavori , servizi e forniture , dottor Luigi Giampaolino Da tutte queste audizioni , iniziando proprio da quella del dottor Pietro Grasso la Commissione ha tratto notevoli spunti per la formulazione del testo approvato ."}
{"sentidx":28696,"lemma":"unione","token":"unione","start":189,"end":195,"sent":"Pero oggi ci rendiamo conto che e assolutamente necessario superare queste forme di associazione per andare in qualcosa di piu concreto ela Costituzione ha elevato a rango di ente locale l unione dei comuni ."}
{"sentidx":28664,"lemma":"unione","token":"unioni","start":198,"end":204,"sent":"La stessa cosa accade anche per i comuni : abbiamo modificato la Costituzione in questi anni , abbiamo previsto le citta metropolitane , abbiamo soppresso la comunita montane e abbiamo istituito le unioni dei comuni ."}
{"sentidx":3460,"lemma":"unione","token":"unione","start":43,"end":49,"sent":"Sara la comunita montana stessa che fara l unione , l associazione , la convenzione ma non una duplicazione di forme associative magari all \u2019 interno della stessa comunita montana ."}
{"sentidx":177608,"lemma":"unione","token":"unione","start":59,"end":65,"sent":"Per questo noi chiediamo di rafforzare gli incentivi all \u2019 unione dei comuni , per questo vi chiediamo di cambiare politica ."}
{"sentidx":12355,"lemma":"unione","token":"unione","start":200,"end":206,"sent":"Soltanto il bieco cinismo di questa maggioranza di Governo ha rispolverato questo provvedimento soltanto nella speranza che l argomento stesso potesse diventare il centravanti di sfondamento contro l unione di Futuro e Liberta per l Italia e UdC nella speranza di salvare la baracca sulla pelle letteralmente di migliaia di anime e familiari in pena ( Applausi dei deputati dei gruppi Italia dei Valori e Partito Democratico Signor Presidente chiedo che la Presidenza autorizzi la pubblicazione in calce al resoconto della seduta odierna del testo integrale del mio intervento ."}
{"sentidx":272325,"lemma":"unione","token":"unione","start":431,"end":437,"sent":"Propongo una mozione unitaria del Parlamento italiano per supportare Monti e il nostro Governo nel chiedere piu Europa piu serieta , piu capacita di ritrovare le grandi motivazioni ideali del progetto federalista europeo che si e andato ad arenare ( Applausi dei deputati del gruppo Unione di Centro per il Terzo Polo Unione bancaria europea , eurobond , mercato unico dei capitali , sono parti di un mosaico che deve rilanciare l unione politica europea !"}
{"sentidx":237902,"lemma":"unione","token":"unione","start":272,"end":278,"sent":"Sottolineata altresi la disponibilita della propria parte politica alla predisposizione di un documento di indirizzo unitario e condiviso , rileva che risulta indispensabile ed urgente la definizione di un percorso ben scadenzato che raggiunga l obiettivo di realizzare l unione fiscale e bancaria tra gli Stati europei , anche con la predisposizione di strumenti di emergenza per il risanamento dei Paesi in deficit di bilancio ."}
{"sentidx":194046,"lemma":"unione","token":"unioni","start":219,"end":225,"sent":"A mio modo di vedere , el \u2019 unica strada per un abbattimento reale dei costi : snellire strutture , funzioni , personale e consentire gradualmente ai comuni di autorganizzarsi nella gestione dei servizi , attraverso le unioni ."}
{"sentidx":116254,"lemma":"unione","token":"unione","start":181,"end":187,"sent":"Non dobbiamo dimenticare queste date , non dobbiamo dimenticare questo percorso che si e fatto insieme , quando parliamo di elementi tecnici come la disciplina dei bilanci , come l unione bancaria , come gli obblighi di riduzione del debito e di azzeramento del deficit ."}
{"sentidx":238236,"lemma":"unione","token":"unione","start":487,"end":493,"sent":"Noi abbiamo presentato questa mozione prima di leggere il documento del Presidente del Consiglio europeo Van Rompuy peraltro esteso autorevolmente con il Presidente dell Eurogruppo e con il Presidente della Banca centrale europea ( quindi immaginiamo un documento che sia piu di un suggerimento ) , ed abbiamo impegnato su una serie di questioni il Governo come ha richiamato il collega Ciccanti Oggi vediamo degli impegni molto forti in termini di condivisione delle responsabilita : l unione bancaria e fiscale , ma anche impegni comuni sui bilanci pubblici , molto stringenti ."}
{"sentidx":82628,"lemma":"unione","token":"unioni","start":28,"end":34,"sent":"Qual ela finalita di queste unioni ?"}
{"sentidx":3428,"lemma":"unione","token":"unione","start":32,"end":38,"sent":"Ad esempio , a proposito dell \u2019 unione dei comuni dell \u2019 arcipelago toscano , voglio vedere come faranno a gestirsi , in un ambito ottimale , trattandosi di isole che hanno grandi problemi di coordinamento ."}
{"sentidx":285999,"lemma":"unione","token":"unione","start":16,"end":22,"sent":"E esattamente l unione politica dell \u2019 Europa la grande causa che deve mobilitare l impegno futuro delle nuove generazioni , ela proposta di legge della quale parliamo oggi e incanalata , penso , sia pure in un ambito di semplice e prevalente natura regolamentare , proprio lungo quella via ."}
{"sentidx":254074,"lemma":"unione","token":"unioni","start":96,"end":102,"sent":"Serve riorganizzare gli enti locali e razionalizzare comuni , ambiti di sviluppo territoriale , unioni di comuni montani , province e regioni , una catena troppo lunga dove spesso non si sa bene chi faccia cosa o chi sia responsabile di un procedimento ."}
{"sentidx":82630,"lemma":"unione","token":"unioni","start":189,"end":195,"sent":"Da questo punto di vista , oltre all \u2019 intervento statale , dobbiamo registrare una serie di legislazioni regionali che , con la riforma del Titolo V soprattutto , hanno via via normato le unioni di comuni in una sorta di geometria variabile che nel Paese vede diverse applicazioni , non sempre coerenti , di questa forma di organizzazione unitaria ."}
{"sentidx":199195,"lemma":"unione","token":"unioni","start":154,"end":160,"sent":"Abbiamo contato almeno nove livelli istituzionali riconosciuti dalla Costituzione oda legge ordinaria : lo Stato le regioni , le province , i comuni , le unioni tra comuni , le comunita montane , i consorzi di bonifica , i bacini imbriferi montani , le circoscrizioni ."}
{"sentidx":177609,"lemma":"unione","token":"unioni","start":177,"end":183,"sent":"Voi questo nodo non l avete affrontato , anzi avete colpito duramente non solo le comunita montane in riva al mare che andavano cancellate ma anche tante positive esperienze di unioni e di associazioni per l offerta dei servizi in aree del Paese deboli che hanno bisogno di sostegno ."}
{"sentidx":266306,"lemma":"unione","token":"unione","start":56,"end":62,"sent":"Esso costituisce la precondizione per realizzare quella unione politica e federale che auspichiamo , rafforzata da una nuova ed adeguata legittimazione democratica delle istituzioni europee ."}
{"sentidx":281371,"lemma":"unione","token":"unioni","start":610,"end":616,"sent":"Credo che noi italiani abbiamo fatto male a scegliere di non tornare ad una politica del nucleare responsabile mentre gran parte del mondo , piaccia o no continua su questa linea soprattutto nel momento in cui assistiamo , in questa crisi mondiale , ad un aumento del prezzo delle nostre tradizionali fonti di energia e nel momento in cui , anche in prospettiva storica , vi sono i cosiddetti Paesi emergenti , che ormai sono decisamente emersi e lo riscontriamo dai loro PIL i quali dimostrano di avere delle economie aggressive ed energivore a fronte delle quali possono resistere soltanto nazioni , Paesi e unioni di nazioni , come l Unione europea , in cui la politica energetica si basa sulla differenziazione delle fonti e quindi , anche sul nucleare ."}
{"sentidx":78344,"lemma":"unione","token":"unioni","start":140,"end":146,"sent":"Un obiettivo analogo persegue la norma che introduce l obbligo per i comuni di modeste dimensioni , cioe quelli piu piccoli , di costituire unioni di comuni ."}
{"sentidx":177594,"lemma":"unione","token":"unioni","start":80,"end":86,"sent":"Il Ministro perla semplificazione avrebbe dovuto pensare ad un incentivo per le unioni e invece , avviene il contrario con un decreto - legge , che peraltro non ha"}
{"sentidx":14551,"lemma":"unione","token":"unione","start":2,"end":8,"sent":"L unione monetaria , con il conseguente impegno al rispetto degli obiettivi di bilancio definiti con il trattato di Maastricht rivisti annualmente con l aggiornamento del Programma di stabilita e crescita , rappresenta il primo vincolo da rispettare nel nostro sistema di contabilita pubblica ."}
{"sentidx":205098,"lemma":"unione","token":"unione","start":142,"end":148,"sent":"Se oggi e domani l Europa non battera un colpo forte sulla sua precisa volonta di esistere non come semplice espressione geografica , ma come unione di nazioni e di popoli , il rischio di frantumazione e di esplosione della societa italiana e di quella europea sara altissimo ."}
{"sentidx":249423,"lemma":"unione","token":"unioni","start":248,"end":254,"sent":"Fanno pero eccezione i benefici concessi da una delle parti ad investitori ( come ad esempio gli accordi in materia di scambi frontalieri nonche i vantaggi riconosciuti da una delle parti agli investitori esteri per effetto della partecipazione ad unioni economiche , zone di libero scambio o accordi economici multilaterali ."}
{"sentidx":61039,"lemma":"unione","token":"unione","start":142,"end":148,"sent":"Per quanto riguarda il Mediterraneo concordiamo con il relatore Gottardo circa la preoccupazione per il blocco che sta subendo il processo di unione per il Mediterraneo lanciato dalla presidenza francese , ma anche su questo punto l azione del Governo nell ambito del Mediterraneo e insufficiente ed inefficace ."}
{"sentidx":133984,"lemma":"unione","token":"unione","start":109,"end":115,"sent":"Ritiene inoltre strategico , al fine di avviare la costruzione politica dell \u2019 Europa attuare innanzitutto l unione bancaria e modificare il mandato della Banca centrale europea conferendogli poteri di prestatore di ultima istanza ."}
{"sentidx":133986,"lemma":"unione","token":"unione","start":284,"end":290,"sent":"Ricordate quindi , le manovre economiche poste in essere anche dal precedente Esecutivo che hanno garantito la stabilita dei conti pubblici , sottolinea la necessita di un controllo del debito nonche di un maggiore sostegno a famiglie ed imprese , auspicando la creazione di una vera unione bancaria dell \u2019 area euro che preveda la stabilizzazione del fondo per la soluzione delle crisi bancarie degli Stati membri ."}
{"sentidx":231618,"lemma":"unione","token":"unione","start":213,"end":219,"sent":"Sono convinto del fatto che l ispirazione di questa forza ela straordinaria capacita ( che e valore proprio del cristianesimo ) di non pensare che l Europa sia una maggioranza che rispetta una minoranza , ma e un unione di minoranze ."}
{"sentidx":86428,"lemma":"unione","token":"unione","start":294,"end":300,"sent":"Signor Presidente onorevoli colleghi , signor Presidente del Consiglio la speculazione internazionale contro l euro ha individuato l Italia come anello debole della catena che lega fra loro gli Stati che hanno adottato una moneta comune e si sono costituiti di fatto come avanguardia verso una unione sempre piu stretta , anche politica , dei popoli europei ."}
{"sentidx":290259,"lemma":"unione","token":"unione","start":249,"end":255,"sent":"Proprio per questo motivo noi repubblicani abbiamo chiesto , e chiediamo , che in Europa si proceda speditamente per superare il metodo protezionistico e per affermare , invece , il rafforzamento del metodo comunitario nella prospettiva di una vera unione federale e anche e forse solo in questo modo potremo superare le tensioni tra Governi e Parlamenti nazionali ."}
{"sentidx":86315,"lemma":"unione","token":"unione","start":400,"end":406,"sent":"Signor Presidente colleghi , come deputati del Movimento perle Autonomie non crediamo vi sia bisogno di ribadire l opzione europeista del nostro Paese che ha sempre dimostrato di credere nell \u2019 Europa unita a prescindere dai sacrifici che per essa e stata spesso costretta a fare Si tratta di comprendere , invece , come sia possibile rimodellare le istituzioni europee in direzione di una piu salda unione politica , di una maggiore solidarieta , di una riduzione degli egoismi dei Paesi piu forti e di un sostegno alle economie piu deboli ."}
{"sentidx":17802,"lemma":"unione","token":"unioni","start":105,"end":111,"sent":"Da questo punto di vista , occorrera tenere ferma una priorita , cioe quella di premiare il lavoro delle unioni dei comuni ."}
{"sentidx":251623,"lemma":"unione","token":"unione","start":324,"end":330,"sent":"In questo quadro si dovra rafforzare grandemente la partecipazione democratica dei cittadini in termini di conoscenza e condivisione a questo processo complesso e solo apparentemente tecnico , ma in realta altamente politico perche ela condizione per lo sviluppo , oltre che per il consolidamento , oltre la crisi , di un \u2019 unione di Stati e di popoli di centinaia di milioni di persone ."}
{"sentidx":218196,"lemma":"unione","token":"unione","start":66,"end":72,"sent":"I temi erano ben quattro : unione bancaria , unione di bilancio , unione economica e unione politica ."}
{"sentidx":218196,"lemma":"unione","token":"unione","start":45,"end":51,"sent":"I temi erano ben quattro : unione bancaria , unione di bilancio , unione economica e unione politica ."}
{"sentidx":218196,"lemma":"unione","token":"unione","start":85,"end":91,"sent":"I temi erano ben quattro : unione bancaria , unione di bilancio , unione economica e unione politica ."}
{"sentidx":218196,"lemma":"unione","token":"unione","start":27,"end":33,"sent":"I temi erano ben quattro : unione bancaria , unione di bilancio , unione economica e unione politica ."}
{"sentidx":18611,"lemma":"unione","token":"unione","start":245,"end":251,"sent":"Da queste considerazioni nasce la scelta di sostenere un Governo tecnico che , potendo superare molte delle debolezze dell \u2019 agire tradizionale della politica , naturalmente caratterizzata da un forte contrasto e da divisioni , possa favorire l unione delle forze verso il raggiungimento di obiettivi necessari al futuro del Paese In questo quadro ancora oggi noi abbiamo votato la fiducia al Governo Monti E pero fondamentale definire in modo ancora piu ficcante l azione del Governo per permettere al Paese non solo di superare questa fase di difficolta , ma di avere una prospettiva futura ."}
{"sentidx":223759,"lemma":"unione","token":"unioni","start":427,"end":433,"sent":"Al contrario , noi abbiamo bisogno di dare risposte concrete ai servizi pubblici locali ; abbiamo la necessita di dare una risposta concreta alla sopravvivenza di molti comuni , che sono il cuore e il motore dell \u2019 economia nazionale ; abbiamo bisogno anche di una riforma organica , di qualcosa di coerente e serio , che risponda alle esigenze di autonomia dei piccoli comuni e dia forza all \u2019 associazionismo , attraverso le unioni di comuni , e che soprattutto , risponda seriamente alle esigenze dei cittadini e della nostra comunita ."}
{"sentidx":194424,"lemma":"unione","token":"unione","start":166,"end":172,"sent":"Avevo gia evidenziato , in sede di dichiarazione di voto nel corso della prima lettura , che il Partito Democratico e da sempre fortemente interessato a rafforzare l unione politica el \u2019 integrazione europea , quindi vediamo con favore un rafforzamento del sistema di governo dell \u2019 economia europea ."}
{"sentidx":287442,"lemma":"unione","token":"unione","start":153,"end":159,"sent":"Noi abbiamo proposto una delle piu straordinarie opere che potrebbero dare sviluppo al Mezzogiorno il ponte sullo Stretto che rientra in una dinamica di unione del Mezzogiorno all Europa perche per costruire il ponte sullo Stretto occorre realizzare anche l autostrada che arriva al ponte el \u2019 autostrada che parte dal ponte , la ferrovia che attraversa il ponte el \u2019 alta velocita per il Mezzogiorno ossia realizzare tutta quella infrastruttura che rende interessante per le imprese andare ad investire ) ."}
{"sentidx":272196,"lemma":"unione","token":"unione","start":481,"end":487,"sent":"UdCpTP Nel sottolineare l esigenza di un \u2019 assunzione di responsabilita delle forze politiche di fronte al corpo elettorale , considerati altresi i gravosi ma necessari sacrifici richiesti ai cittadini , conferma il convinto appoggio della propria parte politica al Governo che in poco tempo ha adottato numerosi importanti provvedimenti , proponendo la presentazione di un atto di indirizzo unitario al fine di supportare il Presidente del Consiglio nel rilanciare il processo di unione politica e monetaria europea e nel ritrovare le grandi motivazioni ideali del progetto federalista europeo ."}
{"sentidx":238104,"lemma":"unione","token":"unione","start":161,"end":167,"sent":"Innanzitutto quindi dobbiamo pretendere la piena legittimita democratica della Commissione europea perche se andiamo , come noi auspichiamo , verso una maggiore unione fiscale , verso un meccanismo di sorveglianza preventiva molto piu forte dei bilanci nazionali ma non diamo piena legittimita democratica a chi dovra controllare quei bilanci , rischiamo il corto circuito dell \u2019 intero sistema ."}
{"sentidx":181989,"lemma":"unione","token":"unione","start":165,"end":171,"sent":"Ho poi fatto una ricerca su Google e ho trovato precedenti di una frase cosi forte , con riferimento ad un movimento che non e affatto laico : e il movimento dell \u2019 unione degli atei e degli agnostici razionalisti ."}
{"sentidx":120346,"lemma":"unione","token":"unione","start":208,"end":214,"sent":"Se si passasse , invece , ad una logica di sviluppo si potrebbero destinare almeno parte degli attuali aiuti a sostenere anche i comparti agroalimentari dei Paesi piu poveri con una condivisa e condivisibile unione di intenti per il governo della globalizzazione ."}
{"sentidx":272958,"lemma":"unione","token":"unione","start":119,"end":125,"sent":"Voglio ricordare che le leggi cui si fara riferimento per impiegare quei 181 milioni riguardano la contribuzione all \u2019 unione italiana ciechi , gli interventi per le vittime del terrorismo e della criminalita organizzata , il Fondo per l acquisizione dei beni del Ministero della giustizia , il Fondo unico per la giustizia ei progetti in favore degli esuli di Istria Dalmazia e Fiume Chi none d accordo su questi investimenti lo dichiari esplicitamente e dica su quali tra di essi e contrario ."}
{"sentidx":299647,"lemma":"unione","token":"unioni","start":135,"end":141,"sent":"In Francia ci sono i dipartimenti , ma sopra ce solo lo Stato In Germania ci sono le circoscrizioni , i Kreis che sono sostanzialmente unioni di comuni ."}
{"sentidx":101064,"lemma":"unione","token":"unione","start":243,"end":249,"sent":"Signor Presidente ho l onore el \u2019 onere , in quanto primo firmatario , di illustrare la mozione di sfiducia di una nuova area di moderati che si va formando nel Paese e in questo Parlamento Magari il Presidente del Consiglio volesse davvero l unione dei moderati in Italia Tuttavia per raggiungerla ci vogliono fatti , non parole ; ci vogliono atti politici che finora il Presidente del Consiglio sie rifiutato di compiere ."}
{"sentidx":82696,"lemma":"unione","token":"unione","start":168,"end":174,"sent":"Pero senza nulla togliere a questi aspetti della riforma istituzionale , dal mio punto di vista credo che , ancor di piu di questi punti , sia rilevante il tema dell \u2019 unione dei comuni ."}
{"sentidx":177595,"lemma":"unione","token":"unioni","start":133,"end":139,"sent":"Signor Presidente il tema sollevato dall \u2019 ordine del giorno in discussione , cioe il rafforzamento degli incentivi economici per le unioni di comuni , credo che evidenzi ancora una volta i limiti e le carenze di questo decreto che e disorganico e raffazzonato , sia sul versante finanziario che su quello procedimentale In questo decreto - legge ci sono indubbiamente tante cose : propaganda e demagogia , interventi che tornano al peggior centralismo del passato e anche pezze in qualche caso condivisibili che rimediano ai pasticci fatti nei mesi scorsi ."}
{"sentidx":238209,"lemma":"unione","token":"unione","start":22,"end":28,"sent":"Manca da realizzare l unione politica ; manca il percorso che e stato proposto con la risoluzione al Documento di economia e finanza dello scorso 26 aprile , al quale ho dato il mio contributo nella scrittura : la Costituzione degli Stati Uniti d Europa Cedere sovranita alle istituzioni europee per un ombrello europeo che ci ripari dagli attacchi della speculazione della finanza internazionale e un vantaggio non solo per l Italia ei Paesi dell eurozona ma anche per una equilibrata fase di transizione del processo di globalizzazione in atto dove non dobbiamo creare macerie per le future generazioni ."}
{"sentidx":240948,"lemma":"unione","token":"unione","start":249,"end":255,"sent":"La norma che viene proposta con questo emendamento rende il tutto estremamente piu chiaro : indica in modo ancora piu esplicito rispetto a quanto previsto dalla norma in vigore quali sono i casi nei quali e possibile il riconoscimento del figlio da unione incestuosa ."}
{"sentidx":116443,"lemma":"unione","token":"unione","start":216,"end":222,"sent":"Ebbene onorevoli colleghi , bisogna prendere atto che l Europa ha commesso gravi errori negli ultimi vent anni il piu grave e stato far partire la moneta unica senza valutare se vi fossero le condizioni per una vera unione politica e se tutti , sottolineo tutti , fossero preparati ad assumere gli oneri della piena solidarieta politica , nella buona come nella cattiva sorte ."}
{"sentidx":116559,"lemma":"unione","token":"unione","start":299,"end":305,"sent":"La concessione di qualsiasi assistenza finanziaria necessaria nell \u2019 ambito del meccanismo sara soggetta ad una rigorosa compatibilita Questo emendamento all \u2019 articolo 136 rimarra sicuramente nella storia dell \u2019 Europa ed e un passo estremamente importante e significativo verso una vera e propria unione politica , che dovra essere alla base se vogliamo veramente pensare ad un futuro diverso rispetto a quello cui abbiamo assistito fino ad oggi ."}
{"sentidx":78727,"lemma":"unione","token":"unione","start":221,"end":227,"sent":"E evidente che siamo arrivati a questo perche la moneta da sola non poteva piu essere il punto di riferimento del coordinamento delle politiche , delle videoconferenze che mettono insieme i Paesi che hanno creduto nell \u2019 unione monetaria ."}
{"sentidx":171908,"lemma":"unione","token":"unione","start":365,"end":371,"sent":"Il Trattato rafforza , infatti , la dimensione sociale dell \u2019 Europa affermando che il sistema della libera concorrenza non e un qualcosa di conflittuale a se stante , al contrario e uno strumento per raggiungere non soltanto piu produttivita , ma anche piu occupazione , piu progresso sociale e piu stabilita ; ela base per fare dell \u2019 unione economica anche un \u2019 unione sociale ."}
{"sentidx":242375,"lemma":"unione","token":"unione","start":78,"end":84,"sent":"Non serve ribadire come il Partito Democratico sia interessato a rafforzare l unione politica el \u2019 integrazione europea : queste sono al centro della nostra azione , della nostra visione e della nostra elaborazione ."}
{"sentidx":289792,"lemma":"unione","token":"unioni","start":131,"end":137,"sent":"I nove livelli istituzionali che c erano e che ci sono glieli voglio ricordare : lo Stato le regioni , le province , i comuni , le unioni tra comuni , le comunita montane , i consorzi di bonifica , i bacini imbriferi e le circoscrizioni ) sono rimasti esattamente quelli : non avete avuto il coraggio di incidere minimamente su tali aspetti ."}
{"sentidx":177572,"lemma":"unione","token":"unioni","start":118,"end":124,"sent":"Le forme associate dei piccoli comuni sono notevolmente aumentate in questi anni , arrivando a 317 e questo perche le unioni appaiono essere la forma per i piccoli comuni piu idonea ad affrontare le politiche amministrative su scala piu vasta e un utile strumento per rispondere alle crescenti domande che vengono dai cittadini ."}
{"sentidx":62030,"lemma":"unione","token":"unioni","start":487,"end":493,"sent":"Se infatti da una parte si taglia in settori come sanita o welfare , ma non si mette mano al ridondante sistema istituzionale centrale e periferico di Stato ed enti territoriali , se si accorpano le province , ma non si eliminano o riorganizza la moltitudine di enti di programmazione di area vasta , come ad esempio distretti socio - sanitari , consorzi evia dicendo , se l accorpamento di piccoli comuni si limita alla gestione associata dei loro servizi attraverso la costituzione di unioni di comuni , si rischia di creare una nuova sovrastruttura comunale , facendo ulteriormente lievitare il numero dei centri di costo inefficienti ."}
{"sentidx":161537,"lemma":"unione","token":"unioni","start":126,"end":132,"sent":"Questo vale perle vittime di reati el \u2019 ordine di protezione di costoro , vale per la questione dei regimi patrimoniali delle unioni registrate qualora questi regimi patrimoniali vengano richiesti nel nostro Paese Quindi si tratta di un punto , signor Presidente sul quale invito il Governo che per fortuna , oggi e presente in numero congruo \u2013 ed in particolare il Ministro Maroni anche se non sta ascoltando , a prendere una posizione anche nelle Commissioni di merito e nella Commissione politiche dell \u2019 Unione europea , in seno alla quale abbiamo sollevato da mesi tale questione che si riproduce e che esporra , prima o poi l Italia a rischi di condanna da parte della Corte di giustizia ."}
{"sentidx":238173,"lemma":"unione","token":"unione","start":112,"end":118,"sent":"Serve una Banca Centrale Europea che possa ridurre il tasso di interesse e perche no , anche fare in modo che l unione bancaria sia a portata di mano nei tempi tecnici ."}
{"sentidx":86413,"lemma":"unione","token":"unione","start":107,"end":113,"sent":"Questo non significa semplicemente chiedere un aiuto agli altri Paesi significa ricordare a tutti che un \u2019 unione non e una sommatoria , tanto meno una mera sommatoria di politiche di bilancio restrittive ."}
{"sentidx":159518,"lemma":"unione","token":"unione","start":497,"end":503,"sent":"Introdurre un sistema fiscale federale in uno Stato centralista come il nostro significa sfasciare il Paese Per intenderci , in uno Stato federale non ci sono due Camere e mille parlamentari ; e sufficiente una sola Camera con molti meno parlamentari , perche lo Stato centrale e piu leggero e ha molte meno funzioni ( Applausi dei deputati del gruppo Unione di Centro In uno Stato federale non ci sono tutti i livelli di governo che ci sono in Italia circoscrizioni , comuni , comunita montane , unione dei comuni , province e regioni ) , ce ne sono semplicemente di meno ."}
{"sentidx":3404,"lemma":"unione","token":"unioni","start":165,"end":171,"sent":"L emendamento , quindi , declina anche in questo senso il riconoscimento di questa competenza alle regioni a fronte della determinazione dei principi generali sulle unioni dei comuni che e un compito statale ."}
{"sentidx":116128,"lemma":"unione","token":"unione","start":303,"end":309,"sent":"Evidenziato quindi , il fondamentale contributo fornito dal nostro Paese nella definizione dei Trattati in esame , che si configurano nel loro complesso come importanti meccanismi di equilibrio , ritiene sia stato avviato in sede comunitaria un percorso volto a perseguire lo sviluppo ed un \u2019 effettiva unione politica dell \u2019 Europa di carattere democratico ."}
{"sentidx":116377,"lemma":"unione","token":"unione","start":153,"end":159,"sent":"Avremmo infatti , accolto con maggiore favore un rafforzamento delle politiche di coesione europea attraverso provvedimenti che conducessero ad una vera unione politica del continente , con un ruolo maggiore del Parlamento europeo , con una comune politica fiscale e finanziaria , con obiettivi comuni per lo sviluppo economico , sociale e culturale dell \u2019 area monetaria ."}
{"sentidx":123170,"lemma":"unione","token":"unione","start":480,"end":486,"sent":"Certamente parlare di crisi economica mondiale e globale , nel momento in cui intendiamo prendere oggi decisioni e rispetto anche ai momenti di prospettiva che ci attendono , non puo evitare l idea di doverci confrontare con i mercati asiatici e con gli Stati Uniti Cio che abbiamo sempre inteso fare nel corso dei momenti precedenti all \u2019 attuale Governo e stato pensare che la nostra diventi comunque una scelta comune e condivisa , laddove l Unione europea non e soltanto un \u2019 unione della moneta odei mercati finanziari , ma deve anche raggiungere un traguardo che noi riteniamo importante , che e quello di un \u2019 azione politica condivisa , e laddove anche le misure riguardano la tassazione sulle transazioni finanziarie ."}
{"sentidx":116146,"lemma":"unione","token":"unione","start":58,"end":64,"sent":"Nel sottolineare inoltre la necessita di pervenire ad una unione di popoli e Stati europei , dichiara che il suo gruppo votera convintamente a favore dei tre disegni di legge in esame , la cui doverosa approvazione comportera sacrifici che , per non risultare vani , dovranno essere accompagnati , tra l altro , da misure per la crescita e dal cosiddetto scudo anti spread ."}
{"sentidx":8928,"lemma":"unione","token":"unioni","start":218,"end":224,"sent":"Signor Presidente intervengo solo per annunciare il voto favorevole della delegazione dei radicali alla mozione congiunta in esame , cogliendo l occasione per sottolineare comunque come la proposta di realizzazione di unioni di comuni potra si portare ad un risparmio , grazie alla centralizzazione di una serie di servizi , ma temo che questo rischi di essere soltanto una goccia nel mare ."}
{"sentidx":209992,"lemma":"unione","token":"unione","start":70,"end":76,"sent":"Quindi credo che su base volontaria si debba assolutamente favorire l unione di piu comuni nel bene degli amministrati , ma anche per dare delle strutture minimali che siano in grado di reggere dal punto di vista dell \u2019 organizzazione dei lavori ."}
{"sentidx":299285,"lemma":"unione","token":"unioni","start":122,"end":128,"sent":"Da quanto esposto , risulta evidente che , nella misura in cui la differenza sessuale viene considerata irrilevante nelle unioni sessuali e nella vita sociale e nella misura in cui si ritiene che la scelta sessuale dipenda dall \u2019 orientamento dell \u2019 individuo , ne risulta che siano equivalenti non solo omosessualita ed eterosessualita , ma anche tutte quelle forme richiamate dal relatore in cui si parla di incesto , di pedofilia , di poligamia , di poliandria , perche sono tutti orientamenti sessuali e quindi non si puo distinguere e non si puo dare per scontato il fatto che l orientamento sessuale sia solo di un tipo e non di altro ."}
{"sentidx":238081,"lemma":"unione","token":"unione","start":366,"end":372,"sent":"E paradossale , infatti , che Angela Merkel richiami sempre piu spesso le idee federaliste per poi nei fatti praticare una politica che ha reso sino ad ora impossibile il ricorso a nuovi strumenti comuni per far fronte all \u2019 urgenza , ma e altrettanto paradossale che il nuovo presidente francese Francois Hollande insista sull \u2019 emergenza , sulla crescita , sull \u2019 unione bancaria , sugli eurobond ( ea ragione ) rimandando pero ad un futuro eventuale ed incerto quella scelta federale che Parigi in passato ha sempre rifiutato e che oggi non puo piu essere rinviata ."}
{"sentidx":194143,"lemma":"unione","token":"unioni","start":326,"end":332,"sent":"Noi abbiamo bisogno non dei tagli lineari del Ministro Tremonti ma di ripensare integralmente l architettura dello Stato che abbiamo disegnato come lo Stato sotto casa , a modello di ufficio postale , dove tutto e vicino , con novemila comuni , nove livelli diversi di rappresentanza territoriale , i municipi , i comuni , le unioni di comuni , le comunita montane , le province , le regioni evia dicendo ."}
{"sentidx":82657,"lemma":"unione","token":"unioni","start":406,"end":412,"sent":"E urgente infatti ridurre la moltitudine di organismi ed enti strumentali \u2013 spesso organizzati nella forma delle societa partecipate dagli enti locali per erogare servizi pubblici di competenza comunale in violazione delle norme sulla concorrenza e sulla trasparenza \u2013 che sottraggono ruoli e competenze alle autonomie locali ; ed e altrettanto urgente incentivare le aggregazioni dei comuni attraverso le unioni ."}
{"sentidx":3374,"lemma":"unione","token":"unione","start":14,"end":20,"sent":"Procedere all unione dei comuni minori , e soprattutto all \u2019 esercizio in forma consortile delle funzioni dei comuni minori , e una riforma da lungo tempo attesa e assolutamente necessaria , e non sono in discussione ne il campanile , ne la fascia tricolore , ne la dignita municipale dei comuni minori , ma la ricerca di forme e di ambiti piu efficienti per l esercizio dei servizi e delle funzioni ."}
{"sentidx":86151,"lemma":"unione","token":"unione","start":368,"end":374,"sent":"Cio e possibile sfruttando pienamente le potenzialita del Trattato di Lisbona con una sempre piu stretta integrazione economica , con il completamento ela realizzazione di un vero mercato unico europeo , con il ricorso , in prospettiva , a nuovi strumenti di finanziamento come gli eurobond egli board bond Ma il senso della lungimiranza deve anche indurci verso un \u2019 unione federale ."}
{"sentidx":3446,"lemma":"unione","token":"unione","start":2,"end":8,"sent":"L unione e una forma complessa , vi e una duplicazione di organi , di assessorati , di organismi ; i comuni potrebbero scegliere , ad esempio , la convenzione , che e una funzione piu semplice , meno costosa evia dicendo ."}
{"sentidx":116479,"lemma":"unione","token":"unione","start":728,"end":734,"sent":"Oggi pero se non si va avanti speditamente , corriamo il rischio di mettere in discussione tutto , di alimentare pericolosi ritorni al passato , di dare voce a demagoghi e populisti , di far crescere nelle opinioni pubbliche dei nostri Paesi sentimenti anti - europei e di raffreddare anche quelli che hanno sempre creduto nell \u2019 Europa Per questo ce bisogno di iniziative politiche che rilancino il processo di integrazione , partendo dalla capacita di affrontare , non con spirito nazionalistico o con la preoccupazione principale rivolta agli appuntamenti elettorali interni , questa grave crisi finanziaria ed economica con rinnovato spirito europeista , animato da profonda solidarieta , che el \u2019 unico vero collante per l unione politica avanzata ."}
{"sentidx":299264,"lemma":"unione","token":"unioni","start":465,"end":471,"sent":"Di fatto , questo e un emendamento che chiarisce i destinatari \u2013 che sono tutti , cosi come definiti dall \u2019 emendamento riformulato \u2013 di una sorta di semplificazione di alcune procedure amministrative perche ci siamo resi conto che oggettivamente alcune di queste procedure erano troppo complesse per delle strutture comunali cosi piccole che hanno e che avranno sempre di piu un numero di dipendenti e di collaboratori ridotto e che spesso si dovranno unire nelle unioni dei comuni per far fronte alle loro deleghe ; cera dunque la necessita di una semplificazione ."}
{"sentidx":237922,"lemma":"unione","token":"unione","start":305,"end":311,"sent":"PdL Rilevato che cancellare i traguardi sinora raggiunti dall \u2019 Unione europea significherebbe condannare i cittadini europei all \u2019 irrilevanza nel mondo globalizzato , sottolinea la necessita di dare all \u2019 Europa maggiore forza politica e legittimazione democratica , auspicando la creazione di una vera unione bancaria dell \u2019 area euro che preveda la stabilizzazione del fondo per la soluzione delle crisi bancarie degli Stati nazionali ."}
{"sentidx":177538,"lemma":"unione","token":"unioni","start":61,"end":67,"sent":"E previsto un ampliamento anche obbligatorio del ruolo delle unioni nello stesso disegno di legge concernente la Carta delle autonomie ."}
{"sentidx":231510,"lemma":"unione","token":"unioni","start":992,"end":998,"sent":"Quella di oggi e infatti una tappa fondamentale di un percorso piu che cinquantennale che parte dai Trattati di Roma e attraversa l insieme degli altri accordi siglati tra gli Stati membri dell \u2019 Unione europea nelle successive e frequenti occasioni di allargamento , sino al recente Trattato di Roma che purtroppo non ha ottenuto la ratifica prevista , ed arriva oggi finalmente a questo Trattato siglato a Lisbona E certamente un fatto positivo , lo salutiamo con favore , e per questo votiamo a favore del disegno di legge di ratifica di questo Trattato ma certamente \u2013 signor Ministro vorrei che mi ascoltasse un attimo , se il sottosegretario Brancher lo consente \u2013 per la stragrande maggioranza dei cittadini italiani non ela stessa cosa parlare di persona o parlare di individuo , parlare di diritti dell \u2019 uomo e del cittadino o parlare soltanto dei diritti del cittadino , parlare di rispetto della vita o della famiglia anziche promuovere l eutanasia o esperimenti sugli embrioni o unioni diverse dalla famiglia ."}
