{"sentidx":26282,"lemma":"discriminazione","token":"discriminazioni","start":19,"end":34,"sent":"Cominciamo dalle ' discriminazioni italiane !"}
{"sentidx":84154,"lemma":"discriminazione","token":"discriminazione","start":7,"end":22,"sent":"Questa discriminazione va abolita ."}
{"sentidx":67971,"lemma":"discriminazione","token":"discriminazioni","start":259,"end":274,"sent":"Rispetto alla formulazione originaria , sono state individuate soluzioni che aumentano e rafforzano le garanzie per il contribuente , soprattutto delle posizioni marginali in relazione alle attivita economiche ed alle aree geografiche , evitando cosi inutili discriminazioni ."}
{"sentidx":107788,"lemma":"discriminazione","token":"discriminazione","start":58,"end":73,"sent":"L altro aspetto di tale emendamento e rappresentato dalla discriminazione che introduce rispetto ai soggetti privati ."}
{"sentidx":126847,"lemma":"discriminazione","token":"discriminazione","start":24,"end":39,"sent":"Si tratta quindi di una discriminazione abnorme e credo sarebbe ragionevole ridurre questa grande diversita ."}
{"sentidx":21346,"lemma":"discriminazione","token":"discriminazione","start":88,"end":103,"sent":"Se vogliamo considerare il provvedimento sotto un altro aspetto , appare chiarissima la discriminazione nei confronti di quanti prestano il servizio militare ."}
{"sentidx":126848,"lemma":"discriminazione","token":"discriminazione","start":11,"end":26,"sent":"La seconda discriminazione riguarda l obbligo della raccolta delle firme di sottoscrizione per quanto concerne le liste ."}
{"sentidx":26284,"lemma":"discriminazione","token":"discriminazioni","start":9,"end":24,"sent":"Anche le discriminazioni tra nord e"}
{"sentidx":84235,"lemma":"discriminazione","token":"discriminazioni","start":13,"end":28,"sent":"Si tratta di discriminazioni notevoli , di cui abbiamo sempre avuto consapevolezza ."}
{"sentidx":26013,"lemma":"discriminazione","token":"discriminazione","start":59,"end":74,"sent":"Vi e poi una mancata previsione di fattispecie concrete di discriminazione ."}
{"sentidx":20261,"lemma":"discriminazione","token":"discriminazione","start":41,"end":56,"sent":"Tale comportamento rappresenta una grave discriminazione nei confronti dei piccoli gruppi presenti in Parlamento Signor Presidente la prego di riferire questo mio rilievo al ministro del lavoro e della previdenza sociale , affinche in futuro vi sia eguale rispetto verso tutti i gruppi parlamentari ."}
{"sentidx":26030,"lemma":"discriminazione","token":"discriminazione","start":159,"end":174,"sent":"Ebbene il decreto - legge al nostro esame prende oggi in considerazione anche le discriminazioni per ragioni religiose , perche e apparso che atteggiamenti di discriminazione possono trarre origine anche da questo elemento di differenza ."}
{"sentidx":26030,"lemma":"discriminazione","token":"discriminazioni","start":81,"end":96,"sent":"Ebbene il decreto - legge al nostro esame prende oggi in considerazione anche le discriminazioni per ragioni religiose , perche e apparso che atteggiamenti di discriminazione possono trarre origine anche da questo elemento di differenza ."}
{"sentidx":132464,"lemma":"discriminazione","token":"discriminazioni","start":49,"end":64,"sent":"Volete fare diventare regole sociali e civili le discriminazioni insite nell ' economia ."}
{"sentidx":111747,"lemma":"discriminazione","token":"discriminazioni","start":27,"end":42,"sent":"In tal modo si determinano discriminazioni e soprattutto si creano disagi senza motivo ."}
{"sentidx":102822,"lemma":"discriminazione","token":"discriminazioni","start":146,"end":161,"sent":"H nostro obiettivo , dunque , e quello di introdurre criteri omogenei , in modo da evitare situazioni tra loro differenti che possono determinare discriminazioni , proprio perche questioni analoghe vengono affrontate in maniera difforme ."}
{"sentidx":17937,"lemma":"discriminazione","token":"discriminazione","start":82,"end":97,"sent":"C erada garantire il voto degli italiani all ' estero , per sanare finalmente una discriminazione particolarmente dolorosa nei confronti di nostri concittadini la cui attivita e per certi aspetti meritoria verso il paese e che per ragioni diverse non avevano potuto veder riconosciuto questo loro fondamentale diritto ."}
{"sentidx":9984,"lemma":"discriminazione","token":"discriminazione","start":29,"end":44,"sent":"In questo si e ravvisata una discriminazione ed una violazione del dovere di imparzialita dei servizi di informazione ."}
{"sentidx":110355,"lemma":"discriminazione","token":"discriminazioni","start":29,"end":44,"sent":"Non vi devono essere neppure discriminazioni tra gruppo e gruppo ."}
{"sentidx":32592,"lemma":"discriminazione","token":"discriminazione","start":40,"end":55,"sent":"Parlare a questo riguardo , quindi , di discriminazione di trattamento fra i parlamentari egli altri cittadini mi pare assolutamente fuori luogo ."}
{"sentidx":106059,"lemma":"discriminazione","token":"discriminazioni","start":223,"end":238,"sent":"Concludo signor Presidente Occorre uscire al piu presto dalle secche in cui ci troviamo , ponendosi di fronte alle attivita professionali , sociali e politiche delle persone con spirito equanime , liberi da pregiudizi e da discriminazioni ."}
{"sentidx":18746,"lemma":"discriminazione","token":"discriminazione","start":156,"end":171,"sent":"Subire fingere che tutto cambi perche poi alla Rai tutto rimanga come prima in termini di informazione , di pluralismo , di dissipazione delle risorse , di discriminazione partitocratica ."}
{"sentidx":151668,"lemma":"discriminazione","token":"discriminazione","start":56,"end":71,"sent":"E il pensiero moderno che considera il principio di non discriminazione come bussola decisiva nella costruzione dei rapporti interni ed internazionali Quanta strada e ancora da fare , ma quanta e gia stata compiuta !"}
{"sentidx":26016,"lemma":"discriminazione","token":"discriminazione","start":124,"end":139,"sent":"Le legislazioni antirazziste dei paesi europei si preoccupano invece di cominciare gia da qui e di prevedere fattispecie di discriminazione attuate da parte di pubblici ufficiali , da parte di incaricati di pubblico servizio , da parte di esercenti di arti o professioni ."}
{"sentidx":18753,"lemma":"discriminazione","token":"discriminazione","start":63,"end":78,"sent":"Non solo ma se continuerete ad attuare una persecuzione ed una discriminazione nei nostri confronti , cio non fara altro che attirare nuovi consensi in termini di opinione pubblica !"}
{"sentidx":118299,"lemma":"discriminazione","token":"discriminazione","start":59,"end":74,"sent":"Gia oggi non vie ragione alcuna che possa giustificare una discriminazione tra le imprese straniere , che possono liberamente partecipare alle gare , e quelle italiane , strette dal vincolo corporativo dell ' iscrizione all ' albo dei costruttori ."}
{"sentidx":76072,"lemma":"discriminazione","token":"discriminazioni","start":148,"end":163,"sent":"Far permanere l equivoco , sullo sfondo di una pretesa mutazione e sostanzialmente , lasciare le cose inalterate o peggio ancora , creare ulteriori discriminazioni ( perche di questo si trattera sicuramente ! )"}
{"sentidx":66380,"lemma":"discriminazione","token":"discriminazione","start":139,"end":154,"sent":"L intervento delle forze del l ordine ha gia palesato efficacia nel qu ad ro della prevenzione degli effetti del moltiplicarsi di fatti di discriminazione razziale , etnica e religiosa ."}
{"sentidx":149886,"lemma":"discriminazione","token":"discriminazioni","start":192,"end":207,"sent":"Si sta svolgendo in questa sede un dibattito sulla questione morale ; la RAI e al centro della questione stessa per la disinformazione , i tentativi di distorsione della volonta popolare e le discriminazioni ."}
{"sentidx":23746,"lemma":"discriminazione","token":"discriminazioni","start":36,"end":51,"sent":"Sappiamo che il condono crea inique discriminazioni tra i contribuenti e di fatto , rappresenta un premio per gli evasori ."}
{"sentidx":26168,"lemma":"discriminazione","token":"discriminazione","start":161,"end":176,"sent":"Il nostro gruppo ha votato contro il riconoscimento dei requisiti costituzionali di questo testo perche ci sembrava davvero stravagante che misure in materia di discriminazione razziale etnica o religiosa potessero essere ritenute urgenti in relazione alla situazione del nostro paese ."}
{"sentidx":118936,"lemma":"discriminazione","token":"discriminazioni","start":362,"end":377,"sent":"Un altro punto qualificante ela parificazione della durata del servizio civile a quella del servizio in armi , compresa la pur necessaria parte formativa ed operativa E altresi qualificante la necessita di inquadrare l obiettore sotto il profilo penale , disciplinare e amministrativo secondo modalita specifiche e non di carattere militare , che non comportino discriminazioni nei confronti dei giovani che svolgono il servizio armato ."}
{"sentidx":104854,"lemma":"discriminazione","token":"discriminazioni","start":259,"end":274,"sent":"Vi e tale problema e non so indicare soluzioni diverse rispetto a quelle del Governo Sono state raggiunte delle intese tra il Governo e le parti sociali , quindi questa soluzione non scende dal cielo per volonta del Governo o perche si tende ad operare delle discriminazioni ; sono le organizzazioni sindacali e le parti interessate ad aver indicato questo canale per rispondere a dei problemi oggettivi ."}
{"sentidx":119296,"lemma":"discriminazione","token":"discriminazione","start":213,"end":228,"sent":"Parlando di obiezione di coscienza , e bene non limitarsi solo all ' obiezione al servizio militare , ma ricordare i precedenti di obiezione che sono gia compresi nel nostro ordinamento , per non incorrere in una discriminazione nei confronti dell ' obiezione al servizio militare ."}
{"sentidx":126853,"lemma":"discriminazione","token":"discriminazione","start":9,"end":24,"sent":"La terza discriminazione ea mio avviso , senza dubbio la piu grave ed e quella che privilegia politicamente , in contrasto con il rapporto numerico , il voto di lista rispetto alle candidature uninominali ."}
{"sentidx":115905,"lemma":"discriminazione","token":"discriminazione","start":35,"end":50,"sent":"Assisteremo in definitiva , ad una discriminazione e ad un diverso trattamento tra le regioni , fenomeno che peraltro gia esiste : il trattamento dei cittadini in Calabria ad esempio , e molto diverso da quello riservato alla popolazione dell ' Emilia Con il disegno di legge in esame tale condizione e addirittura resa possibile sotto il profilo legale ."}
{"sentidx":136622,"lemma":"discriminazione","token":"discriminazioni","start":356,"end":371,"sent":"Signori ministri della Repubblica a nome dei deputati socialisti di tutte le confessioni , voteremo a favore della conversione in legge di questo decreto - legge per una ragione : perche ci rendiamo conto che per la prima volta si afferma il principio che alcune delle massime autorita istituzionali creano condizioni di disuguaglianza ed effettuano delle discriminazioni , commettono delle illegalita e ci propongono di riparare in parte alle illegalita che hanno commesso unicamente perche vi era la pressione di Scalfari su Scalfaro in modo che nessuno sia libero di decidere ."}
{"sentidx":7592,"lemma":"discriminazione","token":"discriminazione","start":157,"end":172,"sent":"Signor Presidente onorevoli colleghi , sul merito di questo provvedimento possiamo essere ragionevolmente d accordo , pur in presenza di una non accettabile discriminazione fra i prodotti importati da paesi della Comunita europea e quelli provenienti da paesi extracomunitari : non vediamo , infatti , perche debba essere favorita l importazione da paesi non membri della Comunita europea ."}
{"sentidx":39024,"lemma":"discriminazione","token":"discriminazione","start":474,"end":489,"sent":"Debbo inoltre dare atto alla collega Rinaldi del modo positivo in cui la nostra iniziativa ha trovato una convergenza ed ha trovato ascolto da parte dei relatori , dei colleghi della maggioranza e per alcuni versi , anche da parte del Governo Questi aspetti positivi , signor Presidente sono rappresentati in primo luogo dall ' inserimento ( forse pleonastico , ma in casi di guerra etnica travicello traversare quam adducere dell esplicito richiamo al rifiuto di qualunque discriminazione di qualsiasi tipo , ma in particolare di carattere etnico o religioso : in Europa alle soglie del duemila , ci si ammazza , si fa strage per ragioni etniche o religiose , come se fossimo tornati indietro di decenni o addirittura di secoli !"}
{"sentidx":140252,"lemma":"discriminazione","token":"discriminazione","start":66,"end":81,"sent":"Certo onorevole Zanone la Costituzione parla di eguaglianza senza discriminazione di sesso , ma non si puo affermare questo non ricordando come la discriminazione sia un elemento costitutivo di tutte le istanze politiche e delle assemblee pubbliche : basta tener conto del numero di donne presenti in quest ' Assemblea o nelle istituzioni locali in rapporto alla presenza maschile per comprendere come la Costituzione materiale sia basata su qualcosa che la Carta costituzionale nega e che in tutti questi anni non si e riusciti a realizzare pienamente ."}
{"sentidx":140252,"lemma":"discriminazione","token":"discriminazione","start":147,"end":162,"sent":"Certo onorevole Zanone la Costituzione parla di eguaglianza senza discriminazione di sesso , ma non si puo affermare questo non ricordando come la discriminazione sia un elemento costitutivo di tutte le istanze politiche e delle assemblee pubbliche : basta tener conto del numero di donne presenti in quest ' Assemblea o nelle istituzioni locali in rapporto alla presenza maschile per comprendere come la Costituzione materiale sia basata su qualcosa che la Carta costituzionale nega e che in tutti questi anni non si e riusciti a realizzare pienamente ."}
{"sentidx":145639,"lemma":"discriminazione","token":"discriminazione","start":162,"end":177,"sent":"Ed il mio partito non ha mai fatto delle divergenze di opinione , anche di quelle piu radicali nei confronti della propria storia e dei propri uomini , motivi di discriminazione in ordine all ' esercizio della funzione parlamentare ."}
{"sentidx":38915,"lemma":"discriminazione","token":"discriminazione","start":76,"end":91,"sent":"Come voi sapete questa e una materia vasta caratterizzata da abbandono , da discriminazione , da misconoscimenti nei confronti di questi nostri connazionali che hanno operato in modo prestigioso sopportando immensi sacrifici nei periodi piu difficili anche della nostra storia ."}
{"sentidx":136284,"lemma":"discriminazione","token":"discriminazioni","start":160,"end":175,"sent":"Il problema e quello della Fininvest Vergognatevi il problema e di quella RAI TV senza la quale regime non ci sarebbe stato , l ammiraglia , la corazzata delle discriminazioni ."}
{"sentidx":26248,"lemma":"discriminazione","token":"discriminazione","start":45,"end":60,"sent":"Mi domando se non sia necessario valutare la discriminazione tra i casi di semplice affermazione di un pensiero odi semplice esternazione di un sentimento che riguarda il foro interno delle persone ( e in base a cio non potremmo naturalmente contestare a Caradonna la sua idea ela sua ricostruzione , perche nell ' ambito di una sua valutazione interiore ) ed i casi di esteriorizzazione dei comportamenti , che sono poi l elemento del diritto penale e quindi , della norma penale ."}
{"sentidx":76708,"lemma":"discriminazione","token":"discriminazione","start":107,"end":122,"sent":"E io mi meraviglio che qualcuno abbia la faccia tosta e il coraggio di chiedere un foro privilegiato , una discriminazione a favore di chi , invece , dovrebbe avere una responsabilita maggiore ."}
{"sentidx":38647,"lemma":"discriminazione","token":"discriminazione","start":9,"end":24,"sent":"Questa e discriminazione bella e buona e noi lottiamo contro di essa !"}
{"sentidx":40888,"lemma":"discriminazione","token":"discriminazione","start":240,"end":255,"sent":"E ritengo sia necessario farlo per rispondere ad una richiesta di giustizia e di perequazione anche perche , nel frattempo , e intervenuto un parere sul decreto legislativo concernente il pubblico impiego che porrebbe in essere una pesante discriminazione proprio tra parlamentari ."}
{"sentidx":73081,"lemma":"discriminazione","token":"discriminazione","start":109,"end":124,"sent":"Facendo valere l immunita parlamentare per l arresto nei confronti dei parlamentari coinvolti opereremmo ima discriminazione Si tratta di un argomento molto serio che mi ha fatto molto riflettere prima di pronunciare queste mie parole ."}
{"sentidx":60391,"lemma":"discriminazione","token":"discriminazione","start":31,"end":46,"sent":"Evidentemente non si tratta di discriminazione ; tale puo chiamarsi , caso mai , quella in base alla quale si applica a tutti la stessa norma quando le condizioni sono invece diverse ."}
{"sentidx":3745,"lemma":"discriminazione","token":"discriminazione","start":25,"end":40,"sent":"Ecco la grande e pesante discriminazione , signor Presidente mentre la RAI paga in Italia i diritti d autore per far vedere i programmi agli italiani sul territorio nazionale , non li paga per far vedere i programmi agli italiani che sono all ' estero ."}
{"sentidx":17057,"lemma":"discriminazione","token":"discriminazione","start":51,"end":66,"sent":"Non credo sia questo il punto che deve operare una discriminazione , ma se e cosi viva la discriminazione !"}
{"sentidx":17057,"lemma":"discriminazione","token":"discriminazione","start":90,"end":105,"sent":"Non credo sia questo il punto che deve operare una discriminazione , ma se e cosi viva la discriminazione !"}
{"sentidx":58235,"lemma":"discriminazione","token":"discriminazioni","start":293,"end":308,"sent":"( Applausi del deputato Tassi Desidero dunque , intervenire per testimoniare una vicenda personale , ma anche di un movimento politico , vissuta in quest ' aula e nelle piazze , durante questo interminabile dopoguerra , in uno scenario politico caratterizzato da incomprensioni , ostracismi , discriminazioni , persecuzioni che hanno lasciato il segno nel corso del tempo : un segno nelle persone , nelle famiglie , dovunque ."}
{"sentidx":75912,"lemma":"discriminazione","token":"discriminazione","start":225,"end":240,"sent":"Si tratterebbe infatti di una soluzione , piu efficace e seria , per garantire me stesso ed i colleghi rispetto ad iniziative che davvero potrebbero pregiudicare ed orientare la politica , evitando di stabilire un sistema di discriminazione nei confronti degli altri cittadini ."}
{"sentidx":26031,"lemma":"discriminazione","token":"discriminazioni","start":22,"end":37,"sent":"Restano pero fuori le discriminazioni o gli incitamenti alla violenza nei confronti di gruppi identificati e stigmatizzati per differenze diverse da quelle derivanti da ragioni nazionali , razziali , etniche , religiose ."}
{"sentidx":136754,"lemma":"discriminazione","token":"discriminazione","start":47,"end":62,"sent":"Diversamente si potrebbe configurare una forte discriminazione tra i vari soggetti che , essendo stati tutti compresi nel provvedimento , devono necessariamente godere di pari condizioni ."}
{"sentidx":143641,"lemma":"discriminazione","token":"discriminazione","start":96,"end":111,"sent":"Lo h ad inanzi rato assai egregiamente l onorevole Zanone abbiamo in t rodo to un elem en to di discriminazione a favore dell ' obiettore di coscienza , al quale lo Stato consenti radi scegliere liberamente co me e con chi andare a svolgere il servizio sostitutivo ."}
{"sentidx":70683,"lemma":"discriminazione","token":"discriminazioni","start":506,"end":521,"sent":"Questo Parlamento trattato costantemente con la stessa feroce e plebea vilta di un quarto potere ( il regime , durante il trentennio del regime che ha cercato di criminalizzare il Parlamento non merita assolutamente di essere considerato come un Parlamento Ha fatto errori enormi : io personalmente ne sono stato ene sono disperato , ma in termini di decoro e di dignita , dinanzi al quarto e al terzo potere , noi abbiamo il diritto , colleghi , di rivendicare serenamente pari dignita e di non accettare discriminazioni ."}
{"sentidx":102009,"lemma":"discriminazione","token":"discriminazione","start":44,"end":59,"sent":"Io sono convinta che , se non si rimuove la discriminazione nei loro confronti , si rinuncia ad un enorme potenziale per il nostro paese : si rinuncia ad aprire le porte affinche entri il vento fresco della parita tra u o mo e donna , per superare le degenerazioni di un sistema asfittico e partitocratico ."}
{"sentidx":28726,"lemma":"discriminazione","token":"discriminazioni","start":71,"end":86,"sent":"Le luci l obiezione diviene diritto soggettivo , si eliminano le tante discriminazioni fatte nei confronti dei giovani obiettori ed inventate in questi vent anni con una meticolosita a dir poco perversa , dalla direzione generale della leva ."}
{"sentidx":46480,"lemma":"discriminazione","token":"discriminazione","start":82,"end":97,"sent":"Allora si attraverso l apparenza generale della norma , si opera un intervento di discriminazione ed e per questa ragione , lo ripeto , che solleviamo determinate riserve : non perche vogliamo una vendetta che si sostituisca alla giustizia , ne tanto meno che le garanzie costituzionali , del codice penale e del codice di procedura penale non valgano , come talvolta e avvenuto per determinati reati e per determinate categorie di rei , odi supposti tali , ad esempio , con alcune leggi eccezionali ."}
{"sentidx":6663,"lemma":"discriminazione","token":"discriminazioni","start":228,"end":243,"sent":"Essi chiedevano l equiparazione agli ispettori della polizia di Stato do po che pe r dieci anni l amministrazione t razione dello Stato aveva volutamente ignorato questo grave p rob lema che aveva crea to enormi sperequazioni , discriminazioni e contrasti t r ai sottufficiali della polizia di Stato del l arma dei carabinieri e delle forze dell ' ordine in genere ."}
{"sentidx":115901,"lemma":"discriminazione","token":"discriminazione","start":33,"end":48,"sent":"H provvedimento introduce questa discriminazione nel momento in cui prevede che il disavanzo di gestione potra permettere un aumento del 7 per cento della contribuzione nel settore della sanita ."}
{"sentidx":66740,"lemma":"discriminazione","token":"discriminazioni","start":76,"end":91,"sent":"Non si tratta di dare fondi a pioggia , ma non si tratta neppure di operare discriminazioni cosi macroscopiche e violente nei confronti di una categoria pesantemente penalizzata e che il presente decreto , per il modo in cui e stato concepito , in maniera caotica e vergognosa , vuole continuare a penalizzare ( Applausi dei deputati dei gruppi repubblicano e del MSI destra nazionale ) ."}
{"sentidx":97803,"lemma":"discriminazione","token":"discriminazione","start":177,"end":192,"sent":"Non abbiamo bisogno di mostri odi capri espiatori ; su questo punto sono totalmente d accordo con il collega Melillo Non credo , pero , che qui si voglia attuare nessuna odiosa discriminazione , ne cercare qualche vittima sacrificale , ne che si voglia la giustizia della piazza od il rogo purificatore ( cito le parole del collega Melillo In questa sede ognuno di noi vuole contribuire a che sia fatta giustizia nelle forme enei luoghi a cio destinati ."}
{"sentidx":80768,"lemma":"discriminazione","token":"discriminazioni","start":137,"end":152,"sent":"S iamo per odi fronte a piu provvedimenti del Governo che stabiliscono discipline differenti con rifer en to a settori diversi , creando discriminazioni incomprensibili ."}
{"sentidx":140264,"lemma":"discriminazione","token":"discriminazioni","start":19,"end":34,"sent":"Non ritengo che le discriminazioni ole manifestazioni di violenza nei confronti di settori della societa possano essere tutte risolte in termini di leggi e di istituzioni ."}
{"sentidx":26268,"lemma":"discriminazione","token":"discriminazione","start":299,"end":314,"sent":"Ne parlavamo prima , ne abbiamo discusso , vi ritornera un altro collega con maggiore competenza : mi riferisco al sequestro , alla confisca dell ' immobile nel quale siano reperite armi che possano servire oche siano destinate all ' uso da parte dell ' associazione che discrimina oche incita alla discriminazione ."}
{"sentidx":113013,"lemma":"discriminazione","token":"discriminazioni","start":279,"end":294,"sent":"H gruppo repubblicano , quindi , manifesta il suo profondo disagio nei confronti delle norme di delega , che non ritiene ne sufficienti , ne soprattutto risolutive dei problemi del pubblico impiego , e che reputa oltremodo penalizzanti per il settore e di portata tale da creare discriminazioni all ' interno di esso ."}
{"sentidx":28748,"lemma":"discriminazione","token":"discriminazione","start":53,"end":68,"sent":"Non ci puo piu dunque , essere legittimamente alcuna discriminazione nei suoi confronti , nessun intervento punitivo , nessuna considerazione riduttiva della sua scelta ."}
{"sentidx":20895,"lemma":"discriminazione","token":"discriminazioni","start":52,"end":67,"sent":"Se accettassimo questa disposizione , faremmo delle discriminazioni in merito al principio fondamentale dell ' erogazione di acqua gia in condizioni di potabilita , principio sulla base del quale , in caso di mancato rispetto di determinati parametri , vengono assunti provvedimenti disciplinari a livello amministrativo ."}
{"sentidx":70416,"lemma":"discriminazione","token":"discriminazione","start":708,"end":723,"sent":"Onorevole ministro , anch iole sono grato per la sensibilita ela disponibilita dimostrate in questa circostanza nei confronti del Parlamento per aver consentito con la sua presenza l apertura di un confronto pubblico su una questione complessa e grave quale e ormai da tempo 10 sfascio ela liquidazione della Federconsorzi Tanto piu cio per noie importante perche in quest ' anno e mezzo che ci divide dal commissariamento della Federconsorzi 11 Governo quasi a stendere un velo , che non so se sia meglio definire pietoso od omertoso , sul fallimento di una politica e di un sistema di potere di stretta marca democristiana , che ha tentato di dominare per oltre cinquant anni le campagne con i segni della discriminazione politica ed economica , tanto da configurare una vera e propria questione morale \u2014 ha evitato di presentarsi al confronto ."}
{"sentidx":6669,"lemma":"discriminazione","token":"discriminazioni","start":46,"end":61,"sent":"Onorevoli colleghi , in tal mo do si c r eano discriminazioni e contrasti t r ad ue categorie por tanti delle forze armate !"}
{"sentidx":129559,"lemma":"discriminazione","token":"discriminazione","start":52,"end":67,"sent":"Ritengo che in questo modo si stabilisca una doppia discriminazione nei confronti delle regioni a statuto speciale , che il mio gruppo giudica intollerabile ."}
{"sentidx":89044,"lemma":"discriminazione","token":"discriminazione","start":48,"end":63,"sent":"Cosi in quest ' aula , in un clima maledetto di discriminazione nei confronti del Movimento sociale italiano , per gli addebiti che trame e manovre maledette indirizzavano nei nostri confronti ( ci si imputava addirittura la responsabilita di sanguinosi delitti ) , fu concessa l autorizzazione a procedere per diffamazione a mezzo stampa , cio dimostrava ancora meglio con quale spirito settario venissero espressi i voti proprio nelle stesse sedute in cui veniva concessa l autorizzazione a procedere nei confronti dell ' onorevole Zanfagna per un reato che allora veniva ritenuto di pura opinione ( diffamazione a mezzo stampa , appunto ) , la stessa autorizzazione veniva negata per omicidi colposi , cioe per fatti di mera colpa , che in quanto tali a mio parere dovrebbero essere esclusi dalla richiesta di autorizzazione a procedere ."}
{"sentidx":33568,"lemma":"discriminazione","token":"discriminazioni","start":84,"end":99,"sent":"Dobbiamo tentare di inviare un messaggio diverso : e inammissibile un aumento delle discriminazioni gia esistenti nel mondo del lavoro , oggi interamente coinvolto in processi di ristrutturazione In proposito , alcuni emendamenti migliorativi del testo \u2014 per quanto ci riguarda certamente omogenei alla materia in discussione \u2014 hanno fatto registrare segnali di difficolta in Commissione anche in sede di Comitato ristretto ."}
{"sentidx":84234,"lemma":"discriminazione","token":"discriminazioni","start":21,"end":36,"sent":"Ad esempio , vi sono discriminazioni fra imprese di pari dimensione aziendale e di uguale reddito che subiscono un trattamento diverso : le societa di capitali sono esenti , quelle di persone devono pagare ."}
{"sentidx":134509,"lemma":"discriminazione","token":"discriminazione","start":110,"end":125,"sent":"La lega no r d ha risposto in mo do chiaro al paese , dicendo che era pe r la totale abrogazione di qualsiasi discriminazione ."}
{"sentidx":26265,"lemma":"discriminazione","token":"discriminazione","start":361,"end":376,"sent":"In secondo luogo , per quanto riguarda l esasperazione dei criteri delle misure preventive e delle interpretazioni di queste ultime , i paragoni con altre forme di misure preventive mi sembrano eccessivi , perche la premessa di questo mio breve intervento non era solo formale : bisogna e distinguere cioe la manifestazione dell ' incitamento all ' odio o alla discriminazione razziale dovuta piu ad un fatto \u2014 vorrei dire \u2014 di ostentazione ideologica , di esuberante folclore giovanile , da quello che riguarda la coscienza nel senso del dolo e del dolo intenso per tale partecipazione ."}
{"sentidx":146472,"lemma":"discriminazione","token":"discriminazione","start":21,"end":36,"sent":"Questa ci sembra una discriminazione plateale ed e in ragione della stessa che raccomandiamo all ' Assemblea di approvare il nostro emendamento ."}
{"sentidx":97658,"lemma":"discriminazione","token":"discriminazione","start":182,"end":197,"sent":"Sarebbe infatti veramente grave e incomprensibile se la Camera in pochi giorni adottasse decisioni diametralmente opposte , ingenerando il sospetto di un ' odiosa e ingiustificabile discriminazione , di un intento punitivo e persecutorio , quasi a immolare una vittima sacrificale ."}
{"sentidx":26343,"lemma":"discriminazione","token":"discriminazione","start":397,"end":412,"sent":"Credo in conclusione , che il confronto sara ancora lungo in Comitato dei nove ed in Assemblea Intendo tuttavia chiarire ufficialmente , a nome del gruppo del MSIdestra nazionale ( per il quale intervengo , cosi come ha fatto il collega Caradonna che non abbiamo alcun atteggiamento preconcetto nei confronti di una legge che voglia rivisitare la normativa del 1975 per colpire qualunque forma di discriminazione razziale o incitamento all ' odio fra le etnie , le religioni e le razze ."}
{"sentidx":132462,"lemma":"discriminazione","token":"discriminazioni","start":95,"end":110,"sent":"Voi cambiate quello che sembrava il cri terio stesso della democrazia : supera re o ridurre le discriminazioni sociali insite nel l economia , de te ludente pari ta di condizioni sociali e civili nella piu ampia mi su ra possibile ."}
{"sentidx":106045,"lemma":"discriminazione","token":"discriminazione","start":63,"end":78,"sent":"C e di piu una risposta di questo tipo al problema serio della discriminazione nei confronti delle donne , essendo sbagliata preclude , mettendo a posto la coscienza , la ricerca di soluzioni serie , quindi aggiunge danno a danno ."}
{"sentidx":26280,"lemma":"discriminazione","token":"discriminazioni","start":291,"end":306,"sent":"Ricordo all Assemblea chela Commissione cultura , nell ' esprimere parere favorevole , ha raccomandato che in sede di educazione scolastica e in genere , di educazione culturale dei giovani si sviluppino con maggiore attenzione tutte le idee atte ad evitare la disc i inazione razziale e le discriminazioni di ogni genere ."}
{"sentidx":126846,"lemma":"discriminazione","token":"discriminazione","start":471,"end":486,"sent":"Il secondo gruppo di emendamenti che presentero sono volti invece a rimuovere una serie di clausole privilegiate , almeno tre discriminazioni , a mio avviso inopportune , presenti nel testo varato dalla Commissione La prima deriva dalla sproporzione demografica delle circoscrizioni quali risultano dalla tabella allegata al testo ; assumendo come criterio che ogni regione sia di per se una circoscrizione , salvo spaccare quelle piu popolate , si determina un ' enorme discriminazione che , per le regioni a statuto ordinario , va da 4 a 44 quozienti ."}
{"sentidx":126846,"lemma":"discriminazione","token":"discriminazioni","start":126,"end":141,"sent":"Il secondo gruppo di emendamenti che presentero sono volti invece a rimuovere una serie di clausole privilegiate , almeno tre discriminazioni , a mio avviso inopportune , presenti nel testo varato dalla Commissione La prima deriva dalla sproporzione demografica delle circoscrizioni quali risultano dalla tabella allegata al testo ; assumendo come criterio che ogni regione sia di per se una circoscrizione , salvo spaccare quelle piu popolate , si determina un ' enorme discriminazione che , per le regioni a statuto ordinario , va da 4 a 44 quozienti ."}
{"sentidx":56779,"lemma":"discriminazione","token":"discriminazione","start":38,"end":53,"sent":"Palesemente pero e stata compiuta una discriminazione ed una parzialita ai danni di queste ultime , dei loro assicurati , dei sinistrati e del personale dipendente , in quanto si sarebbe potuto attendere , prima di tale drastica ed ultimativa decisione , l adozione dell ' eventuale provvedimento che e auspicato per il salvataggio della stessa Tirrena mache , per quanto ci e dato sapere , non si e ancora visto ."}
{"sentidx":20506,"lemma":"discriminazione","token":"discriminazione","start":133,"end":148,"sent":"Anche il gruppo di rifondazione comunista intende precisare che votera a favore dell ' ordine del giorno , ma non con motivazioni di discriminazione separatistica nei confronti delle popolazioni della Sicilia o delle aree ad alta densita mafiosa , aree che tra l altro geograficamente non sono piu condonabili nel territorio della Sicilia ma purtroppo risultano estese ampiamente nel territorio nazionale , come dimostrano le recenti vicende del Veneto e della Lombardia Noi voteremo a favore perche siamo contrari al confino , alla misura del soggiorno obbligato che , co me veniva ricordato prima , e retaggio del vecchio Stato monarchico e non ha alcuna reale efficacia nella prevenzione del crimine ."}
{"sentidx":58253,"lemma":"discriminazione","token":"discriminazioni","start":124,"end":139,"sent":"Determinati centri politici \u2014 del tutto al di fuori della storia e delle vicende politiche italiane \u2014 riprendono le vecchie discriminazioni nei confronti del Movimento sociale italiano e di Alleanza nazionale , vale adire verso i nuovi fermenti esistenti nella societa , i quali non si riconoscono nei partiti politici tradizionali , quale che sia il maquillage con cui essi si presentano al corpo elettorale ."}
{"sentidx":108177,"lemma":"discriminazione","token":"discriminazione","start":193,"end":208,"sent":"Cio sta gia accadendo in molti comuni , dove le tariffe pe r le sale sono talmente alte che pu r essendo , in teoria , a disposizione di tu t tele forze politiche , at tribuita di fatto , un a discriminazione gravissima A seguito delle considerazioni svolte , invito quindi il re latore a r i tirare il lentate en to della Commissione in caso cont rar io vote remo contro , auspicando che l Assemblea lo respinga ."}
{"sentidx":151716,"lemma":"discriminazione","token":"discriminazione","start":94,"end":109,"sent":"Non mi soffermo su questo aspetto perche ho detto che , secondo me , il dato decisivo ela non discriminazione sull ' intero arco della vita umana ed il rifiuto di ogni sperimentazione sull ' embrione umano ."}
{"sentidx":146470,"lemma":"discriminazione","token":"discriminazioni","start":63,"end":78,"sent":"Signor Presidente con l articolo 2 si innesca un meccanismo di discriminazioni tra i produttori poiche si fa esplicito riferimento ai produttori associati e nona quanti gestiscono la produzione individualmente ."}
{"sentidx":139442,"lemma":"discriminazione","token":"discriminazioni","start":167,"end":182,"sent":"Cred iamo si de b ba po r ta re ad un ita tu t ta la normativa , ce r cano di es tendere le previsione con tenute nel provvedimento in discussione a tu t te le al tre discriminazioni ricordate ."}
{"sentidx":116530,"lemma":"discriminazione","token":"discriminazioni","start":283,"end":298,"sent":"Vi sono pertanto ragioni ideologiche , di principio e di carattere , ragioni che qualcuno potrebbe definire rozze e che invece sono quelle dell ' uomo della strada , le quali ci inducono a ritenere , di fronte alla legge che impone il servizio militare , che non si debbano compiere discriminazioni tra chi lo deve fare echi puo farlo ."}
{"sentidx":26298,"lemma":"discriminazione","token":"discriminazioni","start":178,"end":193,"sent":"Daremo dunque il nostro contributo perche si abbia una legge dello Stato non eccessivamente repressiva ne , a sua volta , discriminatoria , perche sarebbe un paradosso punire le discriminazioni attraverso una legge estremamente discriminatrice ( Applausi dei deputati del gruppo liberale \u2014"}
{"sentidx":143640,"lemma":"discriminazione","token":"discriminazione","start":344,"end":359,"sent":"Per quanto l Assemblea sia sovrana epe r qu a n t o ormai sia abituata a votare secondo le indicazioni del pollice di chi siede sul tavolo dei relatori , ad un residuo di fiducia e di speranza che essa voglia r riappropriarsi i della propria sovranita affidiamo l invito a riflettere ser amente sull articolo 4 Esso in t introduce un a g rande discriminazione , onorevole Presidente fra chi si appresta a svolgere il servizio mili tare con un a divisa \u2014 a costui la legge g ius amente riserva il dovere di essere affidato a gerarchie che decidono del suo dest ino operativo , sicche il giovane ancora nut r ito di un a fede patriottica ver rag ius amente consegnato al cri terio libero del l autori ta mili tare di essere destina to a questo o quel reparto , in questa o in quell ' al tra par te d I italia egli obiettori di coscienza , dei quali no n si consente che lo Stato decida indiscriminatamente l impiego ."}
{"sentidx":151744,"lemma":"discriminazione","token":"discriminazione","start":247,"end":262,"sent":"Ma oggi tutto e crollato ed il rischio e che possano affermarsi regole individualistiche , le cosiddette regole di mercato , ad ogni modo regole che pongono il singolo contro il singolo rinunciando ad un concetto di solidarieta che significhi non discriminazione , uguaglianza e centralita della persona umana ."}
{"sentidx":32356,"lemma":"discriminazione","token":"discriminazione","start":232,"end":247,"sent":"Inoltre permettetemi di ricordare tutte le difficolta pratiche che incontra una tale soluzione , perche le condizioni retributive e contributive sono diverse da gruppo a gruppo e perche si provoca un ' omogeneizzazione che crea una discriminazione tra dipendenti all ' interno di uno stesso gruppo ."}
