{"sentidx":128219,"lemma":"prestazione","token":"prestazioni","start":146,"end":157,"sent":"Gli obiettivi di contenimento della spesa possono essere realizzati mediante interventi di altro tipo , di razionamento e standardizzazione delle prestazioni , introducendo al tempo stesso nel sistema sanitario pubblico meccanismi volti a promuovere una maggiore efficienza ."}
{"sentidx":23074,"lemma":"prestazione","token":"prestazioni","start":5,"end":16,"sent":"Tali prestazioni , secondo l impegno assunto dal Consiglio dovranno essere ovviamente mantenute ."}
{"sentidx":116452,"lemma":"prestazione","token":"prestazione","start":69,"end":80,"sent":"Penso innanzitutto , alla possibilita di controllo delle modalita di prestazione del servizio ."}
{"sentidx":100355,"lemma":"prestazione","token":"prestazioni","start":109,"end":120,"sent":"Certamente esistono margini operativi per un progressivo incremento dell ' efficienza e dell efficacia delle prestazioni amministrative rese ai deputati , nella gia richiamata logica di contenimento dei costi ."}
{"sentidx":55310,"lemma":"prestazione","token":"prestazioni","start":139,"end":150,"sent":"Gli studenti e le studentesse devono soltanto pagare di piu , imponendo sacrifici ancora maggiori alle famiglie , senza ricevere in cambio prestazioni scientifiche e didattiche appena adeguate ."}
{"sentidx":21395,"lemma":"prestazione","token":"prestazione","start":120,"end":131,"sent":"Noi riteniamo che la scelta del giovane possa essere accettata come deroga al principio generale e costituzionale della prestazione del servizio militare , ma che non possa essere ritenuta una scelta alternativa alla prestazione del servizio medesimo ."}
{"sentidx":21395,"lemma":"prestazione","token":"prestazione","start":217,"end":228,"sent":"Noi riteniamo che la scelta del giovane possa essere accettata come deroga al principio generale e costituzionale della prestazione del servizio militare , ma che non possa essere ritenuta una scelta alternativa alla prestazione del servizio medesimo ."}
{"sentidx":59745,"lemma":"prestazione","token":"prestazioni","start":164,"end":175,"sent":"Infatti la misura del relativo trattamento e ancora quella originaria , non essendo appunto stata prevista alcuna forma di rivalutazione ne dei contributi ne delle prestazioni ."}
{"sentidx":37570,"lemma":"prestazione","token":"prestazioni","start":150,"end":161,"sent":"Ebbene con il conseguimento di un avanzo primario si determina una particolare situazione nella quale il contribuente versa piu imposte e riceve meno prestazioni e servizi pubblici ."}
{"sentidx":95619,"lemma":"prestazione","token":"prestazione","start":178,"end":189,"sent":"Ci sara quindi un affollamento nella presentazione delle domande di riconoscimento dell ' obiezione di coscienza , nella certezza che cio varra ad escludere i presentatori dalla prestazione del servizio ."}
{"sentidx":83329,"lemma":"prestazione","token":"prestazioni","start":244,"end":255,"sent":"Non ce dubbio che e conveniente per il pubblico valutare quando sia necessario gestire direttamente e quando invece ricorrere alle risorse offerte dal mercato , mantenendo tuttavia saldo il potere di controllo e di verifica sulla qualita delle prestazioni stabilite dagli appalti e dalle convenzioni ."}
{"sentidx":32279,"lemma":"prestazione","token":"prestazioni","start":151,"end":162,"sent":"L onorevole Albertini che ho conosciuto come valente e pragmatico assessore della regione Emilia Romagna sa bene che il ricorso al mercato , anche per prestazioni lavorative , e una risorsa indispensabile per le pubbliche amministrazioni ."}
{"sentidx":118961,"lemma":"prestazione","token":"prestazione","start":118,"end":129,"sent":"Quello al nostro esame e un provvedimento che interessa importantissimi servizi che vengono resi alla comunita con la prestazione appunto del servizio civile , come ho ricordato prima ."}
{"sentidx":83395,"lemma":"prestazione","token":"prestazioni","start":79,"end":90,"sent":"Anche in questo settore , per altro , si e intervenuti con una riduzione delle prestazioni come necessaria conseguenza del contenimento delle spese generali ."}
{"sentidx":119312,"lemma":"prestazione","token":"prestazione","start":136,"end":147,"sent":"Tale deroga non si traduce assolutamente in una deroga al dovere di difesa della patria , ben suscettibile di adempimento attraverso la prestazione di adeguati comportamenti di impegno sociale e non armato ."}
{"sentidx":115883,"lemma":"prestazione","token":"prestazioni","start":104,"end":115,"sent":"Ne consegue che due cittadini con problemi di salute analoghi potrebbero ricorrere in modo diverso alle prestazioni del servizio sanitario nazionale : uno ne potrebbe usufruire , essendo per lui tale prestazione gratuita ; l altro dovrebbe rinviare perche per lui onerosa ."}
{"sentidx":115883,"lemma":"prestazione","token":"prestazione","start":200,"end":211,"sent":"Ne consegue che due cittadini con problemi di salute analoghi potrebbero ricorrere in modo diverso alle prestazioni del servizio sanitario nazionale : uno ne potrebbe usufruire , essendo per lui tale prestazione gratuita ; l altro dovrebbe rinviare perche per lui onerosa ."}
{"sentidx":13753,"lemma":"prestazione","token":"prestazioni","start":211,"end":222,"sent":"La sanita , ad esempio , che certamente rappresenta una delle piu vaste voragini di dissipazione del denaro pubblico , non la si rimette sui binari della correttezza e dell efficienza tagliando drasticamente le prestazioni ."}
{"sentidx":32273,"lemma":"prestazione","token":"prestazioni","start":55,"end":66,"sent":"Non sie andati , dunque , verso un impoverimento delle prestazioni offerte dalla Camera nei confronti degli eletti ."}
{"sentidx":52720,"lemma":"prestazione","token":"prestazioni","start":63,"end":74,"sent":"In questo senso , e nell intento di rendere , in prospettiva , prestazioni assistenziali d urgenza piu rapide ed adeguate alle esigenze degli utenti , l amministrazione della USL su proposta dei sanitari responsabili , ha ritenuto opportuno disporre , in via sperimentale e provvisoria , l inizio della prima fase della nuova organizzazione cosi prevista del servizio autonomo di pronto soccorso locale ."}
{"sentidx":30316,"lemma":"prestazione","token":"prestazioni","start":225,"end":236,"sent":"Vorrei ricordare ai colleghi che hanno annunciato l astensione dei gruppi di appartenenza che quello al nostro esame non rientra nella categoria dei provvedimenti a pioggia , tutt altro ; anzi , esso mira a rivalutare alcune prestazioni che migliorano l efficienza dei servizi , come le turnazioni , l assistenza al magistrato ela reperibilita ."}
{"sentidx":115585,"lemma":"prestazione","token":"prestazioni","start":306,"end":317,"sent":"Ulteriori elementi di rigore sono alla base del superamento , nell ' arco di un triennio , del regime di prepensionamento che dovra puntare all ' integrazione dei servizi convenzionati con il servizio pubblico , all ' incentivazione al contenimento dei consumi di tipo sanitario , all ' acquisizione delle prestazioni convenzionate sulla base di principi di qualita e di economicita ."}
{"sentidx":23062,"lemma":"prestazione","token":"prestazioni","start":146,"end":157,"sent":"In particolare , come e noto la direttiva non e soddisfacente per cio che attiene alla durata e distribuzione dell ' astensione dal lavoro e alle prestazioni economiche connesse , alla tutela contro il licenziamento , alla protezione in materia di lavoro notturno , alla salvaguardia delle gravidanze a rischio ."}
{"sentidx":67543,"lemma":"prestazione","token":"prestazioni","start":34,"end":45,"sent":"Si tratta di dare un compenso per prestazioni gia effettuate ."}
{"sentidx":52055,"lemma":"prestazione","token":"prestazione","start":190,"end":201,"sent":"Per quanto riguarda la seconda categoria di progetti , la meta dell ' onere dell ' indennita , esclusa quella relativa alle ore di formazione , e posta a carico del soggetto che utilizza la prestazione di lavoro secondo modalita stabilite dalla summenzionata convenzione ."}
{"sentidx":83293,"lemma":"prestazione","token":"prestazioni","start":187,"end":198,"sent":"Si tratta di operare per diffondere nei comportamenti quotidiani del personale , di tutti i livelli , e degli stessi parlamentari un uso delle risorse , sia sotto forma di servizi che di prestazioni monetarie , che faccia riferimento a limiti precisi e chiaramente stabiliti ."}
{"sentidx":101016,"lemma":"prestazione","token":"prestazioni","start":197,"end":208,"sent":"Ai fini dell eventuale illecito fiscale occorre , infatti , verificare se si tratti di somme prelevate dai bilanci aziendali e giustificate con fatture per operazioni inesistenti , ovvero di false prestazioni , sovra o sotto - fatturazioni , operazioni in nero , falsi in bilancio e cosi via Nel caso invece , di provenienza delle tangenti dal patrimonio personale di coloro che le hanno versate , la verifica fiscale e volta ad accertare il corretto trattamento tributario del patrimonio stesso ."}
{"sentidx":22322,"lemma":"prestazione","token":"prestazioni","start":44,"end":55,"sent":"La minor spesa prevista pe r i farmaci e le prestazioni specialistiche viene considera ta eccessiva ; ma e interessante vederne i motivi ."}
{"sentidx":38750,"lemma":"prestazione","token":"prestazioni","start":96,"end":107,"sent":"Invero oltre agli importi dei singoli fondi trasferiti alle regioni , occorre tener conto delle prestazioni rese in termini di retribuzioni , di trattamenti assistenziali e previdenziali , di interessi del debito pubblico , di trasferimenti alle famiglie in forma di ammortizzatori sociali , di trasferimenti in conto capitale e in conto corrente alle imprese nonche di servizi indivisibili resi alla totalita dei cittadini ."}
{"sentidx":119304,"lemma":"prestazione","token":"prestazioni","start":280,"end":291,"sent":"Non e contemplato alcun servizio sostitutivo per il personale medico e paramedico obiettore anche quando l obiezione di questo personale possa produrre un ostacolo nel funzionamento del servizio pubblico e quindi nell ' adempimento dell ' obbligo del servizio pubblico di fornire prestazioni previste dalla legge ."}
{"sentidx":107438,"lemma":"prestazione","token":"prestazioni","start":400,"end":411,"sent":"Tale emendamento evita una forma di sclerosi , per cosi dire , nelle masse orchestrali , e consente invece che i migliori , quelli che effettivamente vengono chiamati al di fuori dell ' ente lirico , possano continuare a fare esperienze artistiche e didattiche all ' esterno , purche questa possibilita non sia un ' occasione di abuso di una norma ordinaria , ma permetta delle eccezioni per singole prestazioni di alto livello artistico e didattico , dietro parere del direttore artistico ."}
{"sentidx":135854,"lemma":"prestazione","token":"prestazioni","start":109,"end":120,"sent":"Ovviamente esula dalle competenze di quest ' amministrazione la possibilita di corrispondere compensi per le prestazioni di lavoro rese dai dipendenti delle amministrazioni comunali per fornire informazioni circa l applicazione dellTSI Si fa presente , al riguardo , che la corresponsione di tali compensi non puo che far carico al bilancio dei comuni stessi ."}
{"sentidx":115868,"lemma":"prestazione","token":"prestazioni","start":535,"end":546,"sent":"L emendamento a questo punto m proposto oggi dalla Commissione bilancio introduce invece , a detta del Governo e al riguardo qualche dubbio lo abbiamo \u2014 un principio completamente diverso , che e quello della flessibilita all ' interno del sistema sanitario nazionale , con l obiettivo di introdurre la competitivita tra le strutture , che pero deve essere accompagnata anche da una flessibilita orizzontale del personale per contribuire a rendere piu economico e piu efficiente il nostro sistema ospedaliero e in particolare , alcune prestazioni ."}
{"sentidx":11923,"lemma":"prestazione","token":"prestazioni","start":128,"end":139,"sent":"Lo sportello polifunzionale unificato dovrebbe comportare , almeno teoricamente , la piu volte invocata razionalizzazione delle prestazioni e facilitare l adempimento da parte dell ' utenza dei molteplici e troppo spesso controversi obblighi di legge ."}
{"sentidx":145516,"lemma":"prestazione","token":"prestazione","start":91,"end":102,"sent":"Proprio la capacita ela competenza , infatti , comportano la possibilita di effettuare una prestazione , un ' opera o un servizio a prezzi inferiori ."}
{"sentidx":22096,"lemma":"prestazione","token":"prestazioni","start":34,"end":45,"sent":"Al di sopra di questa soglia , le prestazioni ed i farmaci vengono comunque garantiti ."}
{"sentidx":100352,"lemma":"prestazione","token":"prestazioni","start":203,"end":214,"sent":"Il Collegio dei questori sta valutando la scelta del momento piu adatto per avviare metodi e strumenti gia predisposti , idonei a svolgere forme di ricognizione e monitoraggio della domanda di servizi e prestazioni e del grado di soddisfazione per quelli attualmente resi , che necessitano di adeguata responsabilizzazione e giusto spirito di collaborazione da parte di tutti i colleghi ; gli uffici sono pronti ad assolvere a tali compiti , per i quali da tempo hanno avviato un ' apposita attivita istruttoria ."}
{"sentidx":23102,"lemma":"prestazione","token":"prestazioni","start":177,"end":188,"sent":"Nel nostro paese e gia altissimo il costo della salute , e altissimo e diventato anche il costo di una gravidanza : non sono piu esenti da ticket i protocolli di maternita e le prestazioni e le prescrizioni dei consultori familiari ."}
{"sentidx":103921,"lemma":"prestazione","token":"prestazioni","start":197,"end":208,"sent":"Anche in materia di previdenza le disposizioni contenute nella finanziaria non bastano a risolvere i problemi di indebolimento strutturale del sistema dovuti all ' abnorme sproporzione tra oneri e prestazioni ."}
{"sentidx":71088,"lemma":"prestazione","token":"prestazioni","start":139,"end":150,"sent":"Insieme a tale questione vi e poi quella degli orientamenti liberisti realizzati e proclamati : le privatizzazioni , il contenimento delle prestazioni nello Stato sociale , il taglio della spesa nel bilancio come strumento essenziale di risanamento ."}
{"sentidx":80451,"lemma":"prestazione","token":"prestazioni","start":39,"end":50,"sent":"Spesso sono costretti a ridurre alcune prestazioni , che ha n no un a importante tante funzione di cara t tere sociale ; accade che no n sia sempre possibile far fronte alle molteplici esigenze esistenti pe r carenza di personale ."}
{"sentidx":52727,"lemma":"prestazione","token":"prestazioni","start":288,"end":299,"sent":"Costui ha pubblicamente dichiarato sui quotidiani locali che i gravi problemi di disavanzo di bilancio della USL 27 erano determinati per centinaia di milioni ( una cifra impressionante , trattandosi di una piccola unita sanitaria locale ) dal conferimento di attivita di consulenza e di prestazioni esterne ad ambulatori privati ."}
{"sentidx":103504,"lemma":"prestazione","token":"prestazioni","start":170,"end":181,"sent":"H Parlamento deve tenere nella medesima considerazione le esigenze di spesa e quelle della sua corretta copertura per tutelare i cittadini non solo come percettori delle prestazioni pubbliche , ma anche come contribuenti ."}
{"sentidx":58201,"lemma":"prestazione","token":"prestazioni","start":184,"end":195,"sent":"Allora misi disse che ottenere cio sarebbe stato il massimo per una democrazia ; io credo che dovrebbe essere il minimo per qualsiasi Stato serio , il quale , se da una parte pretende prestazioni dai cittadini , dall ' altra deve garantire l ordine pubblico ."}
{"sentidx":32288,"lemma":"prestazione","token":"prestazione","start":345,"end":356,"sent":"Gli onorevoli Pecoraro Scanio e D Acquisto hanno sollevato alcuni problemi relativi alla figura degli assistenti parlamentari , non tanto , se ho bene inteso , per chiedere piu risorse , quanto per offrire regole piu certe nel rapporto tra parlamentari ed assistenti , anche alla luce di tutte le nuove norme relative alle forme piu svariate di prestazione professionale ."}
{"sentidx":111708,"lemma":"prestazione","token":"prestazione","start":215,"end":226,"sent":"Signor Presidente onorevoli colleghi , da troppo tempo queste cose vengono dette e ripetute , oggi che nuove tasse vere e nuove tasse occulte ( mi riferisco all ' aumento dei contributi , cui non corrisponde alcuna prestazione ) colpiscono i soliti che pagano ; ma ormai si e al livello di guardia ."}
{"sentidx":32276,"lemma":"prestazione","token":"prestazioni","start":76,"end":87,"sent":"L onorevole Albertini sie poi soffermato sul delicato tema del rapporto tra prestazioni offerte dal personale interno alla Camera egli appalti di servizi con personale esterno ."}
{"sentidx":99882,"lemma":"prestazione","token":"prestazione","start":78,"end":89,"sent":"Non e dato sapere come possa realizzarsi il sinallagma , cioe il rapporto tra prestazione e controprestazione , essendo certamente impossibile verificare la controprestazione , rappresentata dal voto , che e segreto ."}
{"sentidx":138892,"lemma":"prestazione","token":"prestazioni","start":40,"end":51,"sent":"Lo stesso esempio si pu o riferire alle prestazioni degli avvocati , prestazioni delle quali , pu r troppo , ho avuto bisogno ."}
{"sentidx":138892,"lemma":"prestazione","token":"prestazioni","start":69,"end":80,"sent":"Lo stesso esempio si pu o riferire alle prestazioni degli avvocati , prestazioni delle quali , pu r troppo , ho avuto bisogno ."}
{"sentidx":119313,"lemma":"prestazione","token":"prestazioni","start":87,"end":98,"sent":"A determinate condizioni , il servizio militare armato puo essere sostituito con altre prestazioni personali di portata equivalente , riconducibili anch esse all idea di difesa della patria ."}
{"sentidx":115934,"lemma":"prestazione","token":"prestazioni","start":173,"end":184,"sent":"Quando dovra fare una tomografia assiale computerizzata , o altre analisi di laboratorio , lei pensa che il paziente andra presso un laboratorio di analisi per pagarsi tali prestazioni , oppure che ricorrera al ricovero ospedaliero ?"}
{"sentidx":109028,"lemma":"prestazione","token":"prestazioni","start":219,"end":230,"sent":"Mi riferisco ad una serie di proposte per altro non dissimili da quelle avanzate da altri gruppi parlamentari , come quello del PDS Riteniamo che su questa voce si possano ottenere risparmi , non certo eliminando dalle prestazioni le aspirine , come sta avvenendo , ma intervenendo per moralizzare il settore ."}
{"sentidx":38741,"lemma":"prestazione","token":"prestazioni","start":146,"end":157,"sent":"Di conseguenza , l orario di lavoro presso le sedi operative ( valico autostradale , autoporto di Coccau stazione ferroviaria ) viene coperto con prestazioni fuori orario , come nel passato , non potendosi attivare la turnazione prevista dalle norme in vigore a livello nazionale ."}
{"sentidx":83824,"lemma":"prestazione","token":"prestazione","start":426,"end":437,"sent":"Non credo che anche in ordine a questo punto si possa affermare che e tutto lecito : che e tutto lecito solo perche interviene un ' approvazione da parte dell ' Ufficio di Presidenza Un altro caso gia citato riguarda i premi assicurativi : forse sara a causa di incuria da parte mia nella lettura dei documenti al nostro esame , ma vorrei sapere a che titolo venga corrisposta ai parlamentari una garanzia particolare come la prestazione dell ' assicurazione sulla vita ."}
{"sentidx":103328,"lemma":"prestazione","token":"prestazioni","start":66,"end":77,"sent":"Fino ai primi anni settanta le retribuzioni per i dipendenti e le prestazioni sociali furono contenute , mentre crescevano l occupazione nel settore pubblico e il numero di beneficiari di pensioni e di altri trasferimenti ; ela fase che potremo definire della rendita estensiva della spesa pubblica , tesa ad aumentare il numero dei beneficiari arruolandoli come forza politica e come burocrazia pubblica ."}
{"sentidx":115869,"lemma":"prestazione","token":"prestazioni","start":173,"end":184,"sent":"Quindi il cittadino non esce piu fuori , anche se in parte , dal sistema , ma lo stesso puo destinare , attraverso le sue strutture , quote di risorse per il reperimento di prestazioni sanitarie a basso costo ."}
{"sentidx":108565,"lemma":"prestazione","token":"prestazione","start":288,"end":299,"sent":"In questi settori la presenza pubblica appare eccessiva rispetto agli altri principali paesi europei , qualitativamente inadeguata e anacronistica nel tentativo di offrire un trattamento eguale e completo a tutti i cittadini , insufficiente dal punto di vista deU amministrazione e della prestazione del servizio ."}
{"sentidx":88244,"lemma":"prestazione","token":"prestazioni","start":152,"end":163,"sent":"Da troppo tempo , i dipendenti egli amministratori delle USL gli enti convenzionati ei fornitori di materie prime e di medicinali attendono il saldo di prestazioni non ancora pagate o rimaste troppo a lungo insolute ."}
{"sentidx":11740,"lemma":"prestazione","token":"prestazione","start":114,"end":125,"sent":"Non mi pare siano necessarie molte parole per motivare le ragioni di un ' esenzione dall ' I P per questo tipo di prestazione ."}
{"sentidx":144085,"lemma":"prestazione","token":"prestazione","start":144,"end":155,"sent":"Sarebbe stato invece mol to piu opportuno scegliere fra quei personaggi pubblici che con g rande spirito di solidarieta avevano offerto la loro prestazione gratui ta ."}
{"sentidx":117238,"lemma":"prestazione","token":"prestazioni","start":399,"end":410,"sent":"Si tratta , onorevoli colleghi \u2014 mi rivolgo in modo particolare a chi in aula e in precedenza in Commissione ha puntato la propria attenzione sulla missione nel golfo Persico di spese gia sostenute ; quindi sarebbe assurdo oggi , anche al di la delle posizioni assunte in Parlamento quando si decise circa l opportunita di intervenire nel golfo Persico lasciare prive di copertura poste attinenti a prestazioni gia rese dai nostri militari ."}
{"sentidx":135911,"lemma":"prestazione","token":"prestazione","start":183,"end":194,"sent":"La domanda ela seguente : dal momento che questi dipendenti sono solo formalmente legati al proprio datore privato da un rapporto di lavoro subordinato , ma di fatto svolgono la loro prestazione in favore della pubblica amministrazione , con oneri retributivi consequenziali , si presuppone , a carico di questa , possono ancora considerarsi dipendenti degli enti di provenienza ?"}
{"sentidx":138705,"lemma":"prestazione","token":"prestazioni","start":233,"end":244,"sent":"Poiche sul piano etico - politico potreste rivendicare di aver agito con il disegno di legge in questa direzione , occorre sottolineare che al l agente attivo che te terminerebbe la propria attivita lavorativa pe r beneficiare delle prestazioni a lui garanti te dalla societa che insieme con altri ha edificato dovrebbe essere assicurato cio che oggi quest ' I tal ia no ne in grado di offrire , almeno in tre quar ti del terr i torio nazionale ( ma preferirei dire in tu t to il terri torio nazionale ) ."}
{"sentidx":100248,"lemma":"prestazione","token":"prestazioni","start":197,"end":208,"sent":"E molto importante puntare al massimo snellimento possibile deUe attivita svolte direttamente daU amministrazione , nonche a mantenere primariamente u controUo dell economicita e deUa qualita deUe prestazioni potendo , parte di esse , venire effettuate da personale di servizi esterni ."}
{"sentidx":135963,"lemma":"prestazione","token":"prestazione","start":122,"end":133,"sent":"Vorrei davvero capire concretamente ( anche perche , forse , la mia ela mentalita di un tecnico ) in cosa consista l alta prestazione o l alta capacita delle persone appartenenti al secondo , al terzo o al quarto livello , fermi restando , ovviamente , la massima considerazione e il massimo rispetto per il lavoro svolto da tali dipendenti ."}
{"sentidx":151546,"lemma":"prestazione","token":"prestazioni","start":85,"end":96,"sent":"Naturalmente vie non solo il problema della monetizzazione delle donazioni , o delle prestazioni , ma anche quello di una soglia di ammissibilita di donazioni e di prestazioni , che va individuato ."}
{"sentidx":151546,"lemma":"prestazione","token":"prestazioni","start":164,"end":175,"sent":"Naturalmente vie non solo il problema della monetizzazione delle donazioni , o delle prestazioni , ma anche quello di una soglia di ammissibilita di donazioni e di prestazioni , che va individuato ."}
{"sentidx":21330,"lemma":"prestazione","token":"prestazione","start":404,"end":415,"sent":"E a nostro avviso , su questo \u2014 che e un dato urgente \u2014 si sarebbe dovuto discutere e non sull obiezione di coscienza , soprattutto se si considera lo stato in cui oggi vivono le forze armate nel nostro paese , le difficolta che esse hanno perche sono sempre sotto tiro , perche a loro vengono assegnati i compiti piu ingrati , dalla regolamentazione dell ' ordine pubblico alla protezione civile , alla prestazione di soccorsi e soprattutto , alla difesa in occasioni di possibili emergenze nazionali ( anche tenuto conto deU imminente crisi sociale che sta ormai , per cosi dire , stringendo le nostre gole , cari colleghi parlamentari ) ."}
{"sentidx":25589,"lemma":"prestazione","token":"prestazioni","start":476,"end":487,"sent":"Ma certamente ne il Governo ne tanto meno , la maggioranza stessa hanno inteso tale rivisitazione come la premessa dello smantellamento dello Stato sociale , che resta la pietra angolare della concezione della politica e delle istituzioni propria dei grandi partiti popolari , e certamente del piu grande partito popolare italiano , la democrazia cristiana ; al contrario , la riforma va intesa come la condizione per assicurarne la continuita e migliorare l efficienza delle prestazioni ."}
{"sentidx":21131,"lemma":"prestazione","token":"prestazione","start":346,"end":357,"sent":"In questa norma , signor Presidente e onorevoli colleghi , colgo gli aspetti piu paradossali del provvedimento , il primo dei quali ela trasformazione con legge ordinaria di un obbligo costituzionale sancito dall ' articolo 52 della Costituzione che coniuga il dovere sacro di difesa della patria con l obbligatorieta , altrettanto sacra , della prestazione del servizio militare ."}
{"sentidx":118585,"lemma":"prestazione","token":"prestazione","start":312,"end":323,"sent":"Male perche sono state realizzate opere non prioritarie a scapito di altre essenziali ; perche si sono date risposte tardive alle esigenze presenti e inadeguate a quelle potenziali ; perche si e speso di piu di quanto sarebbe stato giusto , spesso oltretutto per opere di scarsa qualita dal punto di vista della prestazione ; perche , infine , la realizzazione di opere pubbliche ha alimentato corruzione e criminalita , ha contribuito a danneggiare il territorio el ' ambiente e ad incidere negativamente sulla libera concorrenza e sul libero mercato ."}
{"sentidx":103918,"lemma":"prestazione","token":"prestazioni","start":189,"end":200,"sent":"Del resto , non e certo eliminando l ingiusto contributo delle 85 mila lire del medico di base o modificando il sistema dei ticket che si possono ottenere significativi miglioramenti nelle prestazioni ."}
{"sentidx":139207,"lemma":"prestazione","token":"prestazioni","start":182,"end":193,"sent":"Vi sono imprese raper en te specializzate in prestazioni tecnologicamen te avanzate che oc cu pa no piccoli segmenti del processo produttive t ivo co me vi sono imprese che svolgono prestazioni semplici ma con mezzi efficienti che consentono condizioni economiche di lavoro ."}
{"sentidx":139207,"lemma":"prestazione","token":"prestazioni","start":45,"end":56,"sent":"Vi sono imprese raper en te specializzate in prestazioni tecnologicamen te avanzate che oc cu pa no piccoli segmenti del processo produttive t ivo co me vi sono imprese che svolgono prestazioni semplici ma con mezzi efficienti che consentono condizioni economiche di lavoro ."}
{"sentidx":32285,"lemma":"prestazione","token":"prestazioni","start":219,"end":230,"sent":"Facciamo nostro il deficit di competenza tecnica denunciato qui dall ' onorevole Galasso e anche in virtu di questa ragione , noi , come Collegio dei questori , in questo lasso di tempo ci siamo limitati a mantenere le prestazioni erogate , analizzando tuttavia attentamente i costi , ea consentire il completamento di quei progetti e di quei programmi gia autorizzati ed avviati ."}
{"sentidx":27392,"lemma":"prestazione","token":"prestazioni","start":272,"end":283,"sent":"Vi sono ad esempio , delle case rme obsolete , in degrado e invivibili pe r i nostri soldati , i nostri avieri , ei nostri mar ina i Si pot r ebbero trovare delle soluzioni alternative , che consenti ranno di meglio utilizzare il denaro , con la conseguenza di o t tenere prestazioni migliori e di assicurare ai nostri militari condizioni di vita piu accettabili ."}
{"sentidx":69691,"lemma":"prestazione","token":"prestazioni","start":121,"end":132,"sent":"Vi sarebbe materia per riflettere , signori del Governo Permettete almeno all ' utente di scaricare dalle tasse tutte le prestazioni tecniche che riceve ."}
{"sentidx":55311,"lemma":"prestazione","token":"prestazione","start":277,"end":288,"sent":"Chi frequenta le aule universitarie ( co me credo facciano alcuni ministri di questo Governo sao dovrebbe sapere , che co n questo provvedimento siamo ben lontani dalla pretesa modernita di un sistema universitario nel quale funzioni lo scambio equo , di tipo mercantile , tra prestazione e controprestazione ."}
{"sentidx":30234,"lemma":"prestazione","token":"prestazioni","start":72,"end":83,"sent":"Sorge dunque un problema di compenso retributivo incentivante di queste prestazioni straordinarie ."}
{"sentidx":109249,"lemma":"prestazione","token":"prestazione","start":68,"end":79,"sent":"Prevedendo perla Camera il passaggio al collegio uninominale con la prestazione di alcuni servizi gratuiti a disposizione dei candidati per l informazione degli elettori , la proposta vincola anche le spese di propaganda ammissibili per ciascun candidato al tetto di 30 milioni ; che e meno di quanto siano costati certi ricevimenti e banchetti elettorali celebrati , come nel dramma Gli ultimi giorni dell ' umanita di Karl Kraus senza avvedersi che la disfatta era ormai alle porte ."}
{"sentidx":118679,"lemma":"prestazione","token":"prestazione","start":187,"end":198,"sent":"Se l arrLministrazione ricorre a supporti qualificati per le varie attivita propedeutiche all ' esecuzione dei lavori , non si capisce perche non possa farvi ricorso anche per ogni altra prestazione di ingegneria alla quale non sia in grado di provvedere con strutture proprie ."}
{"sentidx":82458,"lemma":"prestazione","token":"prestazione","start":160,"end":171,"sent":"Dicevo che per qu a n to riguarda la fiscalita occulta , faccio riferimento ai contributi ibut i che vengono richiesti senza offrire alcuna cont repara ti ta o prestazione di ritorno ."}
{"sentidx":66697,"lemma":"prestazione","token":"prestazioni","start":135,"end":146,"sent":"Secondo la nostra opinione , tali inconvenienti non possono essere eliminati se non mediante il meccanismo dell ' indicizzazione delle prestazioni pensionistiche , agganciandole all ' andamento delle retribuzioni dei lavoratori in attivita ."}
{"sentidx":25961,"lemma":"prestazione","token":"prestazioni","start":196,"end":207,"sent":"Certo si puo discutere anche da questo punto di vista ; ritengo pero corretta l impostazione delineata dal relatore , presidente Mancini Si perverra ad un ' unicita nel campo della gestione delle prestazioni da questo punto di vista , tenendo conto del fatto che rimane un ' autonomia economico - patrimoniale degli enti di appartenenza ."}
{"sentidx":103326,"lemma":"prestazione","token":"prestazioni","start":318,"end":329,"sent":"Tra gli elementi di identita di questa spesa incontrollata , va messa in incidenza la formazione di rendite e di una fascia di \u00ab redditieri della spesa pubblica , dovuta al fatto che buona parte di essa di tipo corrente , espressa da trasferimenti diretti alle persone fisiche , da retribuzioni pubbliche , pensioni e prestazioni sociali ."}
{"sentidx":18424,"lemma":"prestazione","token":"prestazioni","start":363,"end":374,"sent":"Tutto questo discorso non puo pero prescindere dalle risposte che si debbono dare ad una domanda anch essa pressante : la RAI TV ha bisogno di risorse certe e garantite , quantitativamente adeguate ad un servizio pubblico , ma non puo e non deve competere con il privato nel rincorrere Vaudience deve invece operare ima competizione sul piano della qualita delle prestazioni , assolvendo al ruolo che il servizio pubblico e chiamato a svolgere a livello culturale ed educativo con trasmissioni musicali , teatrali e cosi via che possano al contempo essere ampiamente gradite ."}
{"sentidx":101801,"lemma":"prestazione","token":"prestazioni","start":1099,"end":1110,"sent":"Segretario legge : Salvatore Palmeri e numerosi altri cittadini residenti negli Stati Uniti chiedono che le emittenti radiotelevisive che trasmettono in lingua italiana all ' estero godano di una particolare tutela e siano ammesse a beneficiare di contributi analoghi a quelli gia previsti per la stampa italiana all ' estero ( 50 Giuseppe Catanzaro da Tricesimo Udine chiede una organica riforma del sistem a previdenziale , volta a personalizzare il trattamento pensionistico , con l intestazione a ciascun avente diritto di un libretto di risparmio a lungo termine ( 51 Giuliano Cuccurullo da Genova chiede che vengano adottate tutte le misure atte a consentire che il processo di privatizzazione del Credito italiano si svolga nel rispetto di criteri di assoluta trasparenza ( 52 Luciano Rapotez da Udine chiede che venga effettivamente garantito il diritto alla riparazione degli errori giudiziari previsto dall ' articolo 24 della Costituzione 53 Michele Tedesco da Salo Brescia chiede che , ai fini del calcolo del reddito del nucleo familiare per l esenzione dal pagamento del ticket per le prestazioni del Servizio sanitario nazionale , si tenga conto del reddito del convivente more uxorio , e di quello dei soggetti obbligati a prestare gli alimenti ai sensi dell ' articolo 433 del codice civile ( 54 Antonio Cordedda da Pisa chiede l adozione di un ' organica riforma del sistema tributario , volta a potenziare la lotta all ' evasione ed alla elusione fiscale , prevedendo contestualmente un condono per i cittadini e le aziende che non abbiano adempiuto gli obblighi di denuncia dei redditi ("}
{"sentidx":110325,"lemma":"prestazione","token":"prestazione","start":171,"end":182,"sent":"Voglio infine rivolgere un ringraziamento a tutto il personale della Camera dal segretario generale ai commessi , a tutti coloro che collaborano con noi e che con la loro prestazione agevolano un lavoro difficile e complesso al quale noi siamo stati chiamati ."}
{"sentidx":100343,"lemma":"prestazione","token":"prestazioni","start":343,"end":354,"sent":"Nel linguaggio corrente , la Camera amministrazione viene di volta in volta denominata apparato di supporto o struttura di servizio , proprio perche la finalita ela missione principale ad essa attribuita e quella di rispondere alle esigenze dei deputati in quanto utenti \u2014 anzi si potrebbe dire veri e propri clienti \u2014 di tutti i servizi e le prestazioni erogati dalla struttura servente ."}
{"sentidx":135914,"lemma":"prestazione","token":"prestazione","start":170,"end":181,"sent":"E non misi venga adire che il problema non sussiste oche e stato superato dal momento che il decreto - legge , all ' articolo 1 si esprime in termini di continuita della prestazione del servizio da parte del personale in questione ."}
{"sentidx":23366,"lemma":"prestazione","token":"prestazioni","start":155,"end":166,"sent":"Inoltre percio che attiene all ' articolo 7 bis riproponiamo un emendamento a favore della figura dello psicologo , per un accordo triennale che regoli le prestazioni di questo operatore di fondamentale importanza per il trattamento del detenuto ."}
{"sentidx":32284,"lemma":"prestazione","token":"prestazioni","start":56,"end":67,"sent":"Sono state avanzate da un lato , richieste di ulteriori prestazioni informatiche ; dall ' altro , invece , abbiamo avuto richieste di riflettere sulle prospettive strategiche del complesso dei servizi informatici e dei modelli che presiedono agli stessi ."}
{"sentidx":28772,"lemma":"prestazione","token":"prestazione","start":372,"end":383,"sent":"Non e vero che questo istituto sia utilizzato da un manipolo di furbi e di opportunisti per sottrarsi al sacro dovere di difendere la Patria perche ima moltitudine crescente di giovani , se ne prevedono 3 0 mila nel prossimo anno , avverte non compatibile con i propri convincimenti morali l addestramento alle armi e preferisce impiegare un anno della propria vita nella prestazione di un servizio civile che ha eguale dignita rispetto al servizio di leva , con riferimento ai doveri che ogni cittadino ha nei confronti dello Stato tanto e vero che in caso di guerra odi mobilitazione generale , questi giovani vengono richiamati per essere destinati alla protezione civile o alla Croce rossa ."}
{"sentidx":34926,"lemma":"prestazione","token":"prestazioni","start":149,"end":160,"sent":"Mi riferisco , per esempio , alla norma che prevede un tetto di 40 milioni di reddito in ordine alla possibilita di accedere gratuitamente ad alcune prestazioni sanitarie ."}
{"sentidx":124499,"lemma":"prestazione","token":"prestazioni","start":386,"end":397,"sent":"Per quanto riguarda la necessita di restare nell ' ambito della spesa per farmaci di 10 mila miliardi l anno oltre alle osservazioni gia svolte , vorrei dire che , pur tenendo conto della necessita di effettuare un risparmio , questo andrebbe fatto alla voce incentivazioni , che deve essere sottoposta a revisione da parte del Governo Nel momento in cui si incentra l attenzione sulle prestazioni rese negli ospedali dal personale di alcuni reparti , non si deve dimenticare che fra i soggetti interessati da un simile complesso di disposizioni vi e anche la voce concernente i burocrati delle USL Questa voce e stata introdotta nel bilancio della sanita sulla base di pressioni esercitate da forze politiche che si servivano della sanita a scopi clientelari Ebbene equi che dobbiamo incidere , signor ministro ."}
{"sentidx":93334,"lemma":"prestazione","token":"prestazioni","start":305,"end":316,"sent":"La Giunta ha ritenuto di poter concludere nel senso di negare l autorizzazione a procedere , perche tale richiesta esula dalla previsione e dal precetto dell ' articolo 317 del codice penale , essendo necessaria per definizione una sorta di malevola imposto dal pubblico ufficiale al privato per ottenere prestazioni indebite ; cosa che non e assolutamente ravvisabile in questa fattispecie ."}
{"sentidx":115867,"lemma":"prestazione","token":"prestazioni","start":332,"end":343,"sent":"Ancora unno \u00bb forte , dunque , a queste due norme , perche la stagione degli egoismi e della disunita sostanziale del nostro paese non si supera con i proclami , ma difendendo con forza sui grandi temi , come quello della sanita , il principio della parita tra tutti i cittadini , di qualsiasi censo , rispetto alla fruizione delle prestazioni sanitarie ."}
{"sentidx":56526,"lemma":"prestazione","token":"prestazione","start":155,"end":166,"sent":"Indipendentemente dalla considerazione , ben nota a tutti gli studiosi di diritto , che il termine \u00ab consulenza \u00bb ha un suo significato ( si tratta di una prestazione per sua natura a pagamento ; il fatto che sia gratuita e quindi secondario ) , vorrei far presente all ' Assemblea alla quale non sfuggira , che qualora la consulenza fosse stata gratuita , proprio per la delicatezza della materia sotto il profilo della rilevanza politica , il fatto , sarebbe stato certamente piu grave ."}
{"sentidx":110528,"lemma":"prestazione","token":"prestazioni","start":230,"end":241,"sent":"Credo di no E necessario allora controllare questi servizi e verificare che agli stanziamenti impegnati dalla Camera si tratta di cifre abbastanza sostenute ed idonee ad ottenere servizi qualificati \u2014 corrispondano effettivamente prestazioni e servizi adeguati ."}
