{"sentidx":20582,"lemma":"sinistra","token":"Sinistra","start":0,"end":8,"sent":"Sinistra ministeriale !"}
{"sentidx":90836,"lemma":"sinistra","token":"sinistra","start":119,"end":127,"sent":"La seconda considerazione che voglio esprimere a proposito della radiosa seconda Repubblica riguarda specificamente la sinistra ."}
{"sentidx":19984,"lemma":"sinistra","token":"sinistra","start":83,"end":91,"sent":"L ultima considerazione che intendo svolgere riguarda il partito democratico della sinistra ."}
{"sentidx":90980,"lemma":"sinistra","token":"sinistra","start":41,"end":49,"sent":"Sono passati trentatre anni dal centro - sinistra , quando la pianificazione territoriale assieme alla programmazione economica avrebbe dovuto essere espressione di un nuovo riformismo democratico ."}
{"sentidx":123360,"lemma":"sinistra","token":"sinistra","start":58,"end":66,"sent":"Signor Presidente il gruppo del partito democratico della sinistra ."}
{"sentidx":106574,"lemma":"sinistra","token":"sinistra","start":125,"end":133,"sent":"Presidente intervengo molto brevemente per motivare il voto favorevole dei deputati del gruppo del partito democratico della sinistra ."}
{"sentidx":66631,"lemma":"sinistra","token":"sinistra","start":51,"end":59,"sent":"Presidente il gruppo del partito democratico della sinistra si asterra dalla votazione su questo provvedimento ."}
{"sentidx":21420,"lemma":"sinistra","token":"sinistra","start":93,"end":101,"sent":"Signor Presidente sono abbastanza stupito della reazione soprattutto di molti colleghi della sinistra rispetto al contenuto dell ' emendamento in questione ."}
{"sentidx":58563,"lemma":"sinistra","token":"sinistra","start":74,"end":82,"sent":"Signor Presidente preannuncio che il gruppo del partito democratico della sinistra votera a favore degli emendamenti in esame , sostanzialmente identici ."}
{"sentidx":60984,"lemma":"sinistra","token":"sinistra","start":121,"end":129,"sent":"La soppressione dell ' articolo in questione rappresenta il risultato piu significativo che il partito democratico della sinistra abbia ottenuto in questa battaglia ."}
{"sentidx":149251,"lemma":"sinistra","token":"sinistra","start":102,"end":110,"sent":"Signor Presidente signor rappresentante del Governo onorevoli colleghi , il partito democratico della sinistra esprimera voto favorevole ai provvedimenti riguardanti la Serbia ed il Montenegro Nel farlo , tuttavia , intendiamo ribadire nettamente i criteri che sono a fondamento di questo nostro orientamento ."}
{"sentidx":39691,"lemma":"sinistra","token":"sinistra","start":79,"end":87,"sent":"Signor Presidente onorevoli colleghi , il gruppo del partito democratico della sinistra votera contro il disegno di legge finanziaria ."}
{"sentidx":142869,"lemma":"sinistra","token":"sinistra","start":120,"end":128,"sent":"Mi spiego : la democrazia cristiana potrebbe benissimo realizzare un ' intesa politica con il partito democratico della sinistra senza affatto collegarsi con il relativo schieramento ."}
{"sentidx":114757,"lemma":"sinistra","token":"sinistra","start":146,"end":154,"sent":"Per concludere , signor Presidente voglio sottolineare lo stupore che abbiamo provato di fronte all ' atteggiamento del partito democratico della sinistra ."}
{"sentidx":142242,"lemma":"sinistra","token":"sinistra","start":170,"end":178,"sent":"Anch io vorrei tranquillizzare l onorevole Tatarella intanto su un aspetto : il richiamo costante al consociativismo tra democrazia cristiana e partito democratico della sinistra mi sembra ormai stanco ."}
{"sentidx":105846,"lemma":"sinistra","token":"sinistra","start":76,"end":84,"sent":"E devo dire con grande franchezza ai compagni del partito democratico della sinistra che trovo sorprendente e contraddittoria la loro attuale posizione ."}
{"sentidx":75504,"lemma":"sinistra","token":"sinistra","start":68,"end":76,"sent":"Signor Presidente onorevoli colleghi , il partito democratico della sinistra intende esprimere un voto di astensione sul disegno di legge del Governo in merito alle disposizioni in materia di attuazione di direttive comunitarie relative al mercato interno ."}
{"sentidx":76926,"lemma":"sinistra","token":"sinistra","start":21,"end":29,"sent":"Le forze nuove della sinistra devono cercare con maggiore convinzione le strade dell ' aggregazione e non della polverizzazione e frantumazione ."}
{"sentidx":76915,"lemma":"sinistra","token":"sinistra","start":86,"end":94,"sent":"Tutti abbiamo la responsabilita di unificare quanto e piu possibile il progetto della sinistra ."}
{"sentidx":60977,"lemma":"sinistra","token":"sinistra","start":77,"end":85,"sent":"La battaglia lealmente condotta in Commissione dal partito democratico della sinistra , insieme ad altri gruppi della sinistra di opposizione ea gruppi della maggioranza , ha ottenuto risultati di grande rilievo ."}
{"sentidx":60977,"lemma":"sinistra","token":"sinistra","start":118,"end":126,"sent":"La battaglia lealmente condotta in Commissione dal partito democratico della sinistra , insieme ad altri gruppi della sinistra di opposizione ea gruppi della maggioranza , ha ottenuto risultati di grande rilievo ."}
{"sentidx":48652,"lemma":"sinistra","token":"sinistra","start":79,"end":87,"sent":"Sarebbe stato importante un impegno in tal senso del pentito democratico della sinistra ."}
{"sentidx":97748,"lemma":"sinistra","token":"sinistra","start":200,"end":208,"sent":"Sono certo che uomini come Terracini Saragat Pertini Matteotti Turati Gramsci ed altri , paladini di taluni patrimoni sociali comuni , rimarrebbero inorriditi di fronte all ' attuale situazione della sinistra progressista e democratica del nostro paese ."}
{"sentidx":35303,"lemma":"sinistra","token":"sinistra","start":327,"end":335,"sent":"Sappiamo che gli Slogans della contestazione studentesca oggi sono dettati dai telegiornali , dai grandi giornali , dai grandi partiti della sinistra italiana contro le scelte che questi grandi partiti compiono all ' interno delle Commissioni e del Parlamento Sappiamo chela protesta e alimentata dal partito democratico della sinistra , che in questo Parlamento si comporta in maniera diametralmente opposta ."}
{"sentidx":35303,"lemma":"sinistra","token":"sinistra","start":141,"end":149,"sent":"Sappiamo che gli Slogans della contestazione studentesca oggi sono dettati dai telegiornali , dai grandi giornali , dai grandi partiti della sinistra italiana contro le scelte che questi grandi partiti compiono all ' interno delle Commissioni e del Parlamento Sappiamo chela protesta e alimentata dal partito democratico della sinistra , che in questo Parlamento si comporta in maniera diametralmente opposta ."}
{"sentidx":70822,"lemma":"sinistra","token":"sinistra","start":171,"end":179,"sent":"D Signor Presidente del Consiglio onorevole Presidente onorevoli colleghi , vorrei innanzitutto esprimere l apprezzamento sincero del gruppo del partito democratico della sinistra e mio per il discorso consapevole , chiaro e leale con il quale il Presidente del Consiglio ha aperto la nostra discussione ."}
{"sentidx":121258,"lemma":"sinistra","token":"sinistra","start":149,"end":157,"sent":"Concludo signor Presidente Questo e il motivo per il quale abbiamo votato contro quasi tutti gli emendamenti presentati da colleghi dei gruppi della sinistra , emendamenti che tendevano a mortificare ulteriormente il ruolo delle forze armate ."}
{"sentidx":94919,"lemma":"sinistra","token":"sinistra","start":58,"end":66,"sent":"Signor Presidente il gruppo del partito democratico della sinistra si asterra dal voto ."}
{"sentidx":76916,"lemma":"sinistra","token":"sinistra","start":96,"end":104,"sent":"Ed e possibile farlo senza umiliare la pluralita di ispirazioni , la ricca articolazione di ima sinistra che ha radici storiche molteplici , diverse culture politiche ed esperienze organizzative ."}
{"sentidx":60999,"lemma":"sinistra","token":"sinistra","start":122,"end":130,"sent":"Il nostro voto favorevole , quindi , vuole rappresentare il senso del pacifismo costruttivo del partito democratico della sinistra ( Applausi dei deputati del gruppo del"}
{"sentidx":128173,"lemma":"sinistra","token":"sinistra","start":23,"end":31,"sent":"Perche una parte della sinistra non comprende questo ?"}
{"sentidx":106348,"lemma":"sinistra","token":"sinistra","start":40,"end":48,"sent":"Il gruppo del partito democratico della sinistra votera a favore del disegno di legge di conversione del decreto - legge concernente misure urgenti a sostegno delle vittime delle richieste estorsive ."}
{"sentidx":152348,"lemma":"sinistra","token":"sinistra","start":86,"end":94,"sent":"Tale dato politico e rappresentato dall ' atteggiamento del partito democratico della sinistra e della lega nord ."}
{"sentidx":30243,"lemma":"sinistra","token":"sinistra","start":52,"end":60,"sent":"Ecco perche il gruppo del partito democratico della sinistra si asterra dalla votazione ( Applausi dei deputati del gruppo del"}
{"sentidx":35394,"lemma":"sinistra","token":"sinistra","start":100,"end":108,"sent":"Sentiamo spesso in quest ' aula parole che sembrano ripetere slogans propri di una certa cultura di sinistra , anziche essere rispondenti ad una valutazione attenta dei problemi di organizzazione del sistema scolastico ."}
{"sentidx":113778,"lemma":"sinistra","token":"sinistra","start":143,"end":151,"sent":"Ma quelle parole hanno bisogno di una rinnovata testimonianza nei programmi enei comportamenti ; hanno bisogno di una rifondazione di tutta la sinistra ."}
{"sentidx":36865,"lemma":"sinistra","token":"sinistre","start":155,"end":163,"sent":"Fu proprio tale strategia che riusci a compattare il sistema politico e ad impedire le possibili alternative di governo rappresentate in quegli anni dalle sinistre ."}
{"sentidx":77903,"lemma":"sinistra","token":"sinistra","start":45,"end":53,"sent":"Perche dicevo , il partito democratico della sinistra ha votato contro la legge elettorale per il Senato che e semplicemente una normativa di attuazione tecnica della volonta espressa dagli elettori con il referendum ?"}
{"sentidx":13777,"lemma":"sinistra","token":"sinistra","start":137,"end":145,"sent":"Signor Presidente colleghi deputati , con il suo voto di approvazione della mozione di sfiducia presentata dal partito democratico della sinistra , la lega nord intende dichiarare la propria disponibilita a fornire il massimo contributo possibile ad un programma di ripresa economica , politica e morale ."}
{"sentidx":85538,"lemma":"sinistra","token":"sinistra","start":59,"end":67,"sent":"Per conseguire tale obiettivo il partito democratico della sinistra continuera a battersi in quest ' aula ( Applausi dei deputati del gruppo del"}
{"sentidx":118112,"lemma":"sinistra","token":"sinistra","start":122,"end":130,"sent":"Fortunatamente lie stata cancellata la gauche , che ormai non esiste piu nel vocabolario francese : devo quindi chiamarla sinistra ."}
{"sentidx":69286,"lemma":"sinistra","token":"sinistra","start":52,"end":60,"sent":"Dovremo costruire un campo di forze democratiche di sinistra che governi lo sbocco della crisi in senso democratico ."}
{"sentidx":78578,"lemma":"sinistra","token":"sinistra","start":87,"end":95,"sent":"Queste sono state le ragioni che hanno indotto il gruppo del partito democratico della sinistra a considerare inadeguato non solo il testo approvato dal Senato ma ormai anche quello a suo tempo accolto dalla Camera La nostra ostinazione nel ritenere ammissibile un emendamento interamente soppressivo del terzo comma del testo approvato dal Senato e stata alla fine premiata dal voto della settimana scorsa del Comitato speciale , che ha accolto il testo ora al nostro esame dopo aver considerato ammissibile il nostro emendamento soppressivo del terzo comma ."}
{"sentidx":67849,"lemma":"sinistra","token":"sinistra","start":19,"end":27,"sent":"Ci rivolgiamo alla sinistra , alle forze del movimento sindacale ."}
{"sentidx":35399,"lemma":"sinistra","token":"sinistra","start":14,"end":22,"sent":"La cultura di sinistra e riuscita perfino a bollare il latino come antidemocratico ."}
{"sentidx":24014,"lemma":"sinistra","token":"sinistra","start":23,"end":31,"sent":"E i parlamentari della sinistra manterranno , credo ."}
{"sentidx":76902,"lemma":"sinistra","token":"sinistra","start":263,"end":271,"sent":"E aldi fuori dell ' esperienza parlamentare , senza confusioni di responsabilita e senza attenuazione della reciproca chiarezza , che ci si puo invece incominciare ad impegnare per una costituente programmatica , per una riorganizzazione della sinistra , per una sinistra che si prepara all ' appuntamento dell ' alternativa ."}
{"sentidx":76902,"lemma":"sinistra","token":"sinistra","start":244,"end":252,"sent":"E aldi fuori dell ' esperienza parlamentare , senza confusioni di responsabilita e senza attenuazione della reciproca chiarezza , che ci si puo invece incominciare ad impegnare per una costituente programmatica , per una riorganizzazione della sinistra , per una sinistra che si prepara all ' appuntamento dell ' alternativa ."}
{"sentidx":70927,"lemma":"sinistra","token":"sinistra","start":99,"end":107,"sent":"Il PSI ha fatto e fala sua parte con chiare scelte di collocazione tra le forze progressiste della sinistra , inseparabili dalla riaffermazione intransigente della continuita dei propri autonomi valori , principi e metodi di lotta politica ed ideale ."}
{"sentidx":60973,"lemma":"sinistra","token":"sinistra","start":79,"end":87,"sent":"Signor Presidente onorevoli colleghi , il gruppo del partito democratico della sinistra si e trovato di fronte , in Commissione ad un decreto del Governo assai discutibile , anzi inaccettabile ."}
{"sentidx":13871,"lemma":"sinistra","token":"sinistra","start":64,"end":72,"sent":"Questa ela nostra funzione ela nostra responsabilita : unire la sinistra e aprire il cammino del rinnovamento democratico dell ' Italia Vivissimi prolungati applausi dei deputati del gruppo del PDS e di deputati dei gruppi del PSI"}
{"sentidx":137121,"lemma":"sinistra","token":"sinistra","start":147,"end":155,"sent":"Se comunque si crea uno sbocco occupazionale , non vedo proprio quale sia la tragedia ; emi meraviglio che tale preoccupazione venga proprio dalla sinistra , la quale si dovrebbe interessare anche degli aspetti sociali ed occupazionali ."}
{"sentidx":144581,"lemma":"sinistra","token":"sinistra","start":6,"end":14,"sent":"Se la sinistra e le forze di progresso vogliono affermare una diversa rappresentanza di interessi diffusi , limpidi , della societa italiana , debbono dimostrare forza e coraggio ."}
{"sentidx":31007,"lemma":"sinistra","token":"sinistra","start":35,"end":43,"sent":"Lo e ovviamente sul versante della sinistra ."}
{"sentidx":76908,"lemma":"sinistra","token":"sinistra","start":303,"end":311,"sent":"Questo nostro giudizio severo non sta , certo , a testimoniare una sorta di indifferenza verso il problema del Governo ma proprio per questo , senza ulteriori suddivisioni nella sinistra o dialoghi parziali e limitati , dobbiamo invece metterci tutti nelle condizioni di rispondere alla domanda : quale sinistra e quale programma per affrontare i problemi di governo della nostra societa ."}
{"sentidx":76908,"lemma":"sinistra","token":"sinistra","start":178,"end":186,"sent":"Questo nostro giudizio severo non sta , certo , a testimoniare una sorta di indifferenza verso il problema del Governo ma proprio per questo , senza ulteriori suddivisioni nella sinistra o dialoghi parziali e limitati , dobbiamo invece metterci tutti nelle condizioni di rispondere alla domanda : quale sinistra e quale programma per affrontare i problemi di governo della nostra societa ."}
{"sentidx":144556,"lemma":"sinistra","token":"sinistra","start":35,"end":43,"sent":"Vorrei chiedere ad alcune forze di sinistra se l uninominale maggioritario oil mix tra quest ' ultimo ela proporzionale non vada verso il trasformismo di vecchia memoria ."}
{"sentidx":123362,"lemma":"sinistra","token":"sinistra","start":40,"end":48,"sent":"Il gruppo del partito democratico della sinistra votera contro il provvedimento in esame perche esso non rispecchia in alcun modo lo spirito con il quale era stato presentato ."}
{"sentidx":76925,"lemma":"sinistra","token":"sinistra","start":3,"end":11,"sent":"La sinistra storica deve sapersi mettere in gioco ."}
{"sentidx":79202,"lemma":"sinistra","token":"sinistra","start":157,"end":165,"sent":"Un alleanza pluralista , rispettosa della grande varieta e ricchezza di culture , esperienze , idee , tradizioni delle forze democratiche progressiste della sinistra italiana , ma capace di ritrovare in comuni valori e principi democratici il fondamento di un progetto di ricostruzione etica , politica , civile , economica e sociale di un paese che vuole risorgere dalle macerie di"}
{"sentidx":138363,"lemma":"sinistra","token":"sinistra","start":145,"end":153,"sent":"Signor Presidente onorevole rappresentante del Governo con l interpellanza che porta la prima firma del capogruppo del partito democratico della sinistra , oltre che la mia e quelle di altri colleghi , abbiamo inteso chiedere al Governo un giudizio specifico sulla presenza di un contingente di forze armate in Sardegna ed in Sicilia L abbiamo chiesto al Governo perche la decisione di inviare giovani di leva nelle due regioni e certamente di natura eccezionale ."}
{"sentidx":13886,"lemma":"sinistra","token":"sinistra","start":50,"end":58,"sent":"E in questo modo che il partito democratico della sinistra intende pervenire ad un nuovo Governo magari di tipo assembleare ?"}
{"sentidx":21613,"lemma":"sinistra","token":"sinistra","start":3,"end":11,"sent":"La sinistra , approfittando delle incertezze della maggioranza nonche dell ' ambiguita di talune delle sue componenti , oltre che della situazione eccezionale dal punto di vista istituzionale , politico e morale , forza la memo per indurre il Parlamento a decidere ."}
{"sentidx":90899,"lemma":"sinistra","token":"sinistra","start":380,"end":388,"sent":"La DC e Amato stesso la rivendicano e vogliono continuare i repubblicani ela lega vogliono inasprire Una maggioranza cosi larga sarebbe una totale Babele di intenzioni ola pura resa alle tesi moderate con il risultato di suscitare timore nei potentati economici , protesta torbida e differenziata nel paese e insieme di produrre in pochi mesi quell ' ulteriore sradicamento della sinistra che in Francia e avvenuto in dieci anni ."}
{"sentidx":91073,"lemma":"sinistra","token":"sinistra","start":95,"end":103,"sent":"L antifascismo e stato in parte antifascismo ed in parte postfascismo , secondo una lettura di sinistra laica e radicale della storia italiana ."}
{"sentidx":90897,"lemma":"sinistra","token":"sinistra","start":153,"end":161,"sent":"Anzitutto infatti sulla questione essenziale , la politica economica e sociale , non esiste una larga intesa efficace per il paese e sopportabile per la sinistra ."}
{"sentidx":90399,"lemma":"sinistra","token":"sinistra","start":49,"end":57,"sent":"Questa critica va rivolta anche ai partiti della sinistra , che non hanno dimostrato , neppure durante la campagna referendaria , di poter modificare sostanzialmente il loro modo di fare politica , prestando piu attenzione alle istanze e alle sofferenze del nostro popolo e della nostra gente ."}
{"sentidx":76897,"lemma":"sinistra","token":"sinistra","start":78,"end":86,"sent":"Lavoreremo dunque , nel paese e nel Parlamento per riorganizzare e riunire la sinistra ."}
{"sentidx":100445,"lemma":"sinistra","token":"sinistra","start":38,"end":46,"sent":"Ancora ieri dai banchi dell ' estrema sinistra ho ascoltato lamentele di questo genere ."}
{"sentidx":88814,"lemma":"sinistra","token":"sinistra","start":214,"end":222,"sent":"Al contrario , sono convinto che nella situazione di oggi una riforma di questo segno possa favorire una rifondazione dei partiti di massa , possa spingere a superare una frammentazione ideologica e rissosa che ea sinistra segno di debolezza e di subalternita ."}
{"sentidx":13868,"lemma":"sinistra","token":"sinistra","start":27,"end":35,"sent":"E noi vogliamo che sia una sinistra unita e rinnovata ad imprimere questa svolta nella storia nazionale ."}
{"sentidx":106690,"lemma":"sinistra","token":"sinistra","start":201,"end":209,"sent":"Ecco perche ho votato a favore dell ' emendamento presentato in proposito dal collega Tassi cosi come avrei votato per la proposta avanzata allo stesso scopo dai colleghi del partito democratico della sinistra , se non fosse stata ritirata ."}
{"sentidx":137048,"lemma":"sinistra","token":"sinistra","start":12,"end":20,"sent":"Credo chela sinistra abbia opportunamente , a mio parere , sostenuto la missione umanitaria italiana in Mozambico Una parte di questa sinistra vuole tuttavia che ci vadano i militari di leva ."}
{"sentidx":137048,"lemma":"sinistra","token":"sinistra","start":134,"end":142,"sent":"Credo chela sinistra abbia opportunamente , a mio parere , sostenuto la missione umanitaria italiana in Mozambico Una parte di questa sinistra vuole tuttavia che ci vadano i militari di leva ."}
{"sentidx":60989,"lemma":"sinistra","token":"sinistra","start":112,"end":120,"sent":"E un suggerimento che recepiamo ; ed annuncio sin dora che non manchera l impegno del partito democratico della sinistra in questa direzione ."}
{"sentidx":147390,"lemma":"sinistra","token":"sinistra","start":71,"end":79,"sent":"Dove sono coloro che vogliono salvare l occupazione , cari amici della sinistra ?"}
{"sentidx":71071,"lemma":"sinistra","token":"sinistra","start":114,"end":122,"sent":"Sembra di essere tornati ai tempi bui del peggiore stalinismo Per essere discriminati non ce bisogno di essere di sinistra : basta avere la mente libera da pregiudizi ed essere liberamente critici , anche sul fronte dei conservatori ( Applausi dei deputati del gruppo di rifondazione comunista ) , come gli eventi di questi giorni sembrano dimostrare ."}
{"sentidx":63919,"lemma":"sinistra","token":"sinistra","start":131,"end":139,"sent":"Mi riferisco , ad esempio , al decreto sulla RAI che ieri al Senato ha visto una maggioranza guidata dal partito democratico della sinistra rimettere in discussione due elementi ."}
{"sentidx":67911,"lemma":"sinistra","token":"sinistra","start":58,"end":66,"sent":"Sapete bene chela nostra parte , il maggior partito della sinistra ela maggiore forza di opposizione , non ha mai sottovalutato la gravita della crisi finanziaria , economica e sociale ."}
{"sentidx":141676,"lemma":"sinistra","token":"sinistra","start":250,"end":258,"sent":"In primo luogo la corruzione e un fenomeno globale , in cui sono coinvolti , in misura proporzionale alle risorse pubbliche che controllano , tutti i partiti che governano o hanno governato , compreso il partito comunista o partito democratico della sinistra , che malgrado la raffica di avvisi e comunicazioni che lo riguardano afferma , come motivo di orgoglio , la sua diversita morale ; nonche lo sdegnoso e aristocratico partito repubblicano italiano ."}
{"sentidx":93454,"lemma":"sinistra","token":"sinistra","start":144,"end":152,"sent":"Sarebbe giusto , alla luce di tale situazione , affermare che spetta al Governo legiferare e non ai buoi specialmente quelli collocati alla mia sinistra !"}
{"sentidx":77849,"lemma":"sinistra","token":"sinistra","start":116,"end":124,"sent":"In realta , vi era la necessita di mantenere la presenza della democrazia cristiana e del partito democratico della sinistra in alcune regioni del nord ."}
{"sentidx":70963,"lemma":"sinistra","token":"sinistra","start":313,"end":321,"sent":"E pero indubbio che l esperienza della proporzionale ha rappresentato non solo la causa della frammentazione del tessuto politico italiano , ma anche la barriera difensiva dietro la quale sono rimasti a difendere il loro potere la democrazia cristiana ed i suoi alleati , con una finta opposizione di destra e di sinistra ."}
{"sentidx":117065,"lemma":"sinistra","token":"sinistra","start":150,"end":158,"sent":"Dei vecchi democristiani ce ne sono pochi ; e rimasto soltanto il Presidente della Repubblica gli altri sono tutti quanti nati nel periodo del centro sinistra , e adesso trovano doloroso dover smentire quello che hanno fatto !"}
{"sentidx":34394,"lemma":"sinistra","token":"sinistra","start":112,"end":120,"sent":"Mi rivolgo in particolare ai colleghi della maggioranza ed ai colleghi del gruppo del partito democratico della sinistra ( non a tutta la maggioranza , perche i liberali e T Union Valdotaine si sono dichiarati contrari al provvedimento ) ."}
{"sentidx":130909,"lemma":"sinistra","token":"sinistra","start":49,"end":57,"sent":"In buona sostanza , il partito democratico della sinistra ha utilizzato l arma vincente del suo decisivo e determinante appoggio al testo sull ' elezione diretta del sindaco per ottenere i due turni , altrimenti si sarebbe andati al referendum ."}
{"sentidx":37662,"lemma":"sinistra","token":"sinistra","start":128,"end":136,"sent":"Essendo quindi molto chiaro il quadro delle riflessioni che hanno mosso il comportamento politico del partito democratico della sinistra , voglio brevemente argomentare le ragioni della richiesta che noi riproponiamo al Governo ed al ministro del bilancio di affermare una coerenza nuova nella politica di bilancio e nella politica economica dell ' esecutivo rispetto al grande tema dell ' intervento pubblico nelle aree depresse ."}
{"sentidx":71098,"lemma":"sinistra","token":"sinistra","start":15,"end":23,"sent":"Unendoci nella sinistra , noi non chiediamo una delega ."}
{"sentidx":142825,"lemma":"sinistra","token":"sinistra","start":191,"end":199,"sent":"Abbiamo verificato con stupore che , al Senato una delle forze che si e maggiormente attivata per peggiorare la legge sull ' elezione diretta dei sindaci e stata il partito democratico della sinistra ."}
{"sentidx":76904,"lemma":"sinistra","token":"sinistra","start":20,"end":28,"sent":"Cio comporta che la sinistra sia sufficientemente forte e sia per davvero in grado di governare ."}
{"sentidx":76938,"lemma":"sinistra","token":"sinistra","start":53,"end":61,"sent":"Noi staremo all ' opposizione per preparare la nuova sinistra di governo ."}
{"sentidx":19758,"lemma":"sinistra","token":"sinistre","start":243,"end":251,"sent":"Se vogliamo usare davvero rovesciata questa espressione , allora vorrei ricordare che e proprio in forza delle battaglie per il lavoro , per l occupazione , per il benessere sociale e civile di quelle terre che il partito comunista prima e le sinistre in generale possono meritare positivamente quel titolo nel corso di questi anni ."}
{"sentidx":90432,"lemma":"sinistra","token":"sinistra","start":59,"end":67,"sent":"Mi rivolgo , in particolare , al partito democratico della sinistra che avendo chiesto ed accettato di entrare nell ' Internazionale socialista ha effettuato una scelta di campo e quindi ha accettato un sistema di regole , di confronto , di collaborazione ."}
{"sentidx":119000,"lemma":"sinistra","token":"sinistra","start":59,"end":67,"sent":"Colleghi anche noi del gruppo del partitodemocratico della sinistra vogliamo innanzitutto esprimere la nostra soddisfazione perche finalmente si adempie ad un dovere che pendeva sul capo del Parlamento gia dalla precedente legislatura ."}
{"sentidx":90845,"lemma":"sinistra","token":"sinistra","start":6,"end":14,"sent":"Ma la sinistra , magari anche prudente , ma che vuole cambiare le cose , deve vincere la resistenza degli interessi forti minacciati dalle riforme , reggere l eventuale ricatto del mercato finanziario ."}
{"sentidx":144325,"lemma":"sinistra","token":"sinistra","start":117,"end":125,"sent":"Vi sono alcune divisioni , anche interne ai gruppi maggiori ( la democrazia cristiana e il partito democratico della sinistra ) , sul contenuto del referendum ."}
{"sentidx":123143,"lemma":"sinistra","token":"sinistra","start":117,"end":125,"sent":"Sicche ieri sera milioni di elettori hanno potuto vedere per un ' ora intera il leader del partito democratico della sinistra ."}
{"sentidx":22954,"lemma":"sinistra","token":"sinistra","start":41,"end":49,"sent":"I deputati del partito democratico della sinistra intervenuti nella giornata di ieri ( Campatelli Mantovani Vozza coni loro interventi hanno ampiamente dimostrato che il documento di programmazione economico - finanziaria non corrisponde ai dati reali e non solo in conseguenza della svalutazione della lira , che rappresenta una sconfitta del Governo che non si vuole ammettere anche se , a fronte dell ' enfasi mostrata dal Presidente del Consiglio domenica scorsa in televisione , diverso e stato l intervento del rappresentante del Governo in questa sede ."}
{"sentidx":36533,"lemma":"sinistra","token":"sinistra","start":132,"end":140,"sent":"Quando avete visto l Assemblea applaudire alla fine del discorso di Misasi avrete osservato che non e venuto un solo applauso dalla sinistra , che forse pensa che i magistrati hanno sempre ragione ."}
{"sentidx":17951,"lemma":"sinistra","token":"sinistra","start":41,"end":49,"sent":"Mi rivolgo soprattutto ai colleghi della sinistra , i quali non possono pensare che si passi al collegio uninominale senza che si siano stabiliti tetti di spesa e limiti ai strumenti di propaganda ."}
