{"sentidx":102010,"lemma":"uguaglianza","token":"uguaglianza","start":78,"end":89,"sent":"Riconoscere alle donne maggiori possibilita e diritti significa affermare che uguaglianza non e omologazione , ma riconoscimento e valorizzazione delle differenze ."}
{"sentidx":101106,"lemma":"uguaglianza","token":"uguaglianza","start":87,"end":98,"sent":"Le diversificazioni anche territoriali sono discriminanti rispetto all ' unita , all ' uguaglianza familiare ."}
{"sentidx":145647,"lemma":"uguaglianza","token":"uguaglianza","start":91,"end":102,"sent":"Un ordinamento , colleghi , puo anche eccezionalmente sacrificare il principio astratto di uguaglianza davanti alla legge ."}
{"sentidx":120686,"lemma":"uguaglianza","token":"uguaglianza","start":221,"end":232,"sent":"Come sottolinea opportunamente la pregiudiziale di costituzionalita presentata dall ' onorevole Valensise e da altri colleghi del gruppo del Movimento sociale , ci troviamo di fronte al fondamento stesso del principio di uguaglianza ."}
{"sentidx":77583,"lemma":"uguaglianza","token":"uguaglianza","start":45,"end":56,"sent":"Consentitemi di dissentire da questo tipo di uguaglianza , che avviene con criteri di ugualitarismo assolutamente dannosi per lo stesso principio di uguaglianza !"}
{"sentidx":77583,"lemma":"uguaglianza","token":"uguaglianza","start":149,"end":160,"sent":"Consentitemi di dissentire da questo tipo di uguaglianza , che avviene con criteri di ugualitarismo assolutamente dannosi per lo stesso principio di uguaglianza !"}
{"sentidx":92373,"lemma":"uguaglianza","token":"uguaglianza","start":29,"end":40,"sent":"Mi riferisco al principio di uguaglianza ."}
{"sentidx":133694,"lemma":"uguaglianza","token":"uguaglianza","start":41,"end":52,"sent":"Quando mai abbiamo letto il principio di uguaglianza come trattamento uniforme di ogni situazione che il diritto debba regolare ?"}
{"sentidx":130549,"lemma":"uguaglianza","token":"uguaglianza","start":104,"end":115,"sent":"Signor Presidente noi abbiamo ritenuto un grosso errore il richiamo del Presidente della Repubblica all uguaglianza di trattamento : ce stato un grosso equivoco ."}
{"sentidx":133665,"lemma":"uguaglianza","token":"uguaglianza","start":62,"end":73,"sent":"Questa osservazione consente anche di capire perche l idea di uguaglianza , che e poi diventata principio costituzionale , si e consolidata via via in corrispondenza della maggior forza e della maggiore indipendenza acquisite dai parlamenti ."}
{"sentidx":104849,"lemma":"uguaglianza","token":"uguaglianza","start":107,"end":118,"sent":"Mi rendo perfettamente conto , onorevole Pizzinato che cio puo contrastare e contrasta con il principio di uguaglianza in relazione a situazioni simili per le quali occorrono risposte diverse ."}
{"sentidx":149018,"lemma":"uguaglianza","token":"uguaglianza","start":243,"end":254,"sent":"Lo abbiamo fatto nell ' approvazione della legge sulla propaganda elettorale , che contiene norme rilevanti in tema di moralizzazione delle competizioni elettorali e di parita di accesso ai mezzi di informazione , e quindi di correttezza e di uguaglianza della competizione democratica ."}
{"sentidx":32470,"lemma":"uguaglianza","token":"uguaglianza","start":65,"end":76,"sent":"Il desiderio di punizione dei corrotti ed una marcata istanza di uguaglianza costituiscono una potente molla che puo aiutarci a raggiungere un tale livello ."}
{"sentidx":77576,"lemma":"uguaglianza","token":"uguaglianza","start":73,"end":84,"sent":"E uno dei principi fondamentali in democrazia e certamente quello dell ' uguaglianza ."}
{"sentidx":133697,"lemma":"uguaglianza","token":"uguaglianza","start":404,"end":415,"sent":"Voglio altresi ricordare che questo assioma trova larga applicazione non solo nell ' intero campo della regolazione delle relazioni intersoggettive , nonche collettive e sociali , ma trova particolare applicazione ( il relatore sara sensibile a tale discorso , essendo un illustre magistrato prima che un apprezzato collega in questo Parlamento questa lettura , che el ' unica possibile del principio di uguaglianza , proprio in rapporto alla legge del giusto processo , al principio del giusto procedimento ."}
{"sentidx":77586,"lemma":"uguaglianza","token":"uguaglianza","start":27,"end":38,"sent":"Quindi il principio dell ' uguaglianza per essere applicato e rispettato deve consentire ai diversi cittadini che si trovano in particolari condizioni e situazioni sociali , economiche e in questo caso , anche geografiche , di esercitare direttamente il loro diritto al voto ."}
{"sentidx":92404,"lemma":"uguaglianza","token":"uguaglianza","start":57,"end":68,"sent":"Non sarebbe anche in questo caso violato il principio di uguaglianza ?"}
{"sentidx":120578,"lemma":"uguaglianza","token":"uguaglianza","start":303,"end":314,"sent":"Fatto sta che oggi per rispettare l accordo politico - parlamentare soprattutto con il Movimento sociale italiano - destra nazionale , dobbiamo infliggere una ferita alle nostre norme costituzionali , per cui viene meno il concetto fondamentale di rappresentanza e si modifica anche il principio dell ' uguaglianza del diritto di voto di tutti i cittadini ."}
{"sentidx":150492,"lemma":"uguaglianza","token":"uguaglianza","start":157,"end":168,"sent":"Si tratta di considerare quale sia attualmente il punto in cui si deve stabilire l equilibrio tra la tutela delle prerogative parlamentari e il principio di uguaglianza ."}
{"sentidx":140265,"lemma":"uguaglianza","token":"uguaglianza","start":330,"end":341,"sent":"Credo chela politica delle quote possa avere avuto in qualche raro caso valide ragioni per essere applicata , ma se essa diventa poi lo strumento essenziale per la realizzazione di un ' uguaglianza fittizia , perche costruita esclusivamente sulla base di leggi che determinano posizioni di privilegio , ritengo che questo tipo di uguaglianza non faccia crescere ne coloro che ne sono direttamente i destinatari , ne coloro ai danni dei quali teoricamente tali posizioni di privilegio vengono ad essere assunte ."}
{"sentidx":140265,"lemma":"uguaglianza","token":"uguaglianza","start":186,"end":197,"sent":"Credo chela politica delle quote possa avere avuto in qualche raro caso valide ragioni per essere applicata , ma se essa diventa poi lo strumento essenziale per la realizzazione di un ' uguaglianza fittizia , perche costruita esclusivamente sulla base di leggi che determinano posizioni di privilegio , ritengo che questo tipo di uguaglianza non faccia crescere ne coloro che ne sono direttamente i destinatari , ne coloro ai danni dei quali teoricamente tali posizioni di privilegio vengono ad essere assunte ."}
{"sentidx":395,"lemma":"uguaglianza","token":"uguaglianza","start":456,"end":467,"sent":"Proprio perche ritengo assai pericoloso per la tenuta del nostro ordinamento democratico questo sistema di corruzione che emerge dalle carte mandate dai giudici di Milano ma anche da cio che leggiamo e che ci appare drammaticamente nella cronaca quotidiana , proprio perche ho piena coscienza della profondita e della gravita di tale sistema , credo sia importante che in questa sede noi riaffermiamo con grande forza due principi fondamentali , quello di uguaglianza e quello di unita della giurisdizione La stragrande maggioranza della gente ci chiede che il principio di uguaglianza venga riaffermato , abolendo qualsiasi privilegio e protezione che derivi dall ' esercizio delle funzioni parlamentari e che non sia per tale esercizio assolutamente e rigorosamente indispensabile ."}
{"sentidx":395,"lemma":"uguaglianza","token":"uguaglianza","start":574,"end":585,"sent":"Proprio perche ritengo assai pericoloso per la tenuta del nostro ordinamento democratico questo sistema di corruzione che emerge dalle carte mandate dai giudici di Milano ma anche da cio che leggiamo e che ci appare drammaticamente nella cronaca quotidiana , proprio perche ho piena coscienza della profondita e della gravita di tale sistema , credo sia importante che in questa sede noi riaffermiamo con grande forza due principi fondamentali , quello di uguaglianza e quello di unita della giurisdizione La stragrande maggioranza della gente ci chiede che il principio di uguaglianza venga riaffermato , abolendo qualsiasi privilegio e protezione che derivi dall ' esercizio delle funzioni parlamentari e che non sia per tale esercizio assolutamente e rigorosamente indispensabile ."}
{"sentidx":59748,"lemma":"uguaglianza","token":"uguaglianza","start":292,"end":303,"sent":"Nell interpellanza si chiede , inoltre , di conoscere l attivita svolta in materia rispettivamente dalla commissione nazionale per la parita tra uomo e donna , costituita presso la Presidenza del Consiglio e dal comitato nazionale per l attuazione del principio di parita di trattamento e di uguaglianza , quindi di pari opportunita , tra lavoratori e lavoratrici ."}
{"sentidx":115904,"lemma":"uguaglianza","token":"uguaglianza","start":53,"end":64,"sent":"Cio significa che tra le diverse regioni non vi sara uguaglianza impositiva sotto il profilo dell ' impiego di risorse per fare fronte alle necessita sanitarie dei cittadini ."}
{"sentidx":150487,"lemma":"uguaglianza","token":"uguaglianza","start":61,"end":72,"sent":"Vorrei innanzitutto rilevare che il richiamo al principio di uguaglianza ed alla sua evoluzione nell ' equilibrio costituzionale , con riferimento allo sviluppo dell ' ordinamento giuridico e alla coscienza collettiva , non ha niente a che fare lo dico al collega Taradash con la giustizia di piazza ."}
{"sentidx":121753,"lemma":"uguaglianza","token":"uguaglianza","start":31,"end":42,"sent":"Mi riferisco all ' esigenza di uguaglianza di tutti i cittadini di fronte alla legge e all esigenza di una particolare tutela dei cittadini deputati , in quanto espressione della sovranita popolare ."}
{"sentidx":82790,"lemma":"uguaglianza","token":"uguaglianza","start":45,"end":56,"sent":"Si mira quindi a cancellare quei principi di uguaglianza , di liberta e di unita dei lavoratori che sono stati parte integrante della nostra storia democratica ."}
{"sentidx":133692,"lemma":"uguaglianza","token":"uguaglianza","start":238,"end":249,"sent":"Non voglio ricordare un classico della nostra dottrina che il Presidente annovera tra i suoi precedenti culturali : Vittorio Emanuele Orlando ha dimostrato che il concetto stesso di prerogativa non solo non e un eccezione al principio di uguaglianza , ma anzi el ' applicazione di tale principio ."}
{"sentidx":73623,"lemma":"uguaglianza","token":"uguaglianza","start":111,"end":122,"sent":"La valutazione pratica attiene ad un fatto specifico , ma attiene anche al fatto che non possiamo richiedere l uguaglianza dell ' ingiustizia ."}
{"sentidx":75831,"lemma":"uguaglianza","token":"uguaglianza","start":209,"end":220,"sent":"E stato detto inoltre molto bene , in particolare dal Vicepresidente Labriola ieri sera nel suo intervento , ma anche altri colleghi lo hanno sottolineato , che si deve rispettare con fermezza il principio di uguaglianza ."}
{"sentidx":51213,"lemma":"uguaglianza","token":"uguaglianza","start":171,"end":182,"sent":"C e il principio dell ' autonomia e dell indipendenza della magistratura nei confronti di una garanzia del parlamentare , e non del Parlamento che rompe quel principio di uguaglianza ."}
{"sentidx":75858,"lemma":"uguaglianza","token":"uguaglianza","start":35,"end":46,"sent":"In secondo luogo , il principio di uguaglianza di tutti i cittadini viene piu fortemente affermato ; in terzo luogo , il diritto al processo del cittadino parlamentare viene garantito ."}
{"sentidx":92504,"lemma":"uguaglianza","token":"uguaglianza","start":34,"end":45,"sent":"Ed io mi richiamo al principio di uguaglianza perche i parlamentari siano considerati almeno uguali ai capi di stato esteri , agli ambasciatori , ai cardinali che vengono in Italia la cui liberta di comunicazione e di relazione con tutti e protetta da norme internazionali ."}
{"sentidx":123880,"lemma":"uguaglianza","token":"uguaglianza","start":444,"end":455,"sent":": \u00ab Come in altra occasione questa Corte suprema ha avuto modo di ribadire , la ricerca della cosiddetta raccomandazione anche tra organi pubblici e profondamente radicata nel costume , tanto da apparire agli occhi dei piu come uno strumento indispensabile per ottenere non soltanto cio di cui si ha diritto ma anche per restituire accettabile funzionalita a strutture pubbliche inefficienti ed anche per realizzare una condizione di effettiva uguaglianza tra piu aspiranti ad un medesimo servizio ."}
{"sentidx":51224,"lemma":"uguaglianza","token":"uguaglianza","start":107,"end":118,"sent":"Questo un pomi preoccupa : una valutazione politica di fronte ad un principio solenne come il principio di uguaglianza significa decidere oggi che tale principio va affermato fino in fondo , fin dove ."}
{"sentidx":85259,"lemma":"uguaglianza","token":"uguaglianza","start":301,"end":312,"sent":"Si afferma ( lo abbiamo sottolineato ieri nella nostra questione pregiudiziale ) che quel principio vale solo per alcuni cittadini , vale solo per alcuni reati , vale solo per combattere la criminalita organizzata : non si tratta , allora , di una rinuncia profonda al principio costituzionale dell ' uguaglianza di tutti i cittadini e del loro diritto ad essere sottoposti a procedimento penale sulla base delle stesse norme ?"}
{"sentidx":32475,"lemma":"uguaglianza","token":"uguaglianza","start":48,"end":59,"sent":"Mi pare anche di grande importanza l istanza di uguaglianza che proviene dal paese ."}
{"sentidx":51212,"lemma":"uguaglianza","token":"uguaglianza","start":69,"end":80,"sent":"Sono valori che sono stati messi in discussione : ce il principio di uguaglianza contro una prerogativa che appare oggi , nel diritto vivente un privilegio ."}
{"sentidx":150022,"lemma":"uguaglianza","token":"uguaglianza","start":66,"end":77,"sent":"Ma questo el ' unico limite di carattere assoluto al principio di uguaglianza ."}
{"sentidx":32426,"lemma":"uguaglianza","token":"uguaglianza","start":160,"end":171,"sent":"La magistratura potra indagare liberamente nei confronti dei cittadini , senza alcun impaccio : ritengo che cio sia un vantaggio , non solo per il principio di uguaglianza , ma anche per gli stessi parlamentari ."}
{"sentidx":63100,"lemma":"uguaglianza","token":"uguaglianza","start":244,"end":255,"sent":"In quella sede , infatti , sono stati espressi concetti aspri , in particolare dal collega Galasso Gia allora avevamo sentito esaltare un principio che io non condivido , e cioe che l unico valore da tutelare nella nostra discussione sarebbe l uguaglianza dei cittadini ."}
{"sentidx":141566,"lemma":"uguaglianza","token":"uguaglianza","start":70,"end":81,"sent":"Negli ultimi cinquant anni abbiamo realizzato crescenti condizioni di uguaglianza nella societa , abbiamo affrontato l edificio della Costituzione repubblicana edificando le parti che non erano state costruite , abbiamo dato ai rinnovatori e ai crociati del futuro lo strumento del referendum ."}
{"sentidx":79119,"lemma":"uguaglianza","token":"uguaglianza","start":2,"end":13,"sent":"L uguaglianza ai punti di partenza , nella vita sociale come in quella politica , deve essere un principio base ; tutti debbono avere la possibilita di concorrere ad armi pari per ottenere il suffragio degli elettori ."}
{"sentidx":442,"lemma":"uguaglianza","token":"uguaglianza","start":378,"end":389,"sent":"E vero che da questo punto di vista si puo osservare che la concessione oil diniego dell ' autorizzazione a procedere e una prerogativa che spetta al Parlamento perla salvaguardia di una funzione istituzionale e che non puo essere rimessa al consenso dell ' imputato ; ma e anche vero che in questo caso il suo consenso rappresenta una garanzia di applicazione del principio di uguaglianza e al tempo stesso dell ' attuazione del diritto di difesa ."}
{"sentidx":121804,"lemma":"uguaglianza","token":"uguaglianza","start":59,"end":70,"sent":"In quest ' ultima ipotesi parrebbe violato il principio di uguaglianza costituzionalmente sancito , in considerazione del fatto che la situazione penalmente rilevante e appunto antecedente all ' acquisizione dello status di parlamentare ."}
{"sentidx":12851,"lemma":"uguaglianza","token":"uguaglianza","start":71,"end":82,"sent":"Non si puo creare all ' interno delle carceri una situazione di iniqua uguaglianza fra detenuti condannati per gli stessi reati che da anni stanno percorrendo una strada che li ha divisi gli uni dagli altri ."}
{"sentidx":114890,"lemma":"uguaglianza","token":"uguaglianza","start":2,"end":13,"sent":"L uguaglianza , la dignita delle persone , la qualita della vita sono condizionate dall ' economia , dalle forze produttive ."}
{"sentidx":114922,"lemma":"uguaglianza","token":"uguaglianza","start":145,"end":156,"sent":"Sappiate che forse stiamo preparando la societa dei barbari , ma che la state preparando voi perche non garantite il diritto , la giustizia el ' uguaglianza ."}
{"sentidx":4912,"lemma":"uguaglianza","token":"uguaglianza","start":91,"end":102,"sent":"Si po ne infatti un p rob lema di diritto costi costituzionale se pensiamo al principio di uguaglianza sanci to dalla nos tra Car ta costituzionale ."}
{"sentidx":133401,"lemma":"uguaglianza","token":"uguaglianza","start":82,"end":93,"sent":"Essa ci chiama al dovere di rivedere il testo della Costituzione nel senso dell ' uguaglianza dei cittadini di fronte alla legge , e cio anche per una forma di autodifesa e di tutela della dignita del Parlamento e dei parlamentari ."}
{"sentidx":121879,"lemma":"uguaglianza","token":"uguaglianza","start":187,"end":198,"sent":"Il problema fondamentale e costituito dalla compatibilita , come giustamente rilevato dal collega Berselli tra questo el ' articolo 3 della Costituzione quella di attuare il principio di uguaglianza anche e soprattutto di fronte alla legge penale e una necessita che spiega la forte pressione popolare ."}
{"sentidx":112148,"lemma":"uguaglianza","token":"uguaglianza","start":154,"end":165,"sent":"Esse dovranno essere tali , co me e persino superfluo sottolineare , da garanti re il rispetto dei principi costituzionali in ma te r i adi personalita , uguaglianza , liberta e segretezza del voto ."}
{"sentidx":31633,"lemma":"uguaglianza","token":"uguaglianza","start":54,"end":65,"sent":"Pone inoltre dei limiti , per ottenere un ' ipotetica uguaglianza nei punti di partenza ( che naturalmente non sara mantenuta nei punti di arrivo ) ."}
{"sentidx":92326,"lemma":"uguaglianza","token":"uguaglianza","start":25,"end":36,"sent":"Ma dopo aver affermato l uguaglianza , il processo che deve svolgersi nei confronti dei parlamentari viene configurato , costruito , come un processo senza gambe ne braccia , che non puo far ricorso a perquisizioni , ad intercettazioni , anche ambientali , ne a sequestri ; un processo , cioe , privo di tutti gli strumenti di indagine meno vecchi , obsoleti ."}
{"sentidx":123496,"lemma":"uguaglianza","token":"uguaglianza","start":493,"end":504,"sent":"Signor Presidente onorevoli colleghi , faccio parte della Giunta perle autorizzazioni a procedere e posso dire , con sincerita e senza vanto , che sono felice del taglio che abbiamo dato ai nostri lavori e del senso delle nostre decisioni ( sottoposte , peraltro , al supremo e superiore vaglio dell ' Assemblea decisioni che corrispondono alla nostra impostazione , che non e di tutela corporativa , ma di valorizzazione ed acquisizione , in ima visione proiettiva del principio sacro dell ' uguaglianza del cittadino di fronte alla legge ."}
{"sentidx":14578,"lemma":"uguaglianza","token":"uguaglianza","start":171,"end":182,"sent":"Per quanto riguarda , ad esempio , il giudizio abbreviato , che rappresenta un elemento molto importante del nuovo codice , per far si che venga garantito il principio di uguaglianza si deve consentire che l istituto diventi realmente accessibile a tutti gli imputati , contemperando la liberta del pubblico ministero nelle indagini appunto con il diritto di accesso dell ' imputato al rito abbreviato ."}
{"sentidx":32551,"lemma":"uguaglianza","token":"uguaglianza","start":117,"end":128,"sent":"Questa nostra scelta e insieme una rinuncia a quello che e finito per diventare un privilegio , un ' affermazione di uguaglianza , una sfida alla magistratura e una sfida a noi stessi chiamati , in quanto legislatori , a rendere la giustizia piu giusta ."}
{"sentidx":449,"lemma":"uguaglianza","token":"uguaglianza","start":242,"end":253,"sent":"E questa la ragione per la quale il nostro gruppo risponde alle osservazioni formulate dal collega Mauro Paissan in ordine ad una esigenza di ripensamento a questo livello di riflessione , cioe al livello in cui si incontrano il principio di uguaglianza , quello di unita della giurisdizione el ' estensione del sistema delle garanzie nel processo penale ."}
{"sentidx":92470,"lemma":"uguaglianza","token":"uguaglianza","start":277,"end":288,"sent":"Se approveremo l emendamento sottoposto alla nostra attenzione dall ' onorevole Gerardo Bianco introdurremo una norma costituzionale che non so fino a che punto sia in consonanza con lo stesso articolo 3 della Costituzione Parliamo continuamente della necessita di garantire l uguaglianza di tutti i cittadini , ma in questo caso finiremmo per assicurare un ingiusto ed incomprensibile privilegio e al parlamentare , che si troverebbe in una situazione di grandissimo favore rispetto alla totalita dei cittadini , i quali possono essere tranquillamente fatti oggetto di intercettazioni telefoniche e ambientali e di sequestro di corrispondenza ."}
{"sentidx":112130,"lemma":"uguaglianza","token":"uguaglianza","start":195,"end":206,"sent":"Quest i ultimi sono tali se sono riconosciuti e garanti ti a tut ti e sen e sono riconosciute le condizioni e le caratteristi ter is t iche fondamentali che sono quelle della personalita , del l uguaglianza , della liberta e della segretezza ."}
{"sentidx":142977,"lemma":"uguaglianza","token":"uguaglianza","start":429,"end":440,"sent":"Tale materia e in generale delicata perche si ha a che fare con il principio costituzionale della segretezza del voto , quindi va sempre trattata in punta di penna , in modo adeguato e bilanciando esigenze diverse , tenendo conto dei criteri costituzionali e soprattutto di quel principio , introdotto dalla Corte costituzionale come principio di giurisprudenza costituzionale ormai fondamentale nella valutazione del diritto di uguaglianza , che e il criterio di ragionevolezza ."}
{"sentidx":107117,"lemma":"uguaglianza","token":"uguaglianza","start":66,"end":77,"sent":"La revisione o l abolizione dell ' articolo 68 in funzione dell ' uguaglianza tra tutti i cittadini sancita dal rispetto assoluto della sovranita popolare e solo un altra manovra per mantenere le differenze tra cittadini eccellenti e peones nell ' esercizio della loro funzione di deputati e senatori oper placare l opposizione e consentire alla nomenklatura di continuare a prevalere come prima e peggio di prima ?"}
{"sentidx":121704,"lemma":"uguaglianza","token":"uguaglianza","start":26,"end":37,"sent":"La deroga al principio di uguaglianza che esso comporta si giustifica infatti solo come garanzia del libero ed ordinato svolgimento delle funzioni parlamentari e solo di riflesso ed in via mediata , esso si ripercuote sull ' accrescimento della sfera di liberta del singolo ."}
{"sentidx":136614,"lemma":"uguaglianza","token":"uguaglianza","start":137,"end":148,"sent":"Ebbene le supreme istituzioni della Repubblica non il Parlamento ma altre istituzioni della Repubblica hanno creato degli ostacoli all ' uguaglianza dei cittadini di fronte alla legge ."}
{"sentidx":92739,"lemma":"uguaglianza","token":"uguaglianza","start":228,"end":239,"sent":"Il ministro Conso ascoltato al Senato sia come ministro sia come autorevole costituzionalista , ha dichiarato che \u00ab la sostanziale equiparazione tra i parlamentari ed i comuni cittadini , conforme al principio costituzionale di uguaglianza , tollera esclusivamente quelle eccezioni che afferiscono in modo rigoroso alla liberta personale in senso stretto ."}
{"sentidx":63103,"lemma":"uguaglianza","token":"uguaglianza","start":61,"end":72,"sent":"In particolare , nel caso in questione , sono almeno due : l uguaglianza dei cittadini di fronte alla legge , certo , ma anche le condizioni di esercizio della democrazia ."}
{"sentidx":91072,"lemma":"uguaglianza","token":"uguaglianze","start":504,"end":515,"sent":"Abbiamo sentito , ad esempio , il collega Magri difendere il sistema postfascista , dichiarando che in realta esso era nato contro il fascismo , in contrapposizione con la tesi \u2014 che invece condivido \u2014 del Presidente del Consiglio secondo la quale dal fascismo , contro la Costituzione il nostro sistema politico aveva ereditato un sistema di partito - Stato che tendeva ad ingabbiare la societa , a trasformarla secondo astrazioni ea non favorire la trasformazione ela crescita delle differenze e delle uguaglianze all ' interno della societa medesima ."}
{"sentidx":411,"lemma":"uguaglianza","token":"uguaglianza","start":308,"end":319,"sent":"Credo che l articolo 68 debba essere ora non superato , ma interpretato in maniera parzialmente diversa da quella proposta in questa sede proprio perche non soltanto la coscienza collettiva alla quale ho fatto riferimento e fortemente mutata , nel senso dell ' effettivita dell ' estensione dei principio di uguaglianza , ma anche perche un nuovo ordinamento processuale penale , che mi auguro vivamente rimanga intatto nello spirito e nella pratica , ha ampliato notevolmente , come era giusto , le garanzie nei confronti di tutti i cittadini , con particolare riguardo alle misure restrittive della liberta personale ."}
{"sentidx":24031,"lemma":"uguaglianza","token":"uguaglianza","start":238,"end":249,"sent":"Nasce su una legge , signor Presidente dei profitti di regime e soprattutto su una legge dell ' epurazione ; legge sui profitti di regime che non si vuol rifare oggi per dare atto che almeno sotto quel profilo ci si ispira al criterio di uguaglianza ; su una legge di epurazione , signor Presidente che colpiva non per quello che uno aveva fatto ma per quello che uno era stato in relazione al grado che aveva coperto , quindi negando quel principio fondamentale della responsabilita personale che e principio tipico , fondamentale , discriminante dello Stato di diritto e degli altri tipi di Stato vedi lo Stato etico ) ."}
{"sentidx":77624,"lemma":"uguaglianza","token":"uguaglianza","start":103,"end":114,"sent":"Anche a tale proposito avevamo formulato una proposta positiva , incentivante di questa imposizione di uguaglianza tra i candidati alla rappresentanza ."}
{"sentidx":135096,"lemma":"uguaglianza","token":"uguaglianza","start":520,"end":531,"sent":"E vero infatti che oggi chi e imputato \u2014 sottolineo il termine imputato \u2014 di determinati reati ha meno diritti degli altri : mi riferisco alla questione della confisca dei beni , ma anche alle limitazioni cui sono soggetti sia l imputato sia il condannato , a seconda dei reati , in palese violazione della Costituzione Sollevare questioni di legittimita costituzionale e molto facile , perche nella Carta fondamentale vi sono norme , generali ma fondamentali , che si potrebbero invocare tutti i giorni : quella sull ' uguaglianza tra i cittadini , ad esempio , e violata quotidianamente da una serie di disposizioni , cosi come quella sulla presunzione di non colpevolezza ."}
{"sentidx":140277,"lemma":"uguaglianza","token":"uguaglianza","start":34,"end":45,"sent":"Ma cio significa negare la famosa uguaglianza o comunque pensare di non riuscire nell ' intento , sminuendo cosi la capacita delle donne ( Applausi del deputato Tassi Imponendo criteri di tal tipo si ottiene quindi l effetto opposto : quello di sottolineare i distinguo tra i due sessi che non dovrebbero sussistere ."}
{"sentidx":76129,"lemma":"uguaglianza","token":"uguaglianza","start":117,"end":128,"sent":"Si tratta di un aspetto grave , a nostro avviso in contraddizione con altri principi costituzionali che sanciscono l uguaglianza dei cittadini , principi fondamentali che regolano la nostra Costituzione Su tale questione invitiamo dunque a riflettere anche i gruppi di maggioranza che si riconoscono nella proposta di legge illustrata in quest ' aula dall ' onorevole Casini e che possono , da qui alle prossime ore , quando si svolgeranno le votazioni , valutare le nostre osservazioni ."}
{"sentidx":112261,"lemma":"uguaglianza","token":"uguaglianza","start":66,"end":77,"sent":"Capiamo bene perche no n possa essere previsto il requisito del l uguaglianza ( abbiamo gia mot ivato pe r quali ragioni , a nos tro giudizio , la circoscrizione es tera compromette il principio del l uguaglianza dei cittadini rispetto al voto ) , ma il fatto che no n sia previsto di rego lamentare e garanti re la personali ta del voto pe r le circoscrizioni estere e molto grave ."}
{"sentidx":112261,"lemma":"uguaglianza","token":"uguaglianza","start":201,"end":212,"sent":"Capiamo bene perche no n possa essere previsto il requisito del l uguaglianza ( abbiamo gia mot ivato pe r quali ragioni , a nos tro giudizio , la circoscrizione es tera compromette il principio del l uguaglianza dei cittadini rispetto al voto ) , ma il fatto che no n sia previsto di rego lamentare e garanti re la personali ta del voto pe r le circoscrizioni estere e molto grave ."}
{"sentidx":150023,"lemma":"uguaglianza","token":"uguaglianza","start":400,"end":411,"sent":"Giustamente il legislatore costituzionale ha ritenuto che la funzione parlamentare sia talmente assorbente , talmente delicata , che tutto cio che in essa viene ricompreso direttamente \u2014 le opinioni espresse ei voti dati nell ' espletamento della funzione medesima \u2014 non possa essere in alcun modo sindacato e che quindi , in questo caso , si legittimi anche una violazione del principio generale di uguaglianza sancito dall ' articolo 3 Ma quando ha disciplinato l ipotesi generale di attivita investigativa giurisdizionale nei confronti del parlamentare , si e limitato a richiedere una forma di autorizzazione preventiva e quindi , un esame preventivo ."}
{"sentidx":50998,"lemma":"uguaglianza","token":"uguaglianza","start":261,"end":272,"sent":"Vorrei sottolinearlo perche in esso si affaccia una concezione , che viene poi pienamente realizzata nel terzo capoverso , diretta a salvaguardare non il buon andamento dei lavori parlamentari \u2014 che el ' unico principio che puo controbilanciare il principio di uguaglianza \u2014 bensi la posizione personale del parlamentare , che e cosa diversa , rispetto al presunto intento persecutorio che , peraltro , come abbiamo gia registrato nelle prime fasi di lavoro della Giunta e praticamente inesistente nella stragrande maggioranza delle richieste di autorizzazione a procedere ."}
{"sentidx":77580,"lemma":"uguaglianza","token":"uguaglianza","start":82,"end":93,"sent":"Direi quindi che e abbastanza pesantemente violato il diritto di uguaglianza , se uguaglianza vuol dire rispetto doveroso delle diversita ; infatti , perche ci sia vera uguaglianza , va tenuto conto delle doverose diversita ."}
{"sentidx":77580,"lemma":"uguaglianza","token":"uguaglianza","start":65,"end":76,"sent":"Direi quindi che e abbastanza pesantemente violato il diritto di uguaglianza , se uguaglianza vuol dire rispetto doveroso delle diversita ; infatti , perche ci sia vera uguaglianza , va tenuto conto delle doverose diversita ."}
{"sentidx":77580,"lemma":"uguaglianza","token":"uguaglianza","start":169,"end":180,"sent":"Direi quindi che e abbastanza pesantemente violato il diritto di uguaglianza , se uguaglianza vuol dire rispetto doveroso delle diversita ; infatti , perche ci sia vera uguaglianza , va tenuto conto delle doverose diversita ."}
{"sentidx":130858,"lemma":"uguaglianza","token":"uguaglianza","start":458,"end":469,"sent":"Ma nella nostra pregiudiziale di costituzionalita , onorevole Presidente noi facciamo un altro rilievo , quello relativo all ' ultima parte dell ' articolo 72 della Costituzione H decreto al nostro esame per la conversione in legge , infatti , e contrario intanto ai principi stabiliti dall ' articolo 77 relativamente ai requisiti di straordinaria necessita ed urgenza ed ai principi generali della Costituzione che riguardano la par roco dei cittadini , l uguaglianza dei loro diritti , la necessita del rispetto delle aspettative , anzi degli interessi legittimi , anzi dei diritti soggettivi dei cittadini medesimi , fra i quali vi sono i diritti elettorali , i diritti politici , i diritti civili ."}
{"sentidx":121771,"lemma":"uguaglianza","token":"uguaglianza","start":213,"end":224,"sent":"Se cosi fosse tali prerogative avrebbero il senso di un immotivato privilegio , contrastante con gli assunti costituzionali , primo fra tutti il dettato dell ' articolo 3 che sancisce il fondamentale principio di uguaglianza tra i cittadini ."}
{"sentidx":133641,"lemma":"uguaglianza","token":"uguaglianza","start":95,"end":106,"sent":"Ebbene onorevoli colleghi , preso nel mezzo del confronto fra questi due valori ( il valore di uguaglianza dei cittadini e quello della tutela dell ' Assemblea che sono fra i piu alti della tradizione della civilta giuridica della democrazia rappresentativa , il testo unificato della Commissione offre una risposta che non esito a definire una mezza risposta , che rende ineguale \u2014 mi si passi il termine \u2014 il parlamentare rispetto al cittadino non parlamentare e che per contro non sottrae l Assemblea alle oggettive possibilita di prevaricazione da parte dei poteri esterni e della stessa magistratura , che puo diventar essa stessa strumento , pur inconsapevole , di espropriazione della legittimita dell ' Assemblea E a mio mo do di vedere ima risposta di compromesso , timida , che sembra per un verso essere prigioniera e timorosa dei clamori di un ' epoca , dell ' opinione pubblica , che sottopone a un duro ed ' altronde giusto , giudizio il sistema dei partiti e con esso il sistema politico , e che per altro verso sembra incapace di trame la pur emotiva ma in ogni caso piu coerente conseguenza : l abbandono di ogni guarentigia del Parlamento e dei suoi membri ."}
{"sentidx":48141,"lemma":"uguaglianza","token":"uguaglianza","start":44,"end":55,"sent":"La violazione dei principi di legalita , di uguaglianza , di irretroattivita delle norme penali introdotte nel regime penitenziario e della norma sulla funzione rieducativa della pena ci inducono a invitare l Assemblea a votare a favore della nostra pregiudiziale di costituzionalita ( Applausi dei deputati del gruppo federalista europeo ) ."}
{"sentidx":115578,"lemma":"uguaglianza","token":"uguaglianza","start":166,"end":177,"sent":"Il disegno di legge interviene , in primo luogo , sul riordino della disciplina dei ticket e dei prelievi contributivi che dovra essere informata al principio dell ' uguaglianza di trattamento dei cittadini ."}
{"sentidx":140948,"lemma":"uguaglianza","token":"uguaglianza","start":113,"end":124,"sent":"Il rispett o della Costituzion ee un fatto morale , quanto men o sotto il profilo giuridico ; il rispetto dell ' uguaglianza de i cittadini e un fatto morale , quanto men o sotto il profilo giuridico ed etico ."}
{"sentidx":533,"lemma":"uguaglianza","token":"uguaglianza","start":161,"end":172,"sent":"Tuttavia trovo in tali argomentazioni un elemento con il quale non riesco a concordare compiutamente : esse sono svolte con un costante richiamo al principio di uguaglianza ."}
{"sentidx":120652,"lemma":"uguaglianza","token":"uguaglianza","start":293,"end":304,"sent":"Credo chela richiesta di non passare all ' esame del disegno di legge costituzionale n 2992 derivi dunque da un bisogno di ponderatezza e di riflessione e soprattutto , dall ' esigenza di non inquinare il dibattito in corso con una questione che pure e importante , direi fondamentale , per l uguaglianza dei cittadini , perche si tratta di mettere i cittadini italiani residenti all ' estero sullo stesso piano di quelli residenti in Italia Ma l impressione e che questa volta ci si trovi di fronte ad una sorta di trucco , ad una sorta di presa in giro non solo nei confronti degli emigrati , ma anche nei confronti del buonsenso del dibattito politico su una materia tanto delicata ("}
{"sentidx":106118,"lemma":"uguaglianza","token":"uguaglianza","start":116,"end":127,"sent":"Se la si fa invece a colpi di legge , con norme che vanno a tutelare non la competenza , non l intelligenza , non l uguaglianza vera e reale , che significa anche rispetto delle diversita , ma altro , noi perderemo una battaglia culturale e politica ."}
{"sentidx":92234,"lemma":"uguaglianza","token":"uguaglianza","start":244,"end":255,"sent":"Certo fino a questo momento abbiamo affermato essere prevalente , appunto , l esercizio della funzione sovrana , mentre ora sta avanzando \u2014 se volete anche in maniera giacobina , ma con notevole fondamento \u2014 l affermazione del principio dell ' uguaglianza di tutti davanti alla legge che , del resto , abbiamo scritto a grandi caratteri nella nostra Costituzione Queste sono considerazioni di carattere politico ."}
{"sentidx":5268,"lemma":"uguaglianza","token":"uguaglianza","start":224,"end":235,"sent":"F racer tela giostra delle del delinquenza organizzata straniera che noi rischiamo di apri re con questo provvedimento mi sembra pro solvendo sbagliata : e il frutto di tu t tele elaborazioni antigiuridiche , contrarie al l uguaglianza ed alla certezza del diritto , arzigogolate dai nostri ministeri , spesso con tro la volonta e senza la consapevolezza dei responsabili politici ."}
{"sentidx":32421,"lemma":"uguaglianza","token":"uguaglianza","start":386,"end":397,"sent":"Mi propongo , in primo luogo , di evidenziare le innovazioni rispetto al vigente articolo 68 sottolineandone il carattere incisivo ; in secondo luogo , di discutere talune riserve che ancora permangono ; infine , di esprimere una sintetica valutazione , con particolare riferimento al clima politico del momento ed alle richieste di trasparenza e di piena applicazione del principio di uguaglianza che vengono dalla societa ."}
{"sentidx":140276,"lemma":"uguaglianza","token":"uguaglianza","start":87,"end":98,"sent":"Lo spirito con il quale sono stati proposti mi pare sia quello di voler sottolineare l uguaglianza tra i sessi el ' importanza della presenza delle donne nelle istituzioni , richiedendo per altro talune garanzie ."}
{"sentidx":92396,"lemma":"uguaglianza","token":"uguaglianza","start":656,"end":667,"sent":"Infatti io non mi sono affatto annoiato , ma interessato assai nelTascoltare i miei illustri preopinanti , tutti contrari all ' emendamento presentato dal mio partito , tutti favorevoli a quella soppressione che mi trovo in minoranza in Commissione Allora mi sembra giusto che l Assemblea senta anche una voce , oltre quella del relatore , pure lui riconvertito come meda posizioni che erano piu estreme ( lui per la soppressione ed io per il mantenimento , ma la discussione serve , se Dio vuole , a questo ) , a difesa dell ' emendamento e di appoggio alla modifica apportata dal Senato al testo approvato dalla Camera Non si tratta di violazione dell ' uguaglianza , ma di stabilire con precisione estrema come si applichi questo principio fondamentale , ma anche misterioso nella sua essenza , all ' esercizio di funzioni , come la nostra , garantite costituzionalmente e preziose per il bene di tutti quegli elettori che costituiscono l opinione pubblica che oggi sembra contraria ed ostile a conservare una posizione particolare ai deputati ."}
{"sentidx":112149,"lemma":"uguaglianza","token":"uguaglianza","start":272,"end":283,"sent":"Posso convenire con il collega Mattarel la l ho gia fatto in Commiss ione che il richiamo in legge ord inar ia alle sole caratteristiche o requisiti della liberta e della segretezza no n possa far venire me no il riferimento costi costituzionale alla personal ita e all ' uguaglianza ."}
{"sentidx":133696,"lemma":"uguaglianza","token":"uguaglianza","start":16,"end":27,"sent":"Il principio di uguaglianza e un principio che ci e caro e fa parte delle nostre radici culturali , per cui a parita di condizioni vi e parita di trattamento , ma a disparita di condizioni non puo e non deve esservi parita di trattamento , perche cio significherebbe tradire il principio che dobbiamo difendere ."}
{"sentidx":133544,"lemma":"uguaglianza","token":"uguaglianza","start":139,"end":150,"sent":"H o sempre il dubbio , quando si affrontano tali argomenti , di trovarmi in mezzo ad un conflitto tra due valori ugualmente importanti : l uguaglianza di fronte alla legge di tutti i cittadini ela garanzia della funzione di parlamentare , necessaria per tutelare l integrita dell ' organo ."}
{"sentidx":64761,"lemma":"uguaglianza","token":"uguaglianza","start":198,"end":209,"sent":"Per tanto , e il diritto attivo di voto che prevale su qualunque altra considerazione , ela base della democrazia \u2014 cito ancora le Istituzioni di diritto pubblico di Lavagna si trova appunto nell ' uguaglianza sostanziale del voto ."}
{"sentidx":125546,"lemma":"uguaglianza","token":"uguaglianza","start":474,"end":485,"sent":"Mentre dell attuale ministro possiamo meravigliarci none affatto detto che possiamo meravigliarci delle strutture che permangono nell ' Agensud La nostra valutazione tutto sommato positiva del decreto - legge in esame e collegata alla forte richiesta , che rivolgiamo al signor ministro , che risulti chiaro ad ogni cittadino , sia a quanti devono ottenere agevolazioni per le loro attivita sia al personale dell ' Agensud che esistono condizioni di trasparenza e di totale uguaglianza per tutti ."}
