{"sentidx":99471,"lemma":"opposizione","token":"opposizione","start":76,"end":87,"sent":"Colleghi ho ascoltato alcuni interventi di autorevoli rappresentanti dell \u2019 opposizione ."}
{"sentidx":72565,"lemma":"opposizione","token":"opposizione","start":117,"end":128,"sent":"Ciononostante vorrei fare qualche puntualizzazione rispetto a quanto detto precedentemente da alcuni colleghi dell \u2019 opposizione ."}
{"sentidx":72119,"lemma":"opposizione","token":"opposizione","start":20,"end":31,"sent":"Credo che l odierna opposizione dovrebbe valutare favorevolmente alcune circostanze ."}
{"sentidx":108143,"lemma":"opposizione","token":"opposizione","start":85,"end":96,"sent":"Signor Presidente innanzitutto le proposte emendative presentate dai colleghi dell \u2019 opposizione hanno trovato poco ascolto ."}
{"sentidx":39493,"lemma":"opposizione","token":"opposizione","start":75,"end":86,"sent":"Stamattina il ministro Bersani ha definito gravissima e controproducente l opposizione del centrodestra ."}
{"sentidx":50017,"lemma":"opposizione","token":"opposizione","start":89,"end":100,"sent":"Lamenta altresi il carattere pretestuoso di talune affermazioni rese da esponenti dell \u2019 opposizione sulla situazione politica della maggioranza ."}
{"sentidx":87314,"lemma":"opposizione","token":"opposizione","start":25,"end":36,"sent":"Numerosi colleghi dell \u2019 opposizione hanno rilasciato alla stampa dichiarazioni totalmente insensate circa l esigenza del Governo di utilizzare lo strumento della fiducia su questo provvedimento di fondamentale importanza ."}
{"sentidx":48488,"lemma":"opposizione","token":"opposizione","start":145,"end":156,"sent":"Esprime soddisfazione per l approvazione del provvedimento in esame , sottolineando l atteggiamento costruttivo assunto dalle forze politiche di opposizione ."}
{"sentidx":103742,"lemma":"opposizione","token":"opposizione","start":127,"end":138,"sent":"D Pop Udeur Evidenziato il carattere sostanzialmente dilatorio oltre che demagogico degli interventi svolti da deputati dell \u2019 opposizione , giudica"}
{"sentidx":95192,"lemma":"opposizione","token":"opposizioni","start":64,"end":75,"sent":"Riproponiamo questo tema al confronto della maggioranza e delle opposizioni ."}
{"sentidx":7757,"lemma":"opposizione","token":"opposizione","start":68,"end":79,"sent":"Sembrerebbe una specie di interlocutorio derby all \u2019 interno dell \u2019 opposizione ."}
{"sentidx":106158,"lemma":"opposizione","token":"opposizione","start":64,"end":75,"sent":"Innanzitutto un problema riguarda i rapporti tra maggioranza ed opposizione ."}
{"sentidx":71515,"lemma":"opposizione","token":"opposizione","start":46,"end":57,"sent":"Ulivo Presidente della I Commissione Invita l opposizione a valutare positivamente la disponibilita del Governo a recepire una legittima istanza relativa al procedimento legislativo ."}
{"sentidx":119329,"lemma":"opposizione","token":"opposizione","start":94,"end":105,"sent":"Invita la Presidenza ad individuare soluzioni rispettose dei diritti della maggioranza e dell opposizione ."}
{"sentidx":106062,"lemma":"opposizione","token":"opposizione","start":103,"end":114,"sent":"Invita la Presidenza a garantire il pieno esercizio delle prerogative parlamentari dei deputati dell \u2019 opposizione ."}
{"sentidx":55030,"lemma":"opposizione","token":"opposizione","start":149,"end":160,"sent":"Credo che nell economia di questo dibattito gli interventi della maggioranza siano stati assolutamente irrilevanti , rispetto agli interventi dell \u2019 opposizione ."}
{"sentidx":118735,"lemma":"opposizione","token":"opposizione","start":128,"end":139,"sent":"Misto Pur esprimendo apprezzamento per le precisazioni del Presidente riferite alle perplessita manifestate dai deputati dell \u2019 opposizione ed alle conseguenti richieste di sospensione della seduta in attesa di conoscere le determinazioni del Governo ritiene che alla Camera debba essere consentito di vagliare la legittimita costituzionale anche del maxiemendamento che l Esecutivo si accinge presumibilmente a presentare ."}
{"sentidx":12477,"lemma":"opposizione","token":"opposizione","start":3,"end":14,"sent":"Di opposizione !"}
{"sentidx":85875,"lemma":"opposizione","token":"opposizione","start":63,"end":74,"sent":"Giudica retoriche le argomentazioni svolte dai deputati dell \u2019 opposizione sulla presunta volonta della maggioranza di non voler liberalizzare la gestione delle reti idriche ."}
{"sentidx":116926,"lemma":"opposizione","token":"opposizione","start":76,"end":87,"sent":"Pop Udeur Giudica contraddittorio l atteggiamento di taluni deputati dell \u2019 opposizione in materia di sicurezza stradale ."}
{"sentidx":7756,"lemma":"opposizione","token":"opposizione","start":84,"end":95,"sent":"Signor Presidente come vede non vie uno schieramento preconcetto di maggioranza odi opposizione ."}
{"sentidx":103777,"lemma":"opposizione","token":"opposizione","start":61,"end":72,"sent":"Nel condividere le considerazioni svolte dai deputati dell \u2019 opposizione , lamenta l assoluta indisponibilita della maggioranza a modificare il testo del provvedimento d urgenza in discussione ."}
{"sentidx":94096,"lemma":"opposizione","token":"opposizione","start":118,"end":129,"sent":"Infatti come prima conseguenza di questa contrapposizione abbastanza forte e decisa da parte della maggioranza e dell opposizione si produce un incremento degli emendamenti ."}
{"sentidx":83748,"lemma":"opposizione","token":"opposizione","start":64,"end":75,"sent":"Nel breve passaggio in Commissione deputati di maggioranza e di opposizione hanno sollevato questo problema ."}
{"sentidx":2870,"lemma":"opposizione","token":"opposizione","start":71,"end":82,"sent":"Dal momento della sua emanazione ad oggi , autorevoli esponenti dell \u2019 opposizione hanno denunciato la carenza di copertura finanziaria del provvedimento ."}
{"sentidx":102579,"lemma":"opposizione","token":"opposizione","start":41,"end":52,"sent":"Rigettiamo innanzitutto , l accusa che l opposizione abbia giocato un ruolo ostruzionistico su questo provvedimento ."}
{"sentidx":99765,"lemma":"opposizione","token":"opposizione","start":185,"end":196,"sent":"Giudicato ambiguo l atteggiamento assunto dal Governo e dalla maggioranza in tema di carte prepagate , lamenta l indisponibilita mostrata nei confronti delle proposte emendative dell \u2019 opposizione ."}
{"sentidx":67967,"lemma":"opposizione","token":"opposizione","start":2,"end":13,"sent":"L opposizione ha mosso a questa legge finanziaria sostanzialmente due critiche ."}
{"sentidx":69585,"lemma":"opposizione","token":"opposizione","start":47,"end":58,"sent":"Ulivo Lamenta che fin dalla giornata di ieri l opposizione ha assunto un atteggiamento evidentemente ostruzionistico , nonostante le intese informali intercorse tra i gruppi parlamentari ."}
{"sentidx":104172,"lemma":"opposizione","token":"opposizione","start":90,"end":101,"sent":"Invita infine il Comitato dei nove a valutare positivamente le proposte emendative dell \u2019 opposizione ."}
{"sentidx":52467,"lemma":"opposizione","token":"opposizione","start":119,"end":130,"sent":"Signor Presidente onorevoli colleghi , debbo anzitutto svolgere una premessa che attiene ai rapporti fra maggioranza e opposizione in un sistema parlamentare ."}
{"sentidx":39268,"lemma":"opposizione","token":"opposizione","start":43,"end":54,"sent":"D Sottolinea il positivo contributo dell \u2019 opposizione al miglioramento del provvedimento d urgenza in esame ."}
{"sentidx":28018,"lemma":"opposizione","token":"opposizione","start":139,"end":150,"sent":"Signor Presidente e importante spendere alcune parole nel momento in cui la maggioranza si appresta ad approvare questo emendamento dell \u2019 opposizione ."}
{"sentidx":115851,"lemma":"opposizione","token":"opposizioni","start":36,"end":47,"sent":"Signor Presidente e naturale che le opposizioni cerchino di strumentalizzare un errore tecnico intervenuto nel procedimento legislativo : e il loro mestiere ."}
{"sentidx":86982,"lemma":"opposizione","token":"opposizione","start":160,"end":171,"sent":"Nel corso del dibattito , proprio in questo spirito costruttivo , il Governo ela maggioranza hanno accolto numerose proposte emendative presentate dalla stessa opposizione ."}
{"sentidx":65194,"lemma":"opposizione","token":"opposizione","start":80,"end":91,"sent":"Questa azione di Governo assai difficile richiede un rapporto costruttivo con l opposizione ."}
{"sentidx":55029,"lemma":"opposizione","token":"opposizione","start":51,"end":62,"sent":"Spesso e volentieri sono proprio i colleghi dell \u2019 opposizione che chiedono alla maggioranza di intervenire ."}
{"sentidx":103773,"lemma":"opposizione","token":"opposizione","start":174,"end":185,"sent":"Ulivo Nel ritenere utile che il Governo fornisca risposta alla questione posta dal deputato Violante sottolinea il carattere strumentale degli interventi dei deputati dell \u2019 opposizione , volti ad ostacolare il buon andamento dei lavori parlamentari ."}
{"sentidx":60971,"lemma":"opposizione","token":"opposizione","start":2,"end":13,"sent":"L opposizione ha sollevato un problema di notevole delicatezza elei Presidente giustamente ha dato la possibilita di discutere ."}
{"sentidx":259,"lemma":"opposizione","token":"opposizione","start":28,"end":39,"sent":"Ritengo che il ruolo dell \u2019 opposizione possa essere svolto in maniera piu adeguata attraverso posizioni di merito comprensibili ."}
{"sentidx":69663,"lemma":"opposizione","token":"opposizione","start":69,"end":80,"sent":"IdV Lamenta l atteggiamento confuso e talvolta irresponsabile dell \u2019 opposizione , peraltro profondamente divisa al suo interno , su provvedimenti particolarmente delicati , come quello in esame ."}
{"sentidx":9438,"lemma":"opposizione","token":"opposizione","start":109,"end":120,"sent":"Signor Presidente ieri quando a presiedere l Assemblea era il Presidente Bertinotti da molti colleghi dell \u2019 opposizione e stato chiesto il motivo per cui il Governo fosse rappresentato esclusivamente dai sottosegretari ."}
{"sentidx":17686,"lemma":"opposizione","token":"opposizione","start":243,"end":254,"sent":"Ulivo Dichiara il voto favorevole del suo gruppo sul provvedimento in esame , volto a modernizzare il Paese mediante la semplificazione delle procedure amministrative ; esprime altresi apprezzamento per la disponibilita mostrata dai gruppi di opposizione ."}
{"sentidx":83618,"lemma":"opposizione","token":"opposizione","start":87,"end":98,"sent":"Signor Presidente credo che non si possa pensare che il senso di responsabilita dell \u2019 opposizione possa essere in qualche modo sostanzialmente compresso attraverso la posizione della questione di fiducia ."}
{"sentidx":4745,"lemma":"opposizione","token":"opposizione","start":114,"end":125,"sent":"Comunque ritengo vada accolto l invito del Presidente del Repubblica a valorizzare il confronto fra maggioranza e opposizione ."}
{"sentidx":34318,"lemma":"opposizione","token":"opposizione","start":136,"end":147,"sent":"Si rende altresi indispensabile la correttezza istituzionale tra Stato italiano e Unione europea , ed infine tra Governo maggioranza ed opposizione ."}
{"sentidx":90642,"lemma":"opposizione","token":"opposizioni","start":17,"end":28,"sent":"Mi auguro che le opposizioni vogliano esaminare anche questo problema ."}
{"sentidx":120104,"lemma":"opposizione","token":"opposizione","start":241,"end":252,"sent":"Parlando sull ordine deilavori , sottolineato l atteggiamento di stampo dilatorio ed ostruzionistico dei deputati della maggioranza , rileva che e ad essa imputabile la responsabilita della mancata apertura di un costruttivo confronto con l opposizione ."}
{"sentidx":112492,"lemma":"opposizione","token":"opposizione","start":372,"end":383,"sent":"Com It Nel manifestare un orientamento favorevole a provvedimenti di clemenza che possano compensare la legislazione di stampo eccessivamente repressivo varata nelle scorsa legislatura , dichiara l astensione del suo gruppo sulla proposta di legge in esame , che ritiene frutto di un patto scellerato trasversale alle diverse componenti politiche della maggioranza e dell opposizione ."}
{"sentidx":34824,"lemma":"opposizione","token":"opposizione","start":108,"end":119,"sent":"Misto Destra Stigmatizza la grave iniziativa assunta dalla magistratura nei confronti di un parlamentare di opposizione a fronte di affermazioni relative al ruolo dei senatori avita , riconducibili amera polemica politica ; ricorda peraltro che la medesima questione e stata oggetto di esternazioni da parte del Presidente della"}
{"sentidx":25853,"lemma":"opposizione","token":"opposizione","start":186,"end":197,"sent":"Signor presidente , colleghi , rappresentanti del Governo intervengo sul complesso degli emendamenti che sono stati presentati dal gruppo cui appartengo e anche da altri colleghi dell \u2019 opposizione ."}
{"sentidx":101256,"lemma":"opposizione","token":"opposizione","start":62,"end":73,"sent":"Ulivo Nel manifestare piena disponibilita ad instaurare con l opposizione un rapporto improntato al dialogo ed al confronto , in coerenza con quanto si evince dalle dichiarazioni programmatiche del Governo sottolinea la necessita di adottare adeguate misure a favore della capitale del"}
{"sentidx":53456,"lemma":"opposizione","token":"opposizione","start":55,"end":66,"sent":"Nel ritenere ingiusto imputare alle forze politiche di opposizione la responsabilita delle difficolta che hanno caratterizzato l iter del disegno di legge finanziaria , lamenta la reiterata presentazione di nuovi emendamenti da parte del Governo condivide , inoltre , l opportunita di semplificare la disciplina dei documenti di bilancio e della relativa sessione parlamentare ."}
{"sentidx":74079,"lemma":"opposizione","token":"opposizione","start":119,"end":130,"sent":"Sono convinto , infatti , che un allargamento del dibattito su questi temi dimostrerebbe il breve respiro della vostra opposizione nei confronti delle liberalizzazioni ."}
{"sentidx":30987,"lemma":"opposizione","token":"opposizione","start":233,"end":244,"sent":"Signor Presidente colleghi , i Comunisti Italiani voteranno a favore della legge finanziaria e questa occasione e utile per svolgere alcune considerazioni politiche all \u2019 interno della nostra maggioranza e rispetto al rapporto con l opposizione ."}
{"sentidx":85594,"lemma":"opposizione","token":"opposizione","start":85,"end":96,"sent":"Respingiamo quindi , le argomentazioni strumentali utilizzate da alcune parti dell \u2019 opposizione , ritenendo che la maggioranza non sia stata messa in discussione ."}
{"sentidx":9074,"lemma":"opposizione","token":"opposizione","start":98,"end":109,"sent":"Ulivo Sottolinea la grande disponibilita della maggioranza e del Governo verso le proposte dell \u2019 opposizione volte a produrre un miglioramento del testo ."}
{"sentidx":52063,"lemma":"opposizione","token":"opposizione","start":40,"end":51,"sent":"Probabilmente dal punto di vista dell \u2019 opposizione , non dovremmo intervenire ."}
{"sentidx":99947,"lemma":"opposizione","token":"opposizione","start":19,"end":30,"sent":"Naturalmente lamia opposizione non riguarda le liberalizzazioni , dal momento che considero il mercato , la concorrenza ela liberta economica elementi fondamentali per la crescita di una nazione ."}
{"sentidx":69792,"lemma":"opposizione","token":"opposizione","start":239,"end":250,"sent":"Quindi sinceramente , il richiamo ad una responsabilita dell \u2019 opposizione nel mantenere il numero legale e nel garantire il buon andamento dei lavori non deve essere considerato quale elemento fondamentale nel confronto tra maggioranza e opposizione ."}
{"sentidx":69792,"lemma":"opposizione","token":"opposizione","start":63,"end":74,"sent":"Quindi sinceramente , il richiamo ad una responsabilita dell \u2019 opposizione nel mantenere il numero legale e nel garantire il buon andamento dei lavori non deve essere considerato quale elemento fondamentale nel confronto tra maggioranza e opposizione ."}
{"sentidx":46286,"lemma":"opposizione","token":"opposizione","start":89,"end":100,"sent":"Si deve ricordare , altresi come nel corso delle ultime due legislature , maggioranza ed opposizione abbiano collaborato per valorizzare le professioni sanitarie non mediche ."}
{"sentidx":115701,"lemma":"opposizione","token":"opposizione","start":84,"end":95,"sent":"U Nel sottolineare la contraddittorieta delle posizioni assunte dai deputati dell \u2019 opposizione sul provvedimento d urgenza in materia di sicurezza , nonche sulla presunta inattivita della Camera per responsabilita del Governo e della maggioranza , ribadisce l intendimento della maggioranza di portare avanti l orientamento politico contenuto nel decreto - legge che non sara convertito in legge ."}
{"sentidx":69484,"lemma":"opposizione","token":"opposizione","start":23,"end":34,"sent":"Avremmo preferito fare opposizione ad un Governo forte ."}
{"sentidx":89807,"lemma":"opposizione","token":"opposizione","start":131,"end":142,"sent":"Signor Presidente Viceministro Bastico sottosegretario Modica onorevoli colleghi , malgrado quanto dichiarato dagli scranni dell \u2019 opposizione , desidero esprimere la mia soddisfazione sul provvedimento oggi al nostro esame : per me e un segno evidente di un impegno da parte di questo Governo sul delicato settore della pubblica istruzione ."}
{"sentidx":23555,"lemma":"opposizione","token":"opposizione","start":38,"end":49,"sent":"Lei parla della cifra politica dell \u2019 opposizione ."}
{"sentidx":79678,"lemma":"opposizione","token":"opposizione","start":36,"end":47,"sent":"Queste sono le ragioni della nostra opposizione ."}
{"sentidx":103786,"lemma":"opposizione","token":"opposizione","start":99,"end":110,"sent":"Misto MpA Nel ritenere che il Governo non intenda realmente instaurare un proficuo confronto con l opposizione , evidenzia il grave vulnus costituzionale rappresentato dalla posizione della questione di fiducia sul testo di un provvedimento d urgenza privo di copertura finanziaria ."}
{"sentidx":48632,"lemma":"opposizione","token":"opposizioni","start":222,"end":233,"sent":"Signor Presidente intervengo a titolo personale per esprimere soddisfazione per questa legge , ma soprattutto per sottolineare che in Assemblea stamattina il numero legale e stato garantito solo grazie alla presenza delle opposizioni , attese le assenze nei banchi della maggioranza ."}
{"sentidx":18004,"lemma":"opposizione","token":"opposizione","start":103,"end":114,"sent":"Abbiamo cercato di lavorare su questo aspetto attraverso alcuni emendamenti con alcuni colleghi dell \u2019 opposizione , ma sono stati respinti ."}
{"sentidx":26594,"lemma":"opposizione","token":"opposizione","start":88,"end":99,"sent":"Nel sottolineare che non vi e stato alcun atteggiamento ostruzionistico da parte dell \u2019 opposizione , ritiene opportuno non prendere parte alla votazione della questione di fiducia ."}
{"sentidx":97430,"lemma":"opposizione","token":"opposizione","start":77,"end":88,"sent":"Lamenta l indisponibilita del Governo al confronto con le forze politiche di opposizione ."}
{"sentidx":87528,"lemma":"opposizione","token":"opposizione","start":120,"end":131,"sent":"L ennesimo voto di fiducia richiesto da questo Governo al Parlamento none figlio di un atteggiamento pretestuoso dell \u2019 opposizione ."}
{"sentidx":104188,"lemma":"opposizione","token":"opposizione","start":54,"end":65,"sent":"Nel dibattito svoltasi in Commissione da parte dell \u2019 opposizione e stato ripetutamente posto l accento sulla lesione dell \u2019 autonomia regionale nel governo di tali dinamiche ."}
{"sentidx":43363,"lemma":"opposizione","token":"opposizione","start":112,"end":123,"sent":"IdV Parlando sull ordine dei lavori , lamenta l atteggiamento di stampo ostruzionistico assunto dai deputati di opposizione ."}
{"sentidx":81837,"lemma":"opposizione","token":"opposizione","start":113,"end":124,"sent":"Un uomo della sua esperienza politica sa bene che quel tono provocatorio significa qualcosa nei confronti dell \u2019 opposizione ."}
{"sentidx":85853,"lemma":"opposizione","token":"opposizione","start":140,"end":151,"sent":"Lamenta la scarsa attenzione prestata dalla maggioranza alle tematiche ambientali ed alle proposte formulate , in materia , dai deputati di opposizione ."}
{"sentidx":27675,"lemma":"opposizione","token":"opposizione","start":227,"end":238,"sent":"L emendamento in questione e assolutamente inutile e contraddittorio , come ha sottolineato prima la presidente Pinotti Esso tende a sminuire anche il lavoro fatto in Commissione in cui sie recepito parte della proposta dell \u2019 opposizione riguardo alle caratteristiche che debbono avere gli interventi ed il coinvolgimento delle esperienze e delle realta locali nei processi di cooperazione allo sviluppo ."}
{"sentidx":35023,"lemma":"opposizione","token":"opposizione","start":260,"end":271,"sent":"Giustamente la Viceministra Sentinelli ci ha ricordato che il nostro Ministro degli affari esteri in India ha avuto rassicurazioni dal Governo che nessun arma italiana verra utilizzata in Birmania dove sappiamo che e in corso una gravissima repressione dell \u2019 opposizione politica ."}
{"sentidx":67532,"lemma":"opposizione","token":"opposizioni","start":91,"end":102,"sent":"Tuttavia il diritto in parola non puo prescindere dal ruolo del Parlamento dal ruolo delle opposizioni e delle Commissioni parlamentari ."}
{"sentidx":9343,"lemma":"opposizione","token":"opposizione","start":385,"end":396,"sent":"Vorremmo richiamare l attenzione del ministro Visco e dei colleghi di Alleanza Nazionale su una questione che affrontiamo con questo articolo aggiuntivo , che consideriamo particolarmente significativa e che proprio nei giorni scorsi , e stata indicata come una delle priorita fondamentali di Alleanza Nazionale su questa legge finanziaria , nel terreno di confronto tra maggioranza e opposizione ."}
{"sentidx":92092,"lemma":"opposizione","token":"opposizione","start":74,"end":85,"sent":"Dico cio per segnalare che questo non corrisponde ad una richiesta dell \u2019 opposizione di non esaminare il decreto e altresi per manifestare la seguente preoccupazione : non vorremmo che fosse intenzione del Governo far decadere questo provvedimento , eventualmente inserendolo nella legge finanziaria con una nuova fiducia ."}
{"sentidx":44177,"lemma":"opposizione","token":"opposizioni","start":51,"end":62,"sent":"Quando si passera all \u2019 esame delle proposte delle opposizioni ?"}
{"sentidx":87118,"lemma":"opposizione","token":"opposizione","start":24,"end":35,"sent":"Allora e evidente che l opposizione vuole fare ostruzionismo ."}
{"sentidx":77737,"lemma":"opposizione","token":"opposizione","start":474,"end":485,"sent":"Ulivo Dichiara il voto favorevole del suo gruppo sul disegno di legge di conversione in esame , giudicando particolarmente convincenti le scelte compiute circa l individuazione del commissario delegato , l indicazione dei limiti temporali , le condizioni previste per l affidamento del servizio di smaltimento dei rifiuti , nonche il coinvolgimento delle popolazioni interessate ; sottolinea altresi le forti contraddizioni che hanno connotato l azione svolta dai gruppi di opposizione ."}
{"sentidx":97774,"lemma":"opposizione","token":"opposizione","start":113,"end":124,"sent":"Addirittura l onorevole Rusconi ha tentato di evidenziare chissa quale differenza di vedute all \u2019 interno dell \u2019 opposizione , a proposito della fissazione o meno delle quote di distribuzione dei diritti soggettivi ."}
{"sentidx":77731,"lemma":"opposizione","token":"opposizione","start":80,"end":91,"sent":"Esprime apprezzamento per il contributo fornito al dibattito da deputati dell \u2019 opposizione nel tentativo di migliorare il provvedimento d urgenza in esame , che giudica inidoneo a risolvere l emergenza rifiuti in Campania dichiara pertanto voto contrario sul relativo disegno di legge di conversione ."}
{"sentidx":4042,"lemma":"opposizione","token":"opposizione","start":162,"end":173,"sent":"Lamenta l assoluta ed ingiustificata blindatura del provvedimento d urgenza in esame , atteso l atteggiamento costruttivo finora assunto dalle forze politiche di opposizione , che , in mancanza di una disponibilita al confronto da parte della maggioranza , potrebbero assumere un diverso atteggiamento ."}
{"sentidx":43893,"lemma":"opposizione","token":"opposizione","start":179,"end":190,"sent":"Signor Presidente questa riforma giunge al voto finale dopo un cammino piuttosto lungo , dopo lavori serrati in Commissione dopo un confronto abbastanza intenso tra maggioranza e opposizione ma anche all \u2019 interno degli stessi schieramenti ."}
{"sentidx":109696,"lemma":"opposizione","token":"opposizione","start":116,"end":127,"sent":"Sono state presentate numerose proposte di modifica al testo del provvedimento , non esclusivamente da parte dell \u2019 opposizione , ma sensibilmente anche da parte della maggioranza ."}
{"sentidx":96778,"lemma":"opposizione","token":"opposizione","start":195,"end":206,"sent":"Il testo al nostro esame e il risultato della discussione svoltasi nell \u2019 ambito della Commissione giustizia ed ha ricevuto parere favorevole anche da parte di alcune rilevanti componenti dell \u2019 opposizione ."}
{"sentidx":120135,"lemma":"opposizione","token":"opposizione","start":49,"end":60,"sent":"Ulivo Ritiene che gli interventi dei deputati di opposizione siano esclusivamente volti ad ostacolare l iter del disegno di legge finanziaria ."}
{"sentidx":24295,"lemma":"opposizione","token":"opposizione","start":97,"end":108,"sent":"Tuttavia questa decisione del Governo appare giustificata proprio dal comportamento della stessa opposizione , la quale ha posto in essere un serrato ostruzionismo che spero non diventi una regola ."}
{"sentidx":61119,"lemma":"opposizione","token":"opposizione","start":491,"end":502,"sent":"Osservato chela materia oggetto della proposta di legge in discussione potrebbe rappresentare l occasione per individuare soluzioni idonee a favorire il bene comune ela modernizzazione del Paese attraverso un confronto aperto e costruttivo tra le forze politiche , invita la maggioranza a valutare l opportunita di non insistere per l approvazione di un provvedimento che ritiene ingiusto e connotato da un pregiudizio ideologico e da un intento persecutorio nei confronti del leader dell \u2019 opposizione ."}
{"sentidx":87116,"lemma":"opposizione","token":"opposizione","start":71,"end":82,"sent":"Questo e stato il risultato del comportamento di alcuni settori dell \u2019 opposizione ."}
{"sentidx":60731,"lemma":"opposizione","token":"opposizione","start":168,"end":179,"sent":"Signor Presidente ci troviamo di fronte ad un provvedimento che aveva suscitato grandi aspettative nel Paese e anche l atteggiamento parlamentare del mio gruppo e dell opposizione in Commissione era stato un atteggiamento di attenzione ."}
{"sentidx":118003,"lemma":"opposizione","token":"opposizione","start":226,"end":237,"sent":"Queste considerazioni sono valide anche nel caso delle Commissione di indagine sugli errori in campo sanitario : qualcuno ne rivendica la presidenza emi riferisco a qualche rappresentante di partiti politici importanti dell \u2019 opposizione ( Applausi dei deputati del gruppo Popolari Udeur Allora se veramente vogliamo diminuire i costi delle strutture , facciamo lavorare le Commissioni gia istituite , le quali potrebbero occuparsi anche di tali temi !"}
{"sentidx":26514,"lemma":"opposizione","token":"opposizione","start":2,"end":13,"sent":"L opposizione non puo evidentemente che contrastare in ogni modo una simile forma di attivita legislativa ( Applausi dei deputati del gruppo Alleanza"}
{"sentidx":19625,"lemma":"opposizione","token":"opposizione","start":131,"end":142,"sent":"Signor Presidente signor rappresentante del Governo colleghi , non condivido i toni apocalittici che sono venuti dai banchi dell \u2019 opposizione e dagli interventi dei colleghi che mi hanno preceduto ."}
{"sentidx":1995,"lemma":"opposizione","token":"opposizione","start":174,"end":185,"sent":"Signor Presidente onorevoli colleghi , il gruppo di Alleanza Nazionale votera per la prosecuzione delle missioni militari all \u2019 estero e quindi a favore della mozione dell \u2019 opposizione e contro quella della maggioranza ."}
