{"sentidx":67093,"lemma":"aborto","token":"aborto","start":31,"end":37,"sent":"Cosi come e prevenzione dell ' aborto rilanciare il ruolo dei consultori famigliari ed approvare una buona legge sull ' educazione sessuale ( il testo predisposto nella precedente legislatura in Commissione cultura e ottimo dal nostro punto di vista ) ."}
{"sentidx":67413,"lemma":"aborto","token":"aborto","start":99,"end":105,"sent":"Uno degli effetti piu dirompenti del connubio di queste due culture e stata la legislazione sull ' aborto ."}
{"sentidx":41653,"lemma":"aborto","token":"aborti","start":155,"end":161,"sent":"Nel meridione vi sono dati che confliggono con quelli della realta nazionale : un numero piu alto di matrimoni e di famiglie vere , un numero inferiore di aborti ed uno maggiore di figli , in presenza di un reddito familiare mediamente piu basso , coniugato con la carenze spaventose che tutti conosciamo ."}
{"sentidx":41684,"lemma":"aborto","token":"aborto","start":251,"end":257,"sent":"Non credo , infatti , vi sia alcuno in quest ' aula che in coscienza possa dirsi contrario alle misure che proponiamo in materia di rivalutazione degli assegni famigliari , di completamento della rete ambulatoriale per una efficace prevenzione dell ' aborto , di disciplina legislativa dei congedi parentali , di flessibilita di orari e di percorsi lavorativi per il necessario equilibrio tra lavoro professionale e lavoro di cura ."}
{"sentidx":67252,"lemma":"aborto","token":"aborto","start":214,"end":220,"sent":"Vogliamo altresi impegnare l esecutivo a predisporre strumenti operativi ed informativi che , accanto ad opportuni strumenti di intervento anche finanziario di sostegno della maternita , combattano la piaga dell ' aborto ."}
{"sentidx":137421,"lemma":"aborto","token":"aborto","start":313,"end":319,"sent":"La nostra richiesta di sospensiva e una richiesta di ponderazione che vuole mettere a frutto il massimo della capacita produttiva delle Camere che non vuole rischiare la navette tra un ramo el ' altro del Parlamento nelle attuali condizioni politiche , che sono gravide di incertezze e che possono portarci ad un aborto del lavoro che stiamo svolgendo ."}
{"sentidx":50545,"lemma":"aborto","token":"aborto","start":334,"end":340,"sent":"Ad ottobre si terra a Pechino la conferenza delle donne , in occasione della quale presentero al Parlamento un interrogazione perche in Cina e stata approvata una legge che , in qualche modo , riassume la stessa filosofia di guerra della bomba atomica : mi riferisco alla sterilizzazione delle persone portatrici di handicap ed all ' aborto obbligatorio per chi ha un bambino handicappato in seno ."}
{"sentidx":41389,"lemma":"aborto","token":"aborto","start":59,"end":65,"sent":"Si puo essere il piu radicalmente possibile contrari all ' aborto , lo si puo considerare l interruzione di una vita , ma non e questa la strada per affrontare il problema ."}
{"sentidx":67091,"lemma":"aborto","token":"aborto","start":154,"end":160,"sent":"Ma vie ormai , ed e radicato , un patrimonio di cultura comune sul quale e largamente possibile operare in modo positivo : dalla reale prevenzione dell ' aborto attraverso la creazione di un ' effettiva rete di solidarieta intorno alla madre in attesa , al sostegno ed allo sviluppo delle politiche sociali con riguardo ai problemi concreti dei nuclei di tipo famigliare ."}
{"sentidx":41649,"lemma":"aborto","token":"aborto","start":126,"end":132,"sent":"Lo dimostrano piu circostanze : l esplosione della crisi demografica ; il calo fortissimo dei matrimoni ; l esplosione dell ' aborto ; il fenomeno dell ' abbandono dei piccoli nati ; le stesse vicende inquietanti che hanno riguardato le questioni di bioetica nel loro complesso ; il sistema delle adozioni ."}
{"sentidx":70150,"lemma":"aborto","token":"aborto","start":63,"end":69,"sent":"( Commenti Qualcuno osserva in senso ironico che ' ce sempre l aborto ; in ogni caso non penso che questa sia un ' esperienza felice ."}
{"sentidx":67092,"lemma":"aborto","token":"aborto","start":384,"end":390,"sent":"E l estensione della tutela per maternita a tutte le donne penso in particolare anch io alle disoccupate , alle casalinghe , alle quali , anche dopo la recente sentenza della Corte costituzionale , si deve particolare attenzione , nonche alle studentesse \u2014 assieme con l approvazione della legge sui congedi parentali costituiscono passi importanti nella via della prevenzione dell ' aborto ."}
{"sentidx":83668,"lemma":"aborto","token":"aborto","start":105,"end":111,"sent":"Signor Presidente onorevoli colleghi , a tuttinoi appare evidente quanto sia fondamentale il tema dell ' aborto e quanto il tema del diritto alla vita del nascituro sia piu attuale nella nostra societa rispetto a quello della pena di morte che riguarda , per nostra fortuna , altre nazioni e non la nostra ."}
{"sentidx":77352,"lemma":"aborto","token":"aborto","start":46,"end":52,"sent":"In fine dei conti , si tratterebbe di un vero aborto legislativo , per evitare il quale credo sia opportuno rinviare il disegno di legge n 1790 in Commissione ed appellarsi alla responsabilita del Governo perche venga in Commissione a riferire con che criterio abbia assunto le proprie decisioni ."}
{"sentidx":41382,"lemma":"aborto","token":"aborti","start":261,"end":267,"sent":"Ma mi consentano i colleghi di alleanza nazionale \u2014 non credo vi sia alcuna urgenza di riaprire il confronto a partire da una proposta come questa , incardinando la discussione su un testo con cui , in realta , non si chiede di salvare vite odi far cessare gli aborti ."}
{"sentidx":83533,"lemma":"aborto","token":"aborto","start":643,"end":649,"sent":"La sfida che la destra vuole lanciare a difesa del diritto alla vita e quella di riaprire seriamente , in questo Parlamento il dibattito sulla liceita dell ' aborto e vedere se , nel prossimo futuro , dopo l approvazione di questa mozione sulla moratoria per la pena di morte ( approvazione in cui confido e alla quale sinceramente esorto tutti i colleghi ) non vi sia spazio e comunanza di intenti , Atti Parlamentari 1840 Camera dei Deputati XH LEGISLATURA DISCUSSIONI SEDUTA DEL 20 LUGLIO 1994 senza strumentalizzazioni di parte , per approvare una risoluzione a favore della riduzione , se non della moratoria , del triste fenomeno dell ' aborto nel nostro paese e in tutto il mondo ."}
{"sentidx":83533,"lemma":"aborto","token":"aborto","start":158,"end":164,"sent":"La sfida che la destra vuole lanciare a difesa del diritto alla vita e quella di riaprire seriamente , in questo Parlamento il dibattito sulla liceita dell ' aborto e vedere se , nel prossimo futuro , dopo l approvazione di questa mozione sulla moratoria per la pena di morte ( approvazione in cui confido e alla quale sinceramente esorto tutti i colleghi ) non vi sia spazio e comunanza di intenti , Atti Parlamentari 1840 Camera dei Deputati XH LEGISLATURA DISCUSSIONI SEDUTA DEL 20 LUGLIO 1994 senza strumentalizzazioni di parte , per approvare una risoluzione a favore della riduzione , se non della moratoria , del triste fenomeno dell ' aborto nel nostro paese e in tutto il mondo ."}
{"sentidx":41380,"lemma":"aborto","token":"aborto","start":140,"end":146,"sent":"Se i colleghi ne leggessero il testo , si renderebbero conto che con essa si vuole riaprire interamente il dibattito sulla questione dell ' aborto ."}
{"sentidx":51848,"lemma":"aborto","token":"aborto","start":165,"end":171,"sent":"Cosi fu quando \u2014 e quasi un decennio \u2014 Langer porto provocatorio i verdi , cresciuti nelle \u00ab tavolette bibliche \u00bb della sinistra , ad affrontare la questione dell ' aborto \u2014 facendo salva la scelta della donna \u2014 come enorme offesa alla vita ; o quando , pochi mesi fa , infaticabile costruttore di solidarieta trasversale , si trascino dietro il Parlamento europeo nel rifiuto della brevettazione di manipolazioni genetiche , di organismi biologici , di operazioni condotte all ' insegna del lucro ."}
{"sentidx":41388,"lemma":"aborto","token":"aborto","start":227,"end":233,"sent":"Nessuna legge al mondo e mai riuscita ad impedire l aborto ; in nessun paese , e sicuramente non in Italia con il divieto dell ' aborto \u2014 precedente alla normativa del 1978 sie riusciti ad evitare l espandersi del fenomeno : l aborto cera , in Italia aveva diffusione massiccia , ma era \u00ab contenuto \u00bb nella condizione di infamia e di vergogna della clandestinita ."}
{"sentidx":41388,"lemma":"aborto","token":"aborto","start":129,"end":135,"sent":"Nessuna legge al mondo e mai riuscita ad impedire l aborto ; in nessun paese , e sicuramente non in Italia con il divieto dell ' aborto \u2014 precedente alla normativa del 1978 sie riusciti ad evitare l espandersi del fenomeno : l aborto cera , in Italia aveva diffusione massiccia , ma era \u00ab contenuto \u00bb nella condizione di infamia e di vergogna della clandestinita ."}
{"sentidx":41388,"lemma":"aborto","token":"aborto","start":52,"end":58,"sent":"Nessuna legge al mondo e mai riuscita ad impedire l aborto ; in nessun paese , e sicuramente non in Italia con il divieto dell ' aborto \u2014 precedente alla normativa del 1978 sie riusciti ad evitare l espandersi del fenomeno : l aborto cera , in Italia aveva diffusione massiccia , ma era \u00ab contenuto \u00bb nella condizione di infamia e di vergogna della clandestinita ."}
{"sentidx":41390,"lemma":"aborto","token":"aborto","start":119,"end":125,"sent":"Attraverso l ipotesi della quale ci stiamo occupando , infatti , l unico risultato che si puo ottenere e ristabilire l aborto clandestino ed il fenomeno dei \u00ab cucchiai doro \u00bb ."}
{"sentidx":41387,"lemma":"aborto","token":"aborti","start":63,"end":69,"sent":"Tutto questo vuol dire semplicemente tornare al fenomeno degli aborti clandestini , dei \u00ab cucchiai doro \u00bb ."}
{"sentidx":41620,"lemma":"aborto","token":"aborto","start":355,"end":361,"sent":"Questa formulazione \u2014 anche se , ovviamente , si potrebbe approfondire cosa si intenda con \u00ab diritti dell ' embrione \u00bb \u2014 , se non viene precisata ( in tal senso attendo chiarimenti ) , presenta il rischio molto forte di comportare in realta la riapertura della strada verso qualcosa sulla quale l Assemblea ha detto \u00ab no \u00bb : cioe la reintroduzione dell ' aborto clandestino di massa ."}
{"sentidx":90998,"lemma":"aborto","token":"aborto","start":144,"end":150,"sent":"Ora alcuni farmaci , anche \u00ab salvavita \u00bb , sono venduti in confezione monodose ; si tratta soprattutto di ormoni , utilizzati per le minacce di aborto , e di cortisone , che in certi casi di ictus e un farmaco \u00ab salvavita \u00bb ."}
