{"sentidx":137637,"lemma":"clima","token":"clima","start":118,"end":123,"sent":"Condivido innanzitutto alcune osservazioni del collega Adornato quando in modo abbastanza costernato ha denunciato il clima che si e creato , quasi che eleggere il presidente della regione dovesse significare l abbandono della democrazia ."}
{"sentidx":124124,"lemma":"clima","token":"clima","start":47,"end":52,"sent":"Pur rilevando l esistenza in Commissione di un clima di estrema collaborazione , vorrei tuttavia richiamare un aspetto non ancora chiarito al presentatore di questo emendamento ."}
{"sentidx":106213,"lemma":"clima","token":"clima","start":94,"end":99,"sent":"E innegabile che il sistema radiotelevisivo pubblico abbia favorevolmente risentito del nuovo clima che e arrivato a viale Mazzini con la nomina dell ' attuale consiglio di amministrazione ."}
{"sentidx":108842,"lemma":"clima","token":"clima","start":128,"end":133,"sent":"Sarebbe un eccesso fazioso negare che vi siano stati progressi nella direzione del risparmio sui costi e tentativi di creare un clima aziendale piu rigoroso e tecnicamente attrezzato alle grandi ambizioni di imo dei piu straordinari patrimoni industriali che il paese possiede nel campo della comunicazione ."}
{"sentidx":49365,"lemma":"clima","token":"clima","start":155,"end":160,"sent":"Signor Presidente a nome dei deputati del gruppo del partito popolare italiano intendo esprimere la nostra dichiarazione di voto , possibilmente fuori dal clima di corrida che sembra essersi creato attorno ad una questione molto specifica ."}
{"sentidx":63668,"lemma":"clima","token":"clima","start":249,"end":254,"sent":"Il semplice fatto di dibattere con un esponente di alleanza nazionale all ' universita di Firenze scateno la protesta di rifondazione comunista che chiese addirittura l espulsione del senatore Passigli dal gruppo progressista del Senato Questo e il clima ."}
{"sentidx":113742,"lemma":"clima","token":"clima","start":90,"end":95,"sent":"In proposito , voglio solo ricordare che le cause egli artefici principali del cosiddetto clima di sfiducia sono sicuramente coloro che nella maggioranza e nell opposizione hanno lavorato contro il Governo su tutti i fronti , per arrivare alla strumentalizzazione politica che in questi giorni vedra la sua conclusione ."}
{"sentidx":89474,"lemma":"clima","token":"clima","start":147,"end":152,"sent":"Occorre tornare allo spirito del movimento referendario , come ha piu volte ripetuto il ministro per la funzione pubblica Giuliano Urbani Serve un clima costituente per ricostruire le comuni istituzioni repubblicane , un terreno comune su cui lavorare per gli interessi del paese ."}
{"sentidx":31192,"lemma":"clima","token":"clima","start":143,"end":148,"sent":"Signor Presidente colleghi , credo che , se non altro come omaggio alle numerose vittime del Rwanda questa discussione potrebbe iniziare in un clima di maggiore concentrazione ."}
{"sentidx":99477,"lemma":"clima","token":"clima","start":9,"end":14,"sent":"Visto il clima che ce in Assemblea per compiere un gesto distensivo ritiro le richieste di dichiarazioni di urgenza avanzate dal gruppo"}
{"sentidx":144146,"lemma":"clima","token":"clima","start":67,"end":72,"sent":"La storia politica degli ultimi cinque anni ha infatti cambiato il clima e soprattutto , lo scenario geopolitico italiano ."}
{"sentidx":74850,"lemma":"clima","token":"clima","start":119,"end":124,"sent":"Presidente rappresentanti del Governo colleghi , stiamo discutendo questa legge finanziaria in un ' aula vuota e in un clima estremamente pesante , dal significato negativo per quanto riguarda la capacita del Parlamento di avere un proprio ruolo e di essere protagonista del destino del nostro paese ."}
{"sentidx":39831,"lemma":"clima","token":"clima","start":6,"end":11,"sent":"\u00ab Nel clima concitato che si e determinato ce ancora spazio per una iniziativa sugli assegni familiari ."}
{"sentidx":20368,"lemma":"clima","token":"clima","start":139,"end":144,"sent":"Le considerazioni di carattere generale svolte dal collega Pecoraro Scanio mi trovano , per altro , pienamente concorde , tanto piu che il clima politico di questi ultimi tempi ha piu volte sollecitato l attenzione del governo e del Parlamento sulla necessita di risolvere i problemi del settore giudiziario , derivanti dal notevole aumento del numero degli imputati in attesa di giudizio ."}
{"sentidx":62308,"lemma":"clima","token":"clima","start":188,"end":193,"sent":"Non posso non evidenziare fra l altro ( sottolineo che di quanto sto per dire ho gia dato comunicazione scritta alla Presidenza della Camera e alla Presidenza della Repubblica come a quel clima abbiano fatto seguito episodi davvero spiacevoli ."}
{"sentidx":135282,"lemma":"clima","token":"clima","start":114,"end":119,"sent":"e probabilmente avremo risolto il problema dell ' onorevole Bossi Quello pero che mi spaventa in questa sede e il clima di pregiudizio politico nei confronti dell ' onorevole Sgarbi Peraltro a parlare e un parlamentare che sicuramente e lontano mille miglia da molte delle affermazioni dell ' onorevole Sgarbi incluse quelle in questione ."}
{"sentidx":99967,"lemma":"clima","token":"clima","start":210,"end":215,"sent":"Ne deriva la conseguenza che alcuni effetti benefici sull ' economia , quale la moderazione sindacale ottenuta attraverso due contratti sul costo del lavoro , sono gia stati probabilmente spazzati via ; che il clima di tensione e di scarsa fiducia internazionale che tutto questo provoca ."}
{"sentidx":110397,"lemma":"clima","token":"clima","start":14,"end":19,"sent":"Noi su questo clima facciamo una scommessa ."}
{"sentidx":47565,"lemma":"clima","token":"clima","start":16,"end":21,"sent":"Io spero che il clima sia diverso e chesi possa invece lavorare seriamente , subito dopo la fine della discussione generale , per definire concretamente nell ' ambito del comitato ristretto un testo che possa rappresentare la quadratura del cerchio di un dibattito che ormai si e prolungato abbastanza e che credo abbia certamente bisogno di una definizione ."}
{"sentidx":131774,"lemma":"clima","token":"clima","start":295,"end":300,"sent":"Noi avevamo condiviso tale metodo , poiche avrebbe potuto consentire l individuazione , anche da parte del Governo di un provvedimento che potesse ricomprendere il dibattito in corso presso la Commissione affari Costituzionali Recentemente il ministro Ossicini forse anche in considerazione del clima politico di grande incertezza e della instabilita dell ' attuale Governo nonche della sua natura tecnica , tale da non permettergli di assumere iniziative politiche su tematiche cosi delicate , ha annunciato che il Governo non sarebbe intervenuto in materia ; il che non esclude , pero , che il Parlamento possa comunque procedere autonomamente ."}
{"sentidx":110396,"lemma":"clima","token":"clima","start":46,"end":51,"sent":"Occorre pero evidentemente , che questo nuovo clima che si e creato venga perseguito ancora ."}
{"sentidx":51464,"lemma":"clima","token":"clima","start":60,"end":65,"sent":"Mi pare che vi sia tra le forze politiche in Commissione un clima favorevole a farsi che la Camera arrivi rapidamente alla definizione attesa da anni della riforma del trasporto pubblico locale ."}
{"sentidx":71746,"lemma":"clima","token":"clima","start":83,"end":88,"sent":"Invece di orientarsi verso la soluzione di questo problema , si e voluto creare un clima polemico sul ruolo delle parti nel processo , ossia sui rapporti tra magistratura inquirente ed avvocatura ."}
{"sentidx":29485,"lemma":"clima","token":"clima","start":5,"end":10,"sent":"Tale clima politico non consentiva certamente di vedere di buon occhio la nautica da diporto che , per demagogia e per facile populismo , era considerata esclusivamente uno svago da ricchi ."}
{"sentidx":57013,"lemma":"clima","token":"clima","start":27,"end":32,"sent":"O forse , vuole proprio un clima di tensione economica durante la campagna elettorale per enfatizzare il richiamo alla legge e all ordine , la contrapposizione tra destra e sinistra , il richiamo ad ingannevoli promesse ?"}
{"sentidx":134008,"lemma":"clima","token":"clima","start":39,"end":44,"sent":"E ce nella nostra opinione pubblica un clima che ricorda molto quello della Francia e dell Italia anche della Germania perla verita !"}
{"sentidx":142496,"lemma":"clima","token":"clima","start":136,"end":141,"sent":"Volevo sottolineare tale aspetto perche possa costituire anch esso un elemento di riflessione , non credendo che debba essere questo il clima nel quale il paese possa civilmente discutere e confrontarsi per fare le scelte delle quali ha sempre piu bisogno ( Applausi dei deputati dei gruppi di forza Italia e di alleanza nazionale ) ."}
{"sentidx":100801,"lemma":"clima","token":"clima","start":20,"end":25,"sent":"Io penso che questo clima di preoccupazione sia rispecchiato nel modo piu pieno nel libro di Paolo Murialdi spesso citato dai colleghi Del Noce Veltroni ed altri ."}
{"sentidx":117971,"lemma":"clima","token":"clima","start":123,"end":128,"sent":"Non e possibile che si determini osi tenti , signor Presidente di determinare , in quest ' aula prima e nel paese poi , un clima di scontro che magari potrebbe giustificare la nascita di governi di emergenza , che dovrebbero ulteriormente perpetuare questa sorta di commissariamento della politica ."}
{"sentidx":42358,"lemma":"clima","token":"clima","start":149,"end":154,"sent":"Anche su questi argomenti credo infatti sia necessaria una presenza autorevole , con tutti il rispetto per chi oggi opera in questo contesto , in un clima sicuramente di incertezza politica , che non fornisce segnali chiari ."}
{"sentidx":6917,"lemma":"clima","token":"clima","start":199,"end":204,"sent":"Le esternazioni continue di magistrati , anche di altissimo rango , le polemiche dirette con altri magistrati , con esponenti del Governo o con esponenti politici in genere , s tanno determinando un clima teatrale , caratterizzato anche da un a serie di dimissioni a catena , in larga par te sostanzialmente inspiegabili ."}
{"sentidx":140447,"lemma":"clima","token":"clima","start":162,"end":167,"sent":"Non volevo su questo punto attizzare polemiche ( Applausi dei deputati del centro cristiano democratico ) , anzi ero intenzionato a deprimere il piu possibile il clima , ma se mi si sollecita , addirittura ipotizzando ."}
{"sentidx":87795,"lemma":"clima","token":"clima","start":41,"end":46,"sent":"Tentero di riportare la situazione ad un clima di serenita ."}
{"sentidx":7774,"lemma":"clima","token":"clima","start":13,"end":18,"sent":"Di fronte al clima di provocazione , chiedo che si sospenda la seduta e che il presidente Berlusconi risolva il problema di forza Italia coni riformatori ( Applausi Si"}
{"sentidx":27871,"lemma":"clima","token":"clima","start":529,"end":534,"sent":"H o presentato questa mattina un ' interrogazione al Presidente del Consiglio al ministro dell ' interno e al ministro di grazia e giustizia in ordine alla situazione , di cui vi e una vasta eco sui giornali , relativa agli uffici giudiziari ed all ' attivita di investigazione a Catania Come tutti sanno , tale citta in questi ultimi giorni e investita da una guerra tra cosche : l omicidio dell ' avvocato Fama apre interrogativi inquietanti , ma soprattutto crea gravissime difficolta alla conduzione dei processi , perche un clima di pesante intimidazione grava sulla libera avvocatura catanese ."}
{"sentidx":100796,"lemma":"clima","token":"clima","start":117,"end":122,"sent":"Onorevole rappresentante del Governo cioe quanto il centro cristiano democratico vuole rappresentare sperando che il clima si rassereni , per consentire al Parlamento di affrontare i problemi normativi esistenti ed alla RAI di riprendere un cammino senza ostacoli verso un effettivo rilancio dell ' azienda e verso il raggiungimento dell ' obiettivo , al quale e obbligatorio tendere , di un ' informazione equilibrata e separata dalle opinioni ( Applausi dei deputati dei gruppi del centro cristiano democratico , di forza Italia e di alleanza nazionale -"}
{"sentidx":100085,"lemma":"clima","token":"clima","start":12,"end":17,"sent":"Verso quale clima e verso quale progetto ?"}
{"sentidx":122897,"lemma":"clima","token":"clima","start":35,"end":40,"sent":"Presidente per parlare ci vuole un clima accettabile , altrimenti non vale la pena !"}
{"sentidx":6840,"lemma":"clima","token":"clima","start":45,"end":50,"sent":"La prima causa di questa vicenda , di questo clima che si e aggravato a partire dal marzo scorso , anzi dalla formazione del Governo a mio avviso consiste nel l errata impostazione che ha indotto piu di un esponente del Governo a contrapporre alle no r me della Costituzione vigente le nuove regole morali della seconda Repubblica regole peraltro fondate quasi esclusivamente su interessi di par te ."}
{"sentidx":75568,"lemma":"clima","token":"clima","start":226,"end":231,"sent":"E necessario , quindi , che il riordino del sistema pensionistico , richiesto dai deputati del gruppo di rifondazione comunista e che riteniamo non possa essere effettuato nell ' ambito della legge finanziaria , avvenga in un clima di chiarezza , anche per quanto attiene al concetto di diritti acquisiti , mai definiti dal Governo Ne credo che la seduta di oggi abbia dato un contributo alla chiarezza ."}
{"sentidx":72245,"lemma":"clima","token":"clima","start":172,"end":177,"sent":"Su questo , comunque , dovremmo riflettere , perche esistono studi recenti , uno dei quali di un ' ente svizzero chiamato Alpe Action che dimostrano come la variazione del clima in zona alpina e subalpina sia qualcosa di scientificamente dimostrato , per cui e probabile che nei prossimi anni vi saranno eventi violenti di questo genere , con un ripetersi molto piu frequente rispetto a quanto accaduto in passato ."}
{"sentidx":18372,"lemma":"clima","token":"clima","start":269,"end":274,"sent":"Sottolineo che tale furto si e verificato in una notte di circa quindici giorni fa , senza che le forze di polizia e dei carabinieri siano ancora riuscite ad individuare i responsabili di questo incredibile atto di intimidazione di tipo camorristico , che ben rende il clima socio - economico della citta !"}
{"sentidx":24724,"lemma":"clima","token":"clima","start":379,"end":384,"sent":"Gli scontri stanno continuando anche nella giornata di oggi e tuttora permane una situazione di tensione presso lo svincolo autostradale per Battipaglia Vorrei rivolgere un appello al Governo in quanto ritengo che i fatti avvenuti pur essendo di notevole gravita , possano essere affrontati in maniera ragionevole , evitando il rischio che si sviluppi in tutto il Mezzogiorno un clima di grande tensione sociale ."}
{"sentidx":123131,"lemma":"clima","token":"clima","start":48,"end":53,"sent":"Non ve dubbio che questo sia il risultato di un clima e di una volonta politica che si sora condensati in alcune norme del decreto - legge : respingere quest ' ultimo , quindi , ela condizione affinche il Governo sia costretto a limitarsi ad un intervento strettamente finalizzato all ' obiettivo del risanamento finanziario ."}
{"sentidx":48113,"lemma":"clima","token":"clima","start":120,"end":125,"sent":"La riduzione degli episodi di microcriminalita nelle aree interessate dall ' operazione , la provata costituzione di un clima di rinnovata e consolidata fiducia tra quelle popolazioni e le forze armate , il diffuso sentimento di sicurezza dovuto alla fisica presenza del presidio militare sono argomenti a favore della prosecuzione di questo mandato ."}
{"sentidx":56971,"lemma":"clima","token":"clima","start":31,"end":36,"sent":"Tutto cioche potra favorire un clima piu sereno , piu disteso , senza annullare la differenza dei progetti politici , trovera in noi una forza attenta e disponibile ."}
{"sentidx":87754,"lemma":"clima","token":"clima","start":7,"end":12,"sent":"Questo clima , nato due anni fa e non un secolo fa , ha portato alla chiusura anticipata della undicesima legislatura , ha permesso di cambiare il sistema elettorale ed ha permesso a noi del movimento referendario di fissare regole nuove tali da consentire la nascita di una nuova classe dirigente nel paese ."}
{"sentidx":113741,"lemma":"clima","token":"clima","start":305,"end":310,"sent":"Signor Presidente signori deputati , non ripetero in questa occasione le argomentazioni gia svolte durante la prima lettura del provvedimento , anche se devo esprimere un giudizio sugli interventi con i quali oggi sono state sottolineate le colpe del Governo Quest ultimo avrebbe determinato nel paese un clima di sfiducia tale da rendere necessaria una manovra bis ."}
{"sentidx":101214,"lemma":"clima","token":"clima","start":75,"end":80,"sent":"Giudicate voi il messaggio e pessimo , suona come un negativo mutamento di clima ."}
{"sentidx":71891,"lemma":"clima","token":"clima","start":88,"end":93,"sent":"Per questo , Presidente colleghi , non intendo contribuire con un voto favorevole ad un clima che si sta creando e che considero deleterio ."}
{"sentidx":65272,"lemma":"clima","token":"clima","start":51,"end":56,"sent":"Il tema fu affrontato con un certo impaccio per il clima di insofferenza esistente nel paese nei confronti dei privilegi dei parlamentari ( odi quelli che appaiono tali all ' esterno ) ."}
{"sentidx":43688,"lemma":"clima","token":"clima","start":179,"end":184,"sent":"L uso dissennato che di questo tema e stato fatto , l allarme sociale conseguente al moltiplicarsi di notizie su stupri ed abusi sessuali di ogni genere era teso a determinare un clima in cui una soluzione , qualunque soluzione , sarebbe stata vista come positiva ."}
{"sentidx":63666,"lemma":"clima","token":"clima","start":66,"end":71,"sent":"Signor ministro , voglio citare un episodio che la dice lunga sul clima di intolleranza che si respira nel nostro paese ."}
{"sentidx":105660,"lemma":"clima","token":"clima","start":18,"end":23,"sent":"Questo e stato il clima nel quale abbiamo lavorato ."}
{"sentidx":51090,"lemma":"clima","token":"clima","start":227,"end":232,"sent":"Un lungo ragionamento politico , dunque , su quella che e stata definita , per esempio dall ' onorevole Tiziana Parenti la via giudiziaria al comunismo , espressione icastica , un po ' forte , ma che riflette effettivamente il clima della campagna elettorale e di quel duro scontro politico ."}
{"sentidx":71926,"lemma":"clima","token":"clima","start":2,"end":7,"sent":"H clima non e stato sereno e cio mi dispiace perche la mancanza di serenita in un organo democratico denota nervosismo , denota come qualcosa di piu forte di quello che stiamo trattando sia al di fuori della Commissione stessa ."}
{"sentidx":28311,"lemma":"clima","token":"clima","start":443,"end":448,"sent":"Signor Presidente onorevoli colleghi , semmai ci fosse stato bisogno di una smentita a quanto affermato all ' inizio della sua esposizione dal relatore , onorevole De Julio mi pare che i pronunciamenti dell ' attuale maggioranza , in ordine al problema contingente ma importante del rinvio o meno in Commissione la abbiano fornita e siano stati la dimostrazione piu palese ed eloquente del forzato ottimismo dell ' onorevole De Julio circa il clima di comprensione , serenita e distensione in ordine al percorso del provvedimento ."}
{"sentidx":75409,"lemma":"clima","token":"clima","start":344,"end":349,"sent":"Ci siamo addirittura sentiti dire dal ministro del tesoro Dini in Commissione lavoro , la settimana scorsa , che lo squilibrio finanziario dei conti relativi alle pensioni e stato la causa principale delle tensioni sui mercati finanziari internazionali Crediamo che queste esagerazioni , queste assurdita siano volute e mirino a determinare un clima tale da far passare provvedimenti che colpiscano il livello di reddito e di protezione previdenziale soprattutto della parte piu debole della popolazione del nostro paese ."}
{"sentidx":105601,"lemma":"clima","token":"clima","start":208,"end":213,"sent":"Di qui la decisione dei colleghi del polo di lasciare l aula della Commissione e di non partecipare alla votazione , ed il rammarico del presidente per essere giunti ad un adempimento dovuto e delicato in un clima di tensione ."}
{"sentidx":108069,"lemma":"clima","token":"clima","start":185,"end":190,"sent":"Si tratta di vedere se la fase del Governo tecnico , che e chiaramente esaurita , abbia prodotto il suo effetto politico , cioe la tregua tra le forze politiche , il rasserenamento del clima politico , che consentano di ricostruire l unita del fronte del rinnovamento per aprire e portare a termine la fase costituente ."}
{"sentidx":84064,"lemma":"clima","token":"clima","start":184,"end":189,"sent":"Signor Presidente signor Presidente del Consiglio onorevoli colleghi , questo dibattito si svolge in ima situazione politica , economica ed istituzionale del tutto particolare , in un clima generale incandescente , segnato da scontri istituzionali inauditi , da rancori e risentimenti che dilagano fino allo scontro fisico anche interno a quest ' aula , dalla perdita da parte di alcuni politici di ogni senso di misura , di moderazione , di pacatezza ."}
{"sentidx":28194,"lemma":"clima","token":"clima","start":36,"end":41,"sent":"Avevamo il dovere di ricostruire un clima , perche noi sentiamo forte il timore che si ritorni alla vecchia lottizzazione di una volta gestita , come sempre , dai partiti !"}
{"sentidx":87753,"lemma":"clima","token":"clima","start":121,"end":126,"sent":"Ma vie un altro elemento per il quale non avrebbero potuto riconoscersi la necessita el ' urgenza del provvedimento : il clima del paese , testimoniato dai fax e dalle lettere della gente , dalla rivolta dei giornali e dei media , dalle manifestazioni di piazza ."}
{"sentidx":140393,"lemma":"clima","token":"clima","start":106,"end":111,"sent":"Signor Presidente illustre rappresentante del Governo onorevoli colleghi , vorrei tentare di deprimere il clima di conflittualita che da qualche tempo si e acceso sulla vicenda della nuova legge sulla violenza sessuale ."}
{"sentidx":83830,"lemma":"clima","token":"clima","start":215,"end":220,"sent":"Concludo subito , Presidente Un programma a lunga scadenza , quale deve essere quello di un Governo che intenda risanare la situazione socio - economica del paese , ha bisogno di respiro e di concordia , pure in un clima di confronto nella maggioranza e con le opposizioni ."}
{"sentidx":127452,"lemma":"clima","token":"clima","start":493,"end":498,"sent":"Perche dico cio Perche trovo che nel summit che si e svolto al Quirinale siano stati proposti cinque temi attorno ai quali , probabilmente , in un prossimo futuro saremo chiamati a confrontarsi forse in occasione di un ' apposita sessione dedicata ai temi della giustizio Nei cinque minuti che ho a disposizione , vorrei brevemente ripercorrere questi cinque punti , invertendo l elenco che era stato proposto nel documento conclusivo del Quirinale e cominciando proprio da quello relativo al clima di civile confronto tra politici , magistrati ed avvocati che e indubbiamente indispensabile anche per trovare soluzioni a vicende gravi e scottanti , qual e certamente quella di Tangentopoli per avere uno sbocco rapido e se possibile , anche complessivo della materia ."}
{"sentidx":105537,"lemma":"clima","token":"clima","start":10,"end":15,"sent":"Spesso il clima che si respira nei nostri istituti superiori e di disfattismo : nessuno crede che le cose che si imparano ed il modo in cui vengono insegnate possano servire per accedere al mondo del lavoro ."}
{"sentidx":62014,"lemma":"clima","token":"clima","start":6,"end":11,"sent":"In in clima caratterizzato dallo scontro tra due poli , vi ela necessita di modificare il dettato costituzionale per sottrarre alla Camera il potere di controllo nella materia di cui si parla affidandolo alla Corte costituzionale o ad un altro organismo che abbia minori implicazioni politiche nell ' esprimere un giudizio di merito ."}
{"sentidx":135272,"lemma":"clima","token":"clima","start":22,"end":27,"sent":"Cio la dice lunga sul clima di pregiudizio politico che ce in questo tipo di discussione ."}
{"sentidx":105604,"lemma":"clima","token":"clima","start":153,"end":158,"sent":"Non rinuncio a confidare , signor Presidente che terminata ormai questa prima , convulsa fase dei suoi lavori , la Commissione possa veder stabilirsi un clima di effettiva ricerca del massimo di convergenze su una legge cosi rilevante sotto il profilo della tutela del pluralismo politico e culturale e delle garanzie del gioco democratico ."}
{"sentidx":119951,"lemma":"clima","token":"clima","start":466,"end":471,"sent":"Dichiaro dunque il mio voto favorevole e nell ambito di una dialettica parlamentare e di quel poco o quel tanto di persuasione che puo venire da un discorso in buona fede , estraneo totalmente a qualsiasi calcolo e valutazione di parte \u2014 vorrei concorrere a persuadere i colleghi che hanno espresso un orientamento giustamente dubbioso circa l opportunita che il Parlamento dia un segnale alla citta di Napoli che fuori di ogni strumentalita , permetta di creare un clima sereno ."}
{"sentidx":144347,"lemma":"clima","token":"clima","start":319,"end":324,"sent":"Non vie alcuna questione di principio circa le impostazioni , che sono anche nostre , concernenti il sistema maggioritario basato su collegi uninominali el ' elezione diretta del presidente della regione , che non possiamo affrontare in questa sede con la serenita necessaria per i tempi a nostra disposizione , per il clima politico che si e creato e perla precarieta della stessa legislatura ."}
{"sentidx":137114,"lemma":"clima","token":"clima","start":55,"end":60,"sent":"E creare intorno a lui una scuola in cui si respira un clima pedagogico , in cui ognuno fa la sua parte , in cui la competitivita e comunque in qualche maniera smorzata , perche non puo essere quella del liberismo di cui ora voi vi state riempiendo la bocca ma deve essere una competitivita che il sistema regola attraverso un meccanismo serio di selezione , di confronto , di progressione culturale ."}
{"sentidx":142262,"lemma":"clima","token":"clima","start":143,"end":148,"sent":"Assicuro anche la firma del collega Strik berselo emi rivolgo inoltre a quanti vogliono che si vada al piu presto ad elezioni anticipate in un clima di chiarezza e che l obbligo regolamentare venga assicurato senza infingimenti , senza la finzione di sei firme , senza nascondersi dietro un filo , dietro alle responsabilita che vi dovete assumere di fronte a questo Parlamento"}
{"sentidx":28148,"lemma":"clima","token":"clima","start":273,"end":278,"sent":"E un punto sul quale bisognerebbe aprire un dibattito qualitativo e non soltanto di piccole vendette , nel tentativo di mandare via l attuale consiglio di amministrazione che a molti non era piaciuto all ' inizio , ma che ora mi pare dispiaccia un po ' meno , visto che il clima e piu sereno , come abbiamo avuto modo di registrare anche nelle riunioni della Commissione di vigilanza ."}
{"sentidx":13361,"lemma":"clima","token":"clima","start":460,"end":465,"sent":"Signor Presidente prendo io la parola al posto del collega Gasparri che gentilmente mi ha ceduto il suo diritto di intervento perche intendo allargare il discorso , pur nei tempi limitati consentiti dal regolamento , avviato dall ' onorevole Vito Condivido in pieno le osservazioni del collega ; tuttavia ritengo , onorevole Vito chele considerazioni sulla sciatteria con la quale e stato affrontato il problema acui lei ha fatto riferimento si inquadrano nel clima di grande sciatteria istituzionale e di mancanza di galateo istituzionale che esiste tra noi !"}
{"sentidx":96009,"lemma":"clima","token":"clima","start":379,"end":384,"sent":"Mi permetto solo di rilevare che chi ha introdotto l equazione \u00ab Affittopoli uguale Tangentopoli non si chiama Feltri ma Eugenio Scalfari Affittopoli e sicuramente fenomeno diverso da Tangentopoli perche e una storia di privilegi , e forse fa arrabbiare la gente ancora di piu , perche verso chi prendeva la tangente ed e stato condannato dalla pubblica opinione vi era quasi un clima di assuefazione , si diceva che i politici rubano ."}
{"sentidx":6830,"lemma":"clima","token":"clima","start":339,"end":344,"sent":"Signor Presidente signor ministro , colleghi , il te ma che dobbiamo tra t tare oggi a seguito della presentazione di interpellanze e di interrogazioni puo sollecitare , proprio per la formulazione del documento presentato dal gruppo del parti to popolare italiano , spunti polemici e prese di posizione aspre , quali si addicono a questo clima politico , che repara tro noi non condividiamo e non vogliamo contribuire a creare ."}
{"sentidx":67275,"lemma":"clima","token":"clima","start":457,"end":462,"sent":"In un ottica di tal genere , va sottolineata l esigenza di creare un clima sociale favorevole alla famiglia al fine di rafforzare la coesione familiare ela solidarieta tra le generazioni , affinche alla famiglia venga garantito il diritto alla protezione sociale , giuridica ed economica per consentire il pieno sviluppo , cosi come stabilito dalla Carta sociale europea , adottata nel 1961 dal Consiglio d Europa Ci sono oggi molti segnali che rivelano un clima di rinnovato interesse intorno alla famiglia ."}
{"sentidx":67275,"lemma":"clima","token":"clima","start":69,"end":74,"sent":"In un ottica di tal genere , va sottolineata l esigenza di creare un clima sociale favorevole alla famiglia al fine di rafforzare la coesione familiare ela solidarieta tra le generazioni , affinche alla famiglia venga garantito il diritto alla protezione sociale , giuridica ed economica per consentire il pieno sviluppo , cosi come stabilito dalla Carta sociale europea , adottata nel 1961 dal Consiglio d Europa Ci sono oggi molti segnali che rivelano un clima di rinnovato interesse intorno alla famiglia ."}
{"sentidx":101783,"lemma":"clima","token":"clima","start":136,"end":141,"sent":"E solo un caso che ad essere minacciati siano solamente i rappresentanti progressisti e specificatamente , gli esponenti del PDS Questo clima di tensione e di paura che si e instaurato avra effetti sulle prossime elezioni europee ed amministrative ?"}
{"sentidx":60112,"lemma":"clima","token":"clima","start":26,"end":31,"sent":"Cio a dimostrazione di un clima che , perlomeno nella questura napoletana , gia esisteva , tanto e vero che due settimane dopo e successo quello che e successo ."}
{"sentidx":75893,"lemma":"clima","token":"clima","start":135,"end":140,"sent":"A questo punto , vorrei sapere se il ministro dell ' interno intenda finalmente adempiere al suo compito istituzionale e restituire un clima di serenita a questi comuni , in modo che almeno nella prossima primavera vi possano essere indette elezioni ( Applausi dei deputati del gruppo di rifondazione comunista - progressisti ) ."}
{"sentidx":103654,"lemma":"clima","token":"clima","start":102,"end":107,"sent":"Se i colleghi ritengono che questo sia un problema secondario , li invito ad andare fuori a vedere il clima che ce davanti alla Camera Vi e non soltanto una responsabilita precisa di chi comanda la piazza , fuori della Camera e di fronte a Palazzo Chigi ma anche una precisa responsabilita politica di chi governa questo paese pensando di poter risolvere i problemi con la militarizzazione del territorio ."}
{"sentidx":87778,"lemma":"clima","token":"clima","start":105,"end":110,"sent":"Vorrei rimediare a questa insufficienza ed esprimere brevemente alcune idee , se e possibile farlo in un clima civile , sul decreto - legge , su come esso e nato sul perche e nato su come e vissuto e su come sta per essere ucciso dal voto concorde della maggioranza e della minoranza della Camera dei deputati ."}
{"sentidx":60288,"lemma":"clima","token":"clima","start":696,"end":701,"sent":"V Signor Presidente le chiedo cortesemente di attivarsi presso il Governo perche fornisca una risposta alle interpellanze ed interrogazioni che abbiamo presentato sull ' episodio di teppismo del quale e stato vittima il collega Storace chesi e visto impedire la celebrazione di un dibattito nella facolta di scienze politiche dell ' universita di Firenze Siccome il fatto e di estrema gravita , come il Presidente ben saper essere stato tempestivamente informato e per aver cortesemente e con grande sensibilita risposto all ' onorevole Storace a mio giudizio e necessario che i ministri dell ' universita e della ricerca scientifica e dell interno vengano a dirci , al piu presto , quale sia il clima dell ' universita di Firenze e come sia stato possibile che un gesto di teppismo inammissibile \u2014 anzi di teppismo come lo definiamo nella nostra interpellanza \u2014 abbia potuto impedire ad un membro del Parlamento di confrontarsi con un esponente del gruppo progressista in un libero dibattito sulla situazione politica e su argomenti di interesse generale ."}
{"sentidx":69849,"lemma":"clima","token":"clima","start":153,"end":158,"sent":"Presidente mi ricollego a quello che e stato detto dai colleghi che mi hanno preceduto per rilevare che , al di la della gravita dell ' episodio e in un clima che vede la stampa attaccare i parlamentari e le loro prerogative ( qualche giorno fa su Milano finanza e apparso un ignobile articolo in cui si legge che i parlamentari non lavorano ) , ce da domandarsi a che giova lavorare e perdere tempo in Commissione a discutere su un parere se poi lo stesso viene disatteso dal ministro ."}
{"sentidx":28285,"lemma":"clima","token":"clima","start":107,"end":112,"sent":"Signor Presidente onorevoli colleghi , non essendo un addetto ai lavori e non avendo quindi partecipato al clima spesso infuocato che ha caratterizzato l attivita della Commissione cultura , vorrei svolgere un piccolo ragionamento per vedere \u2014 anche mettendomi dalla parte del mitico cittadino \u2014 se riesco a comprendere bene quello che sta accadendo , aderendo alla richiesta di rinvio in Commissione delle proposte di legge in questione , per un loro piu approfondito esame ."}
{"sentidx":87755,"lemma":"clima","token":"clima","start":34,"end":39,"sent":"Il Governo non ha compreso questo clima ; non ha capito che e legato ad esso tutto quanto e avvenuto relativamente a Tangentopoli C e pero chilo ha capito prima ."}
{"sentidx":12162,"lemma":"clima","token":"clima","start":32,"end":37,"sent":"E emerso in Commissione come il clima tra le forze politiche , ma anche quello culturale nel paese , sia ancora acceso ."}
{"sentidx":92981,"lemma":"clima","token":"clima","start":577,"end":582,"sent":"H ministro Urbani ha avuto occasione di dire che le promesse elettorali vanno prese per buone solo nella misura del 20 per cento , ma noi abbiamo verificato che vanno considerate in misura ancora inferiore : nel corso di questi mesi il Governo non sie preoccupato di predisporre un documento di programmazione molto forte , ma ha preparato un blitz alla RAI ha emesso il decreto Biondi ha trattato il problema Fininvest La premessa serve per sottolineare , come hanno fatto altri colleghi prima di me , che nei confronti del Governo sie creato , nei mercati e nella gente , un clima di sfiducia che e contrario a quello che si voleva ottenere attraverso le promesse elettorali ."}
{"sentidx":6484,"lemma":"clima","token":"clima","start":251,"end":256,"sent":"Da esso deve uscire un Governo che abbia autorita e prestigio e dia tutte le garanzie di imparzialita necessarie per approvare la legge finanziaria , con le opportune correzioni ei necessari miglioramenti , e per condurre il paese alle elezioni in un clima di confronto corretto e sereno fra le forze politiche ."}
{"sentidx":23910,"lemma":"clima","token":"clima","start":113,"end":118,"sent":"Diciamo allora , che il confronto politico sul provvedimento in esame , proprio ed anche per i modii tempi ed il clima in cui si e sviluppato , non e riuscito a diventare il confronto per nuove regole ; non e riuscito a diventare il confronto sui modi con i quali determinare una rottura radicale con il passato ."}
{"sentidx":84212,"lemma":"clima","token":"clima","start":262,"end":267,"sent":"Questo tempo deve servire a noi ma deve servire anche a voi Preparate questo programma , preparate la squadra , preparate l alternativa , prepariamo tutti insieme le due vie , le due alternative ; non utilizziamo i problemi del caso , gli umori , i rancori , il clima , gli uomini della prima Repubblica i ricordi per dividere ."}
{"sentidx":57216,"lemma":"clima","token":"clima","start":57,"end":62,"sent":"Inizieremo tra poco dicevo , le operazioni di voto in un clima di estrema incertezza , giacche non si conosce ancora l esito del voto di fiducia ."}
{"sentidx":71932,"lemma":"clima","token":"clima","start":19,"end":24,"sent":"E pero cambiato il clima all ' interno del Parlamento e non capisco perche ."}
{"sentidx":27592,"lemma":"clima","token":"clima","start":76,"end":81,"sent":"Poiche per noie e resta importante , come ho gia detto , decongestionare il clima politico e poiche riteniamo necessario giungere al piu presto alle elezioni , ci asterremo dalla votazione per consentire che il Parlamento si occupi , si , al piu presto del consiglio di amministrazione della RAI ma per predisporre una buona legge ( Applausi dei deputati del gruppo di alleanza nazionale ) ."}
{"sentidx":28218,"lemma":"clima","token":"clima","start":170,"end":175,"sent":"Naturalmente cio incide nei rapporti tra le forze politiche , perche non si puo pensare che in politica si possano prendere gli schiaffi senza restituirlo E allora quale clima positivo e possibile ricostruire ?"}
{"sentidx":62307,"lemma":"clima","token":"clima","start":214,"end":219,"sent":"Non posso non sottolineare come sia dispiaciuto al sottoscritto ed al gruppo di cui faccio parte l aver dovuto ricorrere ad uno strumento del regolamento , quale la mancanza del numero legale , per impedire che il clima di panico che prima ricordavo spingesse la Camera a legiferare in modo non perfetto , anzi in modo non congruo alle reali necessita su cui tutti unanimemente concordavamo , sulla base dell ' analisi del provvedimento fatta sia in Commissione difesa che in Commissione affari costituzionali nelle ripetute volte in cui esso e stato esaminato ."}
{"sentidx":81687,"lemma":"clima","token":"clima","start":669,"end":674,"sent":"Quindi non siamo di fronte ad indiscrezioni giornalistiche , bensi ad un ' iniziativa promossa dal Presidente del Consiglio Quindi i casi sono due sottosegretario Grillo o quella del Presidente del Consiglio era semplicemente un ' iniziativa propagandistica , uno dei tanti spot che questo Governo fa oppure devo ritenere , anche considerando la formalita della sede in cui e stata resa tale dichiarazione , che vi sia stata una riunione o qualche iniziativa del Governo che ha smentito il Presidente del Consiglio Lo ripeto , non ci troviamo di fronte ad una spontanea iniziativa giornalistica , ma ad una vicenda grave perche , sottosegretario Grillo appesantisce un clima che gia noi sappiamo essere molto teso nel paese ed in Parlamento Siamo a questo punto , dinanzi ad una sorta di iniziativa incontrollata anche da parte del Presidente del Consiglio che determina solo confusione e che rende ancora meno credibile l operato del Governo Applausi dei deputati del gruppo di rifondazione comunista - progressisti ) ."}
