{"sentidx":115165,"lemma":"maggioranza","token":"maggioranza","start":33,"end":44,"sent":"gruppo federativo Relatore perla maggioranza"}
{"sentidx":80071,"lemma":"maggioranza","token":"maggioranza","start":34,"end":45,"sent":"GIUSEPPE TATARELLA Relatore perla maggioranza ."}
{"sentidx":57916,"lemma":"maggioranza","token":"maggioranza","start":15,"end":26,"sent":"Relatore perla maggioranza ."}
{"sentidx":4475,"lemma":"maggioranza","token":"maggioranza","start":15,"end":26,"sent":"Relatore perla maggioranza ."}
{"sentidx":47840,"lemma":"maggioranza","token":"maggioranza","start":15,"end":26,"sent":"Relatore perla maggioranza ."}
{"sentidx":72539,"lemma":"maggioranza","token":"maggioranza","start":15,"end":26,"sent":"Relatore perla maggioranza ."}
{"sentidx":72541,"lemma":"maggioranza","token":"maggioranza","start":15,"end":26,"sent":"Relatore perla maggioranza ."}
{"sentidx":4453,"lemma":"maggioranza","token":"maggioranza","start":15,"end":26,"sent":"Relatore perla maggioranza ."}
{"sentidx":4463,"lemma":"maggioranza","token":"maggioranza","start":15,"end":26,"sent":"Relatore perla maggioranza ."}
{"sentidx":4465,"lemma":"maggioranza","token":"maggioranza","start":15,"end":26,"sent":"Relatore perla maggioranza ."}
{"sentidx":4469,"lemma":"maggioranza","token":"maggioranza","start":15,"end":26,"sent":"Relatore perla maggioranza ."}
{"sentidx":4471,"lemma":"maggioranza","token":"maggioranza","start":15,"end":26,"sent":"Relatore perla maggioranza ."}
{"sentidx":57952,"lemma":"maggioranza","token":"maggioranza","start":15,"end":26,"sent":"Relatore perla maggioranza ."}
{"sentidx":139527,"lemma":"maggioranza","token":"maggioranza","start":15,"end":26,"sent":"Relatore perla maggioranza ."}
{"sentidx":57929,"lemma":"maggioranza","token":"maggioranza","start":15,"end":26,"sent":"Relatore perla maggioranza ."}
{"sentidx":79519,"lemma":"maggioranza","token":"maggioranza","start":15,"end":26,"sent":"Relatore perla maggioranza."}
{"sentidx":79547,"lemma":"maggioranza","token":"maggioranza","start":15,"end":26,"sent":"Relatore perla maggioranza."}
{"sentidx":79549,"lemma":"maggioranza","token":"maggioranza","start":15,"end":26,"sent":"Relatore perla maggioranza."}
{"sentidx":139469,"lemma":"maggioranza","token":"maggioranza","start":15,"end":26,"sent":"Relatore perla maggioranza ."}
{"sentidx":139476,"lemma":"maggioranza","token":"maggioranza","start":15,"end":26,"sent":"Relatore perla maggioranza ."}
{"sentidx":139482,"lemma":"maggioranza","token":"maggioranza","start":15,"end":26,"sent":"Relatore perla maggioranza ."}
{"sentidx":79561,"lemma":"maggioranza","token":"maggioranza","start":15,"end":26,"sent":"Relatore perla maggioranza."}
{"sentidx":72536,"lemma":"maggioranza","token":"maggioranza","start":15,"end":26,"sent":"Relatore perla maggioranza ."}
{"sentidx":47846,"lemma":"maggioranza","token":"maggioranza","start":15,"end":26,"sent":"Relatore perla maggioranza ."}
{"sentidx":72505,"lemma":"maggioranza","token":"maggioranza","start":15,"end":26,"sent":"Relatore perla maggioranza ."}
{"sentidx":72503,"lemma":"maggioranza","token":"maggioranza","start":15,"end":26,"sent":"Relatore perla maggioranza ."}
{"sentidx":47950,"lemma":"maggioranza","token":"maggioranza","start":15,"end":26,"sent":"Relatore perla maggioranza ."}
{"sentidx":47927,"lemma":"maggioranza","token":"maggioranza","start":15,"end":26,"sent":"Relatore perla maggioranza ."}
{"sentidx":47916,"lemma":"maggioranza","token":"maggioranza","start":15,"end":26,"sent":"Relatore perla maggioranza ."}
{"sentidx":72450,"lemma":"maggioranza","token":"maggioranza","start":15,"end":26,"sent":"Relatore perla maggioranza ."}
{"sentidx":47913,"lemma":"maggioranza","token":"maggioranza","start":15,"end":26,"sent":"Relatore perla maggioranza ."}
{"sentidx":72453,"lemma":"maggioranza","token":"maggioranza","start":15,"end":26,"sent":"Relatore perla maggioranza ."}
{"sentidx":47899,"lemma":"maggioranza","token":"maggioranza","start":15,"end":26,"sent":"Relatore perla maggioranza ."}
{"sentidx":47894,"lemma":"maggioranza","token":"maggioranza","start":15,"end":26,"sent":"Relatore perla maggioranza ."}
{"sentidx":47884,"lemma":"maggioranza","token":"maggioranza","start":15,"end":26,"sent":"Relatore perla maggioranza ."}
{"sentidx":72465,"lemma":"maggioranza","token":"maggioranza","start":15,"end":26,"sent":"Relatore perla maggioranza ."}
{"sentidx":72467,"lemma":"maggioranza","token":"maggioranza","start":15,"end":26,"sent":"Relatore perla maggioranza ."}
{"sentidx":72470,"lemma":"maggioranza","token":"maggioranza","start":15,"end":26,"sent":"Relatore perla maggioranza ."}
{"sentidx":72472,"lemma":"maggioranza","token":"maggioranza","start":15,"end":26,"sent":"Relatore perla maggioranza ."}
{"sentidx":47880,"lemma":"maggioranza","token":"maggioranza","start":15,"end":26,"sent":"Relatore perla maggioranza ."}
{"sentidx":72474,"lemma":"maggioranza","token":"maggioranza","start":15,"end":26,"sent":"Relatore perla maggioranza ."}
{"sentidx":72494,"lemma":"maggioranza","token":"maggioranza","start":15,"end":26,"sent":"Relatore perla maggioranza ."}
{"sentidx":3952,"lemma":"maggioranza","token":"maggioranza","start":15,"end":26,"sent":"Relatore perla maggioranza ."}
{"sentidx":47859,"lemma":"maggioranza","token":"maggioranza","start":15,"end":26,"sent":"Relatore perla maggioranza ."}
{"sentidx":72500,"lemma":"maggioranza","token":"maggioranza","start":15,"end":26,"sent":"Relatore perla maggioranza ."}
{"sentidx":139525,"lemma":"maggioranza","token":"maggioranza","start":15,"end":26,"sent":"Relatore perla maggioranza ."}
{"sentidx":139531,"lemma":"maggioranza","token":"maggioranza","start":15,"end":26,"sent":"Relatore perla maggioranza ."}
{"sentidx":47961,"lemma":"maggioranza","token":"maggioranza","start":15,"end":26,"sent":"Relatore perla maggioranza ."}
{"sentidx":81424,"lemma":"maggioranza","token":"maggioranza","start":15,"end":26,"sent":"Relatore perla maggioranza ."}
{"sentidx":81488,"lemma":"maggioranza","token":"maggioranza","start":15,"end":26,"sent":"Relatore perla maggioranza ."}
{"sentidx":57894,"lemma":"maggioranza","token":"maggioranza","start":15,"end":26,"sent":"Relatore perla maggioranza ."}
{"sentidx":81494,"lemma":"maggioranza","token":"maggioranza","start":15,"end":26,"sent":"Relatore perla maggioranza ."}
{"sentidx":81536,"lemma":"maggioranza","token":"maggioranza","start":15,"end":26,"sent":"Relatore perla maggioranza ."}
{"sentidx":81558,"lemma":"maggioranza","token":"maggioranza","start":15,"end":26,"sent":"Relatore perla maggioranza ."}
{"sentidx":81560,"lemma":"maggioranza","token":"maggioranza","start":15,"end":26,"sent":"Relatore perla maggioranza ."}
{"sentidx":56637,"lemma":"maggioranza","token":"maggioranza","start":15,"end":26,"sent":"Relatore perla maggioranza ."}
{"sentidx":81563,"lemma":"maggioranza","token":"maggioranza","start":15,"end":26,"sent":"Relatore perla maggioranza ."}
{"sentidx":81565,"lemma":"maggioranza","token":"maggioranza","start":15,"end":26,"sent":"Relatore perla maggioranza ."}
{"sentidx":81600,"lemma":"maggioranza","token":"maggioranza","start":15,"end":26,"sent":"Relatore perla maggioranza ."}
{"sentidx":81602,"lemma":"maggioranza","token":"maggioranza","start":15,"end":26,"sent":"Relatore perla maggioranza ."}
{"sentidx":81614,"lemma":"maggioranza","token":"maggioranza","start":15,"end":26,"sent":"Relatore perla maggioranza ."}
{"sentidx":81633,"lemma":"maggioranza","token":"maggioranza","start":15,"end":26,"sent":"Relatore perla maggioranza ."}
{"sentidx":81666,"lemma":"maggioranza","token":"maggioranza","start":15,"end":26,"sent":"Relatore perla maggioranza ."}
{"sentidx":81673,"lemma":"maggioranza","token":"maggioranza","start":15,"end":26,"sent":"Relatore perla maggioranza ."}
{"sentidx":81675,"lemma":"maggioranza","token":"maggioranza","start":15,"end":26,"sent":"Relatore perla maggioranza ."}
{"sentidx":81677,"lemma":"maggioranza","token":"maggioranza","start":15,"end":26,"sent":"Relatore perla maggioranza ."}
{"sentidx":81710,"lemma":"maggioranza","token":"maggioranza","start":15,"end":26,"sent":"Relatore perla maggioranza ."}
{"sentidx":142497,"lemma":"maggioranza","token":"maggioranza","start":15,"end":26,"sent":"Relatore perla maggioranza ."}
{"sentidx":81486,"lemma":"maggioranza","token":"maggioranza","start":15,"end":26,"sent":"Relatore perla maggioranza ."}
{"sentidx":81389,"lemma":"maggioranza","token":"maggioranza","start":15,"end":26,"sent":"Relatore perla maggioranza ."}
{"sentidx":139533,"lemma":"maggioranza","token":"maggioranza","start":15,"end":26,"sent":"Relatore perla maggioranza ."}
{"sentidx":81381,"lemma":"maggioranza","token":"maggioranza","start":15,"end":26,"sent":"Relatore perla maggioranza ."}
{"sentidx":79569,"lemma":"maggioranza","token":"maggioranza","start":15,"end":26,"sent":"Relatore perla maggioranza."}
{"sentidx":139538,"lemma":"maggioranza","token":"maggioranza","start":15,"end":26,"sent":"Relatore perla maggioranza ."}
{"sentidx":139540,"lemma":"maggioranza","token":"maggioranza","start":15,"end":26,"sent":"Relatore perla maggioranza ."}
{"sentidx":139563,"lemma":"maggioranza","token":"maggioranza","start":15,"end":26,"sent":"Relatore perla maggioranza ."}
{"sentidx":139572,"lemma":"maggioranza","token":"maggioranza","start":15,"end":26,"sent":"Relatore perla maggioranza ."}
{"sentidx":79576,"lemma":"maggioranza","token":"maggioranza","start":15,"end":26,"sent":"Relatore perla maggioranza."}
{"sentidx":139576,"lemma":"maggioranza","token":"maggioranza","start":15,"end":26,"sent":"Relatore perla maggioranza ."}
{"sentidx":139591,"lemma":"maggioranza","token":"maggioranza","start":15,"end":26,"sent":"Relatore perla maggioranza ."}
{"sentidx":79579,"lemma":"maggioranza","token":"maggioranza","start":15,"end":26,"sent":"Relatore perla maggioranza."}
{"sentidx":79936,"lemma":"maggioranza","token":"maggioranza","start":15,"end":26,"sent":"Relatore perla maggioranza."}
{"sentidx":113531,"lemma":"maggioranza","token":"maggioranza","start":15,"end":26,"sent":"Relatore perla maggioranza ."}
{"sentidx":139742,"lemma":"maggioranza","token":"maggioranza","start":15,"end":26,"sent":"Relatore perla maggioranza ."}
{"sentidx":80032,"lemma":"maggioranza","token":"maggioranza","start":15,"end":26,"sent":"Relatore perla maggioranza."}
{"sentidx":56576,"lemma":"maggioranza","token":"maggioranza","start":15,"end":26,"sent":"Relatore perla maggioranza ."}
{"sentidx":40250,"lemma":"maggioranza","token":"maggioranza","start":15,"end":26,"sent":"Relatori perla maggioranza ;"}
{"sentidx":122956,"lemma":"maggioranza","token":"maggioranza","start":15,"end":26,"sent":"Relatore perla maggioranza ."}
{"sentidx":57913,"lemma":"maggioranza","token":"maggioranza","start":15,"end":26,"sent":"Relatore perla maggioranza ."}
{"sentidx":112237,"lemma":"maggioranza","token":"maggioranza","start":15,"end":26,"sent":"Relatore perla maggioranza ."}
{"sentidx":81379,"lemma":"maggioranza","token":"maggioranza","start":15,"end":26,"sent":"Relatore perla maggioranza ."}
{"sentidx":47958,"lemma":"maggioranza","token":"maggioranza","start":15,"end":26,"sent":"Relatore perla maggioranza ."}
{"sentidx":47965,"lemma":"maggioranza","token":"maggioranza","start":15,"end":26,"sent":"Relatore perla maggioranza ."}
{"sentidx":81804,"lemma":"maggioranza","token":"maggioranza","start":15,"end":26,"sent":"Relatore perla maggioranza ."}
{"sentidx":14596,"lemma":"maggioranza","token":"maggioranza","start":15,"end":26,"sent":"Relatore perla maggioranza ."}
{"sentidx":14464,"lemma":"maggioranza","token":"maggioranza","start":15,"end":26,"sent":"Relatore perla maggioranza ."}
{"sentidx":123364,"lemma":"maggioranza","token":"maggioranza","start":15,"end":26,"sent":"Relatore perla maggioranza ."}
{"sentidx":14532,"lemma":"maggioranza","token":"maggioranza","start":15,"end":26,"sent":"Relatore perla maggioranza ."}
{"sentidx":14547,"lemma":"maggioranza","token":"maggioranza","start":15,"end":26,"sent":"Relatore perla maggioranza ."}
{"sentidx":123366,"lemma":"maggioranza","token":"maggioranza","start":15,"end":26,"sent":"Relatore perla maggioranza ."}
