{"sentidx":141016,"lemma":"cristiano","token":"cristiano","start":52,"end":61,"sent":"Signor Presidente il gruppo parlamentare del centro cristiano democratico votera contro questo provvedimento ."}
{"sentidx":181503,"lemma":"cristiano","token":"cristiani","start":42,"end":51,"sent":"Voglio ricordare che a questo proposito i cristiani democratici avevano anche presentato una questione pregiudiziale di costituzionalita ."}
{"sentidx":183158,"lemma":"cristiano","token":"cristiana","start":22,"end":31,"sent":"Pensa alla democrazia cristiana ."}
{"sentidx":320437,"lemma":"cristiano","token":"cristiani","start":9,"end":18,"sent":"Da buoni cristiani abbiamo il concetto manzoniano della"}
{"sentidx":11182,"lemma":"cristiano","token":"cristiano","start":52,"end":61,"sent":"dichiara il voto favorevole dei deputati del Centro cristiano democratico sul provvedimento ."}
{"sentidx":322842,"lemma":"cristiano","token":"cristiano","start":78,"end":87,"sent":"Signor Presidente intervengo brevemente per dichiarare il voto favorevole dei cristiano - democratici a questo provvedimento che istituisce la Commissione parlamentare d inchiesta sui consorzi agrari ."}
{"sentidx":225493,"lemma":"cristiano","token":"cristiano","start":72,"end":81,"sent":"Signor Presidente dichiaro innanzitutto il voto l astensione del Centro cristiano democratico sul provvedimento in esame ."}
{"sentidx":21887,"lemma":"cristiano","token":"cristiano","start":61,"end":70,"sent":"dichiara il convinto voto favorevole dei deputati del centro cristiano democratico ."}
{"sentidx":148359,"lemma":"cristiano","token":"cristiano","start":68,"end":77,"sent":"Abbiamo presentato diversi emendamenti , sia come gruppo del centro cristiano democratico sia come Polo delle liberta , evidenziando una visione complessivamente omogenea della situazione ."}
{"sentidx":204667,"lemma":"cristiano","token":"cristiano","start":12,"end":21,"sent":"Come centro cristiano democratico ed anche come Polo perle liberta abbiamo cercato di misurare questa distanza criticando le proposte del Governo avanzando proposte alternative ."}
{"sentidx":280533,"lemma":"cristiano","token":"cristiano","start":51,"end":60,"sent":"dichiara il voto contrario dei deputati del centro cristiano democratico ."}
{"sentidx":203884,"lemma":"cristiano","token":"cristiano","start":53,"end":62,"sent":"Signor Presidente annuncio che i deputati del Centro cristiano democratico voteranno a favore di questo provvedimento concernente il numero dei deputati e senatori da eleggere nella circoscrizione estero in rappresentanza degli italiani all \u2019 estero ."}
{"sentidx":148346,"lemma":"cristiano","token":"cristiano","start":28,"end":37,"sent":"Signor Presidente il centro cristiano democratico votera contro il disegno di legge collegato ."}
{"sentidx":137533,"lemma":"cristiano","token":"cristiano","start":22,"end":31,"sent":"I deputati del centro cristiano democratico hanno presentato una serie di emendamenti ."}
{"sentidx":264281,"lemma":"cristiano","token":"cristiano","start":28,"end":37,"sent":"Signor Presidente il centro cristiano democratico guarda con molta preoccupazione alla escalation in corso in queste ore nel Kosovo dove"}
{"sentidx":21900,"lemma":"cristiano","token":"cristiano","start":122,"end":131,"sent":"espresse le ragioni di condivisione dei contenuti del provvedimento , dichiara il voto favorevole dei deputati del centro cristiano democratico ."}
{"sentidx":163027,"lemma":"cristiano","token":"cristiano","start":31,"end":40,"sent":"Dichiaro il voto contrario dei cristiano - democratici su questo provvedimento ."}
{"sentidx":114012,"lemma":"cristiano","token":"cristiano","start":52,"end":61,"sent":"dichiara il voto favorevole dei deputati del centro cristiano democratico , auspicando l adozione di successivi interventi di valorizzazione e rilancio delle aree montane ."}
{"sentidx":138393,"lemma":"cristiano","token":"cristiano","start":80,"end":89,"sent":"Presidente preannunzio il voto contrario dei parlamentari del gruppo del centro cristiano democratico su questo provvedimento e sulla fiducia che e stata posta ."}
{"sentidx":149328,"lemma":"cristiano","token":"cristiani","start":73,"end":82,"sent":"Signor Presidente signor Presidente del Consiglio onorevoli colleghi , i cristiani democratici si apprestano a svolgere il ruolo di opposizione con serenita e determinazione , senza pregiudizi , attingendo alla loro grande tradizione cristiano - sociale ."}
{"sentidx":149328,"lemma":"cristiano","token":"cristiano","start":234,"end":243,"sent":"Signor Presidente signor Presidente del Consiglio onorevoli colleghi , i cristiani democratici si apprestano a svolgere il ruolo di opposizione con serenita e determinazione , senza pregiudizi , attingendo alla loro grande tradizione cristiano - sociale ."}
{"sentidx":95003,"lemma":"cristiano","token":"cristiano","start":159,"end":168,"sent":"Ricordo l intervento accorato del collega Lombardi del gruppo dei popolari , che grosso modo dichiarava di condividere le motivazioni addotte anche dal centro cristiano democratico ."}
{"sentidx":288664,"lemma":"cristiano","token":"cristiano","start":4,"end":13,"sent":"Noi cristiano democratici non possiamo portare neanche un granello a questa teoria ."}
{"sentidx":176440,"lemma":"cristiano","token":"cristiano","start":21,"end":30,"sent":"Il gruppo del Centro cristiano democratico e contrario ."}
{"sentidx":40855,"lemma":"cristiano","token":"cristiano","start":28,"end":37,"sent":"Signor Presidente il centro cristiano democratico votera in maniera convinta e coerente a favore di questa proposta ."}
{"sentidx":260750,"lemma":"cristiano","token":"cristiano","start":22,"end":31,"sent":"Signor Presidente noi cristiano democratici vorremmo distinguere , proprio per rispetto del lavoro parlamentare , due momenti che sono assai diversi tra loro ."}
{"sentidx":12333,"lemma":"cristiano","token":"cristiano","start":114,"end":123,"sent":"A seguito di queste considerazioni e di queste preoccupazioni , annuncio il voto favorevole del gruppo del centro cristiano democratico ."}
{"sentidx":304061,"lemma":"cristiano","token":"cristiano","start":66,"end":75,"sent":"Dichiaro pertanto , l astensione dal voto dei deputati del centro cristiano democratico ."}
{"sentidx":12330,"lemma":"cristiano","token":"cristiano","start":157,"end":166,"sent":"Il nostro voto sara comunque favorevole perche qui non stiamo conducendo una battaglia soltanto politica , per la quale valgono le considerazioni del centro cristiano democratico che ho appena esposto ."}
{"sentidx":112406,"lemma":"cristiano","token":"cristiani","start":32,"end":41,"sent":"Signor Presidente il gruppo dei cristiani democratici e contrario alla conversione del decreto - legge che riguarda ulteriori interventi in materia di incentivi per la rottamazione di veicoli non tanto e non solo perche questo"}
{"sentidx":174064,"lemma":"cristiano","token":"Cristiano","start":14,"end":23,"sent":"E qui per noi Cristiano democratici la radice fondamentale del degrado della politica ."}
{"sentidx":315956,"lemma":"cristiano","token":"cristiano","start":91,"end":100,"sent":"Signor Presidente intervengo molto brevemente per spiegare il motivo per cui il gruppo dei cristiano - democratici votera contro gli ordini del giorno di non passaggio all \u2019 esame degli articoli presentati ."}
{"sentidx":41924,"lemma":"cristiano","token":"cristiano","start":56,"end":65,"sent":"Dichiaro il voto favorevole del gruppo parlamentare dei cristiano democratici su questo provvedimento , che prevede , in materia di produzione lattiera , la proroga di venti giorni dei termini previsti per la decisione da parte delle regioni e delle province autonome sui ricorsi avverso gli accertamenti"}
{"sentidx":338882,"lemma":"cristiano","token":"cristiano","start":52,"end":61,"sent":"Signor Presidente il gruppo parlamentare del Centro cristiano democratico ha presentato una relazione di minoranza , che e stata illustrata ieri dal collega Liotta e che esprime la nostra valutazione di gran lunga negativa sul disegno di legge finanziaria ."}
{"sentidx":192175,"lemma":"cristiano","token":"cristiano","start":31,"end":40,"sent":"Quello che oggi noi del centro cristiano democratico vogliamo sottolineare e che sosterremo con convinzione questa legge perche essa ci allinea agli altri paesi d Europa e soprattutto perche segna il riconoscimento del ruolo delle Forze armate in un paese democratico ."}
{"sentidx":47896,"lemma":"cristiano","token":"cristiano","start":49,"end":58,"sent":"Insomma mi sono ritrovato con la motivazione del cristiano impegnato in politica , che pone la persona ela famiglia al centro della costruzione sociale quali suoi momenti fondamentali ."}
{"sentidx":338921,"lemma":"cristiano","token":"cristiano","start":10,"end":19,"sent":"Il Centro cristiano democratico si e fatto carico di"}
{"sentidx":137515,"lemma":"cristiano","token":"cristiano","start":73,"end":82,"sent":"Signor Presidente signor rappresentante del Governo colleghi , il centro cristiano democratico fara una dura opposizione a questa legge finanziaria ea tutti i provvedimenti che riguardano la politica economica del Governo La legge finanziaria rappresenta latto piu importante dell \u2019 attivita del Governo e della sua maggioranza ed e inevitabile che la sua configurazione finisca per essere caratterizzata dagli aspetti politici ed ideologici che maggiormente distinguono le forze politiche che la sostengono ."}
{"sentidx":205880,"lemma":"cristiano","token":"cristiano","start":22,"end":31,"sent":"I deputati del centro cristiano democratico sentono forti le ragioni della pace , della difesa degli innocenti e della promozione del dialogo ."}
{"sentidx":112261,"lemma":"cristiano","token":"cristiano","start":19,"end":28,"sent":"Per tale ragione i cristiano - democratici annunciano il loro voto contrario sul rendiconto ( Applausi dei deputati del gruppo del"}
{"sentidx":169398,"lemma":"cristiano","token":"cristiano","start":245,"end":254,"sent":"Signor Presidente onorevoli colleghi , ho minori certezze rispetto al collega Niedda e comunque , nel breve tempo che ho a disposizione , mi limitero ad alcune brevi considerazioni a commento e corredo della relazione di minoranza che il Centro cristiano democratico ha presentato su questa finanziaria ."}
{"sentidx":264528,"lemma":"cristiano","token":"cristiano","start":34,"end":43,"sent":"Il gruppo parlamentare del centro cristiano - democratico votera a favore di questo disegno di legge che prevede una delega al Governo per il riordino delle carriere diplomatiche e prefettizie e che contiene anche alcune disposizioni per il personale del Ministero degli affari esteri e per il personale militare ."}
{"sentidx":264538,"lemma":"cristiano","token":"cristiano","start":200,"end":209,"sent":"Riteniamo che questo disegno di legge rappresenti solo un primo passo e auspicando che si possa arrivare ad un completamento entro tempi brevi , preannuncio il voto favorevole dei deputati del centro cristiano - democratico ."}
{"sentidx":335426,"lemma":"cristiano","token":"cristiana","start":80,"end":89,"sent":"C e veramente bisogno di andare a pescare tra i ruderi della vecchia democrazia cristiana romana , visto che il personaggio in questione ha occupato tutti i posti di responsabilita possibili ed immaginabili senza avere alcun tipo di curriculum adeguato ?"}
{"sentidx":219946,"lemma":"cristiano","token":"cristiano","start":27,"end":36,"sent":"Anche il gruppo del centro cristiano democratico votera contro questo emendamento perche , nel momento in cui si intende approvare un provvedimento che riguarda la libera valutazione delle prove in tutti i processi , non si puo introdurre una norma , come quella proposta dall ' onorevole Piscitello percui alcuni processi meritano piu attenzione di altri ."}
{"sentidx":205798,"lemma":"cristiano","token":"cristiano","start":79,"end":88,"sent":"Io che appartengo invece alla cultura del liberalismo popolare , democratico e cristiano , credo sia proprio la legittimita dei mezzi usati a rendere degno il perseguimento di un determinato fine ."}
{"sentidx":24652,"lemma":"cristiano","token":"cristiani","start":119,"end":128,"sent":"Non intendo sollevare questioni , ad esempio , sulla norma concernente le spese veterinarie : con la parificazione dei cristiani agli animali voluta in Commissione sie cercato di rimediare ad una norma che sarebbe costata molto ."}
{"sentidx":277390,"lemma":"cristiano","token":"cristiano","start":10,"end":19,"sent":"Il centro cristiano - democratico condivide pienamente una parte della proposta di legge , ma e assolutamente contrario ad un \u2019 altra parte della stessa ."}
{"sentidx":33918,"lemma":"cristiano","token":"cristiano","start":107,"end":116,"sent":"Signor Presidente onorevoli colleghi , signor ministro , desidero chiarire subito che il gruppo del centro cristiano democratico condanna nel modo piu fermo l azione violenta che e stata compiuta a Venezia offendendo la citta , da parte di un gruppo di invasati , coscienti esecutori pratici di pensieri e parole seminate a piene mani in Veneto da irresponsabili agitatori politici ."}
{"sentidx":141403,"lemma":"cristiano","token":"cristiano","start":342,"end":351,"sent":"si associa , a nome dei deputati verdi , alle espressioni di condanna per l atteggiamento delle autorita turche , non rispettoso dei fondamentali diritti dell \u2019 uomo , ed invita il Governo ad attivarsi in sede internazionale per impedire l esecuzione della condanna a morte di Ocalan MARCO FOLLINI si associa , a nome dei deputati del centro cristiano democratico , alle considerazioni formulate da altri colleghi , ritenendo che il Parlamento debba far sentire la propria voce nettamente contraria alla condanna a morte di"}
{"sentidx":306513,"lemma":"cristiano","token":"cristiano","start":15,"end":24,"sent":"Noi del centro cristiano democratico ne abbiamo presentato uno solo , ma che ritengo di grande rilevanza ."}
{"sentidx":318607,"lemma":"cristiano","token":"cristiano","start":112,"end":121,"sent":"Per tali motivi ritengo importante dare un segnale con tale proposta di legge e quindi il gruppo misto - centro cristiano democratico votera a favore del provvedimento all \u2019 esame ."}
{"sentidx":126994,"lemma":"cristiano","token":"cristiano","start":55,"end":64,"sent":"Colgo l occasione per ribadire la posizione del Centro cristiano democratico su un provvedimento che , ripeto , riguarda una platea molto vasta di consumatori e di imprese ."}
{"sentidx":189039,"lemma":"cristiano","token":"cristiana","start":190,"end":199,"sent":"esprime soddisfazione per la positiva conclusione delle vicende giudiziarie di Antonio Gava rilevando che analogamente a quanto e avvenuto per altri autorevoli esponenti della ex Democrazia cristiana , e stata dimostrata l infondatezza di accuse che oltre ad essere infamanti per gli interessati , hanno gettato ombre inquietanti sulla storia del"}
{"sentidx":179762,"lemma":"cristiano","token":"cristiana","start":330,"end":339,"sent":"L istituzione della Commissione d inchiesta su Tangentopoli e necessaria , perche cos\u0131 si riuscira finalmente a fare luce su un periodo decisamente travagliato della storia repubblicana , che ha visto l esplosione di un intero sistema politico ela scomparsa di partiti storici , come il partito socialista italiano ela democrazia cristiana , che avevano contribuito alla nascita della Repubblica al consolidamento della democrazia ed allo sviluppo economico e sociale del paese ."}
{"sentidx":86611,"lemma":"cristiano","token":"cristiana","start":151,"end":160,"sent":"Si tratta di pulviscolo , di una piccola cosa in un meccanismo istituzionale ed elettorale , eppure gia la preferenza unica fece saltare la democrazia cristiana , partito di coalizioni , di correnti e quindi basato sulla multi preferenza ."}
{"sentidx":81668,"lemma":"cristiano","token":"cristiana","start":89,"end":98,"sent":"Non ho bisogno di ricordare che si tratta di un principio cardine della dottrina sociale cristiana , ma anche di un riferimento delle politiche e degli orientamenti di quasi tutti gli Stati europei ."}
{"sentidx":30287,"lemma":"cristiano","token":"cristiano","start":237,"end":246,"sent":"Signor Presidente noi abbiamo gia avuto modo di manifestare pubblicamente al professore Marsiglia la nostra solidarieta ed io intendo farlo anche oggi , formalmente , come parlamentare , soprattutto come parlamentare veronese del Centro cristiano democratico ; nel contempo , vogliamo condannare nel modo piu fermo la vile aggressione che ha subito il professore Marsiglia Dalla informativa del ministro dell \u2019 interno , che ringrazio per essere venuto qui tempestivamente , si evince che l inchiesta deve ancora fare i passi cruciali ."}
{"sentidx":128945,"lemma":"cristiano","token":"cristiano","start":63,"end":72,"sent":"Vogliamo dare un segnale forte , un segnale al quale il centro cristiano democratico vuole dare il proprio contributo , il proprio consenso ( Applausi dei deputati del gruppo misto -"}
{"sentidx":166984,"lemma":"cristiano","token":"cristiana","start":104,"end":113,"sent":"Non ce bisogno di richiamare Max Scheler per venire a conoscenza del fatto che , per esempio , una fede cristiana consapevole favorisce e potenzia menti critiche ."}
{"sentidx":281536,"lemma":"cristiano","token":"cristiana","start":148,"end":157,"sent":"E per questo che nell ' esame degli emendamenti avremo a cuore anche la visione generale di questa citta , che si vuole contemporaneamente capitale cristiana ed italiana , ma che ben presto potrebbe trovarsi in una contraddizione tra questi due ruoli ."}
{"sentidx":15761,"lemma":"cristiano","token":"cristiano","start":28,"end":37,"sent":"Signor Presidente il centro cristiano democratico votera a favore del disegno di legge in esame , anche se si tratta ancora una volta di un provvedimento tampone che cerca di rimediare in corsa ad una situazione che comunque non e rimediabile ."}
{"sentidx":128937,"lemma":"cristiano","token":"cristiano","start":40,"end":49,"sent":"Signor Presidente i deputati del centro cristiano democratico si apprestano ad esprimere il loro voto favorevole sulla proposta di riforma costituzionale relativa all \u2019 elezione diretta del presidente della giunta regionale ."}
{"sentidx":312700,"lemma":"cristiano","token":"cristiana","start":567,"end":576,"sent":"Sottosegretario di Stato per gli affari esteri , fa presente che il Governo condivide le preoccupazioni manifestate ed e disponibile ad offrire il proprio contributo per la ripresa del dialogo in vista della normalizzazione dei rapporti tra la Cina ela Santa Sede preannunzia quindi che , in occasione delle imminenti visite in Cina del Presidente del Consiglio e del ministro degli affari esteri , saranno affrontate le tematiche connesse alla liberta religiosa e ove la Santa Sede ne faccia richiesta , alle limitazioni della liberta di culto imposte alla comunita cristiana cinese ."}
{"sentidx":88755,"lemma":"cristiano","token":"cristiana","start":148,"end":157,"sent":"Tutto cio peraltro , accade nonostante , contemporaneamente a tali fatti , vengano espresse in modo chiaro ed inequivocabile dalla massima autorita cristiana una condanna ed una richiesta di perdono per le sofferenze inflitte al popolo ebraico , vittima di un feroce pregiudizio antigiuridico soltanto recentemente superato ."}
{"sentidx":132161,"lemma":"cristiano","token":"cristiane","start":235,"end":244,"sent":"pur giudicando apprezzabile l intento perseguito nell \u2019 elaborazione della Carta esprime un giudizio critico sui risultati conseguiti , di cui evidenzia i gravi limiti : in particolare la mancata inclusione del riferimento alle radici cristiane dell \u2019 Europa Auspica l introduzione di profonde modifiche al testo , che va considerato alla stregua di un lavoro preparatorio ."}
{"sentidx":210667,"lemma":"cristiano","token":"cristiano","start":107,"end":116,"sent":"Per il momento , per le ragioni che ho appena esposto , dichiaro il voto contrario dei deputati del gruppo cristiano democratici sulla questione di fiducia posta dal Governo Applausi dei deputati dei gruppi del CCD e di forza"}
{"sentidx":333236,"lemma":"cristiano","token":"cristiano","start":86,"end":95,"sent":"Penso tuttavia di poter interpretare autenticamente il voto che i colleghi del centro cristiano democratico hanno espresso ieri nel consiglio regionale del Veneto a favore di quella risoluzione ; penso di interpretare quel documento politicamente con pacatezza , anche alla luce dei nostri lavori sulla riforma della Costituzione Piu volte ho detto in Veneto ma non solo nel Veneto che riconosco l esistenza di un problema vero , sentito dalla gente in Italia quello della specificita delle varie regioni del nostro paese ."}
{"sentidx":142164,"lemma":"cristiano","token":"cristiano","start":316,"end":325,"sent":"Non e forse questa la ragione per la quale in paesi ed in situazioni del tutto confrontabili con la nostra , come per esempio la Germania federale , vi sono stati almeno quattro passaggi del partito intermedio , del piccolo partito che forma maggioranza con uno dei due partiti maggiori , quello socialista o quello cristiano democratico ?"}
{"sentidx":58472,"lemma":"cristiano","token":"cristiana","start":273,"end":282,"sent":"Sono stato iscritto alla democrazia cristiana , oggi sono democratica t democristiano ma ho sempre vissuto in una regione in cui ho svolto un ruolo di minoranza , come tanti colleghi della sinistra ha n no vissuto e fatto politica in regioni in cui governava la democrazia cristiana ."}
{"sentidx":58472,"lemma":"cristiano","token":"cristiana","start":36,"end":45,"sent":"Sono stato iscritto alla democrazia cristiana , oggi sono democratica t democristiano ma ho sempre vissuto in una regione in cui ho svolto un ruolo di minoranza , come tanti colleghi della sinistra ha n no vissuto e fatto politica in regioni in cui governava la democrazia cristiana ."}
{"sentidx":275535,"lemma":"cristiano","token":"cristiano","start":10,"end":19,"sent":"Il Centro cristiano democratico votera a favore del testo alternativo dell \u2019 onorevole Napoli Naturalmente noi respingiamo le osservazioni dei colleghi Popolari che sono i grandi traditori del concetto di parita scolastica ( Applausi del deputato Aprea un atteggiamento di tradimento non dei gruppi parlamentari che si oppongono a questa legge , ma delle scuole e dei genitori !"}
{"sentidx":119252,"lemma":"cristiano","token":"cristiano","start":17,"end":26,"sent":"La posizione dei cristiano - democratici e del Polo e conosciuta ."}
{"sentidx":132003,"lemma":"cristiano","token":"cristiano","start":91,"end":100,"sent":"Signor Presidente onorevoli colleghi , annuncio il voto favorevole dei deputati del Centro cristiano democratico su un provvedimento che segna per i cittadini e soprattutto , per gli operatori di giustizia una rotta polare verso una nuova cultura della giurisdizione in cui verranno sicuramente ridisegnati dalla legge ordinaria i ruoli dei giudici e dei pubblici ministeri ma , soprattutto , il ruolo del processo ."}
{"sentidx":122807,"lemma":"cristiano","token":"cristiano","start":381,"end":390,"sent":"Ci sono perla verita , ancora alcune perplessita soprattutto con riferimento alla parte che riguarda le ineleggibilita assolute dei deputati in caso di dichiarazione non presentata , pero lo stralcio delle attivita delle lobby , che era la preoccupazione maggiore perche cio tendeva a limitare la liberta delle persone avevano contatti con i deputati , induce il gruppo del centro cristiano democratico a votare a favore di questa legge che rappresenta un primo passo contro la corruzione ."}
{"sentidx":275584,"lemma":"cristiano","token":"cristiana","start":189,"end":198,"sent":"Non sie permessa di farla la democrazia cristiana in tanti anni , ne si sono permessi di farla i centrosinistra degli anni passati , quando altri partiti erano al Governo con la democrazia cristiana ."}
{"sentidx":275584,"lemma":"cristiano","token":"cristiana","start":40,"end":49,"sent":"Non sie permessa di farla la democrazia cristiana in tanti anni , ne si sono permessi di farla i centrosinistra degli anni passati , quando altri partiti erano al Governo con la democrazia cristiana ."}
{"sentidx":5300,"lemma":"cristiano","token":"cristiano","start":63,"end":72,"sent":"E noi ci sentiamo gli eredi del riformismo socialdemocratico e cristiano che ha governato l Europa in tutti questi cinquant \u2019 anni che abbiamo dietro alle spalle e che puo costruire le risposte ai drammi dei giovani , degli esclusi , degli anziani e dei pensionati piu deboli !"}
{"sentidx":267484,"lemma":"cristiano","token":"cristiana","start":74,"end":83,"sent":"Non ho certo i titoli per decidere , quanto alla conoscenza della cultura cristiana e cattolica dell ' onorevole Lembo e quella dell ' onorevole Aprea chi abbia ragione ."}
{"sentidx":301119,"lemma":"cristiano","token":"cristiana","start":26,"end":35,"sent":"Per decenni la democrazia cristiana e stata dipinta da sinistra come il partito dei ladri , dei mafiosi ."}
{"sentidx":74389,"lemma":"cristiano","token":"cristiani","start":212,"end":221,"sent":"In particolare , gli onorevoli interroganti segnalano l esclusione delle liste del CDU di forza Italia e di rifondazione comunista per il consiglio comunale di Catanzaro e delle liste di alleanza nazionale , dei cristiani democratici uniti , di forza Italia di unita socialista e di rifondazione comunista per i consigli circoscrizionali ."}
{"sentidx":125679,"lemma":"cristiano","token":"cristiano","start":32,"end":41,"sent":"Il voto dei deputati del centro cristiano democratico sara contrario in quanto con questo provvedimento si vogliono imporre al sistema produttivo italiano disposizioni normative che fissano le 45 ore quale limite massimo al lavoro straordinario"}
{"sentidx":318365,"lemma":"cristiano","token":"cristiano","start":49,"end":58,"sent":"Signor Presidente onorevoli colleghi , il centro cristiano democratico da sempre lascia spazio alla liberta di coscienza dei suoi appartenenti , perche l orientamento che viene maturato in casi come questo deve muovere da considerazioni che non possono che essere personali ."}
{"sentidx":96516,"lemma":"cristiano","token":"cristiani","start":502,"end":511,"sent":"Signor Presidente non siamo per la verita particolarmente appassionati alle questioni che sono state qui sollevate , perche la materia che trattiamo e stata gia risolta nella sostanza attraverso lo stralcio ela presentazione di un disegno di legge costituzionale ad hoc da parte del Governo il quale ha preso atto che nel nostro ordinamento il diritto di voto nelle elezioni amministrative ai cittadini extracomunitari puo essere introdotto solo attraverso una riforma della Costituzione Come e noto i cristiani democratici sono favorevoli ad un \u2019 integrazione che passi attraverso la partecipazione alla vita locale di coloro che sono residenti da sei anni , hanno un lavoro , pagano le tasse nel nostro paese ed hanno qui la famiglia ."}
{"sentidx":209461,"lemma":"cristiano","token":"cristiani","start":140,"end":149,"sent":"Collega Mattarella affidarsi soltanto ai disegni di legge non e sufficiente ( ne abbiamo predisposti tanti assieme , prima come democratici cristiani e poi come rappresentanti di forze politiche oggi schierate su versanti diversi ) ma occorre usufruire dell ' ampia condivisione esistente su questo tema ."}
{"sentidx":306543,"lemma":"cristiano","token":"cristiano","start":147,"end":156,"sent":"Mi sembra , invece , che si tratti di decisioni che devono essere assolutamente assunte dal Parlamento Quindi per quanto ci riguarda , come centro cristiano democratico , se il nostro emendamento ( o uno analogo di altri colleghi ) verra accolto , anche se il provvedimento contiene alcuni aspetti che possono essere per certi versi eccessivi , non avremo difficolta nel votare a suo favore ; se invece rimarra un \u2019 inaccettabile ambiguita ela legge potra aprire la porta ad un nuovo contenzioso , creando situazioni di disagio nelle realta interessate ( in sostanza , se i nostri emendamenti verranno respinti ) , preannuncio che il nostro voto sul complesso del provvedimento sara contrario ( Applausi del deputato"}
{"sentidx":134236,"lemma":"cristiano","token":"cristiano","start":493,"end":502,"sent":"Siamo persuasi che , nel caso in cui vi sia un accordo , una convergenza sul testo di una risoluzione del Consiglio di sicurezza , l Alleanza atlantica dovrebbe procedere ad una pausa delle azioni militari perche questa sarebbe la condizione per la riunione del Consiglio di sicurezza e per l adozione di una risoluzione ( Applausi dei deputati dei gruppi dei democratici di sinistra - l Ulivo dei popolari e democratici - l Ulivo dei democratici - l Ulivo dell UDR comunista , misto - centro cristiano democratico , socialisti democratici italiani , misto minoranze linguistiche , misto - rinnovamento italiano popolari d Europa e misto federalisti federalisti repubblicani ) ."}
{"sentidx":199313,"lemma":"cristiano","token":"cristiano","start":28,"end":37,"sent":"Signor Presidente il centro cristiano democratico si asterra su questo provvedimento di riforma dei consorzi agrari che in particolare tratta la natura giuridica dei consorzi , la titolarita della vigilanza , l esercizio del diritto di prelazione ed il rimborso dei crediti vantati ."}
{"sentidx":248008,"lemma":"cristiano","token":"cristiano","start":10,"end":19,"sent":"Il centro cristiano democratico si sente vicino a questa riforma , alla quale dara il suo contributo e il suo consenso ."}
{"sentidx":322310,"lemma":"cristiano","token":"cristiani","start":182,"end":191,"sent":"Non so se sappia fare la barba ad altri , certamente la fa in barba al Governo di Riad che supponiamo peraltro che sia informato di questo umiliante sotterfugio cui sono costretti i cristiani ."}
{"sentidx":230730,"lemma":"cristiano","token":"cristiano","start":26,"end":35,"sent":"I parlamentari del centro cristiano democratico dedicheranno il loro impegno nella Commissione al conseguimento di questi obiettivi e lo faranno con la necessaria flessibilita ."}
{"sentidx":291736,"lemma":"cristiano","token":"cristiano","start":213,"end":222,"sent":"Mi sembra quindi che il collega Nania valuti la situazione da molto lontano : dovrebbe sapere che il bilancio di una citta media nelle regioni in cui predomina il PDS e superiore a quanto , ad esempio , il centro cristiano democratico prende a titolo di finanziamento pubblico in un anno e in tutto il territorio nazionale ."}
{"sentidx":87860,"lemma":"cristiano","token":"cristiano","start":136,"end":145,"sent":"Ho voluto portare questo contributo , non certo per astenermi da una indicazione di voto che il collega Lucchese ha espresso a nome dei cristiano - democratici , ma per sollecitare soprattutto la Commissione di merito ad una particolare attenzione rispetto all ' esigenza di garantire una piu forte e decisiva azione regionale nell ' attuazione dei principi del servizio sanitario nazionale ."}
{"sentidx":245897,"lemma":"cristiano","token":"cristiano","start":74,"end":83,"sent":"Io invece , citero brevemente gli otto motivi che hanno portato il centro cristiano democratico a contestare con decisione in aula le proposte del ministro Berlinguer e della maggioranza e che prese le distanze da questo contenitore fatto di etichette , ma vuoto di contenuti , porteranno il centro cristiano democratico a non partecipare alla votazione ."}
{"sentidx":245897,"lemma":"cristiano","token":"cristiano","start":299,"end":308,"sent":"Io invece , citero brevemente gli otto motivi che hanno portato il centro cristiano democratico a contestare con decisione in aula le proposte del ministro Berlinguer e della maggioranza e che prese le distanze da questo contenitore fatto di etichette , ma vuoto di contenuti , porteranno il centro cristiano democratico a non partecipare alla votazione ."}
{"sentidx":336572,"lemma":"cristiano","token":"cristiana","start":194,"end":203,"sent":"Signor Presidente finalmente giunge in aula questa proposta di legge , presentata per la prima volta nel 1987 i primi firmatari furono allora i presidenti dei gruppi Socialista della Democrazia cristiana e Comunista E una proposta di legge che in questi anni e stata sollecitata da tanti , da cittadini , associazioni , istituzioni , a cominciare dal presidente del comitato per le onoranze dei martiri , dal sindaco di Stazzema e dal presidente del consiglio provinciale di Lucca Vorrei ringraziare qui anche l amico e collega Carlo Carli che oggi non potra prendere parte a questo dibattito per ragioni di incompatibilita derivanti dal suo duplice ruolo di sottosegretario e di primo firmatario di questa proposta di legge ."}
{"sentidx":300354,"lemma":"cristiano","token":"cristiano","start":95,"end":104,"sent":"Signor Presidente voglio innanzitutto esprimere , anche a nome degli altri colleghi del Centro cristiano democratico , il piu vivo cordoglio alle famiglie delle vittime ela piu sincera solidarieta a tutte le popolazioni che sono state colpite da questa tragedia ."}
{"sentidx":45389,"lemma":"cristiano","token":"cristiano","start":48,"end":57,"sent":"Anche volendo fare un ragionamento di umanesimo cristiano , bisogna repara te re che in questo modo si il lude il fratello ."}
{"sentidx":210528,"lemma":"cristiano","token":"cristiano","start":15,"end":24,"sent":"Noi del centro cristiano democratico condanniamo qualsiasi episodio di violenza , anche quello che abbiamo visto questa mattina , ma con ancora maggiore forza condanniamo l inerzia del Governo ed il terrorismo dell \u2019 informazione ; bisognera pure che qualcuno , che con le sue parole , i suoi atteggiamenti , la sua televisione faziosa procura a questo paese centinaia o migliaia di miliardi di danni che poi devono essere pagati dai cittadini , venga qualche volta chiamato a rispondere ( Applausi dei deputati dei gruppi misto - CCD e di Forza"}
{"sentidx":144397,"lemma":"cristiano","token":"cristiano","start":125,"end":134,"sent":"No i nostri emendamenti testimoniano che da parte dei gruppi parlamentari di Forza Italia di Alleanza nazionale e del Centro cristiano democratico vi sono proposte che tendono a regolamentare la materia certamente al di fuori di una logica semplicemente vincolistica e proibizionistica , che finisce per vietare e proibire il regolare svolgimento e azionamento dei circuiti informativi della democrazia ."}
