{"sentidx":332200,"lemma":"lira","token":"lire","start":119,"end":123,"sent":"Pertanto sesi vuole effettivamente difendere l interesse dei consumatori , bisogna ovviamente modificare queste trenta lire ."}
{"sentidx":141669,"lemma":"lira","token":"lire","start":104,"end":108,"sent":"Altrimenti si sostengono le organizzazioni sindacali che stanno facendo pagare centinaia di migliaia di lire ai commercianti , agli artigiani ."}
{"sentidx":77656,"lemma":"lira","token":"lire","start":196,"end":200,"sent":"\u00ab Box riguardante le indagini per associazione mafiosa nei confronti di imprenditori palermitani con conseguente decreto di sequestro di quote di nove societa per un valore di diversi miliardi di lire ."}
{"sentidx":62913,"lemma":"lira","token":"lira","start":67,"end":71,"sent":"Spiegherete al milione e passa di soggetti che non prenderanno una lira da questo provvedimento perche li avete esclusi !"}
{"sentidx":327907,"lemma":"lira","token":"lira","start":171,"end":175,"sent":"Infatti se lo Stato ricorre al mercato in misura crescente rispetto alla quantita di base monetaria prevista dall \u2019 istituto di emissione per mantenere la stabilita della lira nell \u2019 arco di un anno , evidentemente altrettanto si riduce la disponibilita di base monetaria per il settore privato ."}
{"sentidx":206896,"lemma":"lira","token":"lira","start":145,"end":149,"sent":"Tale apprezzamento e gia stato rilevato dai mercati finanziari attraverso il sensibile recupero dei corsi dei titoli di Stato e del cambio della lira , ed e stato ribadito anche da severi osservatori internazionali ."}
{"sentidx":34935,"lemma":"lira","token":"lire","start":22,"end":26,"sent":"Stanziare miliardi di lire a favore delle associazioni partigiane per celebrare i cinquant ' anni della Repubblica a me pare un metodo sbagliato ."}
{"sentidx":261993,"lemma":"lira","token":"lire","start":53,"end":57,"sent":"Sembra poco ma sesi moltiplicano cinquanta o novanta lire di forbice per una cinquantina di miliardi di litri venduti si capisce cosa cio comporti per le tasche del consumatore italiano e perla stessa inflazione ."}
{"sentidx":20037,"lemma":"lira","token":"lire","start":54,"end":58,"sent":"Inoltre la fideiussione di piu di quattro miliardi di lire , richiesta e regolarmente presentata dalla Sorem perla stipula del contratto , nonche il possesso della licenza di lavoro aereo , tutelano l amministrazione dal punto di vista tecnico , economico e finanziario ."}
{"sentidx":177900,"lemma":"lira","token":"lire","start":138,"end":142,"sent":"Essi si aggiungono ad altri undici provvedimenti di ristrutturazione del debito albanese , per un valore di diverse decine di miliardi di lire ."}
{"sentidx":8410,"lemma":"lira","token":"lira","start":104,"end":108,"sent":"I responsabili devono chiudere il bilancio nel rispetto delle previsioni e nessun ospedale sfora di una lira rispetto , appunto , al bilancio di previsione ."}
{"sentidx":27538,"lemma":"lira","token":"lira","start":78,"end":82,"sent":"In questo caso non puo che valere il solo principio democratico : neanche una lira senza una decisione esplicita , responsabile , individuale e volontaria dei cittadini ."}
{"sentidx":164415,"lemma":"lira","token":"lira","start":154,"end":158,"sent":"Il risanamento della nostra economia , grazie alla riduzione dei tassi di interesse ela creazione di un clima di certezza , attraverso la stabilita della lira , rappresentano i due assi strategici della manovra di bilancio che stiamo per approvare ."}
{"sentidx":17014,"lemma":"lira","token":"lire","start":227,"end":231,"sent":"Si dovranno far funzionare i nuovi strumenti di programmazione economica definiti con il collegato alla finanziaria : i patti territoriali , i contratti d area gli accordi di programma per utilizzare le migliaia di miliardi di lire in sede di Unione europea ."}
{"sentidx":68529,"lemma":"lira","token":"lira","start":92,"end":96,"sent":"I porti nei quali non erano presenti organizzazioni portuali , invece , non hanno preso una lira e sono stati profondamente penalizzati ."}
{"sentidx":4888,"lemma":"lira","token":"lire","start":69,"end":73,"sent":"Ricordo che per piazzare una mina sono sufficienti poche migliaia di lire mentre il costo per toglierla puo anche essere di diversi milioni ."}
{"sentidx":13639,"lemma":"lira","token":"lira","start":131,"end":135,"sent":"La regione ha da anni nelle sue casse cento miliardi che dovevano servire per la progettazione degli interventi previsti : non una lira e stata spesa ed il piano di risanamento si e perso nelle nebbie della burocrazia regionale e delle parole della convegnistica siracusana ."}
{"sentidx":104510,"lemma":"lira","token":"lire","start":38,"end":42,"sent":"Come tutti sanno , la moneta da mille lire ha cancellato mezza Germania creando problemi diplomatici con quel paese ."}
{"sentidx":291733,"lemma":"lira","token":"lire","start":31,"end":35,"sent":"Stanno guadagnando miliardi di lire sulla pelle di questa citta ( Applausi dei deputati del gruppo di alleanza nazionale ) !"}
{"sentidx":281222,"lemma":"lira","token":"lire","start":236,"end":240,"sent":"Signora se lo vuole sapere meglio, ritengo che sia vergognoso che delle associazioni che non svolgono alcuna attivita politica , peraltro superate dalla storia e dagli eventi , possano disporre di una propria sede che costa miliardi di lire ai cittadini e alla collettivita !"}
{"sentidx":38179,"lemma":"lira","token":"lire","start":122,"end":126,"sent":"Certo che togliere da uno stipendio di un miliardo cinquanta o cento milioni non ela stessa cosa che ridurre di centomila lire lo stipendio al povero disgraziato lavoratore che guadagna un milione al mese !"}
{"sentidx":276871,"lemma":"lira","token":"lire","start":159,"end":163,"sent":"Ma queste ultime , onorevoli colleghi del centrosinistra , avrebbero preferito avere un figlio disoccupato in meno , piuttosto che poche decine di migliaia di lire in piu da spendere !"}
{"sentidx":184397,"lemma":"lira","token":"lire","start":63,"end":67,"sent":"- una retribuzione mensile lorda di un milione e trecento mila lire ; non solo , ma tale categoria e priva di qualsiasi copertura assistenziale e previdenziale !"}
{"sentidx":130706,"lemma":"lira","token":"lire","start":179,"end":183,"sent":"Ho incontrato questi giovani emi hanno detto che vengono sfruttati dal Ministero della giustizia , perche ci sono dipendenti di VII livello che percepiscono un milione e mezzo di lire al mese ."}
{"sentidx":290191,"lemma":"lira","token":"lire","start":57,"end":61,"sent":"Costui dovrebbe pagare un canone di affitto di centomila lire mensili , ma dove trova una casa per centomila lire Cio sarebbe possibile con un gran numero di case disponibili a mercato regolato , nel senso di mercato protetto rispetto alle fasce di cittadini piu deboli , che sono la stragrande maggioranza della popolazione ."}
{"sentidx":290191,"lemma":"lira","token":"lire","start":109,"end":113,"sent":"Costui dovrebbe pagare un canone di affitto di centomila lire mensili , ma dove trova una casa per centomila lire Cio sarebbe possibile con un gran numero di case disponibili a mercato regolato , nel senso di mercato protetto rispetto alle fasce di cittadini piu deboli , che sono la stragrande maggioranza della popolazione ."}
{"sentidx":225652,"lemma":"lira","token":"lire","start":138,"end":142,"sent":"Signor Presidente le segnalo che la Guardia di finanza ha accertato che la societa avrebbe emesso fatture false per decine di miliardi di lire ."}
{"sentidx":73627,"lemma":"lira","token":"lire","start":452,"end":456,"sent":"Fra i vari problemi , ricordo quelli relativi ai parametri di indicizzazione ; ai calcoli intermedi ; agli effetti della conversione di importi contenuti in norme vigenti ; alla trilioni in euro degli strumenti finanziari ; alle rilevazioni in euro di valori espressi nei bilanci delle imprese ; alle dichiarazioni e attestazioni in euro dei contribuenti nei rapporti con l amministrazione tributaria e pubblica in genere ; alla redazione in euro e in lire dei documenti contabili nella pubblica amministrazione durante il periodo transitorio ."}
{"sentidx":204161,"lemma":"lira","token":"lire","start":413,"end":417,"sent":"Sia nei comuni , sia a livello provinciale questi organi servono solo ad integrare le entrate dei loro componenti , perche effettuano unicamente un controllo notarile sui deceduti , sui trasferiti o su coloro che hanno compiuto la maggiore eta , per la registrazione ela trascrizione sui registri elettorali ; a tal fine una serie di persone lavorano un \u2019 ora per tre volte alla settimana , guadagnando centomila lire all \u2019 ora ."}
{"sentidx":182925,"lemma":"lira","token":"lira","start":122,"end":126,"sent":"In piu disposizioni di questa legge si parla di invarianza di spesa ( il riordino si deve effettuare senza aggiungere una lira ) , ma poi si afferma che i decreti delegati saranno esaminati dalle Commissioni competenti anche per analizzare le conseguenze di carattere finanziario : ora , se non si puo variare la spesa , quali saranno le conseguenze di carattere finanziario ?"}
{"sentidx":120658,"lemma":"lira","token":"lira","start":70,"end":74,"sent":"Insomma potevano essere utilizzati mille sistemi , senza spendere una lira in piu , per ottenere lo stesso scopo ."}
{"sentidx":134054,"lemma":"lira","token":"lire","start":199,"end":203,"sent":"Se diciamo che occorre favorire il volontariato , allora si cerchi di fare questo in tutta Italia anche in considerazione del fatto che la spesa occorrente e limitata a poche centinaia di milioni di lire ."}
{"sentidx":139606,"lemma":"lira","token":"lire","start":81,"end":85,"sent":"Quell accordo , facendo affluire nelle casse del Governo serbo molti miliardi di lire , consentiva a Milosevic di sanare innanzitutto alcuni suoi piccoli problemi di pagamenti di pensioni per il popolo serbo , di stipendi per i militari , di benzina per i tank militari egli offriva una possibilita di ripresa che , altrimenti , non avrebbe avuto ."}
{"sentidx":39122,"lemma":"lira","token":"lire","start":219,"end":223,"sent":"Credo che sia anche da considerare che nella prospettiva della moneta unica europea si andra sicuramente verso l emissione di tagli che sono compresi in una frazione che arrivera , per il titolo massimo , al milione di lire italiane ."}
{"sentidx":292276,"lemma":"lira","token":"lire","start":161,"end":165,"sent":"Faccio un esempio , forse rozzo ma molto chiaro : e indifferente , ai fini del testo del Senato se gli organi della fondazione abbiano emolumenti annui di cento lire odi cento milioni , perche comunque ela legge che copre le spese di funzionamento per definizione delle fondazioni ."}
{"sentidx":149168,"lemma":"lira","token":"lira","start":111,"end":115,"sent":"L accordo sul costo del lavoro ha consentito di limitare l impatto sui prezzi indotto dalla svalutazione della lira ; la riduzione dei conflitti sociali ha creato una situazione di stabilita che ha consentito di portare avanti l azione di risanamento , interrotta solo dal tentativo del Governo Berlusconi di intervenire unilateralmente sulle pensioni ."}
{"sentidx":260827,"lemma":"lira","token":"lira","start":86,"end":90,"sent":"Un ultima urgenza , semmai ve ne fossero , e quella di cercare di risparmiare qualche lira del nostro sgangherato bilancio ."}
{"sentidx":52154,"lemma":"lira","token":"lire","start":298,"end":302,"sent":"A proposito delle spese , non so se il sottosegretario sia al corrente del fatto che per il litorale di Ostia si potrebbe godere gratuitamente di una sede di proprieta pubblica , cioe l ex colonia Vittorio Emanuele perla cui ristrutturazione esterna , non completata , sono stati spesi miliardi di lire e che e abbandonata , ma costituisce una vera e propria citta al centro del litorale , facilmente raggiungibile sia da Fiumicino sia dagli altri comuni della zona ."}
{"sentidx":310157,"lemma":"lira","token":"lire","start":270,"end":274,"sent":"Siamo altresi contrari alla mancata realizzazione di alcune opere : ad esempio , si parla ormai da decenni di realizzare il cosiddetto corridoio ionico in un territorio in cui e stato realizzato il porto di Corigliano per il quale sono state spese decine di miliardi di lire e che e praticamente inutilizzabile ( colgo l occasione per sollecitare la risposta ad un \u2019 interrogazione da me presentata sulla necessita di realizzare un collegamento ferroviario tra tale porto ela stazione di Sibari snodo ferroviario rilevante ) ."}
{"sentidx":150520,"lemma":"lira","token":"lira","start":14,"end":18,"sent":"Non solo mala lira ha visto svanire nel tempo il suo deprezzamento e di conseguenza e meno competitiva ."}
{"sentidx":264657,"lemma":"lira","token":"lira","start":170,"end":174,"sent":"Il problema infatti resta quello dell \u2019 economia reale , quella che sta dietro alla moneta , e che ela sola che alla fine fa combaciare il maggiore o minore valore della lira con la maggiore o minore efficienza del sistema economico di riferimento , quello italiano ."}
{"sentidx":332222,"lemma":"lira","token":"lire","start":100,"end":104,"sent":"Signor Presidente la questione e molto semplice , nel senso che l imposta e stata ridotta di trenta lire in relazione alle variazioni dei prezzi che si erano verificate e che erano previste per il periodo di conversione del decreto - legge ."}
{"sentidx":135311,"lemma":"lira","token":"lire","start":74,"end":78,"sent":"Il volume di risorse in gioco ammonta a circa ulteriori mille miliardi di lire ."}
{"sentidx":57806,"lemma":"lira","token":"lira","start":41,"end":45,"sent":"Ancora oggi none disponibile neppure una lira per le amministrazioni locali che hanno anticipato risorse ingenti , si sono esposte e rischiano il dissesto finanziario perche le imprese reclamano i pagamenti egli amministratori non hanno risposte da dare ."}
{"sentidx":202402,"lemma":"lira","token":"lira","start":41,"end":45,"sent":"I produttori non hanno preso neanche una lira a questo titolo ."}
{"sentidx":275490,"lemma":"lira","token":"lira","start":183,"end":187,"sent":"I colleghi devono sapere , quindi , che da questa legge gli studenti e le famiglie che fanno la scelta legittima di un progetto educativo diverso dalla scuola statale non avranno una lira ."}
{"sentidx":27622,"lemma":"lira","token":"lira","start":64,"end":68,"sent":"Noi ci sosteniamo con i nostri soldi ; non abbiamo ricevuto una lira di tale finanziamento ."}
{"sentidx":104511,"lemma":"lira","token":"lire","start":53,"end":57,"sent":"Non cisi e accorti pero anche che la moneta da mille lire , coniata nella Valle d Aosta ha cancellato altresi la Sicilia la Sardegna ela Calabria Cio e suscettibile di deteriorare i rapporti tra il Governo centrale ei governi delle regioni siciliana e sarda , che sono regioni autonome , e della"}
{"sentidx":98104,"lemma":"lira","token":"lire","start":75,"end":79,"sent":"Certamente non stara mai in mezzo alla strada senza denti a chiedere mille lire ( penso che ormai cento lire siano insufficienti ! )"}
{"sentidx":98104,"lemma":"lira","token":"lire","start":104,"end":108,"sent":"Certamente non stara mai in mezzo alla strada senza denti a chiedere mille lire ( penso che ormai cento lire siano insufficienti ! )"}
{"sentidx":39194,"lemma":"lira","token":"lire","start":94,"end":98,"sent":"Tuttavia il ricorrere a nuove monete metalliche ( presumibilmente delle mille e delle duemila lire ) comporta un costo di produzione che sembra inutile affrontare , se e vero come e vero che e stato richiamato in alcune occasioni da parte di taluno il ricorso all ' introduzione dell ' euro ."}
{"sentidx":89149,"lemma":"lira","token":"lira","start":92,"end":96,"sent":"Abbiamo previsto l acquisto di alloggi ed addirittura la loro costruzione , ma non una sola lira e stata investita per gli acquisti ne un solo mattone e stato posato per costruire altri alloggi per le Forze dell ordine ."}
{"sentidx":27548,"lemma":"lira","token":"lira","start":91,"end":95,"sent":"Noi vogliamo correggere la legge vigente andando proprio nella direzione opposta : non una lira ai partiti , ai movimenti ed alle coalizioni , nonche ai loro organi di informazione , senza che vi sia un cittadino che lo abbia deciso ."}
{"sentidx":9164,"lemma":"lira","token":"lira","start":133,"end":137,"sent":"Signor Presidente preannuncio il voto favorevole dei deputati del gruppo di forza Italia perche questa e una legge che non costa una lira allo Stato e che pone rimedio ad un precedente provvedimento i cui tempi di attuazione sono stati stretti Essa risponde al bisogno di infrastrutture del Mezzogiorno per far fronte al quale tutti i gruppi , ad eccezione della lega nord , hanno deciso di sottoscrivere Confermo la nostra intenzione di approvarla ."}
{"sentidx":124441,"lemma":"lira","token":"lire","start":42,"end":46,"sent":"Tale capitale non deve essere inferiore a lire 12 miliardi e deve essere interamente versato , consentendo tuttavia la possibilita di fornire la documentazione riguardante la costituzione di una effettiva riserva da destinare a futuro aumento di capitale , che dovra essere versato entro trenta giorni in caso di rilascio della concessione ."}
{"sentidx":27534,"lemma":"lira","token":"lira","start":92,"end":96,"sent":"Il criterio guida , il solo accettabile oggi per l Italia deve essere il seguente : non una lira puo andare nelle casse dei partiti se non per decisione esplicita , libera e consapevole dei singoli cittadini ."}
{"sentidx":164446,"lemma":"lira","token":"lira","start":115,"end":119,"sent":"Gli industriali italiani puntano , per mantenere inalterata la competitivita di prezzo dopo il apprezzamento della lira , su gabbie salariali o retribuzioni legate alla produttivita sistemica di aree omogenee ."}
{"sentidx":164464,"lemma":"lira","token":"lira","start":167,"end":171,"sent":"I verdi , che hanno sempre criticato l apologia del mercato , non sono tuttavia insensibili a quello che il mercato risponde , e quest ' ultimo , dopo l entrata della lira nel sistema monetario europeo , ha risposto esattamente dando fiducia al complesso delle manovre economiche realizzato dal Governo Prodi Pertanto con realismo noi , davanti a questi fatti , possiamo tranquillamente e serenamente dire che questa non e certamente la nostra finanziaria , pero vi e stata una risposta positiva che incoraggia nella difficile direzione verso l Europa come e stato detto ."}
{"sentidx":76233,"lemma":"lira","token":"lira","start":17,"end":21,"sent":"Ha reso forte la lira , cosa che ha consentito di difendere i risparmi dei nostri concittadini ."}
{"sentidx":15697,"lemma":"lira","token":"lira","start":166,"end":170,"sent":"Io sono stato condannato per essere assente senza assegno , caro Duca E la particolare insinuazione da parte sua e una pura diffamazione , perche io non ho preso una lira ed ho lavorato per lo Stato Ho dato un catalogo dei beni culturali della provincia di Rovigo in aspettativa e senza assegni !"}
{"sentidx":326591,"lemma":"lira","token":"lire","start":819,"end":823,"sent":"In tale accordo , sulla base delle linee strategiche del piano industriale quinquennale illustrato alle organizzazioni sindacali , e stato evidenziato che il piano e rivolto alla creazione di un gruppo alimentare di respiro internazionale avente come core business le conserve e incentrato sulle seguenti linee di intervento : il rafforzamento del marchio Cirio in Europa attraverso rilevanti investimenti commerciali e di comunicazione ; la realizzazione di una nuova struttura societaria attraverso lo scorporo del ramo d azienda conserviero della Cirio Spa con sede a San Polo di Podenzano la razionalizzazione ed il rafforzamento degli assetti produttivi attraverso la creazione di due poli integrati e strategici , uno a San Polo di Podenzano el \u2019 altro a Caivano con investimenti tecnici per circa 57 miliardi di lire ."}
{"sentidx":335405,"lemma":"lira","token":"lire","start":3,"end":7,"sent":"In lire italiane , quanto sarebbe ?"}
{"sentidx":19275,"lemma":"lira","token":"lire","start":263,"end":267,"sent":"Signor Presidente egregi colleghi , come rappresentanti del popolo abbiamo un problema da porci : perche salvare il Banco di Napoli Vorrei ricordare che ieri un disabile bergamasco e stato condannato a otto mesi perche in possesso di due banconote false da mille lire ; qui invece stiamo premiando chi dilapida migliaia di miliardi ."}
{"sentidx":127315,"lemma":"lira","token":"lira","start":269,"end":273,"sent":"Ho letto in alcune pubblicazioni che ci sono diversi governi dell ' Unione europea che provvedono ad integrare i contributi , mentre non risulterebbe sufficientemente presente questa istanza nel Governo italiano ; dobbiamo infatti constatare che la rivalutazione della lira , peraltro auspicabile sotto altri punti di vista , in questi mesi ha comportato sicuramente ripercussioni gravi per il settore agricolo in generale , e specificamente anche per il settore della carne ."}
{"sentidx":109578,"lemma":"lira","token":"lira","start":24,"end":28,"sent":"Il tracollo prima della lira e poi dell euro nei confronti del dollaro rappresenta un \u2019 operazione meritevole di denuncia poiche ha arrecato gravissimi danni alle casse dello Stato In base alle risposte che verranno fornite dal relatore o dal Governo i deputati della Lega decideranno se votare a favore o contro ."}
{"sentidx":281267,"lemma":"lira","token":"lire","start":426,"end":430,"sent":"Si parla di generiche case di accoglienza : non si pensa alla metropolitana , alla via del mare , alla Cristoforo Colombo mala \u00ab Vittorio Emanuele di Roma che potrebbe essere una grande risorsa per l universita del litorale , diventa genericamente struttura di accoglienza per il turismo giovanile ; cio senza pensare che occorrono i servizi , perche non basta creare dei contenitori tanto per spendere miliardi e miliardi di lire ."}
{"sentidx":5163,"lemma":"lira","token":"lira","start":416,"end":420,"sent":"Di fronte alla situazione di crisi che si prospetta , pertanto , ci appare financo superfluo , signor Presidente del Consiglio dichiarare che non voteremo la fiducia al suo Governo Tuttavia da rappresentanti di una forza di opposizione responsabile , indipendente , democratica e parlamentare , manifestiamo la nostra preoccupazione per gli effetti della crisi politica della maggioranza , per i suoi riflessi sulla lira , sui risparmi degli italiani , sull \u2019 occupazione e sulle imprese , in una difficile congiuntura economica ed in una fase di grave turbolenza dei mercati finanziari ."}
{"sentidx":236716,"lemma":"lira","token":"lire","start":517,"end":521,"sent":"Quest ultimo , dopo l approvazione del provvedimento in esame , verra messo nelle condizioni di distinguere senza possibilita di equivoco l opera autentica da quella contraffatta , poiche vi sara l obbligo di dicitura per tutti i supporti , musicali , informatici , video ; di conseguenza , l acquirente , non essendoci piu la possibilita di equivoco che si verifica attualmente , potra distinguere il prodotto autentico da quello falsificato e se acquistera un prodotto falsificato , subira una sanzione di 300 mila lire che dovrebbe essere efficace ."}
{"sentidx":20801,"lemma":"lira","token":"lire","start":68,"end":72,"sent":"Mi viene in mente quando in chiesa si davano le cinquanta ole dieci lire quasi per togliersi il problema , ma non risolvere il problema ."}
{"sentidx":215239,"lemma":"lira","token":"lira","start":23,"end":27,"sent":"Ebbene non abbiamo una lira e quel fondo speciale non era disponibile per delle proposte serie : oggi , invece , e disponibile ."}
{"sentidx":72695,"lemma":"lira","token":"lira","start":608,"end":612,"sent":"Vorrei assicurare all ' onorevole interrogante che le discussioni che stanno avvenendo attualmente nella pubblica opinione e sulla stampa non hanno apportato alcuna turbativa sui mercati , cioe stanno facendo premio i fatti , sta facendo premio la politica economica del Governo quale essa e attuata e quale e stata approvata dal Parlamento Mi richiamo ancora all ' importanza che il documento di programmazione economico - finanziaria sia stato approvato in questi giorni , ieri sera , dal Senato e quindi dall ' intero Parlamento Se lei guarda l andamento dei mercati , vedra come il tasso di cambio della lira , dopo alcune tensioni che si erano verificate per motivi esterni al nostro paese , sia attualmente stabile , ad un livello superiore a quello della parita centrale ."}
{"sentidx":23086,"lemma":"lira","token":"lira","start":468,"end":472,"sent":"L entusiasmo suscitato dal professore Di Bella in questo momento rappresenta un monito per il Governo infatti , da questo episodio deve nascere la consapevolezza che in Di Bella si sono incarnati tutti coloro , medici e malati , che avrebbero voluto fronteggiare , con lo stesso coraggio e determinazione , la protervia del Governo e dichi , come il professore Garattini con insolenza si e rivolto con frasi irripetibili ad un clinico che dallo Stato non ha avuto una lira e chesi e dimostrato solo al servizio dei malati ."}
{"sentidx":53021,"lemma":"lira","token":"lira","start":100,"end":104,"sent":"Se siete contro e se non siete anime belle , dichiarate qui ed ora che mai e poi mai prenderete una lira di rimborsi elettorali e di finanziamento pubblico !"}
{"sentidx":264705,"lemma":"lira","token":"lira","start":18,"end":22,"sent":"L andamento della lira sui mercati rappresenta un beneficio in termini di riduzione dei costi di transazione , in particolare per le imprese , di quelli di copertura del rischio delle fluttuazioni valutarie che possono essere di notevole entita ."}
{"sentidx":266451,"lemma":"lira","token":"lire","start":229,"end":233,"sent":"Ancora piu grave , poi , quanto e previsto nel secondo comma : i datori di lavoro privati egli enti pubblici economici che non possono occupare l intera percentuale dei disabili devono pagare un contributo integrativo di 25 mila lire per ogni giorno lavorativo per ciascun lavoratore disabile non occupato ; il denaro sarebbe versato nel fondo regionale per l occupazione dei disabili ."}
{"sentidx":123824,"lemma":"lira","token":"lire","start":228,"end":232,"sent":"Puo anche darsi che sia vero , ma vi sono alcuni importanti obiettivi che sono stati gia raggiunti : mi riferisco , ad esempio , al fatto che lo Stato come ricordava Cambursano abbia ottenuto un utile di circa mille miliardi di lire !"}
{"sentidx":276977,"lemma":"lira","token":"lire","start":146,"end":150,"sent":"Ci rivolgiamo prima di tutto alla maggioranza di centrosinistra affinche approvi il nostro emendamento che aumenta le pensioni minime di 200 mila lire mensili , facendo appello a quanto rimane del principio di solidarieta nel patrimonio storico di queste forze politiche ."}
{"sentidx":226101,"lemma":"lira","token":"lira","start":56,"end":60,"sent":"Un anno fadi questi tempi nessuno avrebbe scommesso una lira sulla capacita in genere del Parlamento e del Governo a prescindere dal colore politico , di attivare in cosi poco tempo provvedimenti legislativi di riforma , di profonda riforma della vita dello Stato Se avessimo voluto guardare agli esempi del recente passato in questa fase della transizione , con particolare riferimento al periodo governato dal centro - destra , con Berlusconi Presidente del Consiglio certamente nessuno avrebbe scommesso una lira che in sette mesi si sarebbe riusciti ad avviare ea sostanziare di voti anche della Camera un processo riformatore cosi consistente ."}
{"sentidx":226101,"lemma":"lira","token":"lira","start":511,"end":515,"sent":"Un anno fadi questi tempi nessuno avrebbe scommesso una lira sulla capacita in genere del Parlamento e del Governo a prescindere dal colore politico , di attivare in cosi poco tempo provvedimenti legislativi di riforma , di profonda riforma della vita dello Stato Se avessimo voluto guardare agli esempi del recente passato in questa fase della transizione , con particolare riferimento al periodo governato dal centro - destra , con Berlusconi Presidente del Consiglio certamente nessuno avrebbe scommesso una lira che in sette mesi si sarebbe riusciti ad avviare ea sostanziare di voti anche della Camera un processo riformatore cosi consistente ."}
{"sentidx":201265,"lemma":"lira","token":"lire","start":196,"end":200,"sent":"Cio significa che la pubblica amministrazione ha rinunciato a gestire direttamente questo servizio , affidandolo in concessione a banche o societa che abbiano un capitale di almeno un miliardo di lire ."}
{"sentidx":17013,"lemma":"lira","token":"lira","start":281,"end":285,"sent":"Andare nell Europa di Maastricht non significa soltanto conseguire i risultati , pur lusinghieri , che il suo Governo ha ottenuto , con buona pace degli economisti del Polo sul risanamento del deficit , sulla riduzione dei tassi di interesse e dell inflazione , sulla tenuta della lira nello SME andare a Maastricht infatti , significa avere piu Stato sociale di oggi , recuperare quei tre punti che ci tengono sotto la media europea , trovare quindi nuove risorse perche in un assetto certo piu equilibrato vi siano delle risposte ; risposte per la formazione professionale , per i giovani , per le famiglie , per la casa e per il lavoro ."}
{"sentidx":134915,"lemma":"lira","token":"lire","start":594,"end":598,"sent":"Per quanto concerne il ricorso a fondi comunitari , la Presidenza del Consiglio dei ministri , d intesa con la protezione civile e il Ministero del tesoro , del bilancio e della programmazione economica e coni due presidenti , commissari delegati , ha coordinato l attivazione di una serie di interventi a largo raggio in relazione alla riprogrammazione di fondi previsti per le due regioni interessate dal sisma oper altre regioni e non utilizzati e mediante ricorso a programmi di intervento comunitario , i cosiddetti PIC per un ammontare complessivo stimabile intorno ai 2 mila miliardi di lire ."}
{"sentidx":178593,"lemma":"lira","token":"lire","start":427,"end":431,"sent":"Non puo il rappresentante di un altro movimento , che ha costituito le ronde padane , che costantemente organizza ronde nelle piazze , che si scaglia contro i piu deboli ei piu indifesi , quelli che noi cerchiamo di accogliere nel nostro paese , magari perche sono cacciati dai loro paesi , per dittature , guerre , poverta , miseria ; non puo chi ha nel proprio movimento un leader che ha detto che un giudice valeva trecento lire , il costo di una pallottola , venire in questa sede , all \u2019 interno della Camera dei deputati , ad accusare i pacifisti , i verdi di responsabilita che non hanno e non hanno mai avuto , con insulti che respingo profondamente ."}
{"sentidx":63788,"lemma":"lira","token":"lire","start":422,"end":426,"sent":"Sottosegretario di Stato per il tesoro , il bilancio ela programmazione economica , premesso che non esiste una disciplina specifica della materia , fa presente che gli operatori fissano , secondo le regole del mercato , l entita delle commissioni , pur essendo tenuti a garantire un \u2019 adeguata pubblicita delle condizioni praticate ; precisa infine che la banca IMI San Paolo applica una tariffa fissa , pari a diecimila lire perle operazioni di cambio , anche se e allo studio una revisione delle commissioni al fine di eliminare qualsiasi difformita tra le valute comunitarie ."}
{"sentidx":250303,"lemma":"lira","token":"lira","start":200,"end":204,"sent":"E gli italiani , in prima fila i lavoratori , che con questo Governo lo hanno costruito , in questi giorni lo hanno difeso , difendendo questo Governo Si puo riprendere il cammino ; il cammino di una lira stabile , di una inflazione domata , che ha consentito decine di migliaia di miliardi di risparmi sul servizio del debito e perla prima volta dopo anni , la crescita in termini reali di potere di acquisto di salari , stipendi , pensioni ."}
{"sentidx":41635,"lemma":"lira","token":"lire","start":57,"end":61,"sent":"Si fissa pero una cifra diversa di rimborso pari a mille lire per ogni voto ricevuto dal candidato che , in questo modo , finisce per avere diritto al rimborso ."}
{"sentidx":251162,"lemma":"lira","token":"lire","start":147,"end":151,"sent":"Signor Presidente intervengo brevemente per concordare con i contenuti della relazione ed evidenziare che l impegno di spesa , limitato soltanto a lire 17 milioni , e finalizzato alla partecipazione degli esperti italiani al gruppo di lavoro ."}
{"sentidx":332309,"lemma":"lira","token":"lire","start":31,"end":35,"sent":"Per risparmiare venti o trenta lire al litro , frutto di questa stupida concorrenza ai livelli piu bassi , si costringeranno molti automobilisti a percorrere piu chilometri per fare rifornimento ."}
{"sentidx":301763,"lemma":"lira","token":"lire","start":113,"end":117,"sent":"Come sappiamo il provvedimento presentato dalla maggioranza prevede , invece , un contributo massimo di 500 mila lire Poiche non vi puo essere liberta se si deve pagare , crediamo che un paese moderno , che voglia davvero investire nella formazione dei cittadini , debba consentire la liberta di scelta e non limitare le opportunita di formazione al monopolio statale ."}
{"sentidx":112854,"lemma":"lira","token":"lire","start":374,"end":378,"sent":"In particolare modo questi ultimi dovrebbero rinunciare , anche alla luce delle ultime chiusure delle caserme degli alpini nel Bellunese che peraltro sono state chiuse con la scusa del taglio alle spese : sono state chiuse le stalle con i muli per risparmiare un po \u2019 di fieno e guarda caso \u2013 contemporaneamente si va a gratificare i generali d armata a colpi di milioni di lire !"}
{"sentidx":261992,"lemma":"lira","token":"lire","start":217,"end":221,"sent":"Ma attenzione : sia che il prezzo internazionale cresca , sia che esso cali , in Italia il consumatore si trova comunque di fronte ad una forbice di prezzo a suo svantaggio , che oscilla tra le cinquanta e le novanta lire ."}
{"sentidx":18086,"lemma":"lira","token":"lire","start":288,"end":292,"sent":"Ma ce anche soprattutto un problema che una soluzione politica di questo tipo sarebbe diseducativa cosi come lo sono stati i nostri legislatori diseducativi quando hanno attuato i condoni fiscali ei condoni edilizi e quando hanno stabilito , per esempio , che chi aveva pagato le 85 mila lire per il medico di famiglia le aveva pagate mentre gli altri che non lo avevano ancora fatto non erano piu obbligati a farlo ."}
{"sentidx":40029,"lemma":"lira","token":"lire","start":54,"end":58,"sent":"Chiedo se corrisponda al vero che diversi miliardi di lire sono stati spesi dall ' ente del cinema , e quindi dal Ministero del tesoro , per innumerevoli studi di fattibilita affidati a societa di certificazione e consulenza , tra cui la Roland Bergere la Price Waterhouse l Arthur Andersen MBA ela Rothschild Italia i cui risultati critici sono stati poi minimizzati e strumentalizzati in positivo per procedere alla riorganizzazione del gruppo , cosi come desiderato dal consiglio di amministrazione in carica e dall allora sottosegretario delegato dal Ministero del tesoro , dottor Giarda Si domanda quindi che il Parlamento e in particolare , le competenti Commissioni di Camera e Senato possano eventualmente avere visione di questi studi , che sono tanto costati al Ministero del tesoro e che a quanto pare , avrebbero dato risultati non soddisfacenti e pertanto non sono stati resi noti ."}
{"sentidx":73613,"lemma":"lira","token":"lire","start":137,"end":141,"sent":"La VI Commissione finanze segnala l esigenza che il Governo adotti quei provvedimenti diretti a disciplinare il ritiro del circolante in lire , in modo da assicurare che tale operazione avvenga con capillarita su tutto il territorio e raccomanda altresi di cogliere questa occasione per una estesa ed incisiva operazione contro il riciclaggio ."}
{"sentidx":39161,"lemma":"lira","token":"lire","start":97,"end":101,"sent":"La facolta affidata alla Banca d Italia di continuare a emettere le banconote da mille e duemila lire rendera graduale la sostituzione della moneta cartacea con quella metallica , dando modo al pubblico di abituarsi all ' innovazione \u00bb ."}
{"sentidx":182119,"lemma":"lira","token":"lira","start":130,"end":134,"sent":"Alla moneta , si sa , sono legati ansie , progetti , speranze e noi ci prepariamo , in soli tre anni di tempo , ad abbandonare la lira ad una rivoluzione che tocca la vita quotidiana , il modo di ragionare e programmare e ci troviamo collocati in un nuovo orizzonte piu solido , piu sicuro , oltre le vecchie frontiere ma anche oltre le tradizionali abitudini ."}
{"sentidx":53596,"lemma":"lira","token":"lire","start":170,"end":174,"sent":"Quindi alfine di evitare soluzioni di continuita e per non penalizzare ulteriormente il settore , e opportuno procedere all ' assegnazione della quota di 517 miliardi di lire destinati all ' attuazione di programmi di rilevanza nazionale ed interregionale ."}
{"sentidx":169388,"lemma":"lira","token":"lire","start":272,"end":276,"sent":"Sottolineo che contrariamente a quello che si afferma , la legge finanziaria contiene per il personale addetto alla sicurezza dei cittadini ( polizia , carabinieri , eccetera ) le risorse per il rinnovo dei contratti e uno stanziamento aggiuntivo , pari a 920 miliardi di lire , da destinare come incentivo ulteriore al personale che sta al fronte che e piu esposto nel garantire la sicurezza dei cittadini ."}
{"sentidx":22826,"lemma":"lira","token":"lire","start":172,"end":176,"sent":"non e seconda a nessuno nel profondere a piene mani vincite da capogiro e mediamente nelle sue trasmissioni settimanali vengono assegnati premi che superano il miliardo di lire ."}
{"sentidx":39145,"lemma":"lira","token":"lire","start":488,"end":492,"sent":"Vedo con preoccupazione che , ancora nella discussione che si e sviluppata in Assemblea continuano a permanere perplessita che dovrebbero essere superate , a mio avviso , anche alla luce delle risposte che abbiamo ricevuto in Commissione bilancio dal dottor Ciocca In particolare mi riferisco a due questioni richiamate dall ' onorevole Valensise la prima delle quali riguarda i pericoli inflazionistici che possono conseguire al varo di queste nuove monete metalliche da mille e duemila lire e della banconota da cinquantamila lire L altra osservazione riguarda l articolo 3 del provvedimento che al primo comma stabilisce che le banconote ei biglietti a debito dello Stato si prescrivono a favore dell ' erario decorsi dieci anni dalla data di cessazione del corso legale ."}
