{"sentidx":245120,"lemma":"mercato","token":"mercato","start":67,"end":74,"sent":"In detta diversificazione potrebbe acquisire un ruolo crescente il mercato italiano ."}
{"sentidx":148031,"lemma":"mercato","token":"mercato","start":111,"end":118,"sent":"La Presidenza italiana dovra dispiegare uno sforzo di tutto rilievo per conseguire progressi significativi nel mercato interno ."}
{"sentidx":260835,"lemma":"mercato","token":"mercato","start":54,"end":61,"sent":"Mi riferisco essenzialmente alla materia attinente al mercato del lavoro ."}
{"sentidx":149194,"lemma":"mercato","token":"mercato","start":148,"end":155,"sent":"Signor Presidente onorevoli colleghi , abbiamo apprezzato anche noi il tentativo puntuale del relatore di fotografare la situazione complessiva del mercato del lavoro ."}
{"sentidx":247117,"lemma":"mercato","token":"mercato","start":96,"end":103,"sent":"Il problema dei lavoratori posti in cassa integrazione dipende essenzialmente dalla riforma del mercato del lavoro ."}
{"sentidx":185233,"lemma":"mercato","token":"mercato","start":35,"end":42,"sent":"FRANCO BASSANINI Le dimensioni sul mercato ."}
{"sentidx":53515,"lemma":"mercato","token":"mercato","start":117,"end":124,"sent":"Le imprese a partecipazione statale nella nostra impostazione vengono cosi chiamate a confrontarsi totalmente con il mercato anche per quanto riguarda il finanziamento di propri programmi di sviluppo ."}
{"sentidx":62359,"lemma":"mercato","token":"mercati","start":26,"end":33,"sent":"La crescita dei ricordati mercati ha notevolmente accelerato il diffondersi della prassi mafiosa o camorrista ed ha promosso un processo di integrazione verticale tra delinquenza organizzata , mafia internazionale , criminalita comune che ha anche favorito l incontro con sostanziali interessi collegati al terrorismo internazionale ed alle oscure manovre legate ad operazioni di diversi servizi segreti operanti nell ' area mediterranea ."}
{"sentidx":272740,"lemma":"mercato","token":"mercato","start":105,"end":112,"sent":"E conosciamo altri casi in cui lo Stato ritiene essenziale intervenire per combattere le distorsioni del mercato privato rispetto ad alcuni servizi considerati essenziali ."}
{"sentidx":226690,"lemma":"mercato","token":"mercato","start":53,"end":60,"sent":"Dobbiamo andare progressivamente verso una logica di mercato , anche se occorre prevedere interventi correttivi per aiutare veramente i piu bisognosi ."}
{"sentidx":234423,"lemma":"mercato","token":"mercato","start":65,"end":72,"sent":"La concentrazione puo determinare una distorsione del sistema di mercato e soprattutto del sistema democratico , mettendo in dubbio i pilastri piu importanti della democrazia italiana ."}
{"sentidx":271476,"lemma":"mercato","token":"mercati","start":74,"end":81,"sent":"A mano amano che si costruisce un mercato finanziario unificato i singoli mercati nazionali divengono segmenti del mercato unificato ."}
{"sentidx":29486,"lemma":"mercato","token":"mercato","start":56,"end":63,"sent":"Se gli amici repubblicani vogliono davvero difendere il mercato , debbono volere anche una diversa disciplina della pubblicita ."}
{"sentidx":271476,"lemma":"mercato","token":"mercato","start":115,"end":122,"sent":"A mano amano che si costruisce un mercato finanziario unificato i singoli mercati nazionali divengono segmenti del mercato unificato ."}
{"sentidx":271476,"lemma":"mercato","token":"mercato","start":34,"end":41,"sent":"A mano amano che si costruisce un mercato finanziario unificato i singoli mercati nazionali divengono segmenti del mercato unificato ."}
{"sentidx":269641,"lemma":"mercato","token":"mercato","start":185,"end":192,"sent":"Quelle usate per competere sui mercati internazionali debbono essere viste co n maggior favore delle grandi dimensioni che servono unicamente a chiudere margini di concorrenza nel solo mercato italiano ."}
{"sentidx":269641,"lemma":"mercato","token":"mercati","start":31,"end":38,"sent":"Quelle usate per competere sui mercati internazionali debbono essere viste co n maggior favore delle grandi dimensioni che servono unicamente a chiudere margini di concorrenza nel solo mercato italiano ."}
{"sentidx":181731,"lemma":"mercato","token":"mercato","start":41,"end":48,"sent":"Dobbiamo cioe tentare di ricostituire il mercato nel Mezzo giorno anche e soprattutto in relazione al problema della criminalita organizzata , cosi consistentemente presente nel sud ."}
{"sentidx":108899,"lemma":"mercato","token":"mercato","start":103,"end":110,"sent":"Tale miglioramento potra infatti essere raggiunto solo attraverso una scuola in grado di competere sul mercato ."}
{"sentidx":231582,"lemma":"mercato","token":"mercato","start":210,"end":217,"sent":"Occorre fare cioe onorevole Goria esattamente l opposto della deregulation , del laissez faire che ha caratterizzato la politica governativa degli ultimi anni , ispirata alla ingenua fiducia nella capacita del mercato di perseguire comunque l interesse collettivo ."}
{"sentidx":204278,"lemma":"mercato","token":"mercato","start":47,"end":54,"sent":"Il principio istituzionale della Comunita e il mercato comune ."}
{"sentidx":22379,"lemma":"mercato","token":"mercati","start":129,"end":136,"sent":"Credo che tutti siano interessati alla mo modernizzazione del nostro paese e credo che tutti prestiamo particolare attenzione ai mercati bancari e finanziari ."}
{"sentidx":103137,"lemma":"mercato","token":"Mercato","start":153,"end":160,"sent":"Una riforma istituzionale puo rappresentare il suggello di modifiche nelle convinzioni enei comportamenti , in coerenza con gli impegni di creazione del Mercato comune europeo e in prospettiva , di unificazione monetaria e finanziaria ."}
{"sentidx":116880,"lemma":"mercato","token":"mercato","start":97,"end":104,"sent":"Procediamo pure con cautela , evitando normative che creino pericolose alleanze o scompiglio nel mercato , ma senza finzioni , sulla direttrice che dobbiamo seguire se vogliamo combattere la criminalita organizzata ."}
{"sentidx":52324,"lemma":"mercato","token":"mercato","start":134,"end":141,"sent":"Da tempo assistiamo ad una giusta politica di rafforzamento delle grandi imprese per in condizioni di fronteggiare la concorrenza del mercato europeo ."}
{"sentidx":26375,"lemma":"mercato","token":"mercati","start":140,"end":147,"sent":"Oggi l opportunita di garantire alla Banca d Italia strumenti piu efficaci di politica monetaria deriva inoltre dalla evoluzione stessa dei mercati finanziari e monetari ."}
{"sentidx":107561,"lemma":"mercato","token":"mercato","start":139,"end":146,"sent":"Naturalmente abbiamo tutto l interesse a limitare tal e autorizzazione , almeno in un primo tempo , per evitare una pesante dipendenza dal mercato internazionale del finanziamento del nostro deficit pubblico , ma e chiaro che cio dovrebbe rendere pro proporzionalmente maggiore il finanzia mento internazionale delle nostre iniziative private ."}
{"sentidx":265006,"lemma":"mercato","token":"mercato","start":130,"end":137,"sent":"Il solo contratto di formazione e lavoro rappresenta una risposta assolutamente parziale ai problemi posti dalla flessibilita del mercato del lavoro ed alla nuova con dizione di occupazione ."}
{"sentidx":71599,"lemma":"mercato","token":"mercato","start":58,"end":65,"sent":"Almeno per il biennio che ci separa dal completamento del mercato unico e necessario un attributo rigoroso per ristabilire un equilibrio troppo compromesso ."}
{"sentidx":117267,"lemma":"mercato","token":"mercato","start":27,"end":34,"sent":"Credo che l immissione nel mercato di siringhe monouso autobloccanti possa rappresentare un aiuto in termini di pre"}
{"sentidx":159143,"lemma":"mercato","token":"mercato","start":169,"end":176,"sent":"Il regime commerciale della terza convenzione di Lome e stato consolidato e migliorato per garantire agli Stati ACP nuove ed importanti possibilita di esportazione su l mercato comunitario ."}
{"sentidx":236577,"lemma":"mercato","token":"mercato","start":24,"end":31,"sent":"L informatizzazione del mercato del lavoro e un argomento sul quale , onorevole sottosegretario , credo si potrebbe scrivere una commedia ; francamente deve accettarsi chesi tratti di uno strumento di razionalizzazione ."}
{"sentidx":236510,"lemma":"mercato","token":"mercato","start":81,"end":88,"sent":"Cio rientra chiaramente in una strategia di produzione che tende a collocare sul mercato o stoccare ingenti quantitativi di pneumatici ."}
{"sentidx":234460,"lemma":"mercato","token":"mercato","start":282,"end":289,"sent":"Questi ultimi rappresentano un aspetto importante dei canali d informazione che nel nostro paese devono garantire quella dialettica indispensabile ad ogni sistema democratico per assicurare la libera formazione delle idee e il libero scambio di opinion i nell ambito del sistema di mercato ."}
{"sentidx":115408,"lemma":"mercato","token":"mercato","start":113,"end":120,"sent":"Bisogna varcare i confini nazionali per una collaborazione a livello mondiale , che affronti alla fonte il turpe mercato coinvolgendo direttamente gli stessi paesi pro duttori ."}
{"sentidx":74912,"lemma":"mercato","token":"mercato","start":113,"end":120,"sent":"Devo tuttavia insistere sul fatto che la distillazione obbligatoria e il solo strumento efficace per regolare il mercato ."}
{"sentidx":29475,"lemma":"mercato","token":"mercato","start":113,"end":120,"sent":"Pertanto il canone ela contropartita che si concede alla limitata possibilita della RAI di agire liberamente sul mercato ."}
{"sentidx":155287,"lemma":"mercato","token":"mercato","start":236,"end":243,"sent":"Il testo prevede nella sostanza un ' azione di parziale defiscalizzazione delle plusvalenze nei conferimenti di aziende e capitali , al fine di realizzare concentrazioni produttive di rilevante entita in grado di essere competitive sul mercato europeo e mondiale ."}
{"sentidx":114290,"lemma":"mercato","token":"mercato","start":88,"end":95,"sent":"Riteniamo inoltre che tale sistema possa consentire di cambiare profonda mente anche il mercato deI lavoro ."}
{"sentidx":214110,"lemma":"mercato","token":"mercato","start":286,"end":293,"sent":"Infatti moltissimi clandestini possono continuare a rimanere nel nostro paese proprio in quanto tali , proprio in quanto possono essere utilizzati in una serie di servizi ed attivita produttive a costo limitato , in quanto cioe essi rappresentano un elemento concorrenziale rispetto al mercato tradizionale del lavoro , in quanto permettono lo sfruttamento ad opera di un neocolonialismo non piu strisciante ma palese che sta assumendo nell a nostra societa dimensioni preoccupanti ."}
{"sentidx":46053,"lemma":"mercato","token":"mercati","start":61,"end":68,"sent":"Questo richiede , in vista della totale liberalizzazione dei mercati europei , alcuni provvedimenti urgenti , in particolare nel settore dei tra sporti , delle comunicazioni e della produzione elettrica ."}
{"sentidx":63552,"lemma":"mercato","token":"mercato","start":147,"end":154,"sent":"Dubito assai che la democrazia cristiana sappia muoversi sul terreno indicato dall ' onorevole Martinazzoli Del resto basta guardare il Governo il mercato de i ministeri tra vecchi e nuovi portantini il pattugliamento programmatico del Presidente del Consiglio Lo spettacolo e stato abbastanza avvilente ; a parlarne sembra di sparare sulla Croce rossa ."}
{"sentidx":175996,"lemma":"mercato","token":"mercato","start":224,"end":231,"sent":"Purtroppo none cosi e dunque vorrei ricordare che il non regolarizzare la posizione dei cittadini extracomunitari , oil ridurre il processo di regolarizzazione in atto , significherebbe semplicemente alimentare nei fatti il mercato sommerso del lavoro , la malavita , il disadattamento di questa gente ."}
{"sentidx":166008,"lemma":"mercato","token":"mercato","start":208,"end":215,"sent":"Abbiamo avuto momenti difficili in sed e di prima applicazione della riforma tributaria , allorquando venne adottato il criterio di sottrarre alla tassazione quest o particolare tipo di reddito prodotto da l mercato mobiliare ."}
{"sentidx":241426,"lemma":"mercato","token":"mercati","start":290,"end":297,"sent":"Le piccole e medie imprese industrial i ed artigiane sono venute a trovarsi in una situazione di crescente difficolta nel rece pire , a costi accettabili , le risorse necessarie a finanziare gli investimenti in automazione e le innovazioni indispensabili per mantenere la competitivita sui mercati internazionali ."}
{"sentidx":75668,"lemma":"mercato","token":"mercati","start":43,"end":50,"sent":"Al di la della conclamata unificazione dei mercati non risulta per contro che un simile benevolo o liberale comportamento sia tenuto dagli altri Stati percui il nostro mercato viene ad essere sempre piu invaso e conquistato da produzioni concorrenziali alle nostre senza avere contropartite ."}
{"sentidx":75668,"lemma":"mercato","token":"mercato","start":168,"end":175,"sent":"Al di la della conclamata unificazione dei mercati non risulta per contro che un simile benevolo o liberale comportamento sia tenuto dagli altri Stati percui il nostro mercato viene ad essere sempre piu invaso e conquistato da produzioni concorrenziali alle nostre senza avere contropartite ."}
{"sentidx":124251,"lemma":"mercato","token":"mercato","start":102,"end":109,"sent":"Diventa allora assolutamente necessario creare una cultura ambientale che studi i dati economici , il mercato del lavoro , i modi della produzione e quindi , le innovazioni tecnologiche indispensabili ."}
{"sentidx":269412,"lemma":"mercato","token":"mercato","start":23,"end":30,"sent":"Non vie infatti libero mercato senza concorrenza , senza pluralismo di soggetti ."}
{"sentidx":279430,"lemma":"mercato","token":"mercato","start":92,"end":99,"sent":"Credo che una prima misura da adottare debba essere quella di potenziare l osservatorio del mercato del lavoro intellettuale ."}
{"sentidx":15720,"lemma":"mercato","token":"mercato","start":109,"end":116,"sent":"Tale associazione ha pero fornito servizi ad imprenditori dell ' antiquariato per l attuazione di una mostra mercato che realizza profitti ."}
{"sentidx":149559,"lemma":"mercato","token":"mercato","start":119,"end":126,"sent":"D altra parte , non va trascurato il rilievo che quelle difficolta traggono a loro volta origine dalle condizioni de l mercato agricolo , che e fortemente penalizzato da fattori oggettivi certamente non addebitabili alla organizzazione federale ."}
{"sentidx":67603,"lemma":"mercato","token":"mercato","start":197,"end":204,"sent":"Devo peraltro rilevare che il nostro paese deve impegnarsi anche su temi che potrebbero sembrare noiosi ed insignificanti rispetto alle grandi strategie , ma che costituiscono i mattoni del grande mercato unico ."}
{"sentidx":183538,"lemma":"mercato","token":"mercato","start":243,"end":250,"sent":"Quindi l eventuale diversa valutazione delle entrate andrebbe soltanto a modificare i saldi del bilancio , naturalmente in miglioramento , essendo escluso che il bilancio possa modificare in peggio il sald o netto da finanziare del ricorso al mercato previsto dalla legge finanziaria ."}
{"sentidx":225244,"lemma":"mercato","token":"mercato","start":51,"end":58,"sent":"Se e realmente difficile reperire il personale sul mercato ."}
{"sentidx":166025,"lemma":"mercato","token":"mercato","start":97,"end":104,"sent":"Aggiungo che e altresi da apprezzare lo sforzo compiuto dalla Commissione per aprire spiragli al mercato mobiliare a breve termine ."}
{"sentidx":271462,"lemma":"mercato","token":"mercato","start":223,"end":230,"sent":"Di fronte a questa situazione le genera lita dei paesi industrializzati si orienta verso politiche di bilancio restrittive , nell ' intento di contrastare gli impulsi agli aumenti dei prezzi derivanti dalla propagazione al mercato interno degli aumenti del prezzo del petrolio ."}
{"sentidx":11639,"lemma":"mercato","token":"mercato","start":87,"end":94,"sent":"La struttura che ha assunto il comparto non consente di far procedere ulteriormente il mercato in modo spontaneo sulla via della concentrazione ."}
{"sentidx":144540,"lemma":"mercato","token":"mercati","start":202,"end":209,"sent":"E stato molto importante ( cosi almeno ritiene il Governo chela Comunit a abbia potuto presentarsi di fronte alle nuove vicende politiche europee con un processo avviato di integrazione quanto meno dei mercati e di accelerazione dell ' armonizzazione delle legislazioni ."}
{"sentidx":65669,"lemma":"mercato","token":"mercato","start":136,"end":143,"sent":"Desidero precisare in premessa che la voce della tabella A considerata si propone di finanziare la riforma della cassa integrazione del mercato del lavoro , non soltanto quindi la cassa integrazione ecologica ."}
{"sentidx":144387,"lemma":"mercato","token":"mercati","start":80,"end":87,"sent":"Nel momento in cui questo organismo diventa una Commissione delle entrate e dei mercati finanziari e normale che il settore assicurativo , che rappresenta la raccolta del risparmio a lungo termine nel nostro paese , sia sotto il controllo ela competenza della Commissione chesi occup a istituzionalmente dei mercati finanziari ."}
{"sentidx":144387,"lemma":"mercato","token":"mercati","start":308,"end":315,"sent":"Nel momento in cui questo organismo diventa una Commissione delle entrate e dei mercati finanziari e normale che il settore assicurativo , che rappresenta la raccolta del risparmio a lungo termine nel nostro paese , sia sotto il controllo ela competenza della Commissione chesi occup a istituzionalmente dei mercati finanziari ."}
{"sentidx":144491,"lemma":"mercato","token":"mercato","start":495,"end":502,"sent":"Un momento importante verso la pi u completa unione economica sara costituito dalla Conferenza ginevrina del prossimo dicembre che dovra essere opportunamente preparata , ma e evidente la grande importanza che assume la Conferenza ginevrina per l unione politica , anch essa prevista a dicembre , anche al fine di individuare e di predisporre gli strumenti istituzionali capaci di perseguire l unione economica e monetaria , lo sviluppo della politica sociale comunitaria , la realizzazione del mercato interno ."}
{"sentidx":232672,"lemma":"mercato","token":"mercato","start":405,"end":412,"sent":"Vorrei richiamare l attenzione dell ' Assemblea e quella del Governo sull esperienza francese , che e stata oggetto di particolare attenzione da parte della Commissione bilancio di questo ramo del Parlamento Ci preme sottolineare alcuni aspetti , relativi alla scelta tra le candidature dei maggior i investitori ed alla cessione delle quote di controllo delle societa per destinare le azioni restanti al mercato dei risparmiatori ."}
{"sentidx":141555,"lemma":"mercato","token":"mercato","start":52,"end":59,"sent":"Invece l amministrazione non poteva tener conto del mercato abusivo e sie riferita ai prezzi stabiliti in un tariffario ufficiale , approvato dal CER organo competente del Ministero dei lavori pubblici ."}
{"sentidx":144454,"lemma":"mercato","token":"mercato","start":38,"end":45,"sent":"Avevamo guardato al completamento del mercato interno europeo come ad un appuntamento di grande importanza non soltanto sul terreno economico , ma anche per il suo evidente valore politico ."}
{"sentidx":279435,"lemma":"mercato","token":"mercato","start":275,"end":282,"sent":"Stiamo pertanto mettendo allo studio una iniziativa congiunta con il Ministero della pubblica istruzione perche l universita ed i provveditorati , in collaborazione tra loro , offrano nel quarto , quinto anno dell a scuola media superiore agli studenti informazioni circa il mercato delle professioni el ' offerta di formazione ."}
{"sentidx":54789,"lemma":"mercato","token":"mercato","start":43,"end":50,"sent":"Tale proposta incide sul funzionamento del mercato , immaginando che questo non sia incontro tra domanda e offerta nonche misuratore dell ' efficienza ."}
{"sentidx":142981,"lemma":"mercato","token":"mercato","start":3,"end":10,"sent":"Il mercato dell ' etere e cambiato profondamente dopo le note sentenze della Corte costituzionale ."}
{"sentidx":207090,"lemma":"mercato","token":"mercati","start":86,"end":93,"sent":"Di fronte ai processi di internazionalizzazione dell ' economia ed i unificazione dei mercati commerciali e finanziari ; di fronte alle prospettive di unificazione monetaria dell ' Europa di fronte alla crescente interdipendenza economica e sociale ; di fronte ai processi di globalizzazione dell ' informazione e dei sistemi di comunicazione , il problema delle istituzioni che regoleranno e governeranno questi processi e forse il principale tra i molti che ci troviamo a dover affrontare ."}
{"sentidx":232562,"lemma":"mercato","token":"mercato","start":39,"end":46,"sent":"Presidente della V Commissione Si mail mercato cambia di giorno in giorno , onorevole"}
{"sentidx":303474,"lemma":"mercato","token":"mercati","start":123,"end":130,"sent":"Un intervento significativo sul capitale e richiesto dall ' esigenza di assicurare all ' azienda uno standing adeguato sui mercati ."}
{"sentidx":222875,"lemma":"mercato","token":"mercato","start":100,"end":107,"sent":"per la sinistra DC la risposta piu opportuna ed adeguata sarebbe quella di insediare pienamente nel mercato il servizio pubblico ."}
{"sentidx":234492,"lemma":"mercato","token":"mercato","start":26,"end":33,"sent":"Noi vogliamo difendere il mercato e proprio per questo vogliamo severe ed efficaci leggi a tutela della concorrenza ."}
{"sentidx":285212,"lemma":"mercato","token":"mercato","start":110,"end":117,"sent":"Vorrei pero ricordare quanto sia grave la leggerezza con cui gli istituti chimici e farmacologici buttano sul mercato pro dotti che non hanno sperimentato oche hanno sperimentato solo in parte ."}
{"sentidx":4803,"lemma":"mercato","token":"mercato","start":295,"end":302,"sent":"Considerato che ormai quel termine e scaduto , si tratta ora di cercare di tradurre in un disposto normativo stringente l obbligo di investimento nel Mezzogiorno Colleghi un giorno si ed uno no ascoltiamo dichiarazioni secondo le quali il sistema delle partecipazioni statali dovrebbe stare sul mercato , dovrebbe operare secondo la logica delle convenienze e non dovrebbe sottostare a vincoli ."}
{"sentidx":193978,"lemma":"mercato","token":"mercati","start":101,"end":108,"sent":"Infatti vie una logica che fissa un parametro di soglia amministrativa variabile , in dipendenza dai mercati monetari e dalle decisioni che l autorita monetaria assume ."}
{"sentidx":275307,"lemma":"mercato","token":"mercati","start":104,"end":111,"sent":"Il nostro commissario europeo per l ambiente , Carlo Rip adi Meana ha dichiarato che l unificazione dei mercati trasforma profonda mente l universo delle comunicazioni ."}
{"sentidx":298500,"lemma":"mercato","token":"mercato","start":103,"end":110,"sent":"Sarebbe utile una ricerca scientifica finalizzata , per esempio , a prevedere i possibili sviluppi del mercato delle droghe ."}
{"sentidx":107545,"lemma":"mercato","token":"mercato","start":107,"end":114,"sent":"Tutto cio ritengo sia estremamente importante per i riflessi che puo avere sull ' ambito comunitario , sul mercato finanziario e sul finanziamento che deve essere garantito alle attivita private che , nella dimensione continentale che al piu presto dovranno assumere , avranno bisogno di un minor prelievo fiscale ed i maggiori mezzi per portare avanti un processo di ulteriore ristrutturazione e potenziamento del sistema produttivo in termin i concorrenziali , non solo europei ma inter nazionali ."}
{"sentidx":164990,"lemma":"mercato","token":"mercato","start":135,"end":142,"sent":"Che le cose stiano cosi lo dimostra la lista dei paesi sospettati di essere in grado di produrre armi nucleari dopo aver acquisito sul mercato interna nordatlantica la tecnologia nucleare da fissione dei reattori provati per la generazione elettrica ."}
{"sentidx":173859,"lemma":"mercato","token":"mercati","start":324,"end":331,"sent":"Ma e singolare che , discutendo di problemi istituzionali , spesso non ci si renda conto che il primo e il piu grave problema istituzionale e quello delle istituzioni europee che regoleranno e governeranno processi di sempre piu grande dimensione : i processi di internazionalizzazione dell ' economia e di unificazione dei mercati commerciali finanziari ; le prospettive di unificazione monetaria dell ' Europa la crescente interdipendenza economica e sociale ; la globalizzazione dell ' informazione e dei sistemi di comunicazione ; e oggi la graduale costruzione della casa comune europea ."}
{"sentidx":194101,"lemma":"mercato","token":"mercati","start":112,"end":119,"sent":"Un clima di con fusione e le piu disparate aspettative hanno causato sbandamenti notevoli che hanno coinvolto i mercati immobiliari e le stesse scelte aziendali di molti settori economici del nostro paese ."}
{"sentidx":175484,"lemma":"mercato","token":"mercato","start":56,"end":63,"sent":"Cio significherebbe porre la nostra cantieristica fuori mercato , rispetto alla concorrenza di altri paesi europei e soprattutto di quelli del sud - est asiatico ."}
{"sentidx":278762,"lemma":"mercato","token":"mercato","start":66,"end":73,"sent":"Nell ambito della manovra prevista devono figurare le riforme del mercato de l lavoro e della cassa integrazione el ' istituzione della cassa integrazione verde ."}
{"sentidx":18676,"lemma":"mercato","token":"mercato","start":153,"end":160,"sent":"Si potrebbe in tal modo intervenire anche sui contenuti dell ' occupazione evitando che la stessa dipenda semplicemente dalla ricerca del profitto e dal mercato ."}
{"sentidx":69837,"lemma":"mercato","token":"mercati","start":66,"end":73,"sent":"Ebbene oggi questa impresa rischia di rimanere tagliata fuori dai mercati internazionali , in particolare da quello europeo , in quanto non ha gli strumenti di integrazione , pro mozione e sostegno che sarebbero necessari per la sua riqualificazione ed innovazione ."}
{"sentidx":159142,"lemma":"mercato","token":"mercati","start":348,"end":355,"sent":"Si pone l accento sulla necessita di ridurre la dipendenza dell ' economia ACP dall esportazione di prodotti grezzi , mediante la diversificazione e il sostegno dell ' attivita di trasformazione , di commercializzazione , di distribuzione , di trasporto , e al tempo stesso sulla necessita di ripristinare la competitivita delle produzioni ACP sui mercati internazionali ."}
{"sentidx":102059,"lemma":"mercato","token":"mercati","start":320,"end":327,"sent":"Tale espressione non vuol dire semplicemente punibilita o non punibilita , come invece sembra doversi desumere dalle conclusioni cui e giunto il dibattito svoltasi in Senato e dal testo che dobbiamo discutere ; vuol dire piuttosto scelte di politiche sociali , di intervento sul mercato , forse di non equiparazione dei mercati delle droghe leggere e delle droghe pesanti ; vuol dire affrontare in pieno il rapporto tra questioni della tossicodipendenza eque"}
{"sentidx":102059,"lemma":"mercato","token":"mercato","start":279,"end":286,"sent":"Tale espressione non vuol dire semplicemente punibilita o non punibilita , come invece sembra doversi desumere dalle conclusioni cui e giunto il dibattito svoltasi in Senato e dal testo che dobbiamo discutere ; vuol dire piuttosto scelte di politiche sociali , di intervento sul mercato , forse di non equiparazione dei mercati delle droghe leggere e delle droghe pesanti ; vuol dire affrontare in pieno il rapporto tra questioni della tossicodipendenza eque"}
{"sentidx":262316,"lemma":"mercato","token":"mercato","start":166,"end":173,"sent":"Per queste ragioni chiediamo di diminuire nella misura indicata nella prima parte dell ' emendamento il limite massimo del saldo netto da finanziare e del ricorso al mercato finanziario ."}
{"sentidx":155552,"lemma":"mercato","token":"mercato","start":115,"end":122,"sent":"Tale normativa e stata ritenuta necessaria perche idonea a riequilibrare , dal punto di vista della concorrenza il mercato turistico italiano , che altrimenti sarebbe gravato dal maggiore costo de i carburanti , rispetto alla media degli altri paesi europei ."}
{"sentidx":82938,"lemma":"mercato","token":"mercato","start":103,"end":110,"sent":"La piena occupazione e diventata un concetto ambiguo e comunque inapplicabile all ' odierna realta del mercato del lavoro ."}
{"sentidx":232211,"lemma":"mercato","token":"mercato","start":33,"end":40,"sent":"L incentivo alla creazione di un mercato comune deriva infatti prevalentemente , se non esclusivamente , dall ' esistenza di una moneta , che rappresenti il veicolo delle transazioni commerciali ."}
{"sentidx":43390,"lemma":"mercato","token":"mercato","start":258,"end":265,"sent":"A nostro giudizio , si sono confrontate due posizioni che non hanno affrontato il problema centrale del permanere del duopolio , cioe di una situazione contraria al pluralismo sotto il profilo della liberta di informazione e della possibilita di accesso sul mercato sia della produzione televisiva , sia della pubblicita ."}
{"sentidx":269598,"lemma":"mercato","token":"mercato","start":282,"end":289,"sent":"Immaginare quindi , come e stato fatto anche in un dibattito svoltasi precedente mente e talvolta sulla stampa , che l aumento della concentrazione sia funzionale al meccanismo di confronto economico sovranazionale , all ' evoluzione tecnica e alla difesa della cultura europea nel mercato mondiale non corrisponde in alcun modo alla realta ."}
{"sentidx":269504,"lemma":"mercato","token":"mercato","start":80,"end":87,"sent":"Tale tendenza merita la massima attenzione dei politici , specie se riferita al mercato nazionale ed europeo ."}
{"sentidx":233474,"lemma":"mercato","token":"mercato","start":6,"end":13,"sent":"In un mercato nazionale trasparente ed in una democrazia capace di decisioni , i problemi ecologici nazionali sono risolvi bili ."}
{"sentidx":36017,"lemma":"mercato","token":"mercato","start":107,"end":114,"sent":"Dai fatti dell ' Europa orientale ci viene la conferma della validita del nostro sistem a capitalistico di mercato , che ha assicurato liberta politica e sviluppo economico ed ha consentito all ' Occidente di riprendersi dalle gravi conseguenze del secondo conflitto mondiale ."}
{"sentidx":26887,"lemma":"mercato","token":"mercato","start":181,"end":188,"sent":"In questo contesto purtroppo dobbiamo prendere atto dell ' esistenza di una cultura della rassegnazione e dell ' indifferenza che determina la possibilita che si verifichi il turpe mercato del voto , con responsabilita di quanti accettano che questo mercato viva ."}
