{"sentidx":333423,"lemma":"aborto","token":"aborto","start":148,"end":154,"sent":"Vi pare ragionevole che la fecondazione assistita non sia garantita qualora vi siano malattie geneticamente trasmissibili , per cui e preferibile l aborto alla fecondazione assistita ?"}
{"sentidx":36947,"lemma":"aborto","token":"aborto","start":146,"end":152,"sent":"L Unione europea svolge peraltro una azione di supporto nei confronti degli Stati membri in tema di salute riproduttiva , nella presunzione che l aborto non dovrebbe essere promosso quale metodo di pianificazione familiare ."}
{"sentidx":233567,"lemma":"aborto","token":"aborti","start":89,"end":95,"sent":"Cio e dovuto soprattutto al fatto che le procedure per l individuazione del numero degli aborti odei capi persi a seguito della vaccinazione non sono state codificate ,"}
{"sentidx":193267,"lemma":"aborto","token":"aborto","start":242,"end":248,"sent":"In realta l interpretazione restrittiva di tale diritto , per quanto dettata dalle migliori intenzioni e dalle piu nobili convinzioni , rischia di mettere in discussione , diretta o indiretta , di importanti acquisizioni , quali ad esempio l aborto e il riconoscimento delle coppie di fatto ."}
{"sentidx":329092,"lemma":"aborto","token":"aborto","start":180,"end":186,"sent":"Poiche la revoca da parte dell \u2019 autorita diocesana legittimamente potrebbe riguardare questioni relative a scelte coerenti con le leggi ordinarie del nostro Stato il divorzio , l aborto ) sarebbe assai imbarazzante per lo Stato italiano operare licenziamenti sulla base di revoca di altra autorita senza entrare in contraddizione con il proprio ordinamento ."}
{"sentidx":62989,"lemma":"aborto","token":"aborto","start":288,"end":294,"sent":"rileva che nelle dichiarazioni programmatiche rese dal Presidente del Consiglio non vie alcun cenno alle problematiche femminili : ritiene che cio evidenzi una visione populista e reazionaria del modernismo sbandierato dal centrodestra ; le stesse proposte di modifica della legge sull \u2019 aborto , formulate da esponenti della Casa delle liberta , sono espressione di una volonta di restaurazione , tesa a negare la liberta delle donne ."}
{"sentidx":23639,"lemma":"aborto","token":"aborti","start":88,"end":94,"sent":"E il frutto di una politica che non rispetta la vita umana e che rischia di determinare aborti sempre piu irresponsabili ."}
{"sentidx":333715,"lemma":"aborto","token":"aborto","start":235,"end":241,"sent":"Chiedo al Governo di rivedere il parere su questo ordine del giorno e chiedo all \u2019 Assemblea di votare a favore , affinche si trovino soluzioni che permettano ai cittadini con patologie trasmissibili di procreare senza ricorrere all \u2019 aborto odi dover rinunciare alla maternita e alla paternita ( Applausi dei deputati del gruppo dei Democratici di sinistra - l"}
{"sentidx":61284,"lemma":"aborto","token":"aborto","start":220,"end":226,"sent":"In questo modo , gia in Commissione sie creata una situazione di grave disagio e di grande tensione che ha ripresentato , uno contro l altro , gli schieramenti tradizionali che abbiamo visto ai tempi del divorzio e dell aborto e non ha permesso loro di dialogare ."}
{"sentidx":333444,"lemma":"aborto","token":"aborto","start":108,"end":114,"sent":"E stata questa la motivazione che ci ha portati ad appoggiare la battaglia per le leggi sul divorzio e sull aborto ."}
{"sentidx":333622,"lemma":"aborto","token":"aborto","start":284,"end":290,"sent":"Colleghi non possiamo bloccare questa proposta di legge con queste argomentazioni di natura pseudo - scientifica perche , a mio parere , nessun medico trasferira un embrione malato in un utero sano , cioe in una mamma sana la quale , non potendo rifiutare , dovrebbe sottoporsi ad un aborto terapeutico che certamente costituisce un fatto cruento ."}
{"sentidx":61571,"lemma":"aborto","token":"aborto","start":322,"end":328,"sent":"Cosa vuol dire la relatrice per la maggioranza ha portato in Assemblea un certo testo ) obbligare una donna a far nascere un bambino malformato , quando esiste una legge dello Stato che ha ridotto l intervento volontario di gravidanza , vivaddio , togliendo dalla clandestinita le donne dal rischio di vita e garantisce l aborto terapeutico ?"}
{"sentidx":5282,"lemma":"aborto","token":"aborto","start":668,"end":674,"sent":"Onorevole Tortoli richiamo un esempio molto semplice ( d altra parte , ne abbiamo parlato anche con gli ambasciatori ; non possiamo parlare lei ed io : siamo rimasti soli ; e un momento colloquiale ) : su un punto tra i piu caldi che sono stati trattati in tale sede , quello riguardante i diritti delle donne rispetto alla salute riproduttiva , il Governo italiano ha assunto una posizione in sintonia con quella degli Stati Uniti e contro quella europea , vale adire quella di eliminare questo paragrafo , tante vero che molte donne mi hanno chiesto se il Governo italiano avesse cambiato posizione perche il Parlamento aveva approvato un nuovo provvedimento sull \u2019 aborto che sembrava vietare una posizione , dunque , che sembrava o poteva essere scambiata per una posizione antiabortista ) ."}
{"sentidx":23637,"lemma":"aborto","token":"aborto","start":10,"end":16,"sent":"Evitare l aborto chirurgico e dare la possibilita di interrompere la gestazione ad una settimana dall \u2019 inizio della stessa banalizza un evento traumatico e drammatico per la coscienza e perla vita stessa ."}
{"sentidx":126157,"lemma":"aborto","token":"aborto","start":303,"end":309,"sent":"Di qui l esigenza di diffondere programmi di prevenzione basati sull \u2019 uso del sale iodato che , come e stato ricordato anche dai miei colleghi oggi e nelle audizioni in Commissione aldi la della prevenzione del gozzo endemico , possono contribuire ad evitare il diffondersi di patologie gravi , come l aborto spontaneo , l alterato sviluppo cerebrale , il sordomutismo , o alterazioni molto frequenti come il ritardato sviluppo psicomotorio ed il ritardo nell \u2019 accrescimento ."}
{"sentidx":333346,"lemma":"aborto","token":"aborto","start":229,"end":235,"sent":"Sono le preoccupazioni di filosofi che vanno da Jonas a Gadamer da Habermas a Steiner ea Dahrendorf e potrei aggiungere anche il nostro filosofo , ormai scomparso , Norberto Bobbio ricordando la sua posizione sul problema dell \u2019 aborto ."}
{"sentidx":113840,"lemma":"aborto","token":"aborto","start":79,"end":85,"sent":"Tutto cioe stato evidente anche nel corso delle vicende che hanno riguardato l aborto , il quale ha infatti suscitato reazioni violente da parte di una quota consistente della societa , soprattutto maschile ."}
{"sentidx":113691,"lemma":"aborto","token":"aborto","start":113,"end":119,"sent":"Guardate in questo paese civile e moderno , tra coloro che hanno votato affinche fosse mantenuta la legge sull \u2019 aborto vi e una parte fondamentale e significativa che appartiene al mondo cattolico ."}
{"sentidx":333705,"lemma":"aborto","token":"aborto","start":494,"end":500,"sent":"Signor Presidente poiche i problemi di questa proposta di legge stanno anche nelle cose che sono permesse , e non solo in quelle proibite , con l ordine del giorno di cui sono primo firmataria abbiamo provato a sollevare un problema , richiamato anche da altri colleghi , relativo al fatto che le persone affette da patologia trasmissibile non possono ricorrere alle tecniche di fecondazione assistita che eviterebbero loro di scegliere di non procreare oppure di ricorrere eventualmente all \u2019 aborto terapeutico ."}
{"sentidx":113696,"lemma":"aborto","token":"aborto","start":87,"end":93,"sent":"L approvazione della legge sull \u2019 aborto non e derivata dalla volonta di incentivare l aborto ; infatti , si e anche preso atto di una condizione nella quale non era possibile proibire Tra l altro , vi era anche una questione di riduzione del danno con riferimento alla salute delle donne ."}
{"sentidx":113696,"lemma":"aborto","token":"aborto","start":34,"end":40,"sent":"L approvazione della legge sull \u2019 aborto non e derivata dalla volonta di incentivare l aborto ; infatti , si e anche preso atto di una condizione nella quale non era possibile proibire Tra l altro , vi era anche una questione di riduzione del danno con riferimento alla salute delle donne ."}
{"sentidx":333471,"lemma":"aborto","token":"aborto","start":156,"end":162,"sent":"Credo che in questo provvedimento si sia scelto il male peggiore : imporre alla donna di farsi trasferire embrioni malati e scegliere poi di arrivare all \u2019 aborto terapeutico ."}
{"sentidx":193230,"lemma":"aborto","token":"aborto","start":211,"end":217,"sent":"Su questo punto si fondera , in primo luogo , la discriminazione fra donne che entrambe portano in grembo un bambino malformato , ma che , se sono state inseminate artificialmente , non potranno ricorrere all \u2019 aborto terapeutico ."}
{"sentidx":259819,"lemma":"aborto","token":"aborto","start":351,"end":357,"sent":"Si tratta di una popolazione attenta a difendere il proprio diritto alla salute , attenta ad evitare problemi di gravidanze multiple e ad usare tutte le tecniche di diagnostica predittiva che non mettano la coppia \u2013 collega Bianco come fa questo provvedimento , di fronte al dilemma se scegliere di mettere al mondo un figlio malato o ricorrere ad un aborto terapeutico ?"}
{"sentidx":23628,"lemma":"aborto","token":"aborto","start":437,"end":443,"sent":"Noi chiediamo al signor ministro ed al Governo sesia possibile assistere passivamente a quello che appare un vero e proprio aggiramento della legge circa l approvvigionamento di farmaci registrati esclusivamente all \u2019 estero e inoltre , se sia possibile , in nome della cultura della vita , fermare quella che appare una vera e propria situazione di deriva abortista che facilita , contro la cultura della vita , la sistematicita dell \u2019 aborto nella nostra regione ."}
{"sentidx":61558,"lemma":"aborto","token":"aborto","start":128,"end":134,"sent":"Dovranno essere scritte a riguardo pagine chiarissime come d altronde e avvenuto in passato per altri importanti temi quali : l aborto , il divorzio e le liberta personali ."}
{"sentidx":178339,"lemma":"aborto","token":"aborto","start":354,"end":360,"sent":"Il Papa ad esempio , chiedeva l introduzione del riferimento delle radici cristiane nella Costituzione europea ma gli \u00ab amici \u00bb di Prodi sene fregano di queste cose ( Applausi dei deputati dei gruppi della Lega Nord Federazione Padana e di Alleanza Nazionale e di deputati del gruppo di Forza Italia Ricordo anche che il Papa continua ad essere contro l aborto che per lui equivale ad uno sterminino legale degli esseri concepiti e non nati Applausi dei deputati dei gruppi della Lega Nord Federazione Padana e di Alleanza Nazionale e di deputati del gruppo di Forza Italia Ebbene il Papa e tale sempre e non solo quando interessa a qualche matto della vostra parte ea qualche confuso della nostra parte ( Applausi dei deputati dei gruppi della Lega Nord Federazione Padana e di Alleanza Nazionale e di deputati del gruppo di Forza Italia Anche le unioni gay , i matrimoni tra uomini che si vogliono bene \u2013 tanto care alla sinistra del paese \u2013 sono un concetto mal digerito dal Papa Allora smettetela di portare avanti istanze di cui non si e fatto interprete il Papa in quest \u2019 aula !"}
{"sentidx":286176,"lemma":"aborto","token":"aborto","start":238,"end":244,"sent":"Pero una volta comunicato il risultato della diagnosi ed eventualmente accertata qualche grave malformazione per l embrione , la donna sara obbligata a vedere tale embrione trasferito nel suo corpo , salvo poi decidere di ricorrere all \u2019 aborto terapeutico ."}
{"sentidx":23656,"lemma":"aborto","token":"aborto","start":338,"end":344,"sent":"Del resto \u2013 emi permetto , onorevole Valpiana questa valutazione politica \u2013 , non puo non destare meraviglia che , mentre lo Stato attraverso il disegno di legge finanziaria in discussione , si propone , comunque , di incentivare le famiglie a mettere al mondo figli , vi siano realta istituzionali regionali impegnate piu nel favorire l aborto che nel tutelare la maternita , in un paese , come l Italia in cui il tasso di natalita e assai modesto ."}
{"sentidx":61510,"lemma":"aborto","token":"aborto","start":89,"end":95,"sent":"Credo che ognuno di noi abbia il diritto - dovere di essere contrario o favorevole all \u2019 aborto , al divorzio , alla fecondazione , ad un tipo di tecnica o un altra ; tuttavia , noi non possiamo imporre cio a tutti i cittadini italiani in uno Stato moderno e democratico che riconosce , quindi , come prioritario il valore della laicita dello Stato ela pluralita degli orientamenti culturali , confessionali , religiosi , etici ."}
{"sentidx":113822,"lemma":"aborto","token":"aborto","start":18,"end":24,"sent":"Qui si dice che l aborto , per il momento , e salvo , ma vedremo gli effetti devastanti che avra una legge di questo genere ."}
{"sentidx":36949,"lemma":"aborto","token":"aborto","start":125,"end":131,"sent":"si dichiara parzialmente soddisfatto ; invita il Governo ad affrontare , anche in sede europea , le tematiche connesse all \u2019 aborto ed alla salute riproduttiva e sessuale , in particolare nel corso del semestre di presidenza italiana dell \u2019 Unione operando sulla base dei principi sanciti dalla Carta fondamentale e delle pronunzie della Corte costituzionale ."}
{"sentidx":45143,"lemma":"aborto","token":"aborto","start":183,"end":189,"sent":"La Slovenia ha risolto questa vicenda attraverso il cosiddetto lodo Solana in base al quale gli ex proprietari avevano un diritto di prelazione per riacquistare cio che era loro ( un aborto antigiuridico ) ; per quanto concerne la Croazia invece , siamo impantanati in una trattativa che , a mio avviso , ad oggi non ha avuto sbocchi ."}
{"sentidx":286285,"lemma":"aborto","token":"aborto","start":298,"end":304,"sent":"L alternativa alla diagnosi genetica preimpianto , da parte delle persone portatrici di patologie genetiche , sara inevitabilmente il concepimento naturale , seguito eventualmente in caso di esito negativo della diagnosi prenatale effettuata tramite amniocentesi o villocentesi , dal ricorso all \u2019 aborto volontario , ai sensi della legge n 194 del 1978 Ricordo che tale paradosso , conseguente alle norme teste citate , era stato evidenziato anche dal Garante perla protezione dei dati personali , Stefano Rodota il quale , anche alla luce del comma 5 dell articolo 14 del provvedimento al nostro esame ( che prevede il diritto degli interessati ad essere informati sullo stato di salute degli embrioni prodotti ) , ha evidenziato come la conseguenza fosse l obbligo della donna di accettare il trasferimento nell \u2019 utero anche nel caso in cui vi fosse la certezza della nascita di una persona con gravi malformazioni ."}
{"sentidx":23642,"lemma":"aborto","token":"aborto","start":162,"end":168,"sent":"E un atto contrario anzitutto alla politica fino ad oggi realizzata dal Governo L annosa problematica delle gravidanze indesiderate non si risolve incentivando l aborto con la sua banalizzazione , ma promuovendo la prevenzione ed attuando una politica a favore delle famiglie , delle giovani madri e delle giovani coppie , che spesso sono costrette a ricorrere a questa estrema soluzione esclusivamente per motivi economici ."}
{"sentidx":61374,"lemma":"aborto","token":"aborto","start":176,"end":182,"sent":"Voi fate tutto questo perche non vi siete ancora rassegnati ad accettare la legge n 194 che proprio riconoscendo l autodeterminazione delle donne , ha ridotto il ricorso all \u2019 aborto , e state cercando una via subdola per arrivare ad abrogare attraverso norme invasive sul corpo e sulla liberta delle donne ."}
{"sentidx":286055,"lemma":"aborto","token":"aborto","start":194,"end":200,"sent":"Quindi si tratta di una legge che non risolve nulla e che e assolutamente falsa , perche l operazione dell \u2019 impianto obbligatorio di un ovulo , salvo , se questo e malformato , ricorrere all \u2019 aborto credo sia il massimo del sadismo che si possa immaginare sul corpo della donna e dimostra a quale livello di follia puo arrivare chi legifera senza tener conto dei problemi della madre , deve crescere nel suo ventre la nuova vita e dell interrelazione tra madre e figlio ."}
{"sentidx":113635,"lemma":"aborto","token":"aborto","start":40,"end":46,"sent":"Altre grandi leggi , come quella sull \u2019 aborto o sul divorzio , pongono regole , ma poi lasciano i cittadini liberi di scegliere sulla propria vita privatistica In questo campo cosa ce di piu privato di una scelta di paternita e di maternita sofferta e il sottoporsi a cure Cosa ce di piu privato della liberta di scegliere la maternita ela paternita all \u2019 interno della coppia ela cura ed il rimedio alla sterilita piu adatte in quel caso ?"}
{"sentidx":61515,"lemma":"aborto","token":"aborto","start":466,"end":472,"sent":"Quindi non possiamo darle noi , ameno che la fretta , questa volonta di arrivare in Assemblea con un testo non istruito abbia un obiettivo altro , che non e quello di approvare una legge di regole e di opportunita su temi delicati \u2013 ponendo dei divieti , ovviamente , ma adottando anche un approccio positivo , che per noi e quello riconosciuto e riconoscibile rispetto al desiderio di maternita \u2013 , ma la volonta di parlare di altro : della legge n 194 del 1978 di aborto , di legittimita o meno nella vita delle persone , di liberta di scelta e di comportamenti ( essere sposati o meno Mi spiegate per quale motivo , nel momento in cui in questa Assemblea ciascuno di noi e libero di sposarsi , di divorziare , di ricorrere alle tecniche di fecondazione assistita , di scegliere una tecnica o un altra , odi aspettare un bambino anche senza essere sposati , come e giusto che sia , nella liberta di comportamento privato ) , ci arroghiamo il diritto di imporre a tutti gli italiani un modello etico di comportamento ?"}
{"sentidx":286220,"lemma":"aborto","token":"aborto","start":379,"end":385,"sent":"Un ulteriore straordinaria ipocrisia trova nella cristallizzazione del numero tre \u2013 evidentemente in cio vi e una derivazione addirittura esoterica se non favolistica \u2013 il riferimento agli embrioni che si possono produrre e il cui impianto , peraltro , deve essere assolutamente contestuale , salvo ovviamente , nel caso di gravidanze plurime , la possibilita di ricorrere all \u2019 aborto terapeutico ."}
{"sentidx":35088,"lemma":"aborto","token":"aborto","start":530,"end":536,"sent":"Investiamo sul conflitto e proviamo a definire con nettezza un \u2019 alternativa di programma e di modello sociale e lavoreremo socialmente e politicamente alla costruzione del cambiamento reale , non dentro lo schema fittizio e asfittico dell \u2019 alternanza , ma provando ad investire sui movimenti , da quello cineamatori a quello dei meccanici , ad investire su una riscossa culturale e di autonomia della sinistra dal paradigma neoliberista una riscossa che impedisca il ritorno dell \u2019 oscurantismo clericale contro le donne sull \u2019 aborto e contro il diritto allo studio per tutte e per tutti ."}
{"sentidx":53387,"lemma":"aborto","token":"aborto","start":193,"end":199,"sent":"L idea che e alla base di questi ragionamenti consiste nel credere che il senso della laicita dello Stato si sia molto appannato nella societa italiana , dopo la stagione dei referendum sull \u2019 aborto e sul divorzio ."}
{"sentidx":113821,"lemma":"aborto","token":"aborto","start":200,"end":206,"sent":"Penso soprattutto al principio dell \u2019 autodeterminazione , dell \u2019 autonomia e della responsabilita delle donne rispetto al proprio corpo , che si e affermato con la lotta per la legalizzazione dell \u2019 aborto ."}
{"sentidx":286216,"lemma":"aborto","token":"aborto","start":919,"end":925,"sent":"Vorrei segnalare una disposizione immanente a tutto cio , la quale sostanzialmente obbliga all \u2019 impianto di un embrione portatore di malattia o comunque di malformazione , consentendo successivamente il ricorso alla legge n 194 del 1978 Ritengo che tale articolo sia quello che meglio consacra \u2013 lasciatemi usare questa espressione \u2013 la piu grande , la maggiore , la piu eclatante ipocrisia di questo testo : quella per la quale , intervenendo in ordine ai diritti del concepito e meglio ancora , alla dignita dell \u2019 embrione \u2013 che rispettiamo e riconosciamo , ma che , se assunta ed equiparata alla dignita della persona e operazione teorica assai discutibile e sicuramente spregiudicata , che fino ad ora nessuno aveva pensato di poter scientificamente supportare \u2013 , si infligge alla donna la violenza di dover subire l impianto di un embrione malato , per poi ricorrere alla soppressione dello stesso attraverso l aborto terapeutico , anziche regolare questa materia sotto il profilo dei diritti ad una nascita sana e alla salute ."}
{"sentidx":193279,"lemma":"aborto","token":"aborto","start":143,"end":149,"sent":"Per quanto riguarda la soppressione , anche in questo caso permetterselo significherebbe mettere in discussione implicitamente la legge sull \u2019 aborto ."}
{"sentidx":23636,"lemma":"aborto","token":"aborto","start":173,"end":179,"sent":"Ricordo innanzitutto , che vengo dal Piemonte una regione nella quale ha mosso i primi passi la sperimentazione e dove non sono stati valutati alcuni aspetti relativi all \u2019 aborto farmacologico , di cui gia hanno usufruito alcune decine di donne , a partire dal 2004 Ritengo che questo non sia altro che un metodo superficiale di affrontare le gravidanze indesiderate ."}
{"sentidx":333237,"lemma":"aborto","token":"aborto","start":105,"end":111,"sent":"Tralasciando l aspetto della soggettivita giuridica , che pure puo avere ricadute sulla questione dell \u2019 aborto e dell autodeterminazione , e tralasciando anche le pesanti ripercussioni che il provvedimento avra sull \u2019 opinione pubblica , sull \u2019 impalcatura del codice civile e sulle norme che disciplinano il funzionamento delle nostre istituzioni , credo che siamo ancora in tempo per fermare questa violenza e per evitare la caduta di senso di responsabilita ."}
{"sentidx":112325,"lemma":"aborto","token":"aborto","start":110,"end":116,"sent":"Il procedimento penale ea carico di diversi soggetti e si indaga per i reati di violazione della legge sull \u2019 aborto ( legge n 194 del 1978 sull interruzione volontaria della gravidanza ) , di corruzione propria continuata e aggravata , di concorso in abuso di atti di ufficio e concussione , di violazione delle norme contro il riciclaggio e di concorso nella violazione delle disposizioni sull \u2019 immigrazione ."}
{"sentidx":113689,"lemma":"aborto","token":"aborto","start":124,"end":130,"sent":"Ricordatevi che il paese ha votato dei referendum su temi molto piu delicati \u2013 come la legge sul divorzio , la legge sull \u2019 aborto \u2013 perche e vero che esiste un Parlamento che soggiace fortemente ad una cultura integralista , ma vi e un paese civile e moderno ."}
{"sentidx":193281,"lemma":"aborto","token":"aborto","start":131,"end":137,"sent":"Il disegno di legge , infatti , prevede il divieto , oltre che della clonazione e della soppressione degli embrioni , anche dell \u2019 aborto selettivo in caso di gravidanze plurime ."}
{"sentidx":286263,"lemma":"aborto","token":"aborto","start":265,"end":271,"sent":"Una legge come questa in realta rischia di essere elusa con il ricorso , da parte di chi se lo puo permettere , ai viaggi della speranza , alla clandestinita , incrementando in tal senso gli affari di soggetti privi di scrupoli , come avvenuto all \u2019 epoca in cui l aborto era un reato ."}
{"sentidx":167766,"lemma":"aborto","token":"aborto","start":68,"end":74,"sent":"Lo dimostrano il dibattito concernente la legge n 194 del 1978 sull aborto , oil dibattito sulla fecondazione assistita , che ha visto una lacerazione incredibile all \u2019 interno del centrosinistra ."}
{"sentidx":61802,"lemma":"aborto","token":"aborto","start":87,"end":93,"sent":"Ci si strappa le vesti per paura che si voglia intaccare , toccare la legge n 194 sull aborto : ma questo e veramente assurdo ."}
{"sentidx":333455,"lemma":"aborto","token":"aborto","start":96,"end":102,"sent":"L ultima parola , dunque , va lasciata ai cittadini , com \u2019 e gia accaduto per il divorzio el \u2019 aborto ."}
{"sentidx":333445,"lemma":"aborto","token":"aborto","start":198,"end":204,"sent":"Quelle leggi non prescrivono un certo comportamento , ma rimettono la scelta alla liberta dell \u2019 individuo : chi vuole , nella propria liberta di coscienza , divorzia o non divorzia , ricorre all \u2019 aborto o non vi ricorre ."}
{"sentidx":286025,"lemma":"aborto","token":"aborto","start":253,"end":259,"sent":"Tale mediazione e stata raggiunta , perche , come tutti riconosciamo , la legge n 194 del 1978 e una legge che funziona : si sono ridotti gli aborti , e stato sostanzialmente eliminato \u2013 nonostante il limite previsto per le minorenni \u2013 il ricorso all \u2019 aborto clandestino , si e posto rimedio alla situazione preesistente , quella dei pullman e degli aerei organizzati per andare ad abortire in altri paesi ."}
{"sentidx":286025,"lemma":"aborto","token":"aborti","start":142,"end":148,"sent":"Tale mediazione e stata raggiunta , perche , come tutti riconosciamo , la legge n 194 del 1978 e una legge che funziona : si sono ridotti gli aborti , e stato sostanzialmente eliminato \u2013 nonostante il limite previsto per le minorenni \u2013 il ricorso all \u2019 aborto clandestino , si e posto rimedio alla situazione preesistente , quella dei pullman e degli aerei organizzati per andare ad abortire in altri paesi ."}
{"sentidx":193271,"lemma":"aborto","token":"aborto","start":102,"end":108,"sent":"In questo modo , si rischia , anche involontariamente , di mettere in discussione la legge n 194 sull aborto ."}
{"sentidx":23654,"lemma":"aborto","token":"aborto","start":165,"end":171,"sent":"Signor Presidente concordo con l onorevole interrogante sulla necessita di una piena applicazione della legge n 194 del 1978 varata dal Parlamento per legalizzare l aborto , ma , anche e soprattutto , vista la sua prima parte , per prevenirlo ."}
{"sentidx":193273,"lemma":"aborto","token":"aborto","start":299,"end":305,"sent":"Ovviamente per queste stesse ragioni , non solo non condivido il comma 2 dell articolo 1 ma ho anche serie riserve sulla formulazione del comma 1 del precedente articolo 1 Cio non vuol dire che non vi sia il rischio di abusi in merito alla legge sulla procreazione assistita , ma \u2013 ela legge sull \u2019 aborto sta l\u0131 a dimostrare ogni abuso puo essere prevenuto e combattuto solo se lo Stato rinunciando al proibizionismo assoluto , si impegna in una gestione razionale ed umana del problema ."}
{"sentidx":280338,"lemma":"aborto","token":"aborto","start":241,"end":247,"sent":"Eppure dietro a questa politica della famiglia avete perso tre settimane di tempo \u2013 con il ministro della salute in testa \u2013 per dare un \u2019 immagine della famiglia italiana e delle donne italiane tutte improvvisamente impazzite e dedite all \u2019 aborto continuo , in questo paese !"}
{"sentidx":227264,"lemma":"aborto","token":"aborto","start":86,"end":92,"sent":"In tal senso , pensiamo alla lotta feroce che l Ulivo fa in difesa della legge sull \u2019 aborto e quindi , contro la vita ; pensiamo , inoltre , all \u2019 atteggiamento tenuto \u2013 sempre dall \u2019 Ulivo in quest \u2019 aula quando si e discusso il provvedimento in tema di procreazione assistita e al suo perorare la fecondazione eterologa ."}
{"sentidx":275769,"lemma":"aborto","token":"aborto","start":68,"end":74,"sent":"Infatti e stato affrontato un tema importante , quale quello dell \u2019 aborto , senza alcun disegno preciso , ma sicuramente con Atti Parlamentari 19 Camera dei Deputati XIV LEGISLATURA DISCUSSIONI SEDUTA DEL 14 FEBBRAIO 2006 N 750 lo scopo di stimolare alcune fasce di elettorato in previsione delle prossime elezioni politiche ."}
{"sentidx":193232,"lemma":"aborto","token":"aborto","start":139,"end":145,"sent":"Su questa affermazione del diritto a nascere del concepito si fonda la prescrizione dell \u2019 articolo 13 che impedisce la possibilita dell \u2019 aborto selettivo ."}
{"sentidx":233566,"lemma":"aborto","token":"aborti","start":53,"end":59,"sent":"Egli ha riferito di 21 aborti tra gli ovini e di 318 aborti tra i bovini : si tratta di dati assolutamente non rispondenti alla realta ."}
{"sentidx":233566,"lemma":"aborto","token":"aborti","start":23,"end":29,"sent":"Egli ha riferito di 21 aborti tra gli ovini e di 318 aborti tra i bovini : si tratta di dati assolutamente non rispondenti alla realta ."}
{"sentidx":286024,"lemma":"aborto","token":"aborto","start":102,"end":108,"sent":"Signor Presidente ho partecipato alla grande stagione in cui le donne hanno rivendicato il diritto di aborto \u2013 dapprima in piazza e successivamente , condizionando le forze politiche \u2013 ed hanno discusso con i cattolici per trovare un \u2019 alta mediazione ."}
{"sentidx":61619,"lemma":"aborto","token":"aborto","start":237,"end":243,"sent":"E una salvaguardia fondamentale della vita dell \u2019 embrione che prosegue anche dopo la nascita , dal momento che si Atti Parlamentari 32 Camera dei Deputati XIV LEGISLATURA DISCUSSIONI SEDUTA DEL 27 MARZO 2002 N 124 vieta la forma dell \u2019 aborto selettivo di gravidanze plurigemellari , procedura che determinerebbe solamente lo slittamento al momento successivo al parto di quella che comunque resterebbe una forma di selezione del neonato ."}
{"sentidx":36945,"lemma":"aborto","token":"aborto","start":104,"end":110,"sent":"rinunzia ad illustrare la sua interpellanza n 2 859 sulle politiche dell \u2019 Unione europea in materia di aborto e di salute riproduttiva e sessuale ."}
{"sentidx":61223,"lemma":"aborto","token":"aborto","start":23,"end":29,"sent":"Il comma 5 vieta poi l aborto selettivo in casi di gravidanze plurigemellari ."}
{"sentidx":184307,"lemma":"aborto","token":"aborto","start":71,"end":77,"sent":"Non avvenne cos\u0131 neper il referendum sul divorzio ne per quello sull \u2019 aborto ."}
{"sentidx":36856,"lemma":"aborto","token":"aborto","start":164,"end":170,"sent":"Molinari Giuseppe U 91 La seduta , sospesa alle 19 10 e ripresa alle 19 25 92PAG Interpellanze urgenti ( Svolgimento 92 Politiche dell Unione europea in materia di aborto e di salute riproduttiva e sessuale \u2013 n 2 00859 92 Barbieri Emerenzio UDC 92 95 Cursi Cesare Sottosegretario perla salute ."}
