{"sentidx":207559,"lemma":"attentato","token":"attentato","start":5,"end":14,"sent":"Sull attentato terroristico di questa mattina in"}
{"sentidx":36119,"lemma":"attentato","token":"attentato","start":5,"end":14,"sent":"Sull attentato terroristico di questa mattina in"}
{"sentidx":310421,"lemma":"attentato","token":"attentato","start":5,"end":14,"sent":"Sull attentato terroristico di stamane a"}
{"sentidx":28087,"lemma":"attentato","token":"attentati","start":99,"end":108,"sent":"E necessaria la massima collaborazione internazionale per sconfiggere i mandanti ei complici degli attentati e per spezzare la rete terroristica ."}
{"sentidx":147926,"lemma":"attentato","token":"attentato","start":220,"end":229,"sent":"dichiara voto favorevole sul disegno di legge di conversione in esame , sottolineando l opportunita che il Governo fornisca chiarimenti , in sede parlamentare , relativamente ad eventuali preventive segnalazioni circa l attentato terroristico di"}
{"sentidx":32146,"lemma":"attentato","token":"attentato","start":92,"end":101,"sent":"Quegli stessi professionisti alla cui autonomia , liberta e professionalita avete piu volte attentato , proponendo improbabili e selvagge liberalizzazioni per vanificare il ruolo , il prestigio ela funzione ."}
{"sentidx":105853,"lemma":"attentato","token":"attentati","start":88,"end":97,"sent":"Signor Presidente anche Forza Italia si associa alla recriminazione di questi due gravi attentati ."}
{"sentidx":203871,"lemma":"attentato","token":"attentati","start":54,"end":63,"sent":"L episodio presenta numerose analogie con due diversi attentati di matrice anarchico - insurrezionale avvenuti a Bologna nei mesi precedenti ."}
{"sentidx":285398,"lemma":"attentato","token":"attentati","start":77,"end":86,"sent":"Signor Presidente onorevoli colleghi , signor rappresentante del Governo gli attentati di Madrid e di Londra ormai confermano che la minaccia terroristica , coinvolgendo direttamente l Europa riguarda anche noi ."}
{"sentidx":27164,"lemma":"attentato","token":"attentati","start":117,"end":126,"sent":"esprime preliminarmente , anche in rappresentanza della popolazione valdostana , vivo cordoglio per le vittime degli attentati di ieri e piena solidarieta al popolo americano ."}
{"sentidx":244012,"lemma":"attentato","token":"attentato","start":95,"end":104,"sent":"giudicata strumentale la motivazione del contrasto al terrorismo per giustificare un autentico attentato ai diritti fondamentali dei cittadini , sottolinea la necessita di tutelare i dati sensibili da parte del Governo italiano e dell Unione europea ."}
{"sentidx":169595,"lemma":"attentato","token":"attentati","start":35,"end":44,"sent":"Oggetto della convenzione sono gli attentati compiuti con luso di esplosivi ."}
{"sentidx":277521,"lemma":"attentato","token":"attentati","start":30,"end":39,"sent":"Mi riferisco soprattutto agli attentati ea qualsiasi atto violento ; non possono essere considerati reati di opinione ."}
{"sentidx":291619,"lemma":"attentato","token":"attentati","start":102,"end":111,"sent":"Pensiamo che occorra maggiore efficacia di intervento nella fase preparatoria , perche questo tipo di attentati sono caratterizzati da una lunga fase preparatoria e da una rapidissima fase esecutiva ."}
{"sentidx":27145,"lemma":"attentato","token":"attentati","start":57,"end":66,"sent":"nel rilevare che quelli di ieri debbono intendersi quali attentati alla civilta , ritiene che tutti i paesi democratici debbano dare una risposta decisa per contrastare il terrorismo internazionale ."}
{"sentidx":16879,"lemma":"attentato","token":"attentato","start":206,"end":215,"sent":"Signor Presidente i deputati del gruppo misto - Minoranze linguistiche si stringe attorno alle famiglie dei carabinieri , degli ufficiali dell \u2019 esercito italiano e dei civili , vittime di questo mostruoso attentato terroristico ."}
{"sentidx":89709,"lemma":"attentato","token":"attentato","start":157,"end":166,"sent":"Vogliamo altresi sapere quale sia il numero dei prigionieri iracheni che l autorita militare italiana a Nassiriya ha consegnato al comando britannico dopo l attentato contro i carabinieri ."}
{"sentidx":315425,"lemma":"attentato","token":"attentati","start":126,"end":135,"sent":"Esprimo piena solidarieta con gli appartenenti alle forze dell \u2019 ordine e coni giornalisti che sono stati colpiti dai recenti attentati ."}
{"sentidx":188577,"lemma":"attentato","token":"attentati","start":128,"end":137,"sent":"Signor Presidente naturalmente noi esprimiamo , come tutti gli altri intervenuti in questo dibattito , il nostro sdegno per gli attentati ela nostra solidarieta alle persone colpite ."}
{"sentidx":291744,"lemma":"attentato","token":"attentati","start":166,"end":175,"sent":"Signor Presidente signor ministro , onorevoli colleghi , vorrei innanzitutto esprimere ancora una volta la nostra vicinanza al popolo britannico per i tragici e vili attentati di Londra Il terrorismo ha colpito ancora il cuore delle nostre societa , uccidendo cittadini indifesi ed innocenti ."}
{"sentidx":299415,"lemma":"attentato","token":"attentati","start":97,"end":106,"sent":"Anzi come dimostra l esperienza dei regimi autoritari , vedi il Minculpop fascista , i piu gravi attentati alla liberta dell \u2019 arte e della scienza spesso discendono proprio dai condizionamenti interessati dai pubblici poteri ."}
{"sentidx":27153,"lemma":"attentato","token":"attentati","start":17,"end":26,"sent":"premesso che gli attentati di ieri rappresentano un vulnus per l intero sistema democratico occidentale , manifesta il pieno impegno politico delle opposizioni in direzione di una lotta senza compromessi contro il terrorismo e quanti ne tollerano l esistenza : si tratta tuttavia di un impegno che presuppone un rigoroso accertamento dei fatti ."}
{"sentidx":234413,"lemma":"attentato","token":"attentato","start":23,"end":32,"sent":"Si tratta dunque di un attentato gravissimo alla progressione individuale di carriera , di un attentato al ricambio e all autonomia delle universita ."}
{"sentidx":234413,"lemma":"attentato","token":"attentato","start":94,"end":103,"sent":"Si tratta dunque di un attentato gravissimo alla progressione individuale di carriera , di un attentato al ricambio e all autonomia delle universita ."}
{"sentidx":84671,"lemma":"attentato","token":"attentato","start":67,"end":76,"sent":"Il coordinatore di Alleanza nazionale di quella citta ha subito un attentato ."}
{"sentidx":262530,"lemma":"attentato","token":"attentato","start":228,"end":237,"sent":"E quanto inefficaci siano queste misure lo dice proprio l orrendo attentato di Londra ove era stato approvato un pacchetto di modifiche legislative limitatrici appunto della liberta personale , ma che non hanno certo impedito l attentato ."}
{"sentidx":262530,"lemma":"attentato","token":"attentato","start":66,"end":75,"sent":"E quanto inefficaci siano queste misure lo dice proprio l orrendo attentato di Londra ove era stato approvato un pacchetto di modifiche legislative limitatrici appunto della liberta personale , ma che non hanno certo impedito l attentato ."}
{"sentidx":68716,"lemma":"attentato","token":"attentati","start":79,"end":88,"sent":"Dai recenti , drammatici eventi di Londra ci giunge un monito preciso : quegli attentati sono stati preparati da musulmani nati e cresciuti in Inghilterra Cio dimostra quanto sia pericoloso e sbagliato tollerare la formazione di comunita chiuse ."}
{"sentidx":16860,"lemma":"attentato","token":"attentati","start":39,"end":48,"sent":"Sul piano militare si e cominciato con attentati isolati ."}
{"sentidx":252078,"lemma":"attentato","token":"attentato","start":116,"end":125,"sent":"In una cabina telefonica di Padova e stato fatto ritrovare un documento con il quale le brigate rosse rivendicano l attentato ; una rivendicazione che la procura della Repubblica di Venezia ritiene attendibile ."}
{"sentidx":261034,"lemma":"attentato","token":"attentati","start":12,"end":21,"sent":"Sui recenti attentati nei confronti di esponenti delle forze dell \u2019 ordine e di organi di informazione ."}
{"sentidx":315339,"lemma":"attentato","token":"attentati","start":268,"end":277,"sent":"Lei signor ministro , con grande attenzione ed anche con alto spessore culturale , ha fatto una cronistoria delle mutazioni genetiche che hanno determinato una diversa fisionomia di quel fenomeno anarchico insurrezionale , cui fa riferimento , pare , la matrice degli attentati ultimi e recenti ."}
{"sentidx":27320,"lemma":"attentato","token":"attentato","start":34,"end":43,"sent":"Abbiamo vissuto un vero e proprio attentato alla pace , freddamente preparato e compiuto ."}
{"sentidx":24252,"lemma":"attentato","token":"attentati","start":98,"end":107,"sent":"Quante volte si e criticata la televisione perche persone , familiari di vittime di sequestri odi attentati , sapendo che i congiunti erano impegnati in situazioni rischiose , hanno appreso dai mezzi di comunicazione notizie che invece dovevano essere rese note non certo con queste modalita !"}
{"sentidx":279497,"lemma":"attentato","token":"attentati","start":14,"end":23,"sent":"Pensiamo agli attentati , alla logica degli attentati , pensiamo al movimento terroristico non solo afgano , pensiamo alle ragioni che hanno portato il movimento terroristico ad individuare le Twin Towers un simbolo dell \u2019 economia ma anche , per certi versi , un simbolo della cultura , quella americana , quella della progettazione stratosferica del cemento armato ."}
{"sentidx":279497,"lemma":"attentato","token":"attentati","start":44,"end":53,"sent":"Pensiamo agli attentati , alla logica degli attentati , pensiamo al movimento terroristico non solo afgano , pensiamo alle ragioni che hanno portato il movimento terroristico ad individuare le Twin Towers un simbolo dell \u2019 economia ma anche , per certi versi , un simbolo della cultura , quella americana , quella della progettazione stratosferica del cemento armato ."}
{"sentidx":178381,"lemma":"attentato","token":"attentato","start":79,"end":88,"sent":"Mettere in liberta decine di migliaia di delinquenti rappresenta certamente un attentato alla sicurezza dei cittadini ; proprio per questo pretendiamo che il ministro della giustizia ed il Governo possano avere il tempo di acquisire dagli uffici tutti i dati necessari relativi a valutare la portata di cio che stiamo facendo , perche non soltanto i gruppi , ma anche i singoli deputati sappiano realmente cosa stanno votando ( Applausi dei deputati del gruppo di Alleanza"}
{"sentidx":26434,"lemma":"attentato","token":"attentati","start":226,"end":235,"sent":"Ma i veri odi erano sorti tra le due guerre mondiali , quando il fascismo aveva cercato in tutti i modi di snazionalizzare gli slavi , provocando la reazione delle loro organizzazioni terroristiche e rispondendo ai gravissimi attentati di queste con processi dei tribunali speciali e con fucilazioni ."}
{"sentidx":318242,"lemma":"attentato","token":"attentato","start":34,"end":43,"sent":"Comunque e nato dopo il terribile attentato terroristico di Madrid e quindi , con la coscienza che a livello internazionale dovevamo giocare un ruolo molto forte ."}
{"sentidx":118931,"lemma":"attentato","token":"attentato","start":152,"end":161,"sent":"I Comunisti italiani hanno manifestato sin dal primo momento solidarieta alle vittime , al popolo americano e agli Stati Uniti per quello che e stato l attentato terroristico piu crudele e spietato della storia ."}
{"sentidx":243297,"lemma":"attentato","token":"attentati","start":296,"end":305,"sent":"Sono rimasto meravigliato da alcune dichiarazioni rese dal presidente Ramponi che inviterei , insieme all \u2019 onorevole relatore , a leggere , visto il periodo particolare che stiamo vivendo , le dichiarazioni odierne del ministro Martino che ha comunicato a tutti gli italiani il grave rischio di attentati al quale , come paese occidentale , a breve saremo esposti ."}
{"sentidx":19628,"lemma":"attentato","token":"attentati","start":82,"end":91,"sent":"Inoltre la Calabria ela regione italiana in cui si registra il piu alto numero di attentati ad amministratori locali e regionali ."}
{"sentidx":231035,"lemma":"attentato","token":"attentato","start":332,"end":341,"sent":"Signor Presidente ritengo di poter intervenire anche a nome del presidente Selva e degli onorevoli Guido Dussin Luciano Dussin e Luigi D Agro tutti come me eletti nella provincia di Treviso Domenica scorsa , Presidente nel duomo di Motta di Livenza sie verificato l ennesimo attentato da parte del criminale denominato Unabomber un attentato che ha avuto come conseguenza le gravissime ferite alla mano di una bambina di appena sei anni ."}
{"sentidx":231035,"lemma":"attentato","token":"attentato","start":275,"end":284,"sent":"Signor Presidente ritengo di poter intervenire anche a nome del presidente Selva e degli onorevoli Guido Dussin Luciano Dussin e Luigi D Agro tutti come me eletti nella provincia di Treviso Domenica scorsa , Presidente nel duomo di Motta di Livenza sie verificato l ennesimo attentato da parte del criminale denominato Unabomber un attentato che ha avuto come conseguenza le gravissime ferite alla mano di una bambina di appena sei anni ."}
{"sentidx":210951,"lemma":"attentato","token":"attentati","start":105,"end":114,"sent":"Ieri lei signor ministro , e il presidente Berlusconi avete messo in evidenza soprattutto il pericolo di attentati per il nostro paese ."}
{"sentidx":87429,"lemma":"attentato","token":"attentato","start":287,"end":296,"sent":"lamenta il fatto che in occasione della trasmissione televisiva della partita della nazionale di calcio disputata peraltro inopportunamente , nella serata di ieri , non e stato mandato in onda , a causa di obblighi pubblicitari , il minuto di silenzio in memoria delle vittime del grave attentato compiuto in Iraq chiede pertanto alla Presidenza di investire della questione il presidente della Commissione parlamentare per l indirizzo generale ela vigilanza dei servizi radiotelevisivi ."}
{"sentidx":294907,"lemma":"attentato","token":"attentati","start":141,"end":150,"sent":"Per quanto riguarda il rapporto mafia e politica , e importante che essa indaghi sui mandanti delle stragi Falcone e Borsellino nonche degli attentati di Roma Firenze e Milano La nostra democrazia non puo sopportare ombre su tali tragici eventi , non puo ancora ritardare la capacita di far luce su tali devastanti avvenimenti ."}
{"sentidx":268866,"lemma":"attentato","token":"attentati","start":288,"end":297,"sent":"Signor Presidente la puntuale ed estesa informativa che il ministro ha fornito al Parlamento conferma le forti preoccupazioni che ci avevano spinto ad associarci alle richieste degli altri gruppi per avere un quadro preciso e puntuale delle notizie riguardanti episodi di intimidazione e attentati veri e propri che si sono determinati nell \u2019 ultimo anno contro le organizzazioni sindacali , in modo particolare contro lor"}
{"sentidx":16531,"lemma":"attentato","token":"attentato","start":108,"end":117,"sent":"esprime il cordoglio della componente politica Minoranze linguistiche del gruppo Misto perle vittime dell \u2019 attentato terroristico odierno , e ribadisce la solidarieta ai militari italiani impegnati in missioni internazionali ."}
{"sentidx":315434,"lemma":"attentato","token":"attentati","start":149,"end":158,"sent":"Oggi signor ministro , richiamando le analisi gia fatte in precedenza in Parlamento lei ha giustamente attirato l attenzione sull \u2019 escalation degli attentati di origine insurrezionale che sono riconducibili ad una matrice completamente diversa , ma non meno pericolosa delle brigate rosse nelle loro diverse ramificazioni ."}
{"sentidx":91321,"lemma":"attentato","token":"attentato","start":142,"end":151,"sent":"Presidente della Commissione Signor Presidente nel momento in cui una delle maggiori capitali d Europa Londra e stata vittima di un criminale attentato terroristico , credo sia esemplare considerare come i paesi dell \u2019 Unione europea , ed anche un paese che non ne fa parte , la Confederazione elvetica , trattino i problemi della nostra societa : i problemi della qualita della vita e del rispetto dell \u2019 ambiente ."}
{"sentidx":170521,"lemma":"attentato","token":"attentati","start":761,"end":770,"sent":"La ratifica dell \u2019 accordo quadro e di vitale importanza per far compiere al nostro paese un \u2019 ulteriore passo verso l integrazione europea e al tempo stesso , per far crescere il peso ela capacita di indirizzo politico dell \u2019 Unione europea nel contesto internazionale , nonche per abbattere quel divario di efficienza e di contenuti tecnologici nei confronti degli Stati Uniti Non e infatti piu pensabile ritardare ulteriormente il processo di razionalizzazione e di concentrazione degli apparati produttivi del comparto della difesa e della sicurezza , stante l attuale situazione di squilibrio di competitivita ed efficienza dell \u2019 Europa nei confronti degli Stati Uniti ed in considerazione dei pericoli e delle minacce che incombono , come dimostrano gli attentati terroristici portati proprio nel cuore della superpotenza americana ."}
{"sentidx":293754,"lemma":"attentato","token":"attentati","start":187,"end":196,"sent":"E ovvio che questo disegno di legge tende a colmare un aspetto non disciplinato nel nostro ordinamento e soprattutto , tende a dare corpo , in una situazione particolarmente connotata da attentati terroristici a livello mondiale , alla necessita di fornire corretta esecuzione ad una Convenzione che ha la possibilita di rendere organica la disciplina della materia in tutti gli Stati che avranno la possibilita di recepire Per questo , riservandomi una piu compiuta valutazione del fenomeno durante l esame del provvedimento che seguira , annuncio il voto favorevole dei deputati del gruppo della"}
{"sentidx":28100,"lemma":"attentato","token":"attentati","start":150,"end":159,"sent":"Signor Presidente signori rappresentanti del Governo onorevoli colleghi , dopo che , con una sola eccezione , in questa aula si e parlato di guerra , attentati e criminalita , con la mia interrogazione voglio sollevare una questione diversa che , peraltro , so interessare anche colleghi di altri gruppi ."}
{"sentidx":289764,"lemma":"attentato","token":"attentati","start":261,"end":270,"sent":"Signor Presidente l interpellanza ha ad oggetto la vicenda riguardante tangentopoli il progredire degli attentati concentrati nell \u2019 area di Pordenone e del Trevigiano principalmente , nel distretto Opitergino curtense el \u2019 aggravarsi della natura stessa degli attentati , come desumibile dalle ferite riportate dalle persone rimaste coinvolte ( da ultimo , una bambina in quel di Motta di Livenza che ha riportato gravissime ferite alla mano e all occhio sinistro ) ."}
{"sentidx":289764,"lemma":"attentato","token":"attentati","start":104,"end":113,"sent":"Signor Presidente l interpellanza ha ad oggetto la vicenda riguardante tangentopoli il progredire degli attentati concentrati nell \u2019 area di Pordenone e del Trevigiano principalmente , nel distretto Opitergino curtense el \u2019 aggravarsi della natura stessa degli attentati , come desumibile dalle ferite riportate dalle persone rimaste coinvolte ( da ultimo , una bambina in quel di Motta di Livenza che ha riportato gravissime ferite alla mano e all occhio sinistro ) ."}
{"sentidx":316048,"lemma":"attentato","token":"attentato","start":239,"end":248,"sent":"sottolinea il carattere non veritiero delle affermazioni rese dal ministro Giovanardi secondo il quale i deputati del gruppo di Rifondazione comunista non si sarebbero levati in piedi in occasione della commemorazione delle vittime dell \u2019 attentato di"}
{"sentidx":81305,"lemma":"attentato","token":"attentato","start":219,"end":228,"sent":"Quando il conflitto appare piu aspro , nei momenti in cui si affrontano questioni che toccano il lavoro , che toccano nel profondo la societa italiana e si producono lacerazioni , proprio in quei momenti si inserisce l attentato terroristico ( mi riferisco anche agli attentati che colpirono il professore D Antona Tarantelli e tanti altri ) ."}
{"sentidx":81305,"lemma":"attentato","token":"attentati","start":268,"end":277,"sent":"Quando il conflitto appare piu aspro , nei momenti in cui si affrontano questioni che toccano il lavoro , che toccano nel profondo la societa italiana e si producono lacerazioni , proprio in quei momenti si inserisce l attentato terroristico ( mi riferisco anche agli attentati che colpirono il professore D Antona Tarantelli e tanti altri ) ."}
{"sentidx":27168,"lemma":"attentato","token":"attentati","start":358,"end":367,"sent":"a titolo personale , nel dichiarare di riconoscersi pienamente nelle parole di condanna delle azioni terroristiche e di cordoglio per le vittime degli attentati pronunziate dal Presidente della Repubblica ritiene che il Paese non potra non essere solidale rispetto agli atti , sulla cui moderazione non ha dubbi , con i quali il mondo civile rispondera agli attentati posti in essere probabilmente dal fondamentalismo islamico ."}
{"sentidx":27168,"lemma":"attentato","token":"attentati","start":151,"end":160,"sent":"a titolo personale , nel dichiarare di riconoscersi pienamente nelle parole di condanna delle azioni terroristiche e di cordoglio per le vittime degli attentati pronunziate dal Presidente della Repubblica ritiene che il Paese non potra non essere solidale rispetto agli atti , sulla cui moderazione non ha dubbi , con i quali il mondo civile rispondera agli attentati posti in essere probabilmente dal fondamentalismo islamico ."}
{"sentidx":315087,"lemma":"attentato","token":"attentati","start":107,"end":116,"sent":"Nel manifestare inoltre amarezza per il fatto che si sarebbe potuta garantire maggiore tutela a vittime di attentati terroristici , come il professore Biagi giudica positivamente il ritrovato equilibrio nel rapporto tra forze dell \u2019 ordine ed opinione pubblica , originatosi a seguito dei fatti di Genova Auspica infine , che la politica sappia ritrovare uno spirito unitario nel riconoscimento di valori comuni ."}
{"sentidx":39003,"lemma":"attentato","token":"attentato","start":195,"end":204,"sent":"Tale episodio non riguarda , infatti , un qualunque cittadino , al quale comunque sono dovuti attenzione e rispetto , ma una persona che da anni viveva con un \u2019 altra persona morta a causa di un attentato terroristico , che vive il dramma personale della perdita del proprio compagno e dei propri affetti , una perdita assolutamente traumatica , vissuta come ingiusta e infinitamente crudele ."}
{"sentidx":161152,"lemma":"attentato","token":"attentato","start":61,"end":70,"sent":"In tal senso configura , a nostro parere , un vero e proprio attentato alla Costituzione repubblicana ."}
{"sentidx":315293,"lemma":"attentato","token":"attentato","start":277,"end":286,"sent":"Un sentimento di forte vicinanza e di solidarieta per l azione importante che stanno svolgendo va alle donne e agli uomini delle forze di polizia , in particolare , in questo momento , all \u2019 Arma dei carabinieri ed al maresciallo Stefano Sindona colpito duramente da quel vile attentato ."}
{"sentidx":16672,"lemma":"attentato","token":"attentato","start":107,"end":116,"sent":"In realta , pero , le evidenze sul territorio egli indicatori di intelligence autorizzano a ritenere che l attentato di oggi a Nassiriya sia stato pianificato e realizzato da una cellula di fedayn Saddam Posso dare assicurazione che le disposizioni messe in atto nel teatro iracheno , come in tutti gli altri in cui sono impegnate le nostre missioni militari , sono le piu efficaci per la tutela ela sicurezza del nostro personale ."}
{"sentidx":16517,"lemma":"attentato","token":"attentato","start":551,"end":560,"sent":"nell \u2019 esprimere sentimenti di dolore e di cordoglio per i militari italiani caduti nell \u2019 adempimento del proprio dovere , ritiene che il Paese senza piegarsi al ricatto della violenza , debba continuare ad impegnarsi , unitamente alla comunita internazionale , nel perseguimento del prioritario obiettivo della definitiva sconfitta del terrorismo e della stabilizzazione democratica in Iraq giudicato , pertanto , inopportuno un eventuale ritiro del contingente militare italiano , sottolinea l esigenza di evitare polemiche strumentali sul tragico attentato di"}
{"sentidx":164164,"lemma":"attentato","token":"attentato","start":102,"end":111,"sent":"Lo faccio perche ero convinto che le inchieste amministrative e penali aperte nei giorni successivi l attentato contro il contingente italiano avrebbero portato ad accertare , in maniera manifesta , responsabilita specifiche : nomi e ruoli dei responsabili sulla mancanza di sicurezza delle nostre condizioni di vita nella base di Nassiriya Cos\u0131 none accaduto ed anzi mi sembra che si stia procedendo su una strada che portera rapidamente a seppellire la verita ."}
{"sentidx":258027,"lemma":"attentato","token":"attentato","start":54,"end":63,"sent":"Mi chiedo se ce qualche epidemia ose ce stato qualche attentato !"}
{"sentidx":72901,"lemma":"attentato","token":"attentati","start":74,"end":83,"sent":"Sappiamo chela violenza dell \u2019 epoca e stata responsabile di una serie di attentati a sedie circoli di partito ma anche a persone ."}
{"sentidx":89710,"lemma":"attentato","token":"attentato","start":440,"end":449,"sent":"Abbiamo appreso dalla stampa che sono state svolte indagini e che sono stati fatti alcuni prigionieri : vogliamo conoscere che fine abbiano fatto e se il Governo e le autorita militari italiane ne seguano la sorte e soprattutto se , dopo i fatti emersi sul trattamento dei prigionieri ad Abu Ghraib siano stati effettuati accertamenti per sapere se anche tali prigionieri arrestati a seguito delle indagini e delle operazioni seguite all \u2019 attentato di Nassiriya siano sottoposti a tale trattamento ."}
{"sentidx":81278,"lemma":"attentato","token":"attentati","start":238,"end":247,"sent":"Ancora una volta un manipolo di assassini , imbevuti di una folle ideologia distruttrice , privi di ogni valore di civilta , ha seminato terrore e panico fra la gente di una citta , gia profondamente colpita nel passato da altri ignobili attentati alla vita e alla pacifica convivenza sociale ."}
{"sentidx":49143,"lemma":"attentato","token":"attentati","start":285,"end":294,"sent":"Ricordato inoltre , che l Italia e particolarmente attiva nel quadro delle iniziative volte a tutelare il patrimonio storico ed artistico esistente nella regione , nonche della lotta contro la criminalita organizzata , sottolinea che , negli ultimi tempi , e diminuito il numero degli attentati , con particolare riferimento a personalita politiche moderate di etnia musulmana ."}
{"sentidx":241491,"lemma":"attentato","token":"attentati","start":57,"end":66,"sent":"Londra dopo Madrid Istanbul e Beirut insieme ai continui attentati a Baghdad tra gli ultimi , l orribile strage di bambini ) dimostrano che la situazione in Iraq e sempre piu grave e chela condizione di sicurezza del mondo va peggiorando ."}
{"sentidx":60660,"lemma":"attentato","token":"attentato","start":157,"end":166,"sent":"Discutiamo di conti pubblici e provvedimenti di bilancio , ma questa dura verita non si puo nascondere al paese a fronte del dolore di tutti noi per il vile attentato di guerra subito dai nostri connazionali ."}
{"sentidx":246378,"lemma":"attentato","token":"attentato","start":118,"end":127,"sent":"Non vi siete forse strappate le vesti , gridando allo scandalo , quando proponemmo questa misura , ritenuta da voi un attentato al diritto dei lavoratori di andare in pensione anche nel pieno del vigore fisico ?"}
{"sentidx":291358,"lemma":"attentato","token":"attentati","start":70,"end":79,"sent":"Espressa preliminarmente solidarieta al popolo britannico per i gravi attentati subiti , manifesta apprezzamento per le concrete e tempestive iniziative assunte dall \u2019 Esecutivo subito dopo i tragici eventi di Londra sottolinea quindi la necessita di affrontare il fenomeno del terrorismo in modo organico attraverso strategie coordinate a livello internazionale e specifiche misure legislative ."}
{"sentidx":23975,"lemma":"attentato","token":"attentato","start":199,"end":208,"sent":"La Sgrena ma soprattutto il suo compagno Pier Scolari che ieri abbiamo visto salire in macchina con Prodi dopo aver lasciato la chiesa dove si sono svolti i funerali , diceva che si e trattato di un attentato alla vita della Sgrena perche lei aveva delle notizie importanti , che potevano essere usate contro gli americani ."}
{"sentidx":16524,"lemma":"attentato","token":"attentato","start":50,"end":59,"sent":"espressi sentimenti di ferma condanna per il vile attentato , manifesta solidarieta , anche a nome dei deputati del gruppo della Lega nord Padania ai familiari dei caduti e dei feriti ; sottolineata altresi la necessita di garantire democrazia e liberta in Iraq ritiene essenziale prestare la massima attenzione affinche non si ripetano attacchi ad obiettivi italiani ."}
{"sentidx":16671,"lemma":"attentato","token":"attentato","start":96,"end":105,"sent":"In via di prima approssimazione , apparirebbe anche possibile ritenere che la matrice di questo attentato possa essere ricondotta ad elementi sunniti della guerriglia irachena , unitamente a componenti estremistiche arabe ."}
{"sentidx":160019,"lemma":"attentato","token":"attentati","start":171,"end":180,"sent":"Blair dovrebbe tener conto dei lavori dei suoi ricercatori , oltre che del buonsenso popolare , che ha stabilito , senza ombra di dubbio , un collegamento diretto tra gli attentati ela guerra ."}
{"sentidx":327276,"lemma":"attentato","token":"attentato","start":305,"end":314,"sent":"Il Presidente della Camera Casini ha fatto bene a difendere la dignita del Parlamento E incoraggiante che tutti i parlamentari di tutti i gruppi abbiano assolutamente concordato con la posizione espressa dal Presidente Casini Una sola voce di dissenso ho ascoltato , quella di Di Pietro che ha parlato di attentato all \u2019 indipendenza della magistratura ."}
{"sentidx":29601,"lemma":"attentato","token":"attentati","start":93,"end":102,"sent":"ritiene che la difficile congiuntura internazionale , prodottasi soprattutto a seguito degli attentati dell \u2019 11 settembre scorso , avrebbe richiesto l adozione di interventi a sostegno dei consumi piuttosto che le misure a favore degli investimenti introdotte con la cosiddetta legge Tremonti bis Giudica pertanto irrealistiche le previsioni di crescita economica su cui si basa la manovra economica in esame che , oltre a non prevedere adeguate forme di agevolazione per i cittadini meno abbienti e per il Mezzogiorno rischia di compromettere l equilibrio dei conti pubblici ed il rispetto del patto di stabilita europeo , nonche di determinare un incremento della pressione fiscale ."}
{"sentidx":231020,"lemma":"attentato","token":"attentato","start":36,"end":45,"sent":"E quel che stamani e avvenuto con l attentato a Ibrahim Rugova alla vigilia del suo incontro , a Belgrado con il Governo serbo , il primo tra questo ed i responsabili del Kosovo sottolinea come sia ancora attuale l emergenza in quella zona e cosa sarebbe avvenuto senza un intervento che evitasse il formarsi di uno sterminato campo profughi ."}
{"sentidx":315800,"lemma":"attentato","token":"attentati","start":222,"end":231,"sent":"Anche quella volta ci venne detto che era tutto a regola d arte e che gli studi dicevano che non vi sarebbe stato alcun problema dal punto di vista della gestione del rischio idrogeologico o della sicurezza e di eventuali attentati ."}
{"sentidx":213442,"lemma":"attentato","token":"attentato","start":185,"end":194,"sent":"Ma veramente pensate che l idea di introdurre un meccanismo proporzionale , che va fino in fondo a fare la conta dei voti ed a verificare le intenzioni dei nostri concittadini , sia un attentato alla democrazia ?"}
{"sentidx":118497,"lemma":"attentato","token":"attentato","start":15,"end":24,"sent":"nel ritenere l attentato contro gli Stati Uniti un crimine contro la democrazia el \u2019 umanita , condanna la scelta statunitense di adottare la logica della ritorsione e della violenza , generalmente perseguita dagli Stati che hanno la forza per imporre e che costringe gli organismi internazionali alla mera ratifica di decisioni gia assunte ."}
{"sentidx":16823,"lemma":"attentato","token":"attentati","start":97,"end":106,"sent":"Pazienti tessiture di rapporti , di diplomazie che avevano messo il nostro paese al riparo dagli attentati e dal terrorismo sono , ormai , un vago ricordo ."}
{"sentidx":164144,"lemma":"attentato","token":"attentati","start":326,"end":335,"sent":"Poi Saddam e stato catturato ( adire il vero con tempi e modalita del tutto oscuri ) e il mondo si e accorto che il vecchio dittatore era chissa da quanto fuori gioco , del tutto estraneo alle operazioni di guerriglia fino a quel punto condotte contro le truppe di occupazione , come testimonia l escalation impressionante di attentati succeduti dopo la sua cattura , che hanno causato oltre mille morti tra la popolazione civile in pochi mesi ."}
{"sentidx":169647,"lemma":"attentato","token":"attentati","start":93,"end":102,"sent":"La convenzione si aggiunge a quelle gia esistenti e si propone una piu decisa condanna degli attentati compiuti con luso di esplosivi , consentendone il perseguimento anche attraverso l applicazione non restrittiva dell \u2019 estradizione ."}
{"sentidx":262364,"lemma":"attentato","token":"attentato","start":733,"end":742,"sent":"Signor Presidente onorevoli colleghi , la settimana scorsa le Commissioni affari costituzionali e giustizia hanno discusso a lungo sui contenuti della proposta di legge recante disposizioni per l attuazione dell \u2019 articolo 68 della Costituzione Il testo e stato frettolosamente modificato dalle forze di maggioranza al Senato e quelle modifiche impongono la sospensione del processo penale , in qualsiasi fase esso si trovi , per il Presidente del Consiglio dei ministri , per il Presidente della Repubblica per il Presidente della Camera per il Presidente del Senato e per il Presidente della Corte costituzionale ; e per reati diversi da quelli ministeriali , per il Presidente del Consiglio dei ministri , e per alto tradimento e attentato alla Costituzione per il Presidente della Repubblica Nel corso del dibattito nelle Commissioni noi abbiamo evidenziato che , per ragioni squisitamente contingenti legate alla specifica situazione processuale in cui si trova il Presidente del Consiglio dei ministri in carica , la maggioranza parlamentare approva una legge ordinaria che contrasta con singoli articoli della Costituzione su temi delicati e sensibili quali sono , ad esempio , quelli relativi all \u2019 uguaglianza dei cittadini ."}
{"sentidx":116834,"lemma":"attentato","token":"attentati","start":269,"end":278,"sent":"Peraltro anche il ministro dell \u2019 interno , onorevole Pisanu ha denunciato a chiare lettere in pubblico , in una conferenza stampa , che dietro ogni gioco legale si nasconde il gioco illegale e che in Italia si stanno moltiplicando le macchinette nei bar e chesi fanno attentati non per il pizzo , ma per obbligare i gestori dei bar a mettere le macchinette nei loro esercizi ."}
{"sentidx":62130,"lemma":"attentato","token":"attentati","start":64,"end":73,"sent":"Cito alcuni esempi : l uccisione di Falcone e di Borsellino gli attentati di Roma di Firenze e di Milano Su questi episodi ancora il nostro paese , la stessa Commissione parlamentare antimafia , lo stesso Parlamento non sono riusciti a dare appunto , una sua lettura ."}
{"sentidx":16715,"lemma":"attentato","token":"attentati","start":125,"end":134,"sent":"Il portavoce dell \u2019 Alto commissario dell \u2019 ONU peri rifugiati , Laura Boldrini ha oggi dichiarato : chi sta dietro a questi attentati non ha a cuore le sorti del popolo iracheno ."}
{"sentidx":212810,"lemma":"attentato","token":"attentato","start":222,"end":231,"sent":"Sappiamo che cioe una conseguenza della caduta del muro di Berlino e della fine del duopolio nell \u2019 uso della forza , sulla scena mondiale , tra Usa e Urss Conoscevamo e conosciamo , il fenomeno ; tuttavia il terrificante attentato alle torri gemelle di un anno fa ci ha fornito una nuova e piu inquietante visione del fenomeno stesso ."}
{"sentidx":27156,"lemma":"attentato","token":"attentati","start":129,"end":138,"sent":"Ringrazia quindi il Governo per essere intervenuto tempestivamente e lo esorta a vigilare attentamente per scongiurare possibili attentati nel"}
{"sentidx":316141,"lemma":"attentato","token":"attentato","start":205,"end":214,"sent":"contesta le gravi dichiarazioni rese dal ministro Giovanardi relativamente all \u2019 atteggiamento assunto dai deputati del gruppo di Rifondazione comunista nel corso della commemorazione delle vittime dell \u2019 attentato di Nassiriya si riserva , ove il ministro confermi tali dichiarazioni , a suo giudizio incompatibili con la funzione di governo , di assumere conseguenti comportamenti sul piano parlamentare ."}
{"sentidx":41289,"lemma":"attentato","token":"attentati","start":1112,"end":1121,"sent":"Ci ha assicurato che la Conferenza sara di alto profilo ed e destinata a raggiungere grandi risultati entro l anno perche si possa firmare a Roma dove nacque l Europa cinquant \u2019 anni fa , il secondo Trattato di Roma Per il semestre europeo , ha chiaramente spiegato , con argomentazioni puntuali ed esaustive , quali siano gli intendimenti della linea governativa relativamente : alla sicurezza delle nostre frontiere ; al dialogo partenariato con iniziative nei piu svariati settori e con la trasformazione della finanziaria attualmente operante nell \u2019 ambito della Banca europea per gli investimenti in un organismo autonomo , vale adire in una vera e propria banca del Mediterraneo alle prospettive di rilanciare la politica transatlantica , per restituire al rapporto tra l Unione europea egli Stati Uniti quello spessore e quel dinamismo che sono anche condizione essenziale per un maggiore protagonismo dell \u2019 Europa nella scena internazionale ; al problema della road map perla quale gioiamo di avere saputo del raggiunto accordo tra Autorita palestinese e fazioni terroristiche per una sospensione degli attentati per tre mesi , anche se nutriamo forti timori sulla sua tenuta per la fragilita delle componenti che hanno determinato l annuncio ."}
{"sentidx":222827,"lemma":"attentato","token":"attentato","start":161,"end":170,"sent":"ricordato che l operazione internazionale denominata Enduring iraq ha costituito la risposta immediata dell \u2019 Occidente alla sfida lanciata dal terrorismo con l attentato dell \u2019 11 settembre 2001 ritiene che l obiettivo prioritario da perseguire sia la stabilizzazione democratica dell \u2019 Afghanistan paventa inoltre il rischio che il Governo del quale lamenta l atteggiamento eccessivamente acquiescente nei confronti degli Stati Uniti sottovaluti le conseguenze di un eventuale attacco contro l"}
{"sentidx":169596,"lemma":"attentato","token":"attentati","start":279,"end":288,"sent":"A tale proposito , e opportuno ricordare che l ordinamento giuridico italiano gia prevede misure in materia di controllo delle armi , munizioni ed esplosivi , oltre ad una serie di norme incriminatrici , contenute nel codice penale , che possono trovare applicazione nel caso di attentati terroristici effettuati con esplosivi ."}
