{"sentidx":208694,"lemma":"autonomia","token":"autonomie","start":41,"end":50,"sent":"Inoltre si umilia il riconoscimento alle autonomie locali previsto direttamente dalla"}
{"sentidx":129058,"lemma":"autonomia","token":"Autonomia","start":0,"end":9,"sent":"Autonomia scolastica significa maggiore responsabilita e responsabilizzazione di tutto il corpo docente , non soltanto dei dirigenti scolastici ."}
{"sentidx":328556,"lemma":"autonomia","token":"autonomia","start":61,"end":70,"sent":"Bisogna lavorare concretamente per consentire flessibilita , autonomia e possibilita di scelta ."}
{"sentidx":37731,"lemma":"autonomia","token":"autonomia","start":37,"end":46,"sent":"Tali politiche dovrebbero assumere l autonomia della comunita scientifica , non la sua strisciante destabilizzazione quale criterio operativo ."}
{"sentidx":133534,"lemma":"autonomia","token":"autonomia","start":101,"end":110,"sent":"Riconoscere il valore sociale della maternita significa rispettare l autodeterminazione e tutelare l autonomia delle scelte individuali , coniugando con la responsabilita sociale ."}
{"sentidx":216248,"lemma":"autonomia","token":"autonomie","start":25,"end":34,"sent":"Altro che rispetto delle autonomie funzionali !"}
{"sentidx":72865,"lemma":"autonomia","token":"autonomie","start":67,"end":76,"sent":"sottolinea il comportamento contraddittorio del Governo in tema di autonomie locali ."}
{"sentidx":228858,"lemma":"autonomia","token":"autonomia","start":150,"end":159,"sent":"Assicura altresi che sono stati previsti interventi volti a monitorare le iniziative promosse dalle singole istituzioni scolastiche nel quadro dell \u2019 autonomia didattica ."}
{"sentidx":217280,"lemma":"autonomia","token":"autonomie","start":162,"end":171,"sent":"ricorda preliminarmente che si e registrato un sostanziale fallimento del percorso avviato nella scorsa legislatura , che prevedeva un ampio coinvolgimento delle autonomie locali nella definizione delle scelte connesse allo smaltimento dei rifiuti radioattivi ."}
{"sentidx":197166,"lemma":"autonomia","token":"autonomia","start":114,"end":123,"sent":"La parte relativa alla gestione e all organizzazione degli istituti scolastici attualmente e di competenza dell \u2019 autonomia delle istituzioni scolastiche ."}
{"sentidx":209942,"lemma":"autonomia","token":"autonomia","start":37,"end":46,"sent":"Partiamo pure dalla questione dell \u2019 autonomia del Parlamento e facciamo alcune supposizioni ."}
{"sentidx":200870,"lemma":"autonomia","token":"autonomia","start":136,"end":145,"sent":"ritiene che ricondurre alla potesta legislativa esclusiva delle regioni le competenze in materia di istruzione rischi di pregiudicare l autonomia delle istituzioni scolastiche e dei relativi ordinamenti ."}
{"sentidx":188927,"lemma":"autonomia","token":"autonomia","start":69,"end":78,"sent":"Parlare di raccomandazioni significa mantenere il giusto rapporto di autonomia tra un istituto giurisdizionale ed un istituto politico ."}
{"sentidx":245268,"lemma":"autonomia","token":"autonomia","start":52,"end":61,"sent":"La modifica costituzionale proposta contrasta con l autonomia della scuola ."}
{"sentidx":220574,"lemma":"autonomia","token":"autonomia","start":88,"end":97,"sent":"giudica un gravissimo errore della maggioranza l abrogazione delle forme particolari di autonomia riconosciute alle regioni dalla riforma del titolo V della Costituzione varata nella scorsa legislatura ."}
{"sentidx":110405,"lemma":"autonomia","token":"autonomia","start":155,"end":164,"sent":"Tali situazioni toccano le stesse condizioni di sussistenza della normale vita universitaria , oppure incidono sullo svolgimento di elezioni che toccano l autonomia regolativa degli organi professionali ."}
{"sentidx":39608,"lemma":"autonomia","token":"autonomie","start":115,"end":124,"sent":"ritiene che il Governo debba fornire chiarimenti sulla politica che intende attuare relativamente al sistema delle autonomie , segnatamente regionali ."}
{"sentidx":192004,"lemma":"autonomia","token":"autonomia","start":165,"end":174,"sent":"Sottosegretario di Stato per l istruzione , l universita ela ricerca , osserva che il provvedimento in esame da compiuta attuazione al fondamentale principio dell \u2019 autonomia organizzativa delle istituzioni scolastiche e tiene opportunamente conto delle esigenze di decentramento istituzionale ."}
{"sentidx":51762,"lemma":"autonomia","token":"autonomie","start":62,"end":71,"sent":"osservato che l elezione dei rappresentanti regionali e delle autonomie locali non comporta alcuna correzione in senso autenticamente federale del Senato dichiara voto contrario ."}
{"sentidx":306612,"lemma":"autonomia","token":"autonomia","start":169,"end":178,"sent":"manifestato apprezzamento per la relazione svolta dal deputato Siniscalchi ritiene che , approvando la proposta della Giunta perle autorizzazioni , l Assemblea dimostri autonomia ed autorevolezza , necessarie alla democrazia ."}
{"sentidx":154925,"lemma":"autonomia","token":"autonomia","start":114,"end":123,"sent":"Questo e il cuore del problema , giacche una giusta responsabilita disciplinare evidentemente e rispettosa dell \u2019 autonomia della magistratura ."}
{"sentidx":52035,"lemma":"autonomia","token":"autonomie","start":86,"end":95,"sent":"Noi ipotizziamo un Senato federale integrato dai rappresentanti delle regioni e delle autonomie locali ."}
{"sentidx":316551,"lemma":"autonomia","token":"autonomie","start":268,"end":277,"sent":"Relatore di minoranza , paventato il rischio del fallimento della politica infrastrutturale del Governo ritiene , in particolare , controproducente tentare di esautorare il Parlamento attraverso un eccessivo ricorso alla delega legislativa e conculcare il ruolo delle autonomie locali ; auspica pertanto l approvazione delle proposte emendative presentate dai deputati dell \u2019 opposizione ."}
{"sentidx":184372,"lemma":"autonomia","token":"autonomia","start":47,"end":56,"sent":"I direttori di ricerca saranno incaricati , in autonomia , di realizzare e rendere immediatamente operative le strutture di ricerca attraverso l acquisizione della strumentazione scientifica loro necessaria ."}
{"sentidx":272739,"lemma":"autonomia","token":"autonomia","start":54,"end":63,"sent":"Il mantenimento del marchio e un sufficiente grado di autonomia decisionale possono preservare e consolidare il radicamento sul territorio ."}
{"sentidx":146859,"lemma":"autonomia","token":"autonomia","start":213,"end":222,"sent":"Vorrei qui ricordare le nostre proteste , le nostre osservazioni duramente critiche sul dimensionamento del professore Barberi con un comportamento da parte della Casa delle liberta davvero poco rispettoso dell \u2019 autonomia istituzionale ."}
{"sentidx":47501,"lemma":"autonomia","token":"autonomia","start":37,"end":46,"sent":"Mi riferisco alla definizione dell \u2019 autonomia del comparto sicurezza e difesa , precedentemente accorpato al pubblico impiego ."}
{"sentidx":268588,"lemma":"autonomia","token":"autonomia","start":49,"end":58,"sent":"lamenta l intendimento del Governo di limitare l autonomia"}
{"sentidx":60171,"lemma":"autonomia","token":"autonomia","start":48,"end":57,"sent":"Auspica inoltre il conferimento di una maggiore autonomia finanziaria agli enti locali ."}
{"sentidx":273053,"lemma":"autonomia","token":"autonomie","start":71,"end":80,"sent":"Invita infine l Esecutivo ad attuare una politica piu rispettosa delle autonomie territoriali ."}
{"sentidx":260266,"lemma":"autonomia","token":"autonomie","start":84,"end":93,"sent":"Dunque nella Costituzione gia ce il riconoscimento ela promozione del sistema delle autonomie ."}
{"sentidx":331415,"lemma":"autonomia","token":"autonomia","start":107,"end":116,"sent":"Cio a garanzia del principio dell \u2019 autonomia della scienza , costituzionalmente garantito , nonche dell \u2019 autonomia , riconosciuta anche normativamente degli atenei ."}
{"sentidx":331415,"lemma":"autonomia","token":"autonomia","start":36,"end":45,"sent":"Cio a garanzia del principio dell \u2019 autonomia della scienza , costituzionalmente garantito , nonche dell \u2019 autonomia , riconosciuta anche normativamente degli atenei ."}
{"sentidx":12383,"lemma":"autonomia","token":"autonomia","start":334,"end":343,"sent":"Sottosegretario di Stato perle riforme istituzionali ela devoluzione , espresso apprezzamento per il proficuo ed approfondito lavoro svolto in Commissione osserva che il Governo condivide il disposto normativo del testo unificato in discussione , che appare conforme al dettato costituzionale e pienamente rispettoso del principio di autonomia degli enti locali ."}
{"sentidx":133181,"lemma":"autonomia","token":"autonomia","start":150,"end":159,"sent":"Altro elemento che , secondo noi , rappresenta una gravissima ingerenza ed un gravissimo vulnus alle competenze legislative previste dallo statuto di autonomia ela disciplina prevista per le concessioni idroelettriche ."}
{"sentidx":42761,"lemma":"autonomia","token":"autonomia","start":20,"end":29,"sent":"Inoltre si invade l autonomia amministrativa degli enti locali che hanno gia a disposizione strumenti idonei a superare ostacoli successivi alla concessione edilizia gia concessa ."}
{"sentidx":144738,"lemma":"autonomia","token":"autonomia","start":149,"end":158,"sent":"Alleanza nazionale , il Vicepresidente del Consiglio dei ministri e le forze di Governo hanno proposto modifiche costituzionali che prevederebbero l autonomia totale del Presidente della Repubblica in relazione a determinati atti ."}
{"sentidx":336688,"lemma":"autonomia","token":"autonomia","start":71,"end":80,"sent":"Credo che qui il principio fondamentale sia quello del rispetto dell \u2019 autonomia universitaria ."}
{"sentidx":305357,"lemma":"autonomia","token":"autonomia","start":52,"end":61,"sent":"U Lamenta quindi , il sostanziale svilimento dell \u2019 autonomia ela qualificazione degli atenei italiani ."}
{"sentidx":333266,"lemma":"autonomia","token":"autonomia","start":40,"end":49,"sent":"Avete tuttavia avuto paura della vostra autonomia !"}
{"sentidx":182577,"lemma":"autonomia","token":"autonomie","start":192,"end":201,"sent":"ribadisce infine l impegno dell\u2019 opposizione per il miglioramento della situazione del settore sanitario ed auspica l affermazione di un compiuto federalismo , che valorizzi effettivamente le autonomie locali ."}
{"sentidx":304168,"lemma":"autonomia","token":"autonomia","start":204,"end":213,"sent":"si associa alle considerazioni svolte dai deputati Frigato e Zanella sottolineando che la deprecabile iniziativa assunta dall \u2019 assessore regionale del Veneto si pone in contrasto con il principio dell \u2019 autonomia scolastica ."}
{"sentidx":221745,"lemma":"autonomia","token":"autonomia","start":97,"end":106,"sent":"Ribadiamo alcune priorita che a nostro avviso debbono essere inserite in tale riforma organica : autonomia vera della rappresentanza militare ; ridefinizione delle materie oggetto di concertazione ; possibilita di rielezione dei delegati ."}
{"sentidx":260265,"lemma":"autonomia","token":"autonomie","start":118,"end":127,"sent":"Ritengo che gia nella nostra Costituzione i nostri padri costituenti avevano riconosciuto il valore del sistema delle autonomie ."}
{"sentidx":197202,"lemma":"autonomia","token":"autonomia","start":39,"end":48,"sent":"\u2013 anche sostenuti nell \u2019 ambito dell \u2019 autonomia dei singoli istituti ."}
{"sentidx":85399,"lemma":"autonomia","token":"autonomia","start":183,"end":192,"sent":"Manifestato altresi apprezzamento per l elevato numero di accessi al sito Internet della Camera sottolinea che il ricorso alle consulenze esterne rientra nell \u2019 ambito della sfera di autonomia riconosciuta alle Commissioni di inchiesta ."}
{"sentidx":270568,"lemma":"autonomia","token":"autonomia","start":84,"end":93,"sent":"Questo emendamento sul quale la Commissione ha convenuto prevede il rispetto dell \u2019 autonomia statutaria degli enti territoriali e di quelli dotati di autonomia funzionale ."}
{"sentidx":270568,"lemma":"autonomia","token":"autonomia","start":151,"end":160,"sent":"Questo emendamento sul quale la Commissione ha convenuto prevede il rispetto dell \u2019 autonomia statutaria degli enti territoriali e di quelli dotati di autonomia funzionale ."}
{"sentidx":293933,"lemma":"autonomia","token":"autonomia","start":189,"end":198,"sent":"stigmatizzato il comportamento dei partiti del centrosinistra , che da anni lamentano in maniera propagandistica la mancata soluzione del problema del conflitto di interessi , sottolinea l autonomia che connota l attivita dei gruppi parlamentari della maggioranza ."}
{"sentidx":48730,"lemma":"autonomia","token":"autonomia","start":246,"end":255,"sent":"sottolinea le incongruenze presenti nel testo del provvedimento d urgenza in discussione , dal quale traspare l intendimento del Governo di destrutturare il sistema universitario , anche attraverso il sostanziale restringimento del suo ambito di autonomia ."}
{"sentidx":94987,"lemma":"autonomia","token":"autonomia","start":33,"end":42,"sent":"Cio nel quadro della piu marcata autonomia regionale nella definizione della propria forma di governo e di organizzazione complessiva ."}
{"sentidx":6315,"lemma":"autonomia","token":"autonomia","start":120,"end":129,"sent":"E tale articolazione sovraordinata che promuove e riconosce , all \u2019 interno di un quadro fissato costituzionalmente , l autonomia procedimentale e legislativa delle regioni ."}
{"sentidx":313385,"lemma":"autonomia","token":"autonomie","start":162,"end":171,"sent":"sottolinea che la normativa riprodotta nell \u2019 articolo aggiuntivo in esame ha determinato grande confusione , come rilevato anche dalla Conferenza Stato citta ed autonomie locali ."}
{"sentidx":32146,"lemma":"autonomia","token":"autonomia","start":38,"end":47,"sent":"Quegli stessi professionisti alla cui autonomia , liberta e professionalita avete piu volte attentato , proponendo improbabili e selvagge liberalizzazioni per vanificare il ruolo , il prestigio ela funzione ."}
{"sentidx":182060,"lemma":"autonomia","token":"autonomia","start":98,"end":107,"sent":"Infatti costituzionalizzare la disposizione secondo la quale , in nessun caso , l attribuzione di autonomia impositiva puo determinare un incremento della pressione fiscale complessiva mi pare francamente fuori di senno ."}
{"sentidx":166057,"lemma":"autonomia","token":"autonomia","start":88,"end":97,"sent":"stigmatizza l atteggiamento del Governo e della maggioranza , che giudica lesivo dell \u2019 autonomia del"}
{"sentidx":41881,"lemma":"autonomia","token":"autonomia","start":45,"end":54,"sent":"Colleghi senza nulla togliere ai principi di autonomia e indipendenza della magistratura , abbiamo il dovere di intervenire per correggere alcuni aspetti che rischiano di assumere un carattere patologico ."}
{"sentidx":245146,"lemma":"autonomia","token":"autonomia","start":81,"end":90,"sent":"Il decreto sul ciclo primario e palesemente un provvedimento incompatibile con l autonomia ."}
{"sentidx":230437,"lemma":"autonomia","token":"autonomia","start":167,"end":176,"sent":"Presidente della Commissione nel ritenere possibile una eventuale rinegoziazione del Protocollo relativo ai trasporti , osserva che il Senato potra valutare con piena autonomia decisionale il disegno di legge di ratifica in esame , come modificato dalla"}
{"sentidx":330874,"lemma":"autonomia","token":"autonomia","start":145,"end":154,"sent":"Peraltro in piu di un occasione la dottrina ela giurisprudenza si sono interrogate sulla legittimita di quelle norme che sembravano comprimere l autonomia delle fondazioni bancarie ."}
{"sentidx":19412,"lemma":"autonomia","token":"autonomia","start":120,"end":129,"sent":"Senza autonomia rispetto alla globalizzazione capitalistica , senza autonomia rispetto agli Stati Uniti d America senza autonomia , sotto la moneta niente ."}
{"sentidx":19412,"lemma":"autonomia","token":"autonomia","start":68,"end":77,"sent":"Senza autonomia rispetto alla globalizzazione capitalistica , senza autonomia rispetto agli Stati Uniti d America senza autonomia , sotto la moneta niente ."}
{"sentidx":19412,"lemma":"autonomia","token":"autonomia","start":6,"end":15,"sent":"Senza autonomia rispetto alla globalizzazione capitalistica , senza autonomia rispetto agli Stati Uniti d America senza autonomia , sotto la moneta niente ."}
{"sentidx":103348,"lemma":"autonomia","token":"autonomia","start":199,"end":208,"sent":"Sulla questione delle regioni ad autonomia speciale e intervenuto l onorevole Olivieri e avremo modo di sottolineare ancora la debolezza del procedimento previsto per la definizione degli statuti di autonomia e del rafforzamento del loro carattere pattizio ."}
{"sentidx":103348,"lemma":"autonomia","token":"autonomia","start":33,"end":42,"sent":"Sulla questione delle regioni ad autonomia speciale e intervenuto l onorevole Olivieri e avremo modo di sottolineare ancora la debolezza del procedimento previsto per la definizione degli statuti di autonomia e del rafforzamento del loro carattere pattizio ."}
{"sentidx":86103,"lemma":"autonomia","token":"autonomia","start":34,"end":43,"sent":"E evidente che il conferimento di autonomia alle singole istituzioni scolastiche comporta conseguenze relative all \u2019 assunzione di responsabilita da parte del nuovo profilo che si e creato , quello della dirigenza scolastica ."}
{"sentidx":261059,"lemma":"autonomia","token":"autonomia","start":342,"end":351,"sent":"Pur considerando opportuno intervenire in materia , non ritiene che possa prendersi come parametro di riferimento quanto contenuto nel disegno di legge presentato su analoga materia nella scorsa legislatura : i principi ispiratori del provvedimento saranno valutati nell \u2019 ambito di un confronto con le categorie interessate , senza ledere l autonomia degli ordini professionali e garantendo nel contempo ai cittadini la qualita delle prestazioni offerte ."}
{"sentidx":319517,"lemma":"autonomia","token":"autonomie","start":149,"end":158,"sent":"Bisogna ricordare che ce stata una grande riforma costituzionale approvata con un referendum popolare che riconosce ampi poteri alle regioni ed alle autonomie locali ."}
{"sentidx":80214,"lemma":"autonomia","token":"autonomia","start":208,"end":217,"sent":"Tuttavia fermo restando che una tale materia dovrebbe prevedere una coerenza tra livello nazionale e livelli locali , il dibattito in Commissione ha rilevato come la legislazione vigente assegni alle regioni autonomia e responsabilita proprie ."}
{"sentidx":197929,"lemma":"autonomia","token":"autonomia","start":36,"end":45,"sent":"Inoltre lo statuto deve garantire l autonomia degli organi della fondazione ."}
{"sentidx":22822,"lemma":"autonomia","token":"autonomia","start":62,"end":71,"sent":"E a mio avviso necessario trovare un rapporto equilibrato tra autonomia e autorita centrale sul tema estremamente importante della salute dei cittadini ."}
{"sentidx":332675,"lemma":"autonomia","token":"autonomia","start":112,"end":121,"sent":"Infatti da oggi sara possibile utilizzare parte del gettito del canone d abbonamento televisivo per garantire l autonomia finanziaria delle reti , al fine di permettere la realizzazione concreta del federalismo televisivo ."}
{"sentidx":245807,"lemma":"autonomia","token":"autonomie","start":207,"end":216,"sent":"Gia in sede di Commissione e dalla lettura dei documenti inviati dai sindacati , dalle organizzazioni dei commercianti e degli artigiani , dalla conferenza unificata dei rappresentanti delle regioni e delle autonomie locali , nonche dalla stessa Confindustria sono emerse osservazioni che avrebbero meritato di essere considerate in tale normativa ."}
{"sentidx":214755,"lemma":"autonomia","token":"autonomia","start":142,"end":151,"sent":"U Osserva che il disegno di legge in esame non prospetta l auspicato riordino del Consiglio universitario nazionale nel senso di rafforzare l autonomia universitaria e dichiara pertanto voto contrario"}
{"sentidx":220468,"lemma":"autonomia","token":"autonomie","start":111,"end":120,"sent":"giudica irresponsabile da parte della maggioranza proporre l approvazione di un testo che di fatto cancella le autonomie regionali ."}
{"sentidx":220567,"lemma":"autonomia","token":"autonomia","start":239,"end":248,"sent":"osservato che il testo del disegno di legge costituzionale in esame e il risultato di un compromesso di basso profilo tra le forze politiche della maggioranza , manifesta un orientamento contrario alla prevista abolizione della cosiddetta autonomia differenziata ."}
{"sentidx":90688,"lemma":"autonomia","token":"autonomia","start":79,"end":88,"sent":"Liberta significa anche esercizio di responsabilita e capacita di esercizio di autonomia e di integrita anche morale della persona ."}
{"sentidx":196707,"lemma":"autonomia","token":"autonomia","start":181,"end":190,"sent":"Per quanto riguarda l istruzione , le materie devolute alle regioni sono quelle della organizzazione scolastica e della gestione degli istituti scolastici e di formazione , salva l autonomia delle istituzioni scolastiche , nonche la definizione della parte dei programmi scolastici e formativi di specifico interesse regionale ."}
{"sentidx":18275,"lemma":"autonomia","token":"autonomia","start":35,"end":44,"sent":"giudica grave ed errato limitare l autonomia delle universita ."}
{"sentidx":320769,"lemma":"autonomia","token":"autonomia","start":23,"end":32,"sent":"Il costituzionalismo e autonomia dei poteri e loro equilibrio ."}
{"sentidx":227781,"lemma":"autonomia","token":"autonomia","start":169,"end":178,"sent":"Mi riferisco a quella concezione centralistica e dirigistica che questo Governo ha tentato di intraprendere e che davvero costituisce una grave frattura nel processo di autonomia ."}
{"sentidx":179681,"lemma":"autonomia","token":"autonomia","start":158,"end":167,"sent":"Concludono le signorie loro chiedendo quale sia l indirizzo che si intende assumere in merito alle tematiche accennate , con particolare riguardo al grado di autonomia attualmente riconosciuto alle agenzie fiscali ."}
{"sentidx":18651,"lemma":"autonomia","token":"autonomia","start":110,"end":119,"sent":"Il ministro avoca a setale principio , esercitando una forte discrezionalita nella definizione dei livelli di autonomia e di progettazione culturale , didattica , scientifica ed economica della vita delle universita ."}
{"sentidx":5960,"lemma":"autonomia","token":"autonomie","start":202,"end":211,"sent":"Da parte di tutti i presidenti delle regioni governate dal centrodestra e stata chiesta al Governo una riunione di una rappresentanza decisiva della nostra Repubblica quale la Conferenza Statoregioni e autonomie locali ."}
{"sentidx":58474,"lemma":"autonomia","token":"autonomia","start":103,"end":112,"sent":"Questo e un altro problema che dobbiamo risolvere con un provvedimento legislativo nel rispetto dell \u2019 autonomia dei singoli atenei ."}
{"sentidx":260297,"lemma":"autonomia","token":"autonomie","start":149,"end":158,"sent":"La riforma del Titolo V risultava carente fondamentalmente su un punto , ovvero l assenza di una Camera parlamentare rappresentativa del mondo delle autonomie territoriali ."}
{"sentidx":208687,"lemma":"autonomia","token":"autonomia","start":93,"end":102,"sent":"Attribuire alle regioni una parte del curricolo significa confermare che si vuole limitare l autonomia delle scuole ."}
{"sentidx":120458,"lemma":"autonomia","token":"autonomie","start":58,"end":67,"sent":"Quindi il problema va posto alla Conferenza Stato regioni autonomie locali ."}
{"sentidx":33247,"lemma":"autonomia","token":"autonomia","start":197,"end":206,"sent":"ritiene che il ricorso alla posizione della questione di fiducia da parte del Governo denoti la sua incapacita di individuare soluzioni idonee per garantire effettive condizioni di pluralismo e di autonomia dell \u2019 informazione ."}
{"sentidx":220518,"lemma":"autonomia","token":"autonomie","start":92,"end":101,"sent":"sottolinea l opportunita di garantire un adeguato coordinamento tra il Senato federale e le autonomie locali ."}
{"sentidx":261904,"lemma":"autonomia","token":"autonomie","start":38,"end":47,"sent":"Tuttavia occorreva riconoscere alcune autonomie e pertanto , le regioni a statuto speciale nacquero anche come risposta a quel dibattito ."}
{"sentidx":261957,"lemma":"autonomia","token":"autonomie","start":67,"end":76,"sent":"Con la modifica della Costituzione operata dal centrosinistra , le autonomie locali si sono rafforzate ."}
{"sentidx":264940,"lemma":"autonomia","token":"autonomie","start":60,"end":69,"sent":"Sostengo che il Governo debba concertare con il mondo delle autonomie il patto di stabilita interno senza interferire nelle politiche specifiche degli enti locali ."}
{"sentidx":22846,"lemma":"autonomia","token":"autonomia","start":37,"end":46,"sent":"Ritengo chela Lega echi ha a cuore l autonomia del Governo regionale non possa che stigmatizzare l ingerenza di questo provvedimento nella programmazione e nell organizzazione delle regioni ."}
{"sentidx":253656,"lemma":"autonomia","token":"autonomie","start":77,"end":86,"sent":"Credo chela spinta vera verso questa controriforma rispetto al sistema delle autonomie non venga dai bravi amministratori per il buon governo dei territori ."}
{"sentidx":285112,"lemma":"autonomia","token":"autonomia","start":130,"end":139,"sent":"Ritengo sufficiente che il Governo assuma l impegno di approfondire questo aspetto specifico nell \u2019 ambito di una piu complessiva autonomia degli enti locali ."}
{"sentidx":296405,"lemma":"autonomia","token":"autonomie","start":139,"end":148,"sent":"Quindi il problema riguarda l intero territorio nazionale e chiama in causa la complessita dei rapporti tra Stato compagnie petrolifere ed autonomie locali ."}
{"sentidx":133196,"lemma":"autonomia","token":"autonomie","start":45,"end":54,"sent":"Ne sara possibile sostenere il sistema delle autonomie delle regioni , che da questa manovra esce letteralmente massacrato ."}
{"sentidx":266755,"lemma":"autonomia","token":"autonomie","start":165,"end":174,"sent":"In senso verticale fra le istituzioni della Repubblica in senso orizzontale attraverso l autonoma iniziativa dei singoli e dei cittadini , oltreche delle cosiddette autonomie funzionali : pensiamo alle camere di commercio , alle universita ."}
{"sentidx":200059,"lemma":"autonomia","token":"autonomia","start":92,"end":101,"sent":"Osservato peraltro che il ricorso a consulenze esterne rientra nell \u2019 ambito della sfera di autonomia riconosciuta alle Commissioni di inchiesta , fa presente che servizi accessori per le Commissioni bicamerali sono forniti integralmente dalla Camera dei deputati , pur essendo previsto un sistema di rimborso da parte del"}
