{"sentidx":296573,"lemma":"salute","token":"salute","start":55,"end":61,"sent":"I cambiamenti climatici incideranno pesantemente sulla salute dell \u2019 uomo ."}
{"sentidx":333068,"lemma":"salute","token":"salute","start":26,"end":32,"sent":"segretario di Stato perla salute"}
{"sentidx":43610,"lemma":"salute","token":"salute","start":73,"end":79,"sent":"Signor Presidente questo articolo aggiuntivo prende in considerazione la salute del personale impegnato in operazioni militari ."}
{"sentidx":61066,"lemma":"salute","token":"salute","start":43,"end":49,"sent":"69 PAG Guidi Antonio Sottosegretario perla salute ."}
{"sentidx":251151,"lemma":"salute","token":"salute","start":67,"end":73,"sent":"manifesta apprezzamento per le misure adottate dal Ministero della salute in relazione"}
{"sentidx":265344,"lemma":"salute","token":"salute","start":234,"end":240,"sent":"Relatore Signor Presidente questo provvedimento si rende necessario per colmare un vuoto normativo nella vigente disciplina relativa alla commercializzazione ed alla detenzione di specie potenzialmente pericolose per l incolumita ela salute pubblica ."}
{"sentidx":254489,"lemma":"salute","token":"salute","start":16,"end":22,"sent":"Il diritto alla salute e costituzionalmente garantito ."}
{"sentidx":43192,"lemma":"salute","token":"salute","start":79,"end":85,"sent":"lamenta l inerzia della maggioranza relativamente alle tematiche connesse alla salute dei militari ."}
{"sentidx":209718,"lemma":"salute","token":"salute","start":31,"end":37,"sent":"Sottosegretario di Stato perla salute ."}
{"sentidx":209710,"lemma":"salute","token":"salute","start":31,"end":37,"sent":"Sottosegretario di Stato perla salute ."}
{"sentidx":265831,"lemma":"salute","token":"salute","start":31,"end":37,"sent":"Sottosegretario di Stato perla salute ."}
{"sentidx":265880,"lemma":"salute","token":"salute","start":31,"end":37,"sent":"Sottosegretario di Stato perla salute ."}
{"sentidx":265882,"lemma":"salute","token":"salute","start":31,"end":37,"sent":"Sottosegretario di Stato perla salute ."}
{"sentidx":265943,"lemma":"salute","token":"salute","start":31,"end":37,"sent":"Sottosegretario di Stato perla salute ."}
{"sentidx":265945,"lemma":"salute","token":"salute","start":31,"end":37,"sent":"Sottosegretario di Stato perla salute ."}
{"sentidx":205396,"lemma":"salute","token":"salute","start":31,"end":37,"sent":"Sottosegretario di Stato perla salute ."}
{"sentidx":205394,"lemma":"salute","token":"salute","start":31,"end":37,"sent":"Sottosegretario di Stato perla salute ."}
{"sentidx":214789,"lemma":"salute","token":"salute","start":31,"end":37,"sent":"Sottosegretario di Stato perla salute ."}
{"sentidx":89671,"lemma":"salute","token":"salute","start":31,"end":37,"sent":"Sottosegretario di Stato perla salute ."}
{"sentidx":204478,"lemma":"salute","token":"salute","start":31,"end":37,"sent":"Sottosegretario di Stato perla salute ."}
{"sentidx":309633,"lemma":"salute","token":"salute","start":31,"end":37,"sent":"Sottosegretario di Stato perla salute ."}
{"sentidx":307723,"lemma":"salute","token":"salute","start":31,"end":37,"sent":"Sottosegretario di Stato perla salute ."}
{"sentidx":307720,"lemma":"salute","token":"salute","start":31,"end":37,"sent":"Sottosegretario di Stato perla salute ."}
{"sentidx":307450,"lemma":"salute","token":"salute","start":31,"end":37,"sent":"Sottosegretario di Stato perla salute ."}
{"sentidx":307446,"lemma":"salute","token":"salute","start":31,"end":37,"sent":"Sottosegretario di Stato perla salute ."}
{"sentidx":278477,"lemma":"salute","token":"salute","start":31,"end":37,"sent":"Sottosegretario di Stato perla salute ."}
{"sentidx":278555,"lemma":"salute","token":"salute","start":31,"end":37,"sent":"Sottosegretario di Stato perla salute ."}
{"sentidx":107206,"lemma":"salute","token":"salute","start":31,"end":37,"sent":"Sottosegretario di Stato perla salute ."}
{"sentidx":107350,"lemma":"salute","token":"salute","start":31,"end":37,"sent":"Sottosegretario di Stato perla salute ."}
{"sentidx":107386,"lemma":"salute","token":"salute","start":31,"end":37,"sent":"Sottosegretario di Stato perla salute ."}
{"sentidx":209721,"lemma":"salute","token":"salute","start":31,"end":37,"sent":"Sottosegretario di Stato perla salute ."}
{"sentidx":258223,"lemma":"salute","token":"salute","start":31,"end":37,"sent":"Sottosegretario di Stato perla salute ."}
{"sentidx":214793,"lemma":"salute","token":"salute","start":31,"end":37,"sent":"Sottosegretario di Stato perla salute ."}
{"sentidx":36395,"lemma":"salute","token":"salute","start":31,"end":37,"sent":"Sottosegretario di Stato perla salute ."}
{"sentidx":26727,"lemma":"salute","token":"salute","start":31,"end":37,"sent":"Sottosegretario di Stato perla salute ."}
{"sentidx":253250,"lemma":"salute","token":"salute","start":31,"end":37,"sent":"Sottosegretario di Stato perla salute ."}
{"sentidx":26813,"lemma":"salute","token":"salute","start":31,"end":37,"sent":"Sottosegretario di Stato perla salute ."}
{"sentidx":253241,"lemma":"salute","token":"salute","start":31,"end":37,"sent":"Sottosegretario di Stato perla salute ."}
{"sentidx":253226,"lemma":"salute","token":"salute","start":31,"end":37,"sent":"Sottosegretario di Stato perla salute ."}
{"sentidx":253187,"lemma":"salute","token":"salute","start":31,"end":37,"sent":"Sottosegretario di Stato perla salute ."}
{"sentidx":246836,"lemma":"salute","token":"salute","start":31,"end":37,"sent":"Sottosegretario di Stato perla salute ."}
{"sentidx":246833,"lemma":"salute","token":"salute","start":31,"end":37,"sent":"Sottosegretario di Stato perla salute ."}
{"sentidx":246829,"lemma":"salute","token":"salute","start":31,"end":37,"sent":"Sottosegretario di Stato perla salute ."}
{"sentidx":259936,"lemma":"salute","token":"salute","start":31,"end":37,"sent":"Sottosegretario di Stato perla salute ."}
{"sentidx":36403,"lemma":"salute","token":"salute","start":31,"end":37,"sent":"Sottosegretario di Stato perla salute ."}
{"sentidx":264524,"lemma":"salute","token":"salute","start":31,"end":37,"sent":"Sottosegretario di Stato perla salute ."}
{"sentidx":246826,"lemma":"salute","token":"salute","start":31,"end":37,"sent":"Sottosegretario di Stato perla salute ."}
{"sentidx":246823,"lemma":"salute","token":"salute","start":31,"end":37,"sent":"Sottosegretario di Stato perla salute ."}
{"sentidx":241799,"lemma":"salute","token":"salute","start":31,"end":37,"sent":"Sottosegretario di Stato perla salute ."}
{"sentidx":241347,"lemma":"salute","token":"salute","start":31,"end":37,"sent":"Sottosegretario di Stato perla salute ."}
{"sentidx":241261,"lemma":"salute","token":"salute","start":31,"end":37,"sent":"Sottosegretario di Stato perla salute ."}
{"sentidx":58157,"lemma":"salute","token":"salute","start":31,"end":37,"sent":"Sottosegretario di Stato perla salute ."}
{"sentidx":58230,"lemma":"salute","token":"salute","start":31,"end":37,"sent":"Sottosegretario di Stato perla salute ."}
{"sentidx":58256,"lemma":"salute","token":"salute","start":31,"end":37,"sent":"Sottosegretario di Stato perla salute ."}
{"sentidx":319201,"lemma":"salute","token":"salute","start":31,"end":37,"sent":"Sottosegretario di Stato perla salute ."}
{"sentidx":112499,"lemma":"salute","token":"salute","start":31,"end":37,"sent":"Sottosegretario di Stato perla salute ."}
{"sentidx":279039,"lemma":"salute","token":"salute","start":31,"end":37,"sent":"Sottosegretario di Stato perla salute ."}
{"sentidx":113563,"lemma":"salute","token":"salute","start":31,"end":37,"sent":"Sottosegretario di Stato perla salute ."}
{"sentidx":25358,"lemma":"salute","token":"salute","start":31,"end":37,"sent":"Sottosegretario di Stato perla salute ."}
{"sentidx":152843,"lemma":"salute","token":"salute","start":31,"end":37,"sent":"Sottosegretario di Stato perla salute ."}
{"sentidx":162188,"lemma":"salute","token":"salute","start":31,"end":37,"sent":"Sottosegretario di Stato perla salute ."}
{"sentidx":152137,"lemma":"salute","token":"salute","start":31,"end":37,"sent":"Sottosegretario di Stato perla salute ."}
{"sentidx":152139,"lemma":"salute","token":"salute","start":31,"end":37,"sent":"Sottosegretario di Stato perla salute ."}
{"sentidx":152214,"lemma":"salute","token":"salute","start":31,"end":37,"sent":"Sottosegretario di Stato perla salute ."}
{"sentidx":152216,"lemma":"salute","token":"salute","start":31,"end":37,"sent":"Sottosegretario di Stato perla salute ."}
{"sentidx":152290,"lemma":"salute","token":"salute","start":31,"end":37,"sent":"Sottosegretario di Stato perla salute ."}
{"sentidx":152296,"lemma":"salute","token":"salute","start":31,"end":37,"sent":"Sottosegretario di Stato perla salute ."}
{"sentidx":152299,"lemma":"salute","token":"salute","start":31,"end":37,"sent":"Sottosegretario di Stato perla salute ."}
{"sentidx":152513,"lemma":"salute","token":"salute","start":31,"end":37,"sent":"Sottosegretario di Stato perla salute ."}
{"sentidx":152544,"lemma":"salute","token":"salute","start":31,"end":37,"sent":"Sottosegretario di Stato perla salute ."}
{"sentidx":152835,"lemma":"salute","token":"salute","start":31,"end":37,"sent":"Sottosegretario di Stato perla salute ."}
{"sentidx":152918,"lemma":"salute","token":"salute","start":31,"end":37,"sent":"Sottosegretario di Stato perla salute ."}
{"sentidx":149148,"lemma":"salute","token":"salute","start":31,"end":37,"sent":"Sottosegretario di Stato perla salute ."}
{"sentidx":156281,"lemma":"salute","token":"salute","start":31,"end":37,"sent":"Sottosegretario di Stato perla salute ."}
{"sentidx":156273,"lemma":"salute","token":"salute","start":31,"end":37,"sent":"Sottosegretario di Stato perla salute ."}
{"sentidx":156269,"lemma":"salute","token":"salute","start":31,"end":37,"sent":"Sottosegretario di Stato perla salute ."}
{"sentidx":156267,"lemma":"salute","token":"salute","start":31,"end":37,"sent":"Sottosegretario di Stato perla salute ."}
{"sentidx":153028,"lemma":"salute","token":"salute","start":31,"end":37,"sent":"Sottosegretario di Stato perla salute ."}
{"sentidx":153075,"lemma":"salute","token":"salute","start":31,"end":37,"sent":"Sottosegretario di Stato perla salute ."}
{"sentidx":155891,"lemma":"salute","token":"salute","start":31,"end":37,"sent":"Sottosegretario di Stato perla salute ."}
{"sentidx":155894,"lemma":"salute","token":"salute","start":31,"end":37,"sent":"Sottosegretario di Stato perla salute ."}
{"sentidx":156158,"lemma":"salute","token":"salute","start":31,"end":37,"sent":"Sottosegretario di Stato perla salute ."}
{"sentidx":282441,"lemma":"salute","token":"salute","start":31,"end":37,"sent":"Sottosegretario di Stato perla salute ."}
{"sentidx":282438,"lemma":"salute","token":"salute","start":31,"end":37,"sent":"Sottosegretario di Stato perla salute ."}
{"sentidx":162420,"lemma":"salute","token":"salute","start":31,"end":37,"sent":"Sottosegretario di Stato perla salute ."}
{"sentidx":282236,"lemma":"salute","token":"salute","start":31,"end":37,"sent":"Sottosegretario di Stato perla salute ."}
{"sentidx":181708,"lemma":"salute","token":"salute","start":31,"end":37,"sent":"Sottosegretario di Stato perla salute ."}
{"sentidx":133929,"lemma":"salute","token":"salute","start":31,"end":37,"sent":"Sottosegretario di Stato perla salute ."}
{"sentidx":181690,"lemma":"salute","token":"salute","start":31,"end":37,"sent":"Sottosegretario di Stato perla salute ."}
{"sentidx":300214,"lemma":"salute","token":"salute","start":31,"end":37,"sent":"Sottosegretario di Stato perla salute ."}
{"sentidx":181676,"lemma":"salute","token":"salute","start":31,"end":37,"sent":"Sottosegretario di Stato perla salute ."}
{"sentidx":181660,"lemma":"salute","token":"salute","start":31,"end":37,"sent":"Sottosegretario di Stato perla salute ."}
{"sentidx":180606,"lemma":"salute","token":"salute","start":31,"end":37,"sent":"Sottosegretario di Stato perla salute ."}
{"sentidx":180480,"lemma":"salute","token":"salute","start":31,"end":37,"sent":"Sottosegretario di Stato perla salute ."}
{"sentidx":126584,"lemma":"salute","token":"salute","start":31,"end":37,"sent":"Sottosegretario di Stato perla salute ."}
{"sentidx":172710,"lemma":"salute","token":"salute","start":31,"end":37,"sent":"Sottosegretario di Stato perla salute ."}
{"sentidx":172707,"lemma":"salute","token":"salute","start":31,"end":37,"sent":"Sottosegretario di Stato perla salute ."}
{"sentidx":172697,"lemma":"salute","token":"salute","start":31,"end":37,"sent":"Sottosegretario di Stato perla salute ."}
{"sentidx":133018,"lemma":"salute","token":"salute","start":31,"end":37,"sent":"Sottosegretario di Stato perla salute ."}
{"sentidx":133932,"lemma":"salute","token":"salute","start":31,"end":37,"sent":"Sottosegretario di Stato perla salute."}
