{"sentidx":227094,"lemma":"clima","token":"clima","start":49,"end":54,"sent":"Troppo spesso abbiamo dovuto riconoscere come il clima sbagliato ed i criteri seguiti nel predisporre il provvedimento in esame possano stravolgere qualunque ragionevole pianificazione del tessuto urbanistico da parte degli enti locali ."}
{"sentidx":43446,"lemma":"clima","token":"clima","start":170,"end":175,"sent":"Il Parlamento si accinge ad assumere decisioni su questioni estremamente importanti anche pe r il futuro della democrazia in una situazione politica caratterizzata da un clima di sopraffazione ."}
{"sentidx":169405,"lemma":"clima","token":"clima","start":188,"end":193,"sent":"Il mondo intellettuale , soprattutto quello della cultura , dicevo , lasciava che un provvedimento di grandissima importanza come quello sugli ordinamenti didattici andasse avanti in quel clima ."}
{"sentidx":58442,"lemma":"clima","token":"clima","start":141,"end":146,"sent":"A fronte di tale consapevolezza e delle iniziative che abbiamo concretamente messo in piedi per ovviare al problema , abbiamo sollecitato un clima di collaborazione europea e chiesto comprensione ."}
{"sentidx":27276,"lemma":"clima","token":"clima","start":50,"end":55,"sent":"Per questo ritengo impossibile non accorgersi del clima di intimidazione , che ha raggiunto persino gli uffici giudiziari ."}
{"sentidx":122802,"lemma":"clima","token":"clima","start":74,"end":79,"sent":"Credo che tale limitazione sia potuta avvenire proprio perche e mutato il clima delle relazioni sindacali , un cambiamento che ha colpito particolarmente le lavoratrici ."}
{"sentidx":245637,"lemma":"clima","token":"clima","start":77,"end":82,"sent":"La riforma dovrebbe inoltre tener conto della crescente importanza che in un clima di pre arieta di continue omissioni odi tardivi adempimenti assumono gli oneri finanziari ."}
{"sentidx":8935,"lemma":"clima","token":"clima","start":73,"end":78,"sent":"Riteniamo che queste cose abbiano contribuito non poco ad intorbidire il clima nel cosiddetto palazzo dei veleni ."}
{"sentidx":58399,"lemma":"clima","token":"clima","start":54,"end":59,"sent":"In secondo luogo perche la vicenda si inserisce in un clima di rapporti reciproci assolutamente normale ."}
{"sentidx":275315,"lemma":"clima","token":"clima","start":173,"end":178,"sent":"Signor Presidente onorevoli colleghi , signor ministro , il mio intervento sara molto breve perche in realta l elaborazione del testo che e stata fatta in Commissione in un clima di larghe convergenze e di collaborazione feconda , consente una discussione lineare e sintetica in Assemblea Ho ritenuto opportuno intervenire per svolgere alcune considerazioni che attengono al metodo con cui e stato affrontato il problema e per fornire alcuni chiarimenti sul merito del provvedimento ."}
{"sentidx":4522,"lemma":"clima","token":"clima","start":77,"end":82,"sent":"Sono state fatte eccezioni giuste alla riserva geografica ed esiste anche un clima di giusta tolleranza per quanto riguarda coloro che hanno scelto di essere tutelati in Italia dall Alto commissariato per i rifugiati politici ."}
{"sentidx":194101,"lemma":"clima","token":"clima","start":3,"end":8,"sent":"Un clima di con fusione e le piu disparate aspettative hanno causato sbandamenti notevoli che hanno coinvolto i mercati immobiliari e le stesse scelte aziendali di molti settori economici del nostro paese ."}
{"sentidx":94876,"lemma":"clima","token":"clima","start":44,"end":49,"sent":"Nessuna meraviglia , allora , che in questo clima possano crescere e rafforzarsi i grandi poteri criminali e mafiosi che ormai occupano e governano stabilmente interi territori del nostro paese ."}
{"sentidx":28831,"lemma":"clima","token":"clima","start":27,"end":32,"sent":"I colleghi ricorderanno il clima costruttivo in cui si svolse in quest ' aula il dibattito preliminare alle riforme istituzionali nell a primavera scorsa ."}
{"sentidx":66671,"lemma":"clima","token":"clima","start":105,"end":110,"sent":"Nell attuale situazione di incertezza , che alimenta ulteriori divisioni e che rischi adi determinare un clima da guerra santa , non e tuttavia completamente chiaro quali siano le intenzioni del Governo e della stessa maggioranza ."}
{"sentidx":44044,"lemma":"clima","token":"clima","start":287,"end":292,"sent":"Assolto e finita , per & sotto inchiesta la commissione che rilascio la concessione ) , il pretore ha dovuto comunque chiedere il condono edilizio perche il fabbricato era di altezza superiore a quella - lecita ; cresce il disagio di tutti gli operatori della giustizia e si accentua il clima di sospetto , di contrasti e di incompatibilita nei confronti di un giudice che rende impossibile il sereno svolgimento dell ' attivita giudiziaria per queste ragioni quali iniziative e misure intenda adottare il ministro competente per assicurare iI normale andamento della giustizia nella pretura - di Piedimonte Matese e se non ritenga che si ada applicare il provvedimento di trasferimento essendo innegabile che la vicenda esposta rientra nell ' ipotesi di incompatibilita ambientale prevista dall ' ordinamento giudiziario ."}
{"sentidx":299526,"lemma":"clima","token":"clima","start":409,"end":414,"sent":"Non a caso le attivita promozionali di questa iniziativa , opportunamente definita dall ' Alto commissario per la lotta alla mafia con la collaborazione di esperti in psicologia della comunicazione , puntano su una sollecitazione che pone l accento sulla necessita di interrompere e spezzare gravi forme di condizionamento e di comportamento omertoso , se non addirittura connivente , subite ed imposte in un clima di intimidazione e di ricatto ."}
{"sentidx":14218,"lemma":"clima","token":"clima","start":174,"end":179,"sent":"Tale disponibilita ad assumere decisioni anche non unanimi tra i paesi aderenti ad una possibile convenzione internazionale , in particolare sul fenomeno del cambiamento del clima nella troposfera , e stata pero purtroppo bloccata dagli Stati Uniti dall Unione Sovietica dalla Cina e dalla stessa Gran Bretagna Essa merita tuttavia di essere ripresa e rilanciata , al pari del ruolo che l Italia dovrebbe avere in tale iniziativa ."}
{"sentidx":194102,"lemma":"clima","token":"clima","start":269,"end":274,"sent":"Un altra valutazione positiva trae origine dall ' impostazione normativa che riguarda il riordino dei rapporti tra contribuenti ed amministrazione finanziaria , il quale , senza ricorrere a sconti di imposta , apre una strada corretta verso l instaurazione di un nuovo clima tra i cittadini , ai quali spettera il compito di riconoscere il proprio diritto dovere di essere parte attiva e consapevole della comunita nazionale ."}
{"sentidx":191212,"lemma":"clima","token":"clima","start":304,"end":309,"sent":"Al riguardo , vorrei ricordare che il Governo ha avanzato un ' importante proposta , in ordine alla quale il gruppo socia lista garantisce la propria adesione ela sua assoluta disponibilita ; riteniamo necessario pero che tale disponibilita e collaborazione non vedano il perpetuarsi in quest ' aula del clima che abbiamo avvertito anche durante la scorsa legislatura ."}
{"sentidx":141625,"lemma":"clima","token":"clima","start":26,"end":31,"sent":"Si era venuto a creare un clima di totale chiusura nei confronti delle motivazioni degli ecologisti ."}
{"sentidx":226051,"lemma":"clima","token":"clima","start":101,"end":106,"sent":"Lei ha citato le dichiarazioni del Presidente Goria ebbene , la sentenza del Consiglio di Stato e il clima nel quale stiamo svolgendo questo dibattito ci hanno portato indietro rispetto a tali dichiarazioni ."}
{"sentidx":23190,"lemma":"clima","token":"clima","start":16,"end":21,"sent":"Naturalmente il clima politico che si re spira fuori di quest ' aula ela prospettiva di una consultazione elettorale piu o meno ravvicinata , scaricano i loro effetti anche all ' interno del Parlamento generando tensioni che non sempre sono oggettivamente connesse agli argomenti in esame ."}
{"sentidx":257677,"lemma":"clima","token":"clima","start":278,"end":283,"sent":"Noi invece parteciperemo e voteremo contro , signor Presidente perche in no i prevale un ' altra preoccupazione , che in questo momento fa aggio su quella di testimoniare una ulteriore protesta contro questa forzatura da parte del Governo prevale cioe la preoccupazione che nel clima di confusione istituzionale , di alterazioni costituzionali , di vuoto politico che stiamo vivendo , il Parlamento non venga in alcun modo indebolito nella sua capacita di essere protagonista , centro vigile , anche nel corso della campagna elettorale ."}
{"sentidx":83555,"lemma":"clima","token":"clima","start":151,"end":156,"sent":"Si e pero inutilmente perduto del tempo , si sono inutilmente accese tensioni che avrebbero dovuto essere evitate , e sie inutilmente surriscaldato il clima di una campagna elettorale gia cosi calda e tormentata ."}
{"sentidx":43448,"lemma":"clima","token":"clima","start":103,"end":108,"sent":"Un Parlamento delle forze politiche e parlamentari che deve decidere su questioni cosi rilevanti in un clima di palese sopraffazione non puo non porsi degli interrogativi sulla propria sovranita ; ed uso questo termine non per pronunciare parole grosse , ma perche di questo si tratta ."}
{"sentidx":5654,"lemma":"clima","token":"clima","start":88,"end":93,"sent":"Il nostro gruppo raccoglie l invito lanciato da l collega Pannella e si compiace che il clima dell ' Assemblea sia mutato rispetto a quello della IX Legislatura Occorrono mobilitazioni di piazza per far comprendere al paese che un ' opposizione sta crescendo con l orgoglio di poter offrire una prospettiva positiva per ottenere l evoluzione democratica del nostro paese ."}
{"sentidx":3560,"lemma":"clima","token":"clima","start":39,"end":44,"sent":"A questi primi segnali di mutamento di clima e di atteggiamenti , ha contribuito il voto popolare espresso dai cittadini nel referendum ."}
{"sentidx":121189,"lemma":"clima","token":"clima","start":78,"end":83,"sent":"Questo dibattito , signor Presidente non sie svolto in queste settimane in un clima di correttezza ."}
{"sentidx":140176,"lemma":"clima","token":"clima","start":108,"end":113,"sent":"Ho l impressione che l approvazione de l provvedimento nel testo al nostro esame rischi di far perdere quel clima di serenita e tranquillita esistente nelle carceri ."}
{"sentidx":203888,"lemma":"clima","token":"clima","start":12,"end":17,"sent":"Ma in quale clima dobbiamo far nascere questo processo ?"}
{"sentidx":288339,"lemma":"clima","token":"clima","start":162,"end":167,"sent":"Si ritiene che comunque i flussi turistici internazionali finiranno per essere attratti dal nostro patrimonio storico - artistico , da l nostro sole , dal nostro clima ."}
{"sentidx":43444,"lemma":"clima","token":"clima","start":74,"end":79,"sent":"Ricordo che qualche giorno fa l onorevole Rivera ha parlato di un pesante clima di sopraffazione ."}
{"sentidx":15321,"lemma":"clima","token":"clima","start":10,"end":15,"sent":"In questo clima onorevoli colleghi , signor Presidente ea nostro avviso un assurdo politico ed istituzionale che la Camera sia chiamata ad esprimere la fiducia al Governo latto cioe piu rilevante del rapporto tra le Camere el ' esecutivo ."}
{"sentidx":6331,"lemma":"clima","token":"clima","start":44,"end":49,"sent":"Possono aumentare , invece che ridurre , il clima di pesanti so spetti , di denunce gratuite , di accuse imprecisate ; possono contribuire ad un peggioramento della nostra funzione politica e concio , ad un indebolimento della mas sima istituzione democratica ."}
{"sentidx":78475,"lemma":"clima","token":"clima","start":236,"end":241,"sent":"per l immediato trasferimento presso altra sede del Procuratore della Repubblica di Avellino quali iniziative , nell ' ambito delle sue competenze , ha intenzione di prendere per ristabilire , all ' interno del Tribunale di Avellino un clima adatto per una serena gestione della giustizia onde non indebolire il fronte di lotta alla camorra che puo trovare in questo stato di confusione un terreno fertile su cui operare ."}
{"sentidx":195648,"lemma":"clima","token":"clima","start":273,"end":278,"sent":"In quell ' incontro , del resto , ci si e limitati a constatare l esistenza di una conforme interpretazione del significato e della portata delle norme concordatarie , il che ha consentito di superare le ragioni stesse delle preoccupazioni manifestate dalla Santa Sede Nel clima di ristabilita serenita che si e cosi ricostituito , e possibile per altro constatare ora anche che i motivi che avevano allarmato la Santa Sede circa il di battito in corso nei giorni scorsi eran o sostanzialmente dovuti piu alle espressioni usate che alla volonta reale che tal i espressioni intendevano indicare , come del resto anche molti degli interventi hanno confermato ."}
{"sentidx":98540,"lemma":"clima","token":"clima","start":207,"end":212,"sent":"L offensiva e concretamente diretta contro le donne , contro i medici egli operatori che ormai quasi al limite delle loro possibilita operano su una frontiera difficile rischiando e spesso vi vendo , per il clima che e stato loro creato intorno , l isolamento , la demonizzazione il logoramento della professionalita ."}
{"sentidx":82928,"lemma":"clima","token":"clima","start":36,"end":41,"sent":"A fronte di questa situazione , del clima di violenza e di sopraffazione nel quale vivono molti bambini ed adolescenti , proteggerli e garantire loro accettabili condizioni di vita materiale e sociale , psichica ed affettiva e un impegno politico e morale , che non puo essere disatteso neanche da questa legge finanziaria ."}
{"sentidx":8613,"lemma":"clima","token":"clima","start":286,"end":291,"sent":"E dunque indispensabile che l iniziativa privata , a tutti i livelli , cominciando dal piccolo commerciante o libero professionista fino ad approdare ai grossi industriali , venga favorita nei mod i adatti e non soffocata dalla burocrazia , che costituisce fattore di ritardo nel nuovo clima di competitivita , o dai sempre piu gravi oneri fiscali ."}
{"sentidx":231750,"lemma":"clima","token":"clima","start":59,"end":64,"sent":"Abbiamo dovuto assistere ad un graduale deterioramento del clima di convivenza non proveniente dal basso , ma dall ' alto ."}
{"sentidx":242939,"lemma":"clima","token":"clima","start":53,"end":58,"sent":"Stiamo dunque esaminando una serie di problemi in un clima che preoccupa ed occupa la Calabria in questo momento , un clima che richiede l assunzione di precise responsabilita da parte del Governo ei n particolare dei suoi massimi esponenti ."}
{"sentidx":242939,"lemma":"clima","token":"clima","start":118,"end":123,"sent":"Stiamo dunque esaminando una serie di problemi in un clima che preoccupa ed occupa la Calabria in questo momento , un clima che richiede l assunzione di precise responsabilita da parte del Governo ei n particolare dei suoi massimi esponenti ."}
{"sentidx":4057,"lemma":"clima","token":"clima","start":65,"end":70,"sent":"Noi vogliamo celebrare i referendum in autunno e celebrare in un clima sereno ."}
{"sentidx":10252,"lemma":"clima","token":"clima","start":123,"end":128,"sent":"Si tratta di un tipo di produzione parti colare , differenziata naturalmente secondo le esigenze locali , geografiche , di clima ."}
{"sentidx":287759,"lemma":"clima","token":"clima","start":117,"end":122,"sent":"Questa sera e stato evocato da uno dei testimoni il clima della Resistenza il clima della liberazione nazionale , il clima dell ' Assemblea costituente ."}
{"sentidx":276567,"lemma":"clima","token":"clima","start":40,"end":45,"sent":"Questo onorevole sottosegretario , ei l clima di Roma Il fatto del Centro iniziative sociali e di una gravita eccezionale , anche e soprattutto perche ( senza fare dispiacere a coloro che hanno subito direttamente le conseguenze dell ' attentato ) esso el ' indice chiarissimo di una situazione spaventosa ."}
{"sentidx":287759,"lemma":"clima","token":"clima","start":52,"end":57,"sent":"Questa sera e stato evocato da uno dei testimoni il clima della Resistenza il clima della liberazione nazionale , il clima dell ' Assemblea costituente ."}
{"sentidx":287759,"lemma":"clima","token":"clima","start":78,"end":83,"sent":"Questa sera e stato evocato da uno dei testimoni il clima della Resistenza il clima della liberazione nazionale , il clima dell ' Assemblea costituente ."}
{"sentidx":41265,"lemma":"clima","token":"clima","start":356,"end":361,"sent":"Nella fattispecie cio che il Governo chiede non e un comportamento dell ' impresa che essa giudichi incompatibile rispetto alle sue valutazioni economiche e finanziarie , ma semplicemente una sospensione di un provvedimento assunto dal gruppo Montedison per novanta giorni , cosicche la commissione istituita dal ministro dell ' ambiente non operera in un clima di tensione sociale e si ristabiliranno le condizioni per giungere apro poste razionali e responsabili ."}
{"sentidx":182539,"lemma":"clima","token":"clima","start":26,"end":31,"sent":"Sono pero convinta che il clima el ' atmosfera politica che un ministro della sanita crea in un paese rispetto ad una legge come questa sono rilevanti al fine di incentivare o disincentivare comportamenti di questo genere ."}
{"sentidx":141632,"lemma":"clima","token":"clima","start":19,"end":24,"sent":"Di fronte a questo clima di totale chiusura noi decidemmo di procedere all ' occupazione della sede del consiglio regionale toscano , pur rendendomi i conto della gravita del gesto ."}
{"sentidx":51385,"lemma":"clima","token":"clima","start":133,"end":138,"sent":"E evidente che tutto cio non e accettabile , ma e altrettanto innegabile che una situazione di questo genere puo aver determinato il clima adatto ad avvenimenti simili ."}
{"sentidx":29291,"lemma":"clima","token":"clima","start":222,"end":227,"sent":"Tra l altro la persona di cui sto parlando si chiama Giovanni De Micheli Egli e da tempo conosciuto dai carabinieri e dalla magistratura per aver compiuto azioni squadristiche in quella zona , con l obiettivo di creare un clima di intimi dazione rispetto alla situazione esistente ."}
{"sentidx":2118,"lemma":"clima","token":"clima","start":197,"end":202,"sent":"In sostanza , signor Presidente raccomando , come ho - gia fatto nella mia relazione scritta alla Camera la rapida approvazione di questa proposta di legge : sono convinto che , pur nell ' attuale clima di disattenzione e di scarso entusiasmo , essa rappresenti un elemento fortemente positivo , il primo passo significativo di questa legislatura sulla strada delle riforme ; un passo che potrebbe anche con sentire di superare le tante incertezze ei l poco calore che accompagna la discussione di questi argomenti ."}
{"sentidx":22535,"lemma":"clima","token":"clima","start":15,"end":20,"sent":"Considerato il clima instaurato ela notevole insensibilita dimostrata dalla Commissione per cui neanche cio che e palesemente accettabile e stato accettato , da questo momento tutti gli esponenti del gruppo cui appartengo dovranno intervenire su ogni emendamento , perche non si puo andare avanti in questo modo ela maggioranza deve prenderne coscienza ."}
{"sentidx":27405,"lemma":"clima","token":"clima","start":60,"end":65,"sent":"Ho ritenuto comunque di leggerlo per dare la sensazione del clima di degrado in cui sono costrette certe zone del nostro paese e che deve essere tenuto presente quando si prendono decisioni che le riguardano ."}
{"sentidx":99786,"lemma":"clima","token":"clima","start":87,"end":92,"sent":"E certamente un merito non secondario va riconosciuto al relatore Labriola ed anche al clima di collaborazione che si e stabilito fra tutte le forze politiche in Commissione affari costituzionali , segna amente trai gruppi della democrazia cristiana , del PSI comunista - PDS nonche al l atteggiamento costruttivo del Governo per il quale penso si debba ringraziare il ministro Martinazzoli Che si tratti di un proposito davvero riformatore risulta anche dal fatto che si sono anche poste norme precise onde evitare un successivo svuotamento dei poteri conferiti alle regioni ."}
{"sentidx":39120,"lemma":"clima","token":"clima","start":17,"end":22,"sent":"Tanto piu che un clima , quale e quell o attuale , di polemiche esterne anche accese sconsiglia comunque piu che mai di intraprendere valutazioni parlamentari di questo tipo ."}
{"sentidx":176627,"lemma":"clima","token":"clima","start":124,"end":129,"sent":"Tuttavia non so se e continuando a predicare verita e posizioni unilaterali e di parte che si contribuisce a rasserenare il clima ea determinare un a ripresa ed uno sforzo di ricomposizione ad unita del quadro istituzionale , anche co n riferimento ad una societa che da segnali di grande sbandamento ."}
{"sentidx":181244,"lemma":"clima","token":"clima","start":200,"end":205,"sent":"Questa legge vuole dunque soltanto forni re strumenti per evitare la lenta erosione delle lingue e delle culture minoritarie , che nel nostro paese non sono oggi minacciate dal nazionalismo , dato il clima di liberta nel quale vive l Italia ma sono si esposte perche non riconoscerlo ?"}
{"sentidx":162105,"lemma":"clima","token":"clima","start":33,"end":38,"sent":"Signor Presidente mi pare che il clima dimesso di questo dibattito parlamentare , che dovrebbe segnare la conclusione di un periodo di attivita e porre in qualche modo le premesse per alcuni armi di azione politica e legislativa , ben si addica ad una legislatura dimessa ."}
{"sentidx":161470,"lemma":"clima","token":"clima","start":127,"end":132,"sent":"Francamente anche alla luce del contenuto della questione pregiudiziale presentata , non saprei giustificare il cambiamento di clima e di atteggiamento , se non con una frase pronunciata poc anzi dal rappresentante del gruppo verde , che fa presumere che alcune lobbies universitarie abbiano colpito ancora e abbiano trovato alcuni ascoltatori ."}
{"sentidx":296190,"lemma":"clima","token":"clima","start":356,"end":361,"sent":"Non sempre ci sembra che cio sia avvenuto tempestivamente , sopratutto per quanto riguarda le denunce presentate alla pretura di Sarno Chiediamo quindi , che vengano ripristinate in questo comune le condizioni minime per poter svolgere la funzione di con consigliere comunale ma anche perche sia assicurata giustizia ai cittadini che si ribellano a questo clima pesante ed intimidatorio ."}
{"sentidx":19589,"lemma":"clima","token":"clima","start":82,"end":87,"sent":"Esiste una giusta aspettativa sul fatto che si ponga mano , in rapporto al mutato clima internazionale , ad un ridimensionamento dell e forze armate e dei quadri ad esse appartenenti ."}
{"sentidx":239448,"lemma":"clima","token":"clima","start":31,"end":36,"sent":"Bisogna dire chese questo e il clima che ci circonda , ne i discorsi del Presidente del Consiglio e degli uomini della maggioranza manca un elemento : il Presidente del Consiglio registra che il suo Governo none riuscito a determinare maggiore coesione all ' interno della maggioranza , ma non compie un tentativo di analisi , non avanza un a spiegazione delle ragioni della crisi , ci oche avrebbe aiutato il Parlamento el ' opinione pubblica a comprenderne il significato ."}
{"sentidx":181776,"lemma":"clima","token":"clima","start":20,"end":25,"sent":"Si e trattato di un clima distratto per ragioni interne alla natura ' dei documenti di bilancio e di politica economico - finanziaria presentati dal Governo e per ragioni esterne , di carattere piu generale ."}
{"sentidx":221010,"lemma":"clima","token":"clima","start":27,"end":32,"sent":"Signor Presi dente , in un clima caratterizzato da una forte distrazione e demotivazione , vogli o richiamare l attenzione del colleghi su una tematica che e stata sempre considerata da questa Camera in modo molto marginale e della quale ho gia avuto modo di parlare in altra occasione in un ' aula completamente deserta mi riferisco ai beni culturali ."}
{"sentidx":235054,"lemma":"clima","token":"clima","start":19,"end":24,"sent":"Augurandoci che il clima di confronto sia sempre sereno e chela disponibilita de l Governo di recepire i suggerimenti che potranno emergere nel corso del dibattito parlamentare sia completa , esprimiamo il nostro giudizio positivo sul provvedmento in esame , nella convinzione pero che possa essere ulteriormente migliorato nel prosieguo ("}
{"sentidx":103681,"lemma":"clima","token":"clima","start":86,"end":91,"sent":"Tale situazione , a parere dell ' interrogante , deve essere accertata per evitare il clima di profondo malessere e di sfiducia verso le istituzioni che esiste fra la popolazione del su citato comune ."}
{"sentidx":83819,"lemma":"clima","token":"clima","start":45,"end":50,"sent":"Ministro lei ha evocato , per allusione , un clima politico ed elettorale non trasparente , dunque torbido ."}
{"sentidx":101264,"lemma":"clima","token":"clima","start":13,"end":18,"sent":"E montato un clima di reazione che ha indotto il Governo a presentare quello che consideriamo un primo , piccolo , timido passo verso ben altri provvedimenti ."}
{"sentidx":23433,"lemma":"clima","token":"clima","start":1194,"end":1199,"sent":"\u2014 Per conoscere \u2013 in relazione alle notizie riportate da l giornale inglese Sunday Times in merito alle dichiarazioni di Meir Vanunu fratello del tecnico israeliano Mordechai Vanunu attualmente in carcere in Israele accusato di spionaggio e assistenza al nemico in tempo di guerra per aver rivelato i segreti nucleari di Israele rilevato che il signor Meir Vanunu avrebbe dichiarato al giudice Sica titolare dell ' inchiesta sul rapimento Vanunu che il fratello sarebbe stato prima abbindolato da una donna , probabile agente del Mossad a Londra poi condotto in un appartamento romano dove sarebbe stato narcotizzato da agenti dei servizi segreti israeliani ed infine trasportato a bordo di un battello fino in Israele se in seguito a queste nuove conferme del fatto che Mordechai Vanunu e stato rapito e trasportato illegalmente fuori dal nostro paese ad opera dei servizi israeliani , in dispregio alle leggi e alla sovranita nazionale , non intenda chiarire gli aspetti oscuri di questa vicenda inquietante , non essendo certamente credibile la versione ufficiale delle autorita israeliane che vorrebbe Vanunu rientrato volontariamente nel propri o paese dove rischia la pena capitale in un clima di intimidazione anche nei confronti della sua famiglia ; se non intenda ."}
{"sentidx":91192,"lemma":"clima","token":"clima","start":20,"end":25,"sent":"Per ripristinare un clima di serenita e quindi necessario che il Governo garantisca di evitare in futuro che ai privilegi attualmente esistenti in favore delle compagnie dei lavoratori portuali si sostituiscano quelli delle aziende speciali ."}
{"sentidx":195642,"lemma":"clima","token":"clima","start":342,"end":347,"sent":"Ritenni dunque che , proprio per il carattere stesso dell ' accordo concordatario , fosse bene cercare di capire subito quali potessero essere le preoccupazioni della Santa Sede nella consapevolezza che comunque , al di la degli aspetti strettamente giuridici , alla eventuale ridefinizione dell ' intesa mai si sarebbe potuti giungere in un clima di irrigidimento , se non di scontro tra le parti , e che dunque era assai importante cercare di mantenere la maggiore concordanza possibile con l altra parte per facilitare l azione del Governo e del Parlamento soprattutto con riferimento all e iniziative volte ad apportare eventuali modifiche all ' intesa ."}
{"sentidx":145066,"lemma":"clima","token":"clima","start":109,"end":114,"sent":"La verita e chela campagna elettorale e aperta ormai da alcuni mesi , anche se non ufficialmente , ea questo clima si devono assegnare i comportamenti di molti partiti e uomini politici ."}
{"sentidx":298928,"lemma":"clima","token":"clima","start":26,"end":31,"sent":"E infatti evidente che il clima temperato non e adatto per la coltura dei prodotti che possono fornire droga ."}
{"sentidx":298675,"lemma":"clima","token":"clima","start":3,"end":8,"sent":"Il clima di proibizionismo e di punibilita , che co n questo provvedimento si sta realizzando , potrebbe creare grossi problemi a chi fa uso di sostanze che danno dipendenza ."}
{"sentidx":167497,"lemma":"clima","token":"clima","start":83,"end":88,"sent":"Questo equilibrio ha permesso il ciclo dell e stagioni , ha determinato il tipo di clima che ha consentito la nascita della vita sulla Terra dai primi organismi alle forme piu complesse e quindi alla specie umana ."}
{"sentidx":37928,"lemma":"clima","token":"clima","start":81,"end":86,"sent":"Si e trattato , quindi , di un provvedimento volto a ripristinare il compromesso clima di tranquillita all ' interno del circolo ."}
{"sentidx":299673,"lemma":"clima","token":"clima","start":97,"end":102,"sent":"Colleghi sapete molto meglio di me che nel momento in cui il carcere diventa duro si instaura un clima di insicurezza sociale ."}
{"sentidx":3553,"lemma":"clima","token":"clima","start":147,"end":152,"sent":"Abbiamo ritenuto doveroso reagire ad una situazione di marasma istituzionale cercando in primo luogo di dissolvere , nei limiti del possibile , il clima sorbito chesi addensava dentro ed intorno ai palazzi della politica e rischiava di destabilizzare i rapporti politici proprio nell ' ultimo anno della legislatura ."}
{"sentidx":53116,"lemma":"clima","token":"clima","start":27,"end":32,"sent":"Occorre dunque creare quel clima di fiducia e di credibilita che molto spesso e venuto meno , pesando su tutti noi in maniera non indifferente ."}
{"sentidx":67283,"lemma":"clima","token":"clima","start":39,"end":44,"sent":"A mio giudizio , pero , l urgenza e il clima diffuso di preoccupazione che accompagna la richiesta avanzata dall ' opinione pubblica non debbono comportare che si arrivi ad approvare una legge che sia la meno peggiore possibile ola piu passa bile ."}
{"sentidx":122804,"lemma":"clima","token":"clima","start":9,"end":14,"sent":"E questo clima che ci occupa molto , proprio perche si tratta di una azienda statale all ' avanguardia , come lei ha evidenziato , onorevole sottosegretario ."}
{"sentidx":132905,"lemma":"clima","token":"clima","start":12,"end":17,"sent":"Dire che il clima"}
{"sentidx":122808,"lemma":"clima","token":"clima","start":195,"end":200,"sent":"Inoltre come hanno operato e quali orientamenti hanno fornito le partecipazioni statali e il ministro del lavoro affinche i diritti acquisiti siano salvaguardati e nelle aziende si ripristini un clima di serenita e di rispetto delle regole democratiche ?"}
{"sentidx":152753,"lemma":"clima","token":"clima","start":176,"end":181,"sent":"Per questo noi comunisti pensiamo che si debba giungere al piu presto ad una nuova soluzione di Governo in grado di realizzare il massimo possibile di concordia , perche in un clima di discordia non si fanno buone riforme istituzionali ; un Governo che abbia , come ho detto , un programma chiaro e serio che accompagni e faciliti l impegnativo confronto politico che secondo tutti e ormai improcrastinabile e che abbia l obiettivo dichiarato di coadiuvare il lavoro parlamentare volto al rinnovamento istituzionale ."}
{"sentidx":129097,"lemma":"clima","token":"clima","start":149,"end":154,"sent":"Anch io ritengo , come altri colleghi , che il messaggio non possa essere isolato dal contesto di una serie di esternazioni che hanno determinato un clima , un a certa lettura del processo riformatore ."}
{"sentidx":81143,"lemma":"clima","token":"clima","start":82,"end":87,"sent":"Si tratta di un fatto di una gravita inaudita , sia , in gene rale in rapporto al clima delle relazioni all ' interno dell ' amministrazione postale , sia , nel caso specifico , in rapporto a quest a strana pratica cui si abbandona il direttore del l ufficio pisano di affidare al privato un servizio che la carente situazione interna rende impossibile sia esercitato dalla pub pubblica amministrazione ."}
{"sentidx":255404,"lemma":"clima","token":"clima","start":277,"end":282,"sent":"Pertanto anche noi invitiamo il Governo a dare precedenza assoluta alla discussione sulla questione ; e lo invitiamo altresi a manifestare anche l intenzione di non dare immediatamente seguito al provvedimento in modo da consentire che le elezioni sicilia ne si svolgano in un clima relativamente sereno ."}
{"sentidx":162225,"lemma":"clima","token":"clima","start":3,"end":8,"sent":"Il clima avvelenato di questa fine di legislatura rende ancora piu evidente la condizione di stallo in cui e piombato il vecchio sistema politico , in cui le forze di governo ci hanno condotto ."}
{"sentidx":279030,"lemma":"clima","token":"clima","start":463,"end":468,"sent":"Ad una seconda visita ispettiva presso la stessa casa circondariale si faceva luogo nel mese di maggio del 1989 per accertare l andamento generale dell ' istituto ela situazione del personale dopo l aggressione subita dal maresciallo Sansone ed il trasferimento del direttore , dottor Rizzo e del comandante , Cascardo Settimio Si constatava in tale occasione , mal grado lo sconcerto per il grave episodi o delittuoso verificato un netto e positivo mutamento di clima rispetto alla precedente ispezione , mutamento legato al venir meno delle tensioni in precedenza riscontrate ."}
{"sentidx":238677,"lemma":"clima","token":"clima","start":261,"end":266,"sent":"La Commissione ha riflettuto ed esaminato attentamente le due contrastanti esigenze : da un lato provvedere ad innovare le condizioni per lo svolgimento della campagna elettorale , e dall altro evitare di disciplinare tale Atti Parlamentari 93483 materia in un clima che generalmente sconsiglia innovazioni legislative , quello immediatamente precedente le elezioni ."}
{"sentidx":259722,"lemma":"clima","token":"clima","start":81,"end":86,"sent":"\u2014 Per sapere \u2013premesso che alla questura di Macerata sie venuto a determinare un clima pesante e nocivo alla funzionalita e regolarita de l servizio ; in particolare , la responsabilita di tale situazione sembra doversi ascrivere alla inaccettabile ostilita di taluni"}
{"sentidx":127051,"lemma":"clima","token":"clima","start":49,"end":54,"sent":"La mia prima osservazione , percio , riguarda il clima di solidarieta di questa sta pubblicane internazionale ; verifica la capacita di saper trarre dalla storia , dopo cinquant anni dalla fine della guerra , un insegnamento fondamentale ; indica nella scelta dell ' ONU nella valorizzazione mas sima della suprema Organizzazione mondiale nata dalle ceneri del secondo conflitto , un evento di storica importanza ."}
{"sentidx":3447,"lemma":"clima","token":"clima","start":8,"end":13,"sent":"In quel clima , fu la prudenza ad ispirare la scelta del Governo Alcuni qui hanno invece accusato il Presidente del Consiglio di essersi sottratto al confronto parlamentare , con scarso rispetto per il Parlamento A noi questo non sembra rispondere a verita , poi che almeno in due circostanze e venuta dal Presidente del Consiglio una netta presa di posizione sia in relazione alle dichiarazioni del Presidente della Repubblica circa il su o potere di sciogliere le Camere anche contro il parere degli altri organi costituzionali ; sia in esplicita difesa della forma e della sostanza della Costituzione per quanto attiene specificamente all ' articolo 138 Dovremmo dunque votare la fiducia al Governo Questo non ci e possibile perche se e vero che esprimiamo apprezzamento per il modo in cui il Governo sie espresso nel confronto che ha per oggetto il corretto funzionamento degli organi costituzionali , non possiamo dimenticare un programma che solo due mesi fa abbiamo giudicato inadeguato e che gia oggi in particolare co n gli atti preparatori della legge finanziaria , viene applicato in maniera da noi non condivisibile ."}
{"sentidx":141257,"lemma":"clima","token":"clima","start":56,"end":61,"sent":"Sollecitiamo pero il costituirsi , quanto prima , di un clima politico piu sereno , fon dato su una maggioranza concorde e su un Governo autorevole ."}
{"sentidx":200097,"lemma":"clima","token":"clima","start":4,"end":9,"sent":"Nel clima che si e creato a seguito del dibattito pens o sia possibile individuare la strada per procedere oltre sul caso specifico , anche per tentare ( come e dovere fondamentale de l massimo organismo politico ) di eliminare alle radici le difficolta normative esistenti , le inadeguatezze statutarie nonche i problemi derivanti dai fenomeni sociali ed istituzionali ."}
{"sentidx":83801,"lemma":"clima","token":"clima","start":231,"end":236,"sent":"Ecco perche anch io mi associo alla richiesta che e stata avanzata non soltanto di una valutazione preventiva delle candidature , ma anche di uno svolgimento diverso della campagna elettorale , perche non e pensabile che in questo clima si possano usare argomenti che criminalizzano le persone o peggio ancora , che si possano sollecitare o chiedere consensi laddove essi esistono , si offrono sul mercato e vanno invece respinti ."}
