{"sentidx":1935,"lemma":"genere","token":"genere","start":24,"end":30,"sent":"Atteggiamenti di questo genere sono scandalosi !"}
{"sentidx":39081,"lemma":"genere","token":"genere","start":31,"end":37,"sent":"Sono proprie logiche di questo genere che rischiano di scatenare conseguenze incontrollabili ."}
{"sentidx":54373,"lemma":"genere","token":"genere","start":48,"end":54,"sent":"Signor Presidente credo che una norma di questo genere diventerebbe veramente ingiustificata ."}
{"sentidx":271662,"lemma":"genere","token":"genere","start":86,"end":92,"sent":"Soltanto determinate forze possono esser e sollecitate ad approvare provvedimenti del genere ."}
{"sentidx":232183,"lemma":"genere","token":"genere","start":65,"end":71,"sent":"Abbiamo diseconomie prodotte dalla scarsa qualita dei servizi in genere ; abbiamo squilibri di carattere settoriale e di carattere territoriale ."}
{"sentidx":257053,"lemma":"genere","token":"genere","start":100,"end":106,"sent":"Non possiamo neppure ritenere che la guerra civile comporti inevitabile mente conseguenze di questo genere ;"}
{"sentidx":111376,"lemma":"genere","token":"genere","start":14,"end":20,"sent":"Incidenti del genere probabilmente non sarebbero accaduti se la sorveglianza sulla sicurezza dei nostri porti fosse stata piu adeguata ."}
{"sentidx":48003,"lemma":"genere","token":"genere","start":63,"end":69,"sent":"Puo essere presentata formalmente solo una richiesta di questo genere ."}
{"sentidx":226705,"lemma":"genere","token":"genere","start":98,"end":104,"sent":"Non possiamo sottovalutare i dubbi di costituzionalita che possono accompagnare una proposta de l genere ."}
{"sentidx":256363,"lemma":"genere","token":"genere","start":26,"end":32,"sent":"Con un articolo di questo genere potremmo addirittura delineare un nuovo soggetto : stiamo infatti concedendo al presidente della giunta regionale un potere eccezionale ."}
{"sentidx":15099,"lemma":"genere","token":"genere","start":23,"end":29,"sent":"Un candidato di questo genere non dovrebbe essere presentato nelle liste elettorali !"}
{"sentidx":275240,"lemma":"genere","token":"genere","start":28,"end":34,"sent":"Possiamo correre rischi del genere ?"}
{"sentidx":116017,"lemma":"genere","token":"genere","start":56,"end":62,"sent":"Sappiamo quanta discrezionalita vi sia dietro norme del genere ."}
{"sentidx":284612,"lemma":"genere","token":"genere","start":42,"end":48,"sent":"Signor Presidente un meccanismo di questo genere rendera impossibile i lavori delle Commissioni oppure causera nuovamente la mancanza del numero legale in aula ."}
{"sentidx":54693,"lemma":"genere","token":"genere","start":33,"end":39,"sent":"Se anche al sud associazioni del genere dovessero ottenere successo la questione diventerebbe ancora piu grave ."}
{"sentidx":165430,"lemma":"genere","token":"genere","start":90,"end":96,"sent":"Saremmo estremamente preoccupati se in Italia vi fosse un modello istituzionale di questo genere ."}
{"sentidx":114683,"lemma":"genere","token":"genere","start":168,"end":174,"sent":"Si ritorna sugli stessi argomenti , qualche volta magari per ovviare a incongruenze determinate dalla legislazione precedente , e tuttavia nascono sempre questioni del genere ."}
{"sentidx":243555,"lemma":"genere","token":"genere","start":69,"end":75,"sent":"Assolutamente no onorevole Vesce Non aveva nessun significato di tal genere !"}
{"sentidx":86699,"lemma":"genere","token":"genere","start":69,"end":75,"sent":"Mi dispiacerebbe moltissimo chesi dovesse arrivare ad una misura del genere !"}
{"sentidx":64787,"lemma":"genere","token":"genere","start":98,"end":104,"sent":"Dobbiamo stare attenti perche vi e nelle societa industriali contemporanee una tendenza di questo genere , diretta a spingere verso forme plebiscitarie ."}
{"sentidx":213910,"lemma":"genere","token":"genere","start":290,"end":296,"sent":"Occorre certamente un notevole coraggio da parte della democrazia cristiana e del partito socialista italiano per rappresen tarsi alla televisione , nella ricordata conferenza stampa , assieme a componenti poli gamia del nostro paese che hanno sollecitato e sostenuto emendamenti di questo genere ."}
{"sentidx":23838,"lemma":"genere","token":"genere","start":22,"end":28,"sent":"Una vicenda di questo genere contribuisce non poco ad allontanare i cittadini dalle istituzioni ."}
{"sentidx":238761,"lemma":"genere","token":"genere","start":68,"end":74,"sent":"E indispensabile un primo tentativo per arginare scandali di questo genere ."}
{"sentidx":53694,"lemma":"genere","token":"genere","start":48,"end":54,"sent":"Prevedere pero una disposizione legislativa del genere e del tutto assurdo ."}
{"sentidx":297577,"lemma":"genere","token":"genere","start":24,"end":30,"sent":"Perche una modifica del genere significherebbe un arretramento incredibile , non corrispondente per altro alla coscienza che si e sviluppata nel paese ."}
{"sentidx":137719,"lemma":"genere","token":"genere","start":95,"end":101,"sent":"Forse tutti questi aspetti dovrebbero essere tenuti presenti quando si fanno affermazioni de l genere ."}
{"sentidx":60737,"lemma":"genere","token":"genere","start":61,"end":67,"sent":"Bisogna valutare seriamente le conseguenze di una guerra del genere ."}
{"sentidx":238414,"lemma":"genere","token":"genere","start":91,"end":97,"sent":"Sarebbe troppo comodo scaricare le responsabilita sul personale di servizio : una cosa del genere non e assolutamente accettabile ."}
{"sentidx":113987,"lemma":"genere","token":"genere","start":28,"end":34,"sent":"Ebbene interventi di questo genere devono avere gambe su cui camminare e quindi ricevere i necessari finanziamenti ."}
{"sentidx":233978,"lemma":"genere","token":"genere","start":105,"end":111,"sent":"se non ritenga opportuno chiaramente ribadire le ' opportune istruzioni alle scuole affinche episodi del genere non abbiano a ripetersi ."}
{"sentidx":102585,"lemma":"genere","token":"genere","start":126,"end":132,"sent":"Nella stragrande maggioranza delle sue attivita lo sport si e in questi anni autofinanziato ed oggi sta attuando qualcosa del genere con questo pronostico speciale del concorso totocalcio ."}
{"sentidx":177674,"lemma":"genere","token":"genere","start":38,"end":44,"sent":"E chiaro che una situazione di questo genere determina sfiducia e rende difficile amministrare le realta locali e rispondere alle vecchie e nuove contraddizioni ."}
{"sentidx":271955,"lemma":"genere","token":"genere","start":22,"end":28,"sent":"Predisporre norme del genere significa invece affermare che si pensa agli amici , mentre ai personaggi che non piacciono non viene corrisposto alcun risarcimento ."}
{"sentidx":69643,"lemma":"genere","token":"genere","start":60,"end":66,"sent":"Non e vera mente possibile accettare affermazioni di questo genere !"}
{"sentidx":253453,"lemma":"genere","token":"genere","start":128,"end":134,"sent":"Ecco quindi signor Presidente che proprio perche provengo dalla cultura ricordata , sono molto sensibile ad argomenti di questo genere ."}
{"sentidx":164883,"lemma":"genere","token":"genere","start":284,"end":290,"sent":"ssa Riccardelli infine , se non ritengano di dover intervenire presso il provveditore agli studi di Taranto per ottenere la revoca de l provvedimento , da considerare illegittimo , e contestualmente avviare una inchiesta per individuare responsabilita sia amministrative sia di altro genere ."}
{"sentidx":13074,"lemma":"genere","token":"genere","start":251,"end":257,"sent":"Infatti quando una catastrofe colpisce un ' economia vitale , gli effetti dell ' intervento successivo possono risultare anche altamente positivi , perche l intervento determina un ringiovanimento del capitale fisso investito in una regione di questo genere ."}
{"sentidx":118266,"lemma":"genere","token":"genere","start":140,"end":146,"sent":"Ebbene come membro della Commissione giustizia dico al presidente della II Commissione che non si puo permettere un atteggiamento di questo genere !"}
{"sentidx":182252,"lemma":"genere","token":"genere","start":28,"end":34,"sent":"In una situazione di questo genere tali problemi sono destinati a moltiplicarsi ."}
{"sentidx":288698,"lemma":"genere","token":"genere","start":33,"end":39,"sent":"Ritengo che per questioni di tal genere si rendano necessari degli stanziamenti ."}
{"sentidx":78562,"lemma":"genere","token":"genere","start":189,"end":195,"sent":"Da questo punto di vista il quorum cosi altamente qualificato , previsto dalla nostra Costituzione perla revisione dell e leggi costituzionali , dovrebbe garantire che operazioni di questo genere non possano mai essere frutto di una decisione della maggioranza , ma il risultato di una compartecipazione della maggior parte delle forze parlamentari ."}
{"sentidx":130242,"lemma":"genere","token":"genere","start":147,"end":153,"sent":"All insegna di questo principio elementare , dovrebbero essere varata una riforma del Ministero della pubblica istruzione e del potere centrale in genere ."}
{"sentidx":49039,"lemma":"genere","token":"genere","start":54,"end":60,"sent":"E come fondare una politica prendendo alla lettera il genere letterario immaginifico , risonante , iperbolico dei leaders arabi ?"}
{"sentidx":193849,"lemma":"genere","token":"genere","start":30,"end":36,"sent":"Oggi invece comportamenti del genere sono molto rari ."}
{"sentidx":222251,"lemma":"genere","token":"genere","start":29,"end":35,"sent":"Conosco perfettamente questo genere letterario e le voglio ricordare che una casa editrice piemontese , nell ' immediato secondo dopoguerra , presento una raffigurazione della stori ad ' Italia piu problematica di quella esposta nei testi ufficiali ."}
{"sentidx":148445,"lemma":"genere","token":"genere","start":31,"end":37,"sent":"Infine una soluzione di questo genere non produce neanche un contenimento della spesa ."}
{"sentidx":199880,"lemma":"genere","token":"genere","start":255,"end":261,"sent":"Nel premettere l oggetto delle mie considerazioni , non posso fare ameno di esprimere soddisfazione perche il dibattito odierno ( che trovo serrato ed approfondito ) e quello svoltasi precedentemente sostengono la necessita di predisporre norme di questo genere ovvero di proporre tesi opposte ."}
{"sentidx":65038,"lemma":"genere","token":"genere","start":112,"end":118,"sent":"Possibile che proprio rispetto alle funzioni del Presidente della Repubblica si arrivi ad una situazione di tal genere ?"}
{"sentidx":119294,"lemma":"genere","token":"genere","start":267,"end":273,"sent":"dal Consiglio regionale dell ' Umbria Ordine del giorno per una sollecita approvazione della legge quadro sull ' assi stendo dal Consiglio regionale dell ' Emilia Romagna Risoluzione sulla natura della funzione svolta dalle pubbliche assistenze e dal volontariato in genere ."}
{"sentidx":60749,"lemma":"genere","token":"genere","start":29,"end":35,"sent":"Pensate che una presenza del genere , una volta liberato il Kuwait potra scomparire improvvisamente ?"}
{"sentidx":6028,"lemma":"genere","token":"genere","start":60,"end":66,"sent":"Cosa comporta , collega Bianchini un affermazione di questo genere ?"}
{"sentidx":20357,"lemma":"genere","token":"genere","start":46,"end":52,"sent":"Ebbene per attuare una disposizione di questo genere , che noi riteniamo giusta , occorre prevedere gli stanziamenti necessari ."}
{"sentidx":245232,"lemma":"genere","token":"genere","start":19,"end":25,"sent":"Discorsi di questo genere non sono accettabili , signor Presidente Il decreto al nostro esame concerne di fatto due tematiche fondamentali ."}
{"sentidx":157552,"lemma":"genere","token":"genere","start":113,"end":119,"sent":"Presidente della I Commissione Signor Presidente stiamo facendo una discussione abbastanza inusitata , perche in genere su tali questioni si giunge in aula con una decisione gia matura ."}
{"sentidx":155307,"lemma":"genere","token":"genere","start":52,"end":58,"sent":"Non accettero mai di considerare una situazione del genere quale presupposto di necessita ed urgenza di una decretazione che in sostanza rappresenta la sostituzione dell ' attivita legislativa co n l esercizio del potere esecutivo ."}
{"sentidx":57950,"lemma":"genere","token":"genere","start":387,"end":393,"sent":"Prevedere chele societa per azioni incaricate di gestire l azienda pubblica siano ad azionariato popolare fa si infatti che gli interessati , che potrebbero essere in ipotesi tutti consumatori e tutti gli utenti dei servizi pubblici , possano essere essi stessi i finanziatori del l azienda e quindi i controllori dell ' attivita amministrativa delle aziende autonome e delle aziende in genere municipalizzate o comunque pubbliche correlate con gli enti autonomi territoriali ."}
{"sentidx":188704,"lemma":"genere","token":"genere","start":98,"end":104,"sent":"Credo infatti che non possiamo ricalcare con il provvedimento in discussione un modello di questo genere ."}
{"sentidx":16438,"lemma":"genere","token":"genere","start":52,"end":58,"sent":"Nel diritto amministrativo vi sono molti esempi del genere ."}
{"sentidx":154496,"lemma":"genere","token":"genere","start":126,"end":132,"sent":"E ben triste , inoltre , vedere impegnati addirittura nelle pubbliche manifestazioni uomini che rive stono funzioni di questo genere ."}
{"sentidx":24008,"lemma":"genere","token":"genere","start":240,"end":246,"sent":"Quindi bando alle discriminazioni ed auguriamoci invece che la spinta di destra eviti quelle diatribe , quegli intrighi che conducono troppo spesso a commistioni con ambienti di sinistra che non hanno portato finora moralizzazione di alcun genere , ma anzi hanno aggravato il degrado morale e amministrativo della citta di"}
{"sentidx":278088,"lemma":"genere","token":"genere","start":105,"end":111,"sent":"Tutti quanti dovremmo essere preoccupati dall ' allarme che deriva proprio da una disposizione di questo genere ."}
{"sentidx":81178,"lemma":"genere","token":"genere","start":35,"end":41,"sent":"L aver dato una risposta di questo genere , onorevole sottosegretario , potrebbe rappresentare un precedente nella storia del Parlamento a dimostrazione di come si possa rendere inutile la funzione parlamentare , frustrare ed offendere il Parla mento !"}
{"sentidx":241072,"lemma":"genere","token":"genere","start":22,"end":28,"sent":"In una situazione del genere occorre pertanto stare attenti a non stabilire il principio che il sequestrato si trova addirittura in una condizione di libera attivita negoziale ."}
{"sentidx":140866,"lemma":"genere","token":"generi","start":651,"end":657,"sent":"adempimento alle direttive delle politiche comunitarie e del loro coordinamento a livello ministeriale con la Regione quando e pacifico che trattasi di un compito di ordinaria competenza regionale e ministeriale deputata sia agli uffici , sia ai titolari degli Assessorati e dei Ministeri che sono gia profumata mente retribuiti e che debbono essere \" pronti \" ad assicurare la continuita applicativa delle direttive comunitarie ; venuto a conoscenza del fatto che lo stesso attuale esperto di politiche comunitarie era stato oggetto nel passato di varie interpellanze sulla versatilita delle sue spese di rappresentanza che comprendevano addirittura generi alimentari di prima sussistenza ( quali scatolame , pelati , piselli , fagioli , ecc . )"}
{"sentidx":219303,"lemma":"genere","token":"genere","start":15,"end":21,"sent":"Un compito del genere dev essere affidato a soggetti che abbiano responsabilita di alto livello , come sono quelle di carattere amministrativo e legislativo ."}
{"sentidx":246517,"lemma":"genere","token":"genere","start":58,"end":64,"sent":"Quante vittime sono state causate da situazioni di questo genere ?"}
{"sentidx":229591,"lemma":"genere","token":"genere","start":73,"end":79,"sent":"( Commenti del deputato Biondi Francamente non credo che motivazioni del genere meritino altro se non ferma censura da parte nostra ."}
{"sentidx":177427,"lemma":"genere","token":"genere","start":24,"end":30,"sent":"Una soluzione di questo genere ci sembra del tutto inaccettabile !"}
{"sentidx":135615,"lemma":"genere","token":"genere","start":112,"end":118,"sent":"Detto questo , dobbiamo anche sostenere con molta fermezza che quando il Govern o presenta provvedimenti di tal genere sembra non essere consapevole del fatto che di fronte ad un fenomeno cosi grave e preoccupante bisogna evidentemente indi viduale una scala di priorita e seguire le articolazioni pratiche di un disegno riformatore complessivo ."}
{"sentidx":213635,"lemma":"genere","token":"genere","start":284,"end":290,"sent":"\u00ab Manca afferma Palombarini una politica organica in quest a direzione ; paradossalmente , anzi , proprio un ' amministrazione comunale che ha saputo risvegliare a Palermo un ampia mobilitazione delle coscienze contro la criminalita organizzata e da tempo esposta ad attacchi di ogni genere ."}
{"sentidx":292882,"lemma":"genere","token":"genere","start":77,"end":83,"sent":"Il provvedimento al nostro esame tende proprio ad evitare una situazione del genere ."}
{"sentidx":227922,"lemma":"genere","token":"genere","start":37,"end":43,"sent":"Dicevo signor Presidente che nel suo genere tale vicenda e emblematica ."}
{"sentidx":234195,"lemma":"genere","token":"genere","start":32,"end":38,"sent":"Nell unica esperienza di questo genere che si e avuta in Italia i commissari governativi hanno addirittura parlato di una grande pagliacciata ."}
{"sentidx":170011,"lemma":"genere","token":"genere","start":77,"end":83,"sent":"Signor presidente , quando l onore vale Macciotta interviene in Assemblea in genere , si ha l impressione che faccia affermazioni condivisibili ."}
{"sentidx":205774,"lemma":"genere","token":"genere","start":106,"end":112,"sent":"Nei con fronti dell ' alto ufficiale non sono stati adottati provvedimenti di conferimento di cariche del genere indicato nell ' interrogazione ."}
{"sentidx":183203,"lemma":"genere","token":"genere","start":16,"end":22,"sent":"Un pensiero del genere e per noi continuamente assillante ."}
{"sentidx":19824,"lemma":"genere","token":"genere","start":51,"end":57,"sent":"E mai possibile accettare una situazione di questo genere ?"}
{"sentidx":237710,"lemma":"genere","token":"genere","start":18,"end":24,"sent":"Accordi di questo genere sono stati piu volte documentati ."}
{"sentidx":246478,"lemma":"genere","token":"genere","start":19,"end":25,"sent":"Esiste un caso del genere nella nostra storia giudiziaria ?"}
{"sentidx":149674,"lemma":"genere","token":"genere","start":51,"end":57,"sent":"Certo la Federconsorzi none nuova a situazioni del genere ."}
{"sentidx":90478,"lemma":"genere","token":"genere","start":67,"end":73,"sent":"E arbitrario , pertanto , tentare di regolamentare un problema del genere nella normativa in discussione ."}
{"sentidx":238925,"lemma":"genere","token":"genere","start":89,"end":95,"sent":"Per i rappresentanti del Governo poi straordinariamente , i minuti di presenza in questo genere di trasmissioni sono proporzionalmente maggiori per coloro che guida no dicasteri per i quali e piu alta la segnalazione di disfunzioni ."}
{"sentidx":171802,"lemma":"genere","token":"genere","start":225,"end":231,"sent":"Entrando nel merito della specifica materia di cui oggi ci occupiamo , vorrei dapprima sollevare qualche interrogativo pe r capire che cosa stiamo facendo e perche sia stata sottoposta alla nostra attenzione una proposta del genere ."}
{"sentidx":184368,"lemma":"genere","token":"genere","start":53,"end":59,"sent":"Ad esempio , potrei capire un ragionamento di questo genere in presenza di due specialita di diverso costo , contenenti acido acetilsalicilico ."}
{"sentidx":249215,"lemma":"genere","token":"genere","start":86,"end":92,"sent":"Sarebbe pertanto da escludere che l affidamento el ' esplicazione di incarichi di tal genere possa pregiudicare l indipendenza dei magistrati nell ' esercizio delle funzioni giurisdizionali , atteso che le attivita di collaudo e liquidazione prescritte hanno carattere di controllo tecnico - giuridico e sono svolte in posizione di terzieta , anche ne i confronti delle amministrazioni attive nell ' interesse dell ' utile e corretto impiego del denaro pubblico ."}
{"sentidx":171994,"lemma":"genere","token":"genere","start":38,"end":44,"sent":"Non dobbiamo certo correre rischi del genere con tali procedure ."}
{"sentidx":270230,"lemma":"genere","token":"genere","start":89,"end":95,"sent":"Il costo della mancata prevenzione non puo essere affrontato aumentando i ticket di ogni genere ."}
{"sentidx":230986,"lemma":"genere","token":"genere","start":209,"end":215,"sent":"Se questo sistema non funziona , occorre compiere ogni sforzo , anche sul piano istituzionale , per ristabilire i meccanismi di funzionamento della responsabilita politica ; ma non credo sia un meccanismo del genere quello che porta a rinviare tutto alle riforme istituzionali ea quelle elettorali ."}
{"sentidx":284358,"lemma":"genere","token":"genere","start":243,"end":249,"sent":"Vennero l allora sindaco di Palermo ed altri amministratori siciliani a fare questa autentica dichiarazione di diserzione democratica , che finiva con lo svuotare dal di dentro la capacita di reazione della Repubblica di fronte a fenomeni del genere !"}
{"sentidx":88250,"lemma":"genere","token":"genere","start":23,"end":29,"sent":"Questo puo spingere il genere umano verso una nuova frontiera di liberta , ma puo anche pericolosamente farlo regredire ed imbarbarire ."}
{"sentidx":124349,"lemma":"genere","token":"genere","start":49,"end":55,"sent":"La risoluzione di una massa di quesiti di questo genere non appare cosa di poco momento , ma non deve assolutamente rappresentare ostacolo insormontabile ."}
{"sentidx":214086,"lemma":"genere","token":"genere","start":22,"end":28,"sent":"Un articolo di questo genere deve essere soppresso !"}
{"sentidx":262790,"lemma":"genere","token":"genere","start":68,"end":74,"sent":"Se vogliamo dare un minimo di credibilita a provvedimenti di questo genere , non possiamo , con pretesti di carattere regolamentare , espellere dal loro testo disposizioni che sarebbero davvero utili ."}
{"sentidx":252127,"lemma":"genere","token":"genere","start":37,"end":43,"sent":"Se avessi avanzato una richiesta del genere , la Presidenza non avrebbe ammesso l interpellanza ."}
{"sentidx":10957,"lemma":"genere","token":"genere","start":15,"end":21,"sent":"Un turista del genere sarebbe quanto meno poco credibile ."}
{"sentidx":254656,"lemma":"genere","token":"genere","start":110,"end":116,"sent":"A causa del l assoluta mancanza di recinzione , nel giardino della scuola vengono abbandonati oggetti di ogni genere fra cui anche siringhe insanguinate ."}
{"sentidx":39923,"lemma":"genere","token":"genere","start":13,"end":19,"sent":"Ma fatti del genere si verificano quotidianamente : basta leggere i giornali !"}
{"sentidx":95625,"lemma":"genere","token":"genere","start":71,"end":77,"sent":"Se cosi fosse , comunque , sarebbero benvenuti anche provvedimenti del genere !"}
{"sentidx":265639,"lemma":"genere","token":"genere","start":67,"end":73,"sent":"Non so pero quale area impositiva potremmo attribuire a comuni del genere di quello richiamato ."}
{"sentidx":152403,"lemma":"genere","token":"genere","start":164,"end":170,"sent":"Allora ai candidati alla funzione di commissario dell e USL che risultano imputati per tutta la restante vasta gamma di reati contro la persona odi qualsiasi altro genere sara consentito svolgere tale compito ."}
