{"sentidx":81402,"lemma":"inquinamento","token":"inquinamento","start":155,"end":167,"sent":"Il provvedimento trae origine dalla difficile situazione riguardante l approvvigionamento idrico ed opera interventi in direzione della prevenzione dell ' inquinamento delle acque potabili ."}
{"sentidx":276801,"lemma":"inquinamento","token":"inquinamento","start":67,"end":79,"sent":"E molto piu facile invece omologare apparecchiature che riducono l inquinamento prodotto dagli automezzi ."}
{"sentidx":124297,"lemma":"inquinamento","token":"inquinamento","start":20,"end":32,"sent":"Cio significa che l inquinamento diffuso del"}
{"sentidx":32104,"lemma":"inquinamento","token":"inquinamento","start":65,"end":77,"sent":"Le popolazioni dei paesi piu industrializzati si ribellano all ' inquinamento derivante dalla produzione di scorie tossiche ."}
{"sentidx":271096,"lemma":"inquinamento","token":"inquinamento","start":66,"end":78,"sent":"Riteniamo che il miglioramento qualitativo ela prevenzione dall ' inquinamento delle risorse idriche destinate all ' approvvigionamento dell ' acqua potabile abbiano bisogno di una politica di grande respiro nazionale ."}
{"sentidx":240593,"lemma":"inquinamento","token":"inquinamento","start":91,"end":103,"sent":"Ad aggravare la situazione si e verificato ormai da anni un inarrestabile ed irresistibile inquinamento politico - partitocratico dell a stessa magistratura ."}
{"sentidx":279715,"lemma":"inquinamento","token":"inquinamento","start":147,"end":159,"sent":"Occorrerebbe invece evitare continue misure estemporanee e sviluppare un dibattito serio ed approfondito sull ' insieme dei problemi riguardanti l inquinamento delle acque el ' impiego di sostanze chimiche nocive in agricoltura ."}
{"sentidx":81510,"lemma":"inquinamento","token":"inquinamento","start":151,"end":163,"sent":"Sono interventi relativi alla sistemazione del ganglio direzionale orientale e del parco archeologico , all ' adozione di misure dirette a prevenire l inquinamento atmosferico ed acustico , alla ristrutturazione degli impianti dell ' Ente autonomo esposizione universale di Roma alla trasformazione delle caserme Cavour e Montezemolo in centri ed uffici di organi giurisdizionali ."}
{"sentidx":243375,"lemma":"inquinamento","token":"inquinamento","start":60,"end":72,"sent":"Quando potremo sapere con esattezza il reale livello dell ' inquinamento acustico ed atmosferico nella citta di"}
{"sentidx":1610,"lemma":"inquinamento","token":"inquinamento","start":2,"end":14,"sent":"L inquinamento prodotto dal fenomeno mafioso e certamente uno degli aspetti piu preoccupanti del nostro paese ."}
{"sentidx":279553,"lemma":"inquinamento","token":"inquinamento","start":222,"end":234,"sent":"La diminuzione della velocita e indicata dagli organismi scientifici e dalla Comunita economica europea come uno de i principali fattori che possono concorrere alla riduzione dei consumi di energia e alla riduzione dell ' inquinamento atmosferico ."}
{"sentidx":27236,"lemma":"inquinamento","token":"inquinamento","start":52,"end":64,"sent":"Onorevole Salvoldi none esatto dire che il tasso di inquinamento ed i malcostume caratterizza questa circoscrizione e che essa e come avvilita dalla cultura della rassegnazione e dell indifferenza ."}
{"sentidx":122506,"lemma":"inquinamento","token":"inquinamento","start":134,"end":146,"sent":"Non solo molte piu merci potrebbero essere trasportate con notevole abbassa mento dei costi , ma contemporaneamente sarebbe ridotto l inquinamento , la viabilita e le strade maggiormente conservate ."}
{"sentidx":33214,"lemma":"inquinamento","token":"inquinamento","start":280,"end":292,"sent":"Permettere allora che iniziative che rappresentano una forma di promozione pubblicitaria per la casa farmaceutica godano della deducibilita fiscale ea mio avviso un fatto scandaloso ; e un azione analoga , se non peggiore , a quella delle case farmaceutiche stesse che causano un inquinamento da farmaci attraverso un consumismo farmacologico !"}
{"sentidx":54276,"lemma":"inquinamento","token":"inquinamento","start":79,"end":91,"sent":", fondamentale resta anche la questione che stiamo discutendo , relativa all ' inquinamento del voto ed alla trasparenza dell ' attivita degli amministratori ."}
{"sentidx":38747,"lemma":"inquinamento","token":"inquinamento","start":22,"end":34,"sent":"Ecco un altro caso di inquinamento psicologico , politico , amministrativo ."}
{"sentidx":123594,"lemma":"inquinamento","token":"inquinamento","start":68,"end":80,"sent":"Nelle grandi citta sono piu rilevanti gli effetti devastanti dell ' inquinamento rispetto a molti centri minori ed e forte la presenza delle organizzazioni criminali , che occupano addirittura parti del territorio ."}
{"sentidx":270828,"lemma":"inquinamento","token":"inquinamento","start":65,"end":77,"sent":"Noi riteniamo che il problema energetico e quello relativo all ' inquinamento siano troppo importanti per poterli affrontare in questo modo ."}
{"sentidx":271151,"lemma":"inquinamento","token":"inquinamento","start":96,"end":108,"sent":"Se avessimo approfittato di quest a emergenza per affrontare sostanzialmente il problema dell ' inquinamento che attraverso l agricoltura colpisce tutti noi , avremmo certamente aperto questioni difficili , ma ci saremmo posti in una prospettiva di grande interesse ed importanza , dalla quale non potremo prescindere in futuro ."}
{"sentidx":8272,"lemma":"inquinamento","token":"inquinamento","start":2,"end":14,"sent":"L inquinamento chimico derivante da sostanze tossiche e imputabile quasi unica mente agli impianti industriali ed all ' agri coltura ."}
{"sentidx":38752,"lemma":"inquinamento","token":"inquinamento","start":33,"end":45,"sent":"Questa sarebbe la prima forma di inquinamento ."}
{"sentidx":10588,"lemma":"inquinamento","token":"inquinamento","start":139,"end":151,"sent":"Molte volte , in particolare durante la discussione sul programma del Governo Goria abbiamo sentito parlare delle ciccio dette tasse sul l inquinamento ."}
{"sentidx":233376,"lemma":"inquinamento","token":"inquinamento","start":68,"end":80,"sent":"Occorre prestare pertanto grande attenzione anche al problema del l inquinamento dei mari e degli oceani ."}
{"sentidx":246853,"lemma":"inquinamento","token":"inquinamento","start":35,"end":47,"sent":"Questa ela causa principale dell ' inquinamento delle acque !"}
{"sentidx":10712,"lemma":"inquinamento","token":"inquinamento","start":245,"end":257,"sent":"E impossibile arrivare ad uno spostamento sostanziale degli equilibri che permetta di riqualificare i trasporti ne l nostro paese ma lasci che nel frattempo la gente che percorre autostrade insufficienti sia uccisa ed esposta al pericolo dell ' inquinamento a causa delle precari e condizioni del traffico stradale ."}
{"sentidx":155567,"lemma":"inquinamento","token":"inquinamento","start":151,"end":163,"sent":"Il terzo obiettivo e quello di accelerare l adeguamento degli impianti di depurazione delle acque reflue urbane , che incidono piu direttamente sull ' inquinamento delle acque costiere ."}
{"sentidx":95358,"lemma":"inquinamento","token":"inquinamento","start":196,"end":208,"sent":"Signor Presidente onorevoli colleghi , rappresen tanti del Governo con la presentazione della mozione al nostro esame il gruppo comunista intende richiamare l attenzione sulla situazione di grave inquinamento delle acque per uso potabile , quale conseguenza dell ' impiego di sostanze altamente tossiche , particolarmente in agricoltura , e di scarichi nei fiumi e nelle falde ."}
{"sentidx":300539,"lemma":"inquinamento","token":"inquinamento","start":126,"end":138,"sent":"Come abbiamo appurato approfondendo gli aspetti del provvedimento in questione , si tratta di una questione che attiene all ' inquinamento ambientale in senso lato ."}
{"sentidx":172432,"lemma":"inquinamento","token":"inquinamento","start":77,"end":89,"sent":"Anzitutto mi preme osservare che la pre tesa di risolvere il problema dell ' inquinamento delle attivita riguardanti le opere pubbliche attraverso un recupero del centralismo e di poteri eccezionali , contro norme di rilevanza istituzionale , attribuiti al Governo e come ricordava Bassanini al Presidente del Consiglio che deve avere funzioni di coordinamento e non dirette di amministrazione ) non ela strada giusta ."}
{"sentidx":232696,"lemma":"inquinamento","token":"inquinamento","start":128,"end":140,"sent":"Ricordiamo chesi e stati costretti ad adottare misure tampone , come per esempio quella delle targhe alterne , pe r contenere l inquinamento atmosferico derivante dalle emissioni che si producono nel traffico ."}
{"sentidx":260039,"lemma":"inquinamento","token":"inquinamento","start":90,"end":102,"sent":"Si dovrebbero , invece , ammettendo la gravita degli effetti sulla salute prodotti dall ' inquinamento non solo nelle aree urbane , approvare contestualmente misure atte a verificare la gravita della situazione ."}
{"sentidx":68770,"lemma":"inquinamento","token":"inquinamento","start":59,"end":71,"sent":"Occorre infine assumere un grande impegno per combattere l inquinamento e porre in essere un articolato intervento ne l settore dell ' acquicoltura e maricoltura ."}
{"sentidx":246880,"lemma":"inquinamento","token":"inquinamento","start":132,"end":144,"sent":"Penso tuttavia che il ministro della sanita , di concerto con il ministro della protezione civile , dovrebbe garantire , in caso di inquinamento , la possibilita di un approvvigionamento sostitutivo , senza creare ulteriori problemi all e popolazioni interessate e senza ricorrere all ' elevamento dei parametri attraverso le deroghe ."}
{"sentidx":271031,"lemma":"inquinamento","token":"inquinamento","start":34,"end":46,"sent":"Il superamento del grave stato di inquinamento delle acque destinate al consumo umano nonche il miglioramento della loro qualita comporta l adozione urgente di mi sure volte a limitare le sorgenti che diffondo l inquinamento ."}
{"sentidx":8351,"lemma":"inquinamento","token":"inquinamento","start":124,"end":136,"sent":"Signor ministro , vi sono pero i poli chimici , i poli industriali e soprattutto gli scarichi incontrollati che determinano inquinamento ."}
{"sentidx":271031,"lemma":"inquinamento","token":"inquinamento","start":212,"end":224,"sent":"Il superamento del grave stato di inquinamento delle acque destinate al consumo umano nonche il miglioramento della loro qualita comporta l adozione urgente di mi sure volte a limitare le sorgenti che diffondo l inquinamento ."}
{"sentidx":8368,"lemma":"inquinamento","token":"inquinamento","start":114,"end":126,"sent":"Neanche questo ufficio operativo , che avrebbe dovuto risolvere un problema specifico di alleggerire il flusso di inquinamento che si riversa nel mare Adriatico e riuscito quindi a svolgere le funzioni ad esso delegate ."}
{"sentidx":230655,"lemma":"inquinamento","token":"inquinamento","start":822,"end":834,"sent":"Infatti le interpellanze e le interrogazioni degli onorevoli Servello Battistuzzi Nicotra Mellini Magri Alagna Del Donno Quercini Lo Porto Gunnella Medri e Salvoldi pongono una serie di quesiti che riguardano : la valutazione complessiva de l Governo sull iniziativa giudiziaria e sull ope razione di polizia , anche con riferimento alla possibilita che il risultato elettorale possa essere stato condizionato dalla mafia ; la possibilita di disporre l annullamento dell e elezioni regionali siciliane nelle circoscrizioni interessate ; l opportunita di adottare un provvedimento straordinario di scioglimento dell ' Assemblea regionale siciliana ; e infine , gli intendimenti del Governo per consentire a tutti i cittadini il diritto alla libera espressione del voto e per tutelare le istituzioni locali regionali dall ' inquinamento dell a criminalita organizzata ."}
{"sentidx":299556,"lemma":"inquinamento","token":"inquinamento","start":274,"end":286,"sent":"In questo senso le modifiche proposte dal Go verno si presentano del tutto coerenti con il sistema gia delineato dalla legislazione antimafia e si propongono di rafforzare ed i migliorare gli strumenti che l ordinamento attualmente offre per la prevenzione de i fenomeni di inquinamento ."}
{"sentidx":254295,"lemma":"inquinamento","token":"inquinamento","start":136,"end":148,"sent":"Ai rappresentanti delle comunita dell ' Adriatico perle quali si prospetta una crisi economica di dimensioni gigantesche a causa dell ' inquinamento del mare , il Parlamento non puo che rispondere con investimenti di migliaia di miliardi ."}
{"sentidx":286552,"lemma":"inquinamento","token":"inquinamento","start":238,"end":250,"sent":"\u2014 Per sapere quali provvedimenti sono stati adottati dall a pretura di Pignataro Maggiore CE a seguito dell ' esposto dei dirigenti della locale sezione del Msi Dn con il quale si chiedeva l accertamento di eventuali responsabilita per l inquinamento da enterovirus verificato nelle rete idrica ."}
{"sentidx":276597,"lemma":"inquinamento","token":"inquinamento","start":88,"end":100,"sent":"Si pensi all ' incremento del traffico che ne deriverebbe ed ai conseguenti pericoli di inquinamento per le aree agricole circostanti ."}
{"sentidx":19225,"lemma":"inquinamento","token":"inquinamento","start":323,"end":335,"sent":"Mi riferisco al controllo e soprattutto alla estrinsecazione di capacita progettuale , perche il servizi o sanitario nazionale sia in grado di far fronte alle emergenze oggi esistenti dal rischio di catastrofe nucleare , giustamente ricordato dalla commissione di indagine che ho citato ( perche e tuttora presente ) all ' inquinamento delle acque a causa degli erbicidi , ai grandi pericoli industriali ."}
{"sentidx":139864,"lemma":"inquinamento","token":"inquinamento","start":113,"end":125,"sent":"Togliere la capacita di investimento significa , infatti , impedire l ammodernamento ed una vera azione contro l inquinamento e quindi in pratica significa agire contro gli interessi di tutta la comunita ."}
{"sentidx":262317,"lemma":"inquinamento","token":"inquinamento","start":195,"end":207,"sent":"Si tratta di un aiuto al ministro Amato attraverso la riduzione el a riduzione degli stanziamenti relativi alla spedizione nell ' Antartico che rappresenta soltanto un ' ulteriore possibilita di inquinamento di aree fino ad ora pulite ."}
{"sentidx":95516,"lemma":"inquinamento","token":"inquinamento","start":96,"end":108,"sent":"Non dobbiamo soltanto cercare di affrontare la questione della riduzione dell ' atrazina e dell inquinamento dell ' acqua , ma dobbiamo anche affrontare l altro problema , quello di non disperdere inutilmente questo bene prezioso ."}
{"sentidx":372,"lemma":"inquinamento","token":"inquinamento","start":11,"end":23,"sent":"Pertanto l inquinamento mafioso non puo esser visto come un fatto episodico e limitato ai protagonisti della vicenda , cosi come non va dimenticato a mio avviso che la penetrazione della mafia nei punti di comando degli enti locali ei suoi raccordi con gli amministratori provocano anche nel mondo degli affari condizionamenti e perverse alleanze che danno alla mafia un ruolo di protagonista nella vita economica locale ."}
{"sentidx":155572,"lemma":"inquinamento","token":"inquinamento","start":152,"end":164,"sent":"Come e noto l eutrofizzazione dell ' Adriatico none un problema del tutto autonomo , in quanto essa risente soprattutto degli effetti devastanti dell ' inquinamento industriale delle regioni settentrionali e dell inquinamento agricolo padano , fenomeni sui quali si e inteso intervenire con il provvedimento sul risanamento del bacino del Po e con la legge sulla difesa del suolo ."}
{"sentidx":155572,"lemma":"inquinamento","token":"inquinamento","start":213,"end":225,"sent":"Come e noto l eutrofizzazione dell ' Adriatico none un problema del tutto autonomo , in quanto essa risente soprattutto degli effetti devastanti dell ' inquinamento industriale delle regioni settentrionali e dell inquinamento agricolo padano , fenomeni sui quali si e inteso intervenire con il provvedimento sul risanamento del bacino del Po e con la legge sulla difesa del suolo ."}
{"sentidx":122664,"lemma":"inquinamento","token":"inquinamento","start":57,"end":69,"sent":"Concludendo desidero far notare che , a proposito dell ' inquinamento , le conclusioni stesse dell ' Ansaldo confermano che"}
{"sentidx":51129,"lemma":"inquinamento","token":"inquinamento","start":280,"end":292,"sent":"Signor Presidente onorevoli colleghi , signor Presidente del Consiglio l ampio dibattito di ieri e di oggi in quest ' aula testimonia quanto sia diffusa tra le forze politiche , senza alcuna distinzione tra maggioranza e opposizione , la viva preoccupazione per le gravi forme di inquinamento , di depistaggio che , ad opera di uomini dei servizi segreti , hanno pesantemente condizionato numerose indagini riguardanti stragi ."}
{"sentidx":54126,"lemma":"inquinamento","token":"inquinamento","start":89,"end":101,"sent":"Se lo si fa bisogna portarne la responsabilita ; bisogna verificare se e possibile che l inquinamento della pubblica amministrazione avvenga comunque e che il rimedio possa essere ricercato anche altrove per tutelare sia la difesa pubblica che la privata innocenza , quando ce ."}
{"sentidx":122511,"lemma":"inquinamento","token":"inquinamento","start":174,"end":186,"sent":"Innanzitutto il grosso problema del traffico del pendolarismo , che ha reso ormai impraticabili i centri urbani , sia dal punto di vista della viabilita sia da quello dell ' inquinamento acustico e atmosferico , con relativo abbassamento generale della qualita della vita ."}
{"sentidx":111730,"lemma":"inquinamento","token":"inquinamento","start":77,"end":89,"sent":"Colgo l occasione per dire che i gioielli di famiglia molto spesso producono inquinamento ( abbiamo vist o cosa e accaduto con il commercio interna nordatlantica dei rifiuti della produzione chimica ) ."}
{"sentidx":56009,"lemma":"inquinamento","token":"inquinamento","start":255,"end":267,"sent":"\u2014 Per conoscere il motivo per il quale ne i giorni scorsi i carabinieri della stazione di Garbagnate Milanese si sono presentati a casa del sig Maurizio Moro consigliere comunale di democrazia proletaria , non che animatore di un locale comitato contro l inquinamento , in gran parte derivante dagli scarichi provenienti dal re"}
{"sentidx":167819,"lemma":"inquinamento","token":"inquinamento","start":67,"end":79,"sent":"Il Presidente questa mattina ci ha ricordato che la lotta contro l inquinamento deve essere condotta nel rispetto del Par lamento ."}
{"sentidx":38709,"lemma":"inquinamento","token":"inquinamento","start":25,"end":37,"sent":"La causa piu grave del l inquinamento e sempre quella istituzionale ."}
{"sentidx":233374,"lemma":"inquinamento","token":"inquinamento","start":172,"end":184,"sent":"Occorre quindi essere prudenti nel dire che l Amazzonia rappresenta l unico polmone del pianeta : per fortuna non e cosi Occorre pero andar piano anche nel sottovalutare l inquinamento degli oceani ."}
{"sentidx":167454,"lemma":"inquinamento","token":"inquinamento","start":29,"end":41,"sent":"Ieri abbiamo discusso dell ' inquinamento delle acque , giorni addietro dei veleni chimici e setti mane fa sempre degli stessi argomenti ."}
{"sentidx":173295,"lemma":"inquinamento","token":"inquinamento","start":312,"end":324,"sent":"Il Governo soprattutto , non ha previsto interventi che abbiano l obiettivo di rendere il nostro sistema economico compati bile con l ambiente , evitando le enormi spese alle quali stiamo andando incontro , e che aumenteranno sempre ; spese determinate dal dissesto idrogeologico , dal danno ambientale , dall ' inquinamento , dall ' effetto cioe di un sistema produttivo , industriale , agricolo e di infrastrutture che oggi ha un impatto ambientale e sociale insostenibile e che provoca anche in termini economici una dilatazione enorme della spesa pubblica , seguendo ancora una volta la logica della privatizzazione dei ser vizi e della socializzazione dei danni e delle spese conseguenti ."}
{"sentidx":233567,"lemma":"inquinamento","token":"inquinamento","start":160,"end":172,"sent":"A tale riguardo , vorrei ricordare l impostazione del provvedimento al nostro esame , che propone un intervento sugli oli in ragione della loro alta capacita d inquinamento , per poi sostenere la penalizzazione del GPL che notoriamente non inquina ."}
{"sentidx":38713,"lemma":"inquinamento","token":"inquinamento","start":42,"end":54,"sent":"Anche l impianto di questa legge pro duce inquinamento ."}
{"sentidx":196713,"lemma":"inquinamento","token":"inquinamento","start":383,"end":395,"sent":"Licola e nota ormai all ' italia intera per due storie non molto brillanti : quella del radar coinvolto nell a vicenda di Ustica e quella del depuratore costruito nell ' ambito del progetto speciale di disinquinamento di Napoli Nel merito , onorevole Fiorino dalla su a relazione si capisce che quanto denunciato dalla nostra interpellanza e vero soprattutto per quel che riguarda l inquinamento ei disagi ambientali che si verificano a causa della presenza del depuratore ."}
{"sentidx":85775,"lemma":"inquinamento","token":"inquinamento","start":161,"end":173,"sent":"Altro discorso riguarda la responsabilita degli amministratori locali , i quali , pe r cavalcare la tigre , sostengono di volersi opporre in modo radicale all ' inquinamento ."}
{"sentidx":122712,"lemma":"inquinamento","token":"inquinamento","start":332,"end":344,"sent":"Ancora una volta il consiglio regionale piemontese ha rilevato , in fatti , l inadeguatezza della bozza di piano rispetto alla situazione della Valle Bormida sia per quanto riguarda gli inter venti di bonifica e di disinquinamento si a per quanto concerne il progetto del piano di sviluppo , che non affronta la principale fonte di inquinamento connessa al l attivita"}
{"sentidx":244294,"lemma":"inquinamento","token":"inquinamento","start":42,"end":54,"sent":"Abbiamo la forte preoccupazione che all ' inquinamento di sostanze nutrienti ea quello chimico si aggiunga un altro gravissimo inquinamento , quello da denaro buttato amare , o meglio da denaro buttato nelle tasche di coloro che attraverso gli appalti riusciranno a gestire tali somme , senza nessun beneficio per i cittadini e per l ambiente ."}
{"sentidx":244294,"lemma":"inquinamento","token":"inquinamento","start":127,"end":139,"sent":"Abbiamo la forte preoccupazione che all ' inquinamento di sostanze nutrienti ea quello chimico si aggiunga un altro gravissimo inquinamento , quello da denaro buttato amare , o meglio da denaro buttato nelle tasche di coloro che attraverso gli appalti riusciranno a gestire tali somme , senza nessun beneficio per i cittadini e per l ambiente ."}
{"sentidx":95715,"lemma":"inquinamento","token":"inquinamento","start":36,"end":48,"sent":"Sappiamo infatti che , dopo anni di inquinamento , la conta eliminazione delle falde rimarra grave ancora per diversi anni ."}
{"sentidx":19221,"lemma":"inquinamento","token":"inquinamento","start":63,"end":75,"sent":"La profilassi delle malattie infettive , l igiene pubblica , l inquinamento ambientale , chimico , fisico e batteriologico , devono essere al centro dell ' attenzione quando ci voglia compiere un ' attivita di prevenzione e si consideri effettivamente il bene salute come un bene collettivo ."}
{"sentidx":25673,"lemma":"inquinamento","token":"inquinamento","start":34,"end":46,"sent":"Vi ela questione immediata dell ' inquinamento atmosferico e dei danni all a salute dei cittadini , causati dall ' immenso volume del traffico quotidiano ."}
{"sentidx":95505,"lemma":"inquinamento","token":"inquinamento","start":68,"end":80,"sent":"Il problema quindi non va affrontato solo allo stadio finale dell ' inquinamento per addebitare le responsabilita a color oche utilizzano , o utilizzano male quest i fitofarmaci , ma a livello preventivo per impedire che si fabbrichino e si mettano in commercio prodotti altamente pericolosi per la salute dell ' uomo ."}
{"sentidx":72091,"lemma":"inquinamento","token":"inquinamento","start":142,"end":154,"sent":"Il punto piu basso , signor ministro , l abbiamo raggiunto a mio parere nella vicenda relativa alle direttive ( erano quattro ) riguardanti l inquinamento atmosferico ."}
{"sentidx":197432,"lemma":"inquinamento","token":"inquinamento","start":303,"end":315,"sent":"Sembra quindi che anche in tale settore gli interventi che il Governo chiede al Parlamento di approvare a favore dell e aziende a partecipazione statale vadano collegati a vincoli , impegni e scadenze pre cise come cerchero di illustrare piu avanti , anche per il rispetto della normativa in materia di inquinamento delle acque ."}
{"sentidx":10344,"lemma":"inquinamento","token":"inquinamento","start":402,"end":414,"sent":"Attentati che proprio in quanto tali , rischiano di far perdere a quella presenza turistica la consistenza , lo spessore el ' articolazione dovuti e che derivano dal fatto che quella vocazione ambientale e gia posta in forse dal fallimento globale del progetto di disinquinamento del Golfo di Napoli dalla vicenda sconcertante dei depuratori che non funzionano , dagli scarichi civili abusivi , dall ' inquinamento del fiume Sarno nonche da una tentazione di costituire ( anche in questo modello economico ) rendite di posizione arbitrarie attraverso la desertificazione selvaggia del ter torio con una espansione dell ' abusivismo edilizio ( mi riferisco alla costruzione delle seconde case ) assolutamente incontrollato ."}
{"sentidx":215892,"lemma":"inquinamento","token":"inquinamento","start":32,"end":44,"sent":"La prima e rappresentata dall ' inquinamento termico , non tanto anomalo , quanto fuorilegge ."}
{"sentidx":72117,"lemma":"inquinamento","token":"inquinamento","start":72,"end":84,"sent":"Cito ad esempio , le norme necessarie per fissare i piu bassi limiti di inquinamento atmosferico el ' obbligo di abbassamento del contenuto di piombo nella benzina ."}
{"sentidx":242734,"lemma":"inquinamento","token":"inquinamento","start":113,"end":125,"sent":"E questo un problema esiziale per la citta almeno quanto il pericolo delle acque alte e quello costituito dall ' inquinamento della laguna ."}
{"sentidx":136577,"lemma":"inquinamento","token":"inquinamento","start":709,"end":721,"sent":"E una questione sorta con l unita d Italia come si legge in un recente libro sul problema della delinquenza organizzata : essa si pose immediatamente dopo il conseguimento dell ' unita del nostro paese , anche se le statistiche indicano che l Italia non aveva allora e non ha oggi il primato tra le nazioni europee interessate dal fenomeno delinquenziale ( attualmente la nostra condizione e peggiore soltanto a quella della Spagna Occorre pero rilevare che i dati e le cifre oggi riferibili alla delinquenza indicano che l attuale momento e particolarmente pericoloso per il nostro paese , soprattutto con riferimento alle regioni in cui il fenomeno si e esteso a macchia dolio , con conseguenti pericoli di inquinamento della pubblica amministrazione , non solo in sede locale ."}
{"sentidx":54998,"lemma":"inquinamento","token":"inquinamento","start":229,"end":241,"sent":"Sostanzialmente almeno nelle dichiara razioni programmatiche del Governo ci troviamo di fronte all ' impossibilita di proseguire con la vecchia politica energetica che si puo tranquillamente sintetizzare in tre parole : centrali inquinamento , disprezzo della volonta popolare ."}
{"sentidx":149930,"lemma":"inquinamento","token":"inquinamento","start":82,"end":94,"sent":"Oltre i quattro mesi di buio rimane la classica preoccupazione per il pericolo di inquinamento irreversibile che il - cari sta correndo insieme a tutti gli altri corsi d acqua collegati ."}
{"sentidx":8371,"lemma":"inquinamento","token":"inquinamento","start":116,"end":128,"sent":"Ci sono soluzioni che , se individuate , potrebbero contribuire in qualche misura ad alleggerire il problema dell ' inquinamento dei nostri mari e dei nostri fiumi ."}
{"sentidx":155954,"lemma":"inquinamento","token":"inquinamento","start":37,"end":49,"sent":"Mi riferisco in particolare modo all inquinamento ed al dissesto del territorio ; molti fiumi , tra cui il Sele sono minacciati da quegli insediamenti ."}
{"sentidx":260035,"lemma":"inquinamento","token":"inquinamento","start":147,"end":159,"sent":"Poi sono in fase di elaborazione i decreti sulla riduzione del tenore di zolfo nei combustibili , sull ' istituzione dei sistemi di allarme dell ' inquinamento nelle aree metropolitane e quello che fissa le linee guida per il contenimento dei fumi inquinanti ."}
{"sentidx":10710,"lemma":"inquinamento","token":"inquinamento","start":209,"end":221,"sent":"Tutti i sottoscrittori della mozione oggi in esame , nonche gli intervenuti in quasi tutti i dibattiti svoltasi in materia in quest ' aula , hanno fatto riferimento al mito del ferro che dovrebbe cancellare l inquinamento causato dal trasporto su gomma ."}
{"sentidx":246854,"lemma":"inquinamento","token":"inquinamento","start":60,"end":72,"sent":"Signor ministro , non possiamo ritenere che si tratti di un inquinamento esclusiva mente chimico , come lei ha sostenuto ."}
{"sentidx":95564,"lemma":"inquinamento","token":"inquinamento","start":311,"end":323,"sent":"Giustamente il collega De Lorenzo ha ricordato poco fa , nel suo intervento , che se e vero che conosciamo cio che accade in Piemonte in Lombardia in Emilia Romagna nel Veneto nel Friuli Venezia Giulia e nelle Marche none assolutamente certo che soltanto queste sei regioni siano interessate al fenomeno dell ' inquinamento delle acque per i fitofarmaci ."}
{"sentidx":238877,"lemma":"inquinamento","token":"inquinamento","start":174,"end":186,"sent":"Rappresenta tuttavia un ragionevole proposito di miglioramento quello volto a creare le condizioni perche , quantomeno , venga garantita una tutela e una difesa da form e di inquinamento , di compressione della liberta e di privilegio a favore di questa od i quell ' altra forza politica ."}
{"sentidx":61498,"lemma":"inquinamento","token":"inquinamento","start":86,"end":98,"sent":"Pensate a quanto avviene nel nor d Adriatico a Venezia dove un gravissimo fenomeno di inquinamento non e stato combattuto ed eliminato , ma favorito dai fanghi inquinanti della Montedison auto rizzati da tutti i governi che si sono succeduti fino ad oggi ."}
{"sentidx":184354,"lemma":"inquinamento","token":"inquinamento","start":209,"end":221,"sent":"Onorevole ministro , onorevoli colleghi , sappiamo bene che nel commerci o esiste quello che viene chiamato il plus bonus , cioe la ricerca di un qualcosa atto a convincere senza oltrepassare i confini dell ' inquinamento del consenso dell ' acquirente ."}
{"sentidx":231810,"lemma":"inquinamento","token":"inquinamento","start":468,"end":480,"sent":"Inoltre e inutile nascondersi le divergenze , incomprensibili , che tuttora si manifestano nella maggioranza e che sono relative all ' esercizio delle competenze per interventi di tutela ambientale , di igiene pubblica ; per interventi di tipo organizzativo e finanziario ritenuti necessari , anzi indispensabili , per qualificare le funzioni di controllo e di vigilanza ; nonche per l insieme degli interventi tecnico - organizzativi connessi alla prevenzione dell ' inquinamento e perla tutela delle acque ."}
{"sentidx":238930,"lemma":"inquinamento","token":"inquinamento","start":250,"end":262,"sent":"Il messaggio che questo Parlamento che sta per essere sciolto , vuole creare le condizioni affinche il Parlamento che verra si form i sulla base di un confronto , che quantomeno tenga lontane le forme di corruzione , di arroganza , di invadenza e di inquinamento che abbiamo registrato in tante occasioni precedenti ."}
{"sentidx":200538,"lemma":"inquinamento","token":"inquinamento","start":84,"end":96,"sent":"Il voto di preferenza si manifesta sempre di piu come una catena di corruttela e di inquinamento del sistema politico del nostro paese ."}
{"sentidx":95562,"lemma":"inquinamento","token":"inquinamento","start":203,"end":215,"sent":"Molte volte , lo sappiamo benissimo , l ignoranza ola scarsa conoscenza dei problemi e una componente grave e determinante dell ' uso improprio dei fitofarmaci e degli altri fattori che concorrono all ' inquinamento del nostro territorio e in particolare , dell ' acqua ."}
{"sentidx":14983,"lemma":"inquinamento","token":"inquinamento","start":67,"end":79,"sent":"Forse con un megafono , con il rischio di essere poi arrestati per inquinamento acustico ?"}
{"sentidx":243379,"lemma":"inquinamento","token":"inquinamento","start":203,"end":215,"sent":"Intanto mentre le commissioni di cui ella ha parlato studiano e pensano al futuro , mentre ella non ci da il piacere di ricevere noi parlamentari che intendiamo parlarle di altri problemi connessi all ' inquinamento atmosferico , quale quello prodotto dalla centrale a carbone di Celano desidererei sapere quali eventuali misure in tenda assumere per quanto riguarda quest ' ultima , ovvero se abbia l intenzione di demandare anche tale questione a qualcuno altro ( ma a chi non saprei ) ."}
{"sentidx":8377,"lemma":"inquinamento","token":"inquinamento","start":57,"end":69,"sent":"Sa sarebbe molto bello poterlo fare , ma le cause dell ' inquinamento del maggior fiume italiano potranno essere affrontate e risolte soltanto in tempi medi o lunghi ."}
{"sentidx":261628,"lemma":"inquinamento","token":"inquinamento","start":132,"end":144,"sent":"Bedoni e una ridente localita dell ' alto Appennino Parmense ove sono anche notevoli attivita di ricezione turistica , si che detto inquinamento , tollerato da quel sindaco , ben oltre i limiti del dovere e quindi in piena omissione degli obblighi del suo ufficio , danneggia il paese ei suoi abitanti anche sotto il profilo produttivo e commerciale ."}
{"sentidx":104909,"lemma":"inquinamento","token":"inquinamento","start":221,"end":233,"sent":"Si tratta di una zona mitica , caratterizzata dalla purezza dell ' aria e del mare assolutamente invidiabile ed invidiata : l assenza di industrie , piccole o grandi , si e infatti risolta nel dato positivo di assenza di inquinamento derivante da scarichi industriali ."}
{"sentidx":8668,"lemma":"inquinamento","token":"inquinamento","start":353,"end":365,"sent":"Questo dato che deve farla riflettere , signor Presidente del Consiglio none casuale : il nostro atteggiamento non di pende solo dal fatto che abbiamo cose piu importanti da fare , come si potrebbe rilevare , in quanto stiamo prendendo parte a Milano auna manifestazione , gia ricordata , in difesa dell ' Adriatico per evidenziare il profondo grado di inquinamento di questo mare ."}
{"sentidx":172433,"lemma":"inquinamento","token":"inquinamento","start":59,"end":71,"sent":"Dobbiamo chiederci , a proposito di opere pubbliche , se l inquinamento e solo quell o rappresentato dalla mafia ."}
