{"sentidx":3824,"lemma":"famiglia","token":"famiglia","start":15,"end":23,"sent":"Ministro perla famiglia ela solidarieta sociale"}
{"sentidx":35956,"lemma":"famiglia","token":"famiglia","start":15,"end":23,"sent":"Ministro perla famiglia ela solidarieta sociale ."}
{"sentidx":41500,"lemma":"famiglia","token":"famiglia","start":15,"end":23,"sent":"Ministro perla famiglia ela solidarieta sociale ."}
{"sentidx":41492,"lemma":"famiglia","token":"famiglia","start":15,"end":23,"sent":"Ministro perla famiglia ela solidarieta sociale ."}
{"sentidx":119327,"lemma":"famiglia","token":"famiglia","start":15,"end":23,"sent":"Ministro perla famiglia ela solidarieta sociale ."}
{"sentidx":119310,"lemma":"famiglia","token":"famiglia","start":15,"end":23,"sent":"Ministro perla famiglia ela solidarieta sociale ."}
{"sentidx":134451,"lemma":"famiglia","token":"famiglia","start":15,"end":23,"sent":"Ministro perla famiglia ela solidarieta sociale ."}
{"sentidx":41424,"lemma":"famiglia","token":"famiglia","start":15,"end":23,"sent":"Ministro perla famiglia ela solidarieta sociale ."}
{"sentidx":38204,"lemma":"famiglia","token":"famiglia","start":15,"end":23,"sent":"Ministro perla famiglia ela solidarieta sociale ."}
{"sentidx":38173,"lemma":"famiglia","token":"famiglia","start":15,"end":23,"sent":"Ministro perla famiglia ela solidarieta sociale ."}
{"sentidx":35973,"lemma":"famiglia","token":"famiglia","start":15,"end":23,"sent":"Ministro perla famiglia ela solidarieta sociale ."}
{"sentidx":38261,"lemma":"famiglia","token":"famiglia","start":15,"end":23,"sent":"Ministro perla famiglia ela solidarieta sociale ."}
{"sentidx":35954,"lemma":"famiglia","token":"famiglia","start":15,"end":23,"sent":"Ministro perla famiglia ela solidarieta sociale ."}
{"sentidx":35942,"lemma":"famiglia","token":"famiglia","start":15,"end":23,"sent":"Ministro perla famiglia ela solidarieta sociale ."}
{"sentidx":34714,"lemma":"famiglia","token":"famiglia","start":15,"end":23,"sent":"Ministro perla famiglia ela solidarieta sociale ."}
{"sentidx":34726,"lemma":"famiglia","token":"famiglia","start":15,"end":23,"sent":"Ministro perla famiglia ela solidarieta sociale ."}
{"sentidx":34763,"lemma":"famiglia","token":"famiglia","start":15,"end":23,"sent":"Ministro perla famiglia ela solidarieta sociale ."}
{"sentidx":35874,"lemma":"famiglia","token":"famiglia","start":15,"end":23,"sent":"Ministro perla famiglia ela solidarieta sociale ."}
{"sentidx":35918,"lemma":"famiglia","token":"famiglia","start":15,"end":23,"sent":"Ministro perla famiglia ela solidarieta sociale ."}
{"sentidx":35934,"lemma":"famiglia","token":"famiglia","start":15,"end":23,"sent":"Ministro perla famiglia ela solidarieta sociale ."}
{"sentidx":67357,"lemma":"famiglia","token":"famiglie","start":11,"end":19,"sent":"Moltissime famiglie sono attualmente interessate da una nuova poverta ."}
{"sentidx":67185,"lemma":"famiglia","token":"famiglia","start":153,"end":161,"sent":"Attualmente la nostra legislazione ed il nostro sistema politico si occupano semplicemente della famiglia concepita in senso tradizionale , ovvero della famiglia mononucleare ."}
{"sentidx":67185,"lemma":"famiglia","token":"famiglia","start":97,"end":105,"sent":"Attualmente la nostra legislazione ed il nostro sistema politico si occupano semplicemente della famiglia concepita in senso tradizionale , ovvero della famiglia mononucleare ."}
{"sentidx":41647,"lemma":"famiglia","token":"famiglia","start":30,"end":38,"sent":"L abbandono sostanziale della famiglia sembra una constatazione da tutti condivisa ."}
{"sentidx":38280,"lemma":"famiglia","token":"famiglia","start":15,"end":23,"sent":"Ministro perla famiglia e perla solidarieta sociale ."}
{"sentidx":67056,"lemma":"famiglia","token":"famiglie","start":125,"end":133,"sent":"Tali servizi devono prevedere modalita organizzative flessibili allo scopo di rispondere alle diverse esigenze sociali delle famiglie , con particolare attenzione a quelle monoparentali ed a quelle numerose ."}
{"sentidx":67381,"lemma":"famiglia","token":"famiglia","start":148,"end":156,"sent":"Il ricongiungimento familiare dei cittadini extracomunitari e un ulteriore argomento da discutere , che amplia a dismisura il dibattito , perche la famiglia investe trasversalmente molte tematiche sociali ."}
{"sentidx":41652,"lemma":"famiglia","token":"famiglie","start":60,"end":68,"sent":"Mi riferisco segnatamente alla capacita di resistenza delle famiglie tradizionali nel Mezzogiorno none certamente un caso ) ."}
{"sentidx":77852,"lemma":"famiglia","token":"famiglie","start":163,"end":171,"sent":"Il centro cristiano democratico , per mezzo del suo capogruppo Giovanardi aveva presentato un emendamento che rappresentava un primo piccolo segnale concreto alle famiglie italiane ."}
{"sentidx":67035,"lemma":"famiglia","token":"famiglia","start":51,"end":59,"sent":"Possiamo affermare senza timore che attualmente la famiglia italiana si trova in una situazione paradossale ."}
{"sentidx":67115,"lemma":"famiglia","token":"famiglia","start":15,"end":23,"sent":"Politica perla famiglia significa tempo per poter vivere la comunita familiare ."}
{"sentidx":41635,"lemma":"famiglia","token":"famiglia","start":21,"end":29,"sent":"H dipartimento della famiglia esiste proprio perche il Governo si impegni a predisporre soluzioni adeguate ."}
{"sentidx":67251,"lemma":"famiglia","token":"famiglie","start":193,"end":201,"sent":"Chiediamo inoltre che il Governo disponga la misura ed i parametri di concessione degli assegni familiari che devono costituire un reale strumento di incentivazione della costituzione di nuove famiglie ed un ristoro significativo delle spese affrontate per l adempimento delle funzioni assegnate alla famiglia stessa ."}
{"sentidx":67251,"lemma":"famiglia","token":"famiglia","start":301,"end":309,"sent":"Chiediamo inoltre che il Governo disponga la misura ed i parametri di concessione degli assegni familiari che devono costituire un reale strumento di incentivazione della costituzione di nuove famiglie ed un ristoro significativo delle spese affrontate per l adempimento delle funzioni assegnate alla famiglia stessa ."}
{"sentidx":67247,"lemma":"famiglia","token":"famiglie","start":78,"end":86,"sent":"Vogliamo impegnare il Governo ad incrementare gli interventi di sostegno alle famiglie con portatori di handicap , prevedendo maggiori spazi per l assistenza domiciliare ."}
{"sentidx":67380,"lemma":"famiglia","token":"famiglie","start":47,"end":55,"sent":"Un altro problema da affrontare e quello delle famiglie dei cittadini extracomunitari presenti nel paese ."}
{"sentidx":41440,"lemma":"famiglia","token":"famiglia","start":105,"end":113,"sent":"Certamente pero di ben altra ampiezza ela questione relativa al trattamento tributario del reddito della famiglia , questione di equita direttamente connessa all ' equa distribuzione delle risorse ."}
{"sentidx":67076,"lemma":"famiglia","token":"famiglia","start":74,"end":82,"sent":"Attendiamo inoltre , che questo Governo riconosca piena cittadinanza alla famiglia e che tale riconoscimento riguardi l ambito giuridico e sociale ."}
{"sentidx":41578,"lemma":"famiglia","token":"famiglia","start":68,"end":76,"sent":"Nelle future leggi vorremmo veder trionfare invece la cultura della famiglia come strumento di nuova autonomia ."}
{"sentidx":133419,"lemma":"famiglia","token":"famiglie","start":80,"end":88,"sent":"Al boom delle esportazioni si accompagna ormai una propensione al consumo delle famiglie , un allargamento della domanda che ela premessa per consolidare la produzione e incentivare la propensione agli investimenti ."}
{"sentidx":41462,"lemma":"famiglia","token":"famiglia","start":120,"end":128,"sent":"Parimenti il Governo intende rispondere positivamente alla richiesta di istituzione di un osservatorio permanente sulla famiglia , con il compito di individuare i bisogni e le risposte concrete ."}
{"sentidx":67296,"lemma":"famiglia","token":"Famiglia","start":0,"end":8,"sent":"Famiglia e abitazione sono realta fra loro strettamente correlate , essendo spesso la seconda condizione indispensabile per la formazione ed il benessere della prima ."}
{"sentidx":67081,"lemma":"famiglia","token":"famiglia","start":97,"end":105,"sent":"Le mozioni oggi in discussione dimostrano che si sta evidenziando una positiva attenzione per la famiglia , che supera precedenti fasi di disinteresse ed episodi di contrapposizione ideologica ."}
{"sentidx":41524,"lemma":"famiglia","token":"famiglia","start":42,"end":50,"sent":"Occorre rendere concrete e demandare alla famiglia il maggior numero possibile di scelte ."}
{"sentidx":131928,"lemma":"famiglia","token":"famiglie","start":38,"end":46,"sent":"E calcolato che circa otto milioni di famiglie di pensionati siano vittime della sperequazione derivante dalle pensioni d annata ."}
{"sentidx":67490,"lemma":"famiglia","token":"famiglia","start":3,"end":11,"sent":"La famiglia viveva e vive tra notevoli difficolta economiche ."}
{"sentidx":52682,"lemma":"famiglia","token":"Famiglia","start":0,"end":8,"sent":"Famiglia questione demografica , speranza nel futuro del nostro paese , solidarieta tra le generazioni ."}
{"sentidx":15389,"lemma":"famiglia","token":"famiglie","start":116,"end":124,"sent":"Un ruolo importante spetta alle banche locali per riaffermare la loro vocazione e fornire sostegno finanziario alle famiglie e alle piccole imprese ."}
{"sentidx":67328,"lemma":"famiglia","token":"famiglia","start":10,"end":18,"sent":"Avere una famiglia monoreddito spesso significa perdere la corsa per i posti migliori nella societa orientata al consumo ."}
{"sentidx":41691,"lemma":"famiglia","token":"famiglia","start":119,"end":127,"sent":"Infine a nome del gruppo e personalmente desidero esprimere apprezzamento al Governo nella persona del ministro per la famiglia Ossicini perla parte attiva e competente che ha avuto in questo dibattito e per essersi dimostrato interlocutore autorevole e attento ."}
{"sentidx":136814,"lemma":"famiglia","token":"famiglie","start":45,"end":53,"sent":"Occorre affermare il diritto di scelta delle famiglie e degli studenti delle scuole superiori ."}
{"sentidx":67270,"lemma":"famiglia","token":"famiglie","start":107,"end":115,"sent":"Cio si evidenzia sensibilmente sul numero , sulla dimensione , sulla formazione e sulla composizione delle famiglie ."}
{"sentidx":49232,"lemma":"famiglia","token":"famiglie","start":64,"end":72,"sent":"Bisogna semplicemente tutelare un diritto delle persone e delle famiglie al risarcimento , che spesso viene negato ."}
{"sentidx":67376,"lemma":"famiglia","token":"famiglie","start":104,"end":112,"sent":"E altresi necessario procedere ad un adeguamento dell ' assegno famigliare , soprattutto in presenza di famiglie numerose e monoreddito ."}
{"sentidx":41532,"lemma":"famiglia","token":"famiglia","start":127,"end":135,"sent":"Signor Presidente signor ministro , onorevoli colleghi , abbiamo seguito nei giorni scorsi un dibattito serrato sui temi della famiglia ."}
{"sentidx":41517,"lemma":"famiglia","token":"famiglia","start":91,"end":99,"sent":"In tale insostituibile e meritoria opera di solidarieta riemerge il ruolo della cosiddetta famiglia allargata , che molti vedevano in via di disgregazione ."}
{"sentidx":108369,"lemma":"famiglia","token":"famiglia","start":301,"end":309,"sent":"Ma penso anche al sostegno alle famiglie : voglio sottolineare che e stato soprattutto per iniziativa dei gruppi progressisti - federativo e del partito popolare italiano che sono state presentate proposte fortemente orientate alla difesa degli assegni familiari ed al rilancio delle politiche per la famiglia ."}
{"sentidx":108369,"lemma":"famiglia","token":"famiglie","start":32,"end":40,"sent":"Ma penso anche al sostegno alle famiglie : voglio sottolineare che e stato soprattutto per iniziativa dei gruppi progressisti - federativo e del partito popolare italiano che sono state presentate proposte fortemente orientate alla difesa degli assegni familiari ed al rilancio delle politiche per la famiglia ."}
{"sentidx":67326,"lemma":"famiglia","token":"famiglie","start":62,"end":70,"sent":"In questo contesto desta molta preoccupazione il fatto che le famiglie con bambini stiano diventando una minoranza , soprattutto nelle grandi citta ."}
{"sentidx":67279,"lemma":"famiglia","token":"famiglia","start":5,"end":13,"sent":"Alla famiglia viene riconosciuto il ruolo di soggetto determinante nei rapporti reciproci con l amministrazione pubblica , che deve essere efficiente , equa e razionale ."}
{"sentidx":77851,"lemma":"famiglia","token":"famiglie","start":31,"end":39,"sent":"Voglio parlare un attimo delle famiglie ."}
{"sentidx":67107,"lemma":"famiglia","token":"famiglia","start":106,"end":114,"sent":"E caduta anche un ' altra presunta contrapposizione : quella fra cambiamento della condizione femminile e famiglia ."}
{"sentidx":41659,"lemma":"famiglia","token":"famiglia","start":98,"end":106,"sent":"che devono riguardare le provvidenze per la formazione el ' adempimento dei compiti relativi alla famiglia stessa ."}
{"sentidx":41564,"lemma":"famiglia","token":"famiglia","start":42,"end":50,"sent":"Parimenti sie trascurato il diritto della famiglia a trovare nella scuola un insegnamento idealmente affine al proprio , con un piu ampio riconoscimento della possibilita reale di accesso alla scuola non pubblica ."}
{"sentidx":41598,"lemma":"famiglia","token":"famiglia","start":61,"end":69,"sent":"In Italia manca ancora del tutto una politica organica della famiglia , non esistono tentativi concreti di rimuovere gli ostacoli e quanto e stato realizzato e spaventosamente arretrato ."}
{"sentidx":131955,"lemma":"famiglia","token":"famiglie","start":370,"end":378,"sent":"Signor Presidente ho desiderato aggiungere la mia voce a quella dei colleghi perche come parlamentare meridionale sono particolarmente allarmato per l impatto negativo che la controriforma previdenziale avra sulla questione femminile e giovanile , o meglio , sulla disoccupazione femminile e giovanile nelle zone piu deboli del paese , nel sud in special modo , dove le famiglie stanno facendo da ammortizzatori sociali ."}
{"sentidx":67075,"lemma":"famiglia","token":"famiglia","start":74,"end":82,"sent":"Attendiamo al piu presto azioni concrete dal Governo e dal ministro della famiglia riguardanti i sette punti che abbiamo indicato in precedenza ."}
{"sentidx":67315,"lemma":"famiglia","token":"famiglia","start":25,"end":33,"sent":"Sul piano sociologico la famiglia rappresenta il trait d union tra l individuo ela collettivita , una funzione purtroppo molto spesso trascurata ."}
{"sentidx":70893,"lemma":"famiglia","token":"famiglia","start":42,"end":50,"sent":"Anche il successivo contatto esterno alla famiglia del nuovo cittadino di regola avviene con la scuola materna ."}
{"sentidx":67268,"lemma":"famiglia","token":"famiglie","start":99,"end":107,"sent":"Cio provoca un aggravio degli oneri sanitari e pensionistici oltre ad un peso supplementare per le famiglie che devono prodigare cure ai propri componenti anziani ."}
{"sentidx":119306,"lemma":"famiglia","token":"famiglia","start":97,"end":105,"sent":"Del resto , noi abbiamo salutato come un elemento positivo la costituzione di un Ministero perla famiglia ela solidarieta sociale e lo abbiamo sottolineato in diverse occasioni ."}
{"sentidx":67378,"lemma":"famiglia","token":"famiglia","start":181,"end":189,"sent":"Ritengo chele detrazioni fiscali a favore delle famiglie con particolari disagi el ' inserimento dei disabili nel mondo del lavoro siano temi attinenti alle politiche attive per la famiglia ."}
{"sentidx":67378,"lemma":"famiglia","token":"famiglie","start":48,"end":56,"sent":"Ritengo chele detrazioni fiscali a favore delle famiglie con particolari disagi el ' inserimento dei disabili nel mondo del lavoro siano temi attinenti alle politiche attive per la famiglia ."}
{"sentidx":41568,"lemma":"famiglia","token":"famiglia","start":96,"end":104,"sent":"Riconosceva sii diritti di cittadinanza ma solo sigli individui , cioe ai singoli componenti la famiglia ."}
{"sentidx":67030,"lemma":"famiglia","token":"famiglia","start":82,"end":90,"sent":"Tanto vuota quanto lo era la preoccupazione del Governo Berlusconi sul tema della famiglia ."}
{"sentidx":67238,"lemma":"famiglia","token":"famiglia","start":83,"end":91,"sent":"Sono necessarie provvidenze economiche per evitare l aggravio economico : fare una famiglia non deve rappresentare , per il lavoratore , una difficolta ."}
{"sentidx":41586,"lemma":"famiglia","token":"famiglia","start":58,"end":66,"sent":"\u2014 senza che ci si renda conto delle caratteristiche della famiglia degli anni novanta ."}
{"sentidx":107116,"lemma":"famiglia","token":"famiglia","start":134,"end":142,"sent":"Voglio altresi ricordare che il Governo nella prima stesura della legge finanziaria , non ha indicato alcun intervento a favore della famiglia ."}
{"sentidx":48637,"lemma":"famiglia","token":"famiglie","start":245,"end":253,"sent":"Le soluzioni concrete che la scuola italiana ha dato al problema della collocazione dell ' insegnamento della religione sono molto diversificate sul territorio , sia per la carenza di strutture sia per l infelice o difficile collocazione che le famiglie degli studenti che intendono avvalersi di scelte alternative danno in concreto a questa materia ."}
{"sentidx":113712,"lemma":"famiglia","token":"famiglia","start":81,"end":89,"sent":"Sottolineo che sono stati approvati , inoltre , alcuni nostri emendamenti per la famiglia e perla scuola privata , che peraltro hanno rappresentato piccoli e modesti interventi ."}
{"sentidx":41441,"lemma":"famiglia","token":"famiglia","start":249,"end":257,"sent":"Le stesse ragioni di equita conducono il Governo ad un attenta analisi delle problematiche connesse con l attuale regime degli assegni al nucleo familiare , vera forma di sussidiarieta e di riconoscimento concreto del valore sociale del ruolo della famiglia ."}
{"sentidx":67389,"lemma":"famiglia","token":"famiglia","start":19,"end":27,"sent":"La politica per la famiglia va quindi intrecciata a politiche sociali attive ."}
{"sentidx":65592,"lemma":"famiglia","token":"famiglia","start":12,"end":20,"sent":"Credo chela famiglia Rosselli abbia pagato veramente un prezzo elevato alla lotta per la liberta ela giustizia nel nostro paese ."}
{"sentidx":10476,"lemma":"famiglia","token":"famiglia","start":37,"end":45,"sent":"Il fatto che un componente della mia famiglia sia stato raggiunto da un provvedimento di custodia cautelare e che il gruppo da me fondato abbia subito indagini giudiziarie insieme con molti altri gruppi finanziari ed industriali , non autorizza nessuno a confondere vicende private e vicende pubbliche ( Commenti dei deputati dei gruppi progressisti - federativo e di rifondazione comunista - progressisti ) ."}
{"sentidx":41654,"lemma":"famiglia","token":"famiglia","start":3,"end":11,"sent":"La famiglia del Mezzogiorno e il luogo comune del trasferimento dei valori , probabilmente perche e piu ancorata a quelli tradizionali ."}
{"sentidx":67079,"lemma":"famiglia","token":"famiglia","start":116,"end":124,"sent":"In conclusione , vorrei dire che il patto Segni si battera strenuamente affinche la piena cittadinanza del soggetto famiglia e dei suoi membri venga riconosciuta dalle leggi di questa Repubblica Il patto Segni auspica inoltre che si trovi tra varie forze politiche una convergenza attiva ed efficace su punti trasversali di collegamento rispetto al tema delle politiche famigliari ; un tema cosi prioritario da richiedere una comunanza di intenti ("}
{"sentidx":67193,"lemma":"famiglia","token":"famiglia","start":179,"end":187,"sent":"Ben venga il dibattito se vi e assunzione di responsabilita non solo del Governo ma anche del Parlamento perla situazione di pesante marginalita in cui oggi vive l istituto della famiglia rispetto alla legislazione vigente ."}
{"sentidx":18561,"lemma":"famiglia","token":"famiglia","start":504,"end":512,"sent":"Va considerato che l integrazione europea , da sempre ritenuta sinonimo di stabilita politica e di armonico sviluppo economico e sociale a beneficio delle collettivita , deve oggi confrontarsi con le nuove sfide sorte dalla fine della guerra fredda , che nascono dalla mondializzazione dell ' economia , dalla rivoluzione informatica e telematica , dalle problematiche ecologico - ambientali , dai problemi occupazionali , dalla crescente importanza della parita tra uomo e donna , dal nuovo ruolo della famiglia ."}
{"sentidx":118710,"lemma":"famiglia","token":"famiglia","start":504,"end":512,"sent":"Va considerato che l integrazione europea , da sempre ritenuta sinonimo di stabilita politica e di armonico sviluppo economico e sociale a beneficio delle collettivita , deve oggi confrontarsi con le nuove sfide sorte dalla fine della guerra fredda , che nascono dalla mondializzazione dell ' economia , dalla rivoluzione informatica e telematica , dalle problematiche ecologico - ambientali , dai problemi occupazionali , dalla crescente importanza della parita tra uomo e donna , dal nuovo ruolo della famiglia ."}
{"sentidx":41646,"lemma":"famiglia","token":"famiglia","start":193,"end":201,"sent":"Non e stato difeso l istituto matrimoniale per quello che esso doveva rappresentare , pur essendo ( sta scritto nella Costituzione netto e chiaro il richiamo al fondamento sul matrimonio della famiglia intesa come societa naturale ."}
{"sentidx":72321,"lemma":"famiglia","token":"famiglie","start":191,"end":199,"sent":"Presidente in questa giornata di lutto nazionale mi sia consentito di esprimere innanzitutto il cordoglio mio personale , dei militanti e dell intero gruppo parlamentare della lega nord alle famiglie delle vittime dell ' alluvione che ha colpito le regioni del nord in maniera devastante ."}
{"sentidx":131891,"lemma":"famiglia","token":"famiglia","start":141,"end":149,"sent":"Il Governo i sindacati , le forze della maggioranza che sostengono questo disegno di legge hanno preferito utilizzare risorse destinate alla famiglia per la generalita dei cittadini , alle esigenze dei quali sono deputati altri strumenti , e precisamente i contributi da versare per la pensione ."}
{"sentidx":67341,"lemma":"famiglia","token":"famiglie","start":105,"end":113,"sent":"La mancanza di mezzi ha impedito nel passato di adeguare gli assegni familiari al reale fabbisogno delle famiglie ."}
{"sentidx":43753,"lemma":"famiglia","token":"famiglie","start":110,"end":118,"sent":"Dobbiamo incidere di piu nell ' educazione e nella cultura attraverso un maggiore investimento a favore delle famiglie e della scuola ."}
{"sentidx":63901,"lemma":"famiglia","token":"famiglia","start":169,"end":177,"sent":"Il disegno di legge non rappresenta certamente il non plus ultra ed anche i deputati autonomisti avrebbero correzioni di fondo da apportare , soprattutto a favore della famiglia ."}
{"sentidx":67241,"lemma":"famiglia","token":"famiglia","start":23,"end":31,"sent":"Riteniamo cioe che una famiglia che agisce sul territorio e svolge un ' attivita di solidarieta debba vedere la propria azione riconosciuta ."}
{"sentidx":41539,"lemma":"famiglia","token":"famiglia","start":7,"end":15,"sent":"Percio famiglia e scuola erano poste nei rapporti etico - sociali come le piu elementari ed essenziali comunita primarie ."}
{"sentidx":41538,"lemma":"famiglia","token":"Famiglia","start":0,"end":8,"sent":"Famiglia e scuola erano destinate a realizzare , appunto , la socialita progressiva ."}
{"sentidx":67119,"lemma":"famiglia","token":"famiglia","start":15,"end":23,"sent":"Politica perla famiglia significa tutela e servizi per l infanzia el ' adolescenza ."}
{"sentidx":41629,"lemma":"famiglia","token":"famiglia","start":241,"end":249,"sent":"Signor Presidente ministro , onorevoli colleghi , nel precedente intervento di ieri abbiamo chiesto al Governo non di esercitare un ' azione di supplenza alla funzionalita del sistema famigliare , ma di svolgere un ' azione di sostegno alla famiglia creando un contesto vitale che le sia funzionalmente favorevole ."}
