{"sentidx":4234,"lemma":"ambiente","token":"ambiente","start":31,"end":39,"sent":"Sottosegretario di Stato per l ambiente"}
{"sentidx":551,"lemma":"ambiente","token":"ambiente","start":31,"end":39,"sent":"Sottosegretario di Stato per l ambiente"}
{"sentidx":122898,"lemma":"ambiente","token":"ambiente","start":14,"end":22,"sent":"Ministro dell ambiente ."}
{"sentidx":94764,"lemma":"ambiente","token":"ambiente","start":14,"end":22,"sent":"Ministro dell ambiente ."}
{"sentidx":38224,"lemma":"ambiente","token":"ambiente","start":14,"end":22,"sent":"Ministro dell ambiente ."}
{"sentidx":67286,"lemma":"ambiente","token":"ambiente","start":14,"end":22,"sent":"Ministro dell ambiente ."}
{"sentidx":132732,"lemma":"ambiente","token":"ambiente","start":14,"end":22,"sent":"Ministro dell ambiente ."}
{"sentidx":38178,"lemma":"ambiente","token":"ambiente","start":14,"end":22,"sent":"Ministro dell ambiente."}
{"sentidx":67416,"lemma":"ambiente","token":"ambiente","start":14,"end":22,"sent":"Ministro dell ambiente ."}
{"sentidx":134191,"lemma":"ambiente","token":"ambiente","start":14,"end":22,"sent":"Ministro dell ambiente."}
{"sentidx":135660,"lemma":"ambiente","token":"ambiente","start":14,"end":22,"sent":"Ministro dell ambiente."}
{"sentidx":135664,"lemma":"ambiente","token":"ambiente","start":14,"end":22,"sent":"Ministro dell ambiente."}
{"sentidx":135666,"lemma":"ambiente","token":"ambiente","start":14,"end":22,"sent":"Ministro dell ambiente."}
{"sentidx":51820,"lemma":"ambiente","token":"ambiente","start":14,"end":22,"sent":"Ministro dell ambiente ."}
{"sentidx":135677,"lemma":"ambiente","token":"ambiente","start":14,"end":22,"sent":"Ministro dell ambiente."}
{"sentidx":123411,"lemma":"ambiente","token":"ambiente","start":14,"end":22,"sent":"Ministro dell ambiente ."}
{"sentidx":64318,"lemma":"ambiente","token":"ambiente","start":14,"end":22,"sent":"Ministro dell ambiente."}
{"sentidx":38180,"lemma":"ambiente","token":"ambiente","start":14,"end":22,"sent":"Ministro dell ambiente."}
{"sentidx":51975,"lemma":"ambiente","token":"ambiente","start":14,"end":22,"sent":"Ministro dell ambiente ."}
{"sentidx":51987,"lemma":"ambiente","token":"ambiente","start":14,"end":22,"sent":"Ministro dell ambiente ."}
{"sentidx":51989,"lemma":"ambiente","token":"ambiente","start":14,"end":22,"sent":"Ministro dell ambiente ."}
{"sentidx":135692,"lemma":"ambiente","token":"ambiente","start":14,"end":22,"sent":"Ministro dell ambiente."}
{"sentidx":135699,"lemma":"ambiente","token":"ambiente","start":14,"end":22,"sent":"Ministro dell ambiente."}
{"sentidx":54911,"lemma":"ambiente","token":"ambiente","start":14,"end":22,"sent":"Ministro dell ambiente."}
{"sentidx":64289,"lemma":"ambiente","token":"ambiente","start":14,"end":22,"sent":"Ministro dell ambiente."}
{"sentidx":142199,"lemma":"ambiente","token":"ambiente","start":14,"end":22,"sent":"Ministro dell ambiente ."}
{"sentidx":142311,"lemma":"ambiente","token":"ambiente","start":14,"end":22,"sent":"Ministro dell ambiente ."}
{"sentidx":26616,"lemma":"ambiente","token":"ambiente","start":56,"end":64,"sent":"non credo , onorevole Presidente chesi possa tutelare l ambiente danneggiando ulteriormente l agricoltura ."}
{"sentidx":54263,"lemma":"ambiente","token":"ambiente","start":70,"end":78,"sent":"Signor Presidente tale emendamento mira atrasferire al Ministero dell ambiente le residue competenze del Ministero delle risorse agricole , alimentari e forestali sulla difesa della fauna selvatica ."}
{"sentidx":121293,"lemma":"ambiente","token":"ambiente","start":68,"end":76,"sent":"Una nuova qualita delle merci agricole e del rapporto agricoltura - ambiente sono obiettivi assolutamente non raggiungibili con le strumentazioni attuali ."}
{"sentidx":67264,"lemma":"ambiente","token":"ambiente","start":121,"end":129,"sent":"Fatte queste brevi premesse di carattere generale , vorrei spendere qualche parola sul testo approvato dalla Commissione ambiente ."}
{"sentidx":121429,"lemma":"ambiente","token":"ambiente","start":133,"end":141,"sent":"La freschezza di questa legislatura consente pero di sperare che con la forte collaborazione del Parlamento sia possibile dare all ' ambiente quella priorita di governo indicata dal Presidente del Consiglio nelle dichiarazioni programmatiche ."}
{"sentidx":144831,"lemma":"ambiente","token":"ambiente","start":120,"end":128,"sent":"\u2014 una nuova organizzazione della materia dei controlli ambientali el ' affidamento di tali competenze al Ministero dell ambiente ."}
{"sentidx":145086,"lemma":"ambiente","token":"ambiente","start":28,"end":36,"sent":"Purtroppo il Ministero dell ambiente e stato fermo nove mesi , soprattutto su provvedimenti di prevenzione ambientale , preferendo agire quasi esclusivamente sul piano delle azioni di propaganda ."}
{"sentidx":24630,"lemma":"ambiente","token":"ambiente","start":37,"end":45,"sent":"Il testo approvato dalla Commissione ambiente non contiene infatti alcuna disposizione al riguardo e lascia quindi ampi spazi di discrezionalita nel merito , il che francamente preoccupa tutti ."}
{"sentidx":2771,"lemma":"ambiente","token":"Ambiente","start":33,"end":41,"sent":"La Vili Commissione permanente ( Ambiente si intende pertanto autorizzata a riferire oralmente all ' Assemblea Ulteriori comunicazioni all ' Assemblea saranno pubblicate nell ' allegato A ai resoconti della seduta odierna ."}
{"sentidx":24570,"lemma":"ambiente","token":"ambiente","start":202,"end":210,"sent":"Ecco perche agli interventi urgenti , alle iniziative e all esperienza del ministro per il coordinamento della protezione civile dovrebbe accompagnarsi l impegno dei ministri dei Lavori Pubblici e dell ambiente ."}
{"sentidx":142387,"lemma":"ambiente","token":"ambiente","start":140,"end":148,"sent":"Non credo di sbagliare se affermo che almeno ima parte consistente di questi problemi deriva dalla scarsa strutturazione del Ministero dell ambiente ."}
{"sentidx":64299,"lemma":"ambiente","token":"ambiente","start":151,"end":159,"sent":"Dette rinunce hanno complicato l attuazione del piano , poiche la sequenza degli sversamenti era stata definita proprio per salvaguardare al massimo l ambiente ricettore ."}
{"sentidx":41707,"lemma":"ambiente","token":"ambiente","start":121,"end":129,"sent":"Non e stato quindi fisicamente possibile per alcuno di noi riuscire a scambiare direttamente parola con i detenuti in un ambiente senza pressioni o intimidazioni psicologiche ."}
{"sentidx":31535,"lemma":"ambiente","token":"ambiente","start":126,"end":134,"sent":"Tale esigenza e tuttavia stata posta in contraddizione con la necessita di dare seguito al pronunciamento referendario sull ' ambiente ."}
{"sentidx":568,"lemma":"ambiente","token":"ambiente","start":31,"end":39,"sent":"Sottosegretario di Stato per l ambiente ."}
{"sentidx":19218,"lemma":"ambiente","token":"ambiente","start":166,"end":174,"sent":"Significativo appare , fra gli impegni che chiediamo al Governo quelli di vigilare affinche il progetto in discussione sia realizzato nella piena salvaguardia dell ' ambiente , delle finalita generali della politica dei trasporti e degli interessi del risparmio pubblico e privato necessario per la sua realizzazione , con una verifica quindi della trasparenza delle procedure ."}
{"sentidx":86797,"lemma":"ambiente","token":"ambienti","start":99,"end":107,"sent":"Il presidente della Bosnia ha gia avanzato la richiesta di un intervento militare estero diretto ; ambienti"}
{"sentidx":26611,"lemma":"ambiente","token":"ambiente","start":133,"end":141,"sent":"Il nostro emendamento cerca semplicemente di riequilibrare tali sperequazioni , muovendosi nel senso di un ' effettiva tutela dell ' ambiente ."}
{"sentidx":35035,"lemma":"ambiente","token":"ambienti","start":123,"end":131,"sent":"Basta vedere l alto Lazio le Marche l Umbria i grandi territori toscani della piantata medioevale per scoprire come questi ambienti e questi panorami si siano perfettamente armonizzati ."}
{"sentidx":37592,"lemma":"ambiente","token":"ambiente","start":252,"end":260,"sent":"Occorre muoversi con grande decisione verso una politica di privatizzazione di gran parte dell ' apparato pubblico e destinare gli investimenti pubblici alla creazione di un apparato infrastrutturale utile agli interessi del paese , alla tutela dell ' ambiente , alla ricerca industriale e produttiva ."}
{"sentidx":130340,"lemma":"ambiente","token":"ambienti","start":39,"end":47,"sent":"Tuttavia colleghi deputati , in questi ambienti ho visto anche altri atteggiamenti di segno totalmente opposto , atteggiamenti che continuo ancora a non capire ."}
{"sentidx":63615,"lemma":"ambiente","token":"ambiente","start":151,"end":159,"sent":"Voglio rivolgermi all ' onorevole Tancredi Ho conosciuto l onorevole Rapagna el ' onorevole Tancredi perla prima volta in una seduta della Commissione ambiente ."}
{"sentidx":142433,"lemma":"ambiente","token":"ambiente","start":37,"end":45,"sent":"Il testo elaborato dalla Commissione ambiente della Camera che ha introdotto alcune modifiche e miglioramenti al decreto presentato dal Governo risponde , ad avviso del gruppo dei verdi , a questi requisiti ed e coerente con il pronunciamento popolare referendario ."}
{"sentidx":38084,"lemma":"ambiente","token":"ambiente","start":61,"end":69,"sent":"Ecco il senso delle proposte da noi formulate in Commissione ambiente e di alcuni emendamenti presentati ."}
{"sentidx":88876,"lemma":"ambiente","token":"ambiente","start":58,"end":66,"sent":"Piu utile e meno costoso sembrava ieri al ministro dell ' ambiente il ricorso alla gia esistente rete di interconnessioni con iniziative ed enti in sede internazionale Io vorrei ricordare che attualmente i piu grandi programmi internazionali sul clima globale sono fondamentalmente due ela partecipazione ad essi avviene mediante proprie attivita nazionali che siano coerenti con gli indirizzi e le strategie del passato in tali programmi internazionali Ad eccezione della Comunita europea dove i programmi presentati ed approvati ricevono parziali finanziamenti , la partecipazione ad altri programmi internazionali avviene attraverso attivita che rientrino in un programma nazionale ."}
{"sentidx":67356,"lemma":"ambiente","token":"ambiente","start":137,"end":145,"sent":"In questo momento mi interessa rispondere alle osservazioni avanzate dal relatore , onorevole Galli e poi richiamate dal ministro dell ' ambiente ."}
{"sentidx":38233,"lemma":"ambiente","token":"ambiente","start":15,"end":23,"sent":"In Commissione ambiente vi e stato un attacco della maggioranza nei confronti del ministro ."}
{"sentidx":119866,"lemma":"ambiente","token":"ambiente","start":454,"end":462,"sent":"Se da un lato e giuridicamente ineccepibile il controllo giudiziario dell ' attivita di polizia , per il rispetto dei fondamentali diritti della persona costituzionalmente garantiti , dall ' altro emerge la minore predisposizione del magistrato ad organizzare e dirigere le investigazioni delle forze dell ' ordine , fondate su specifiche abilita tecniche e costantemente orientate dall ' attivita di intelligence , frutto dell ' aderente contatto con l ambiente esterno e con lo stesso mondo delinquenziale ."}
{"sentidx":84018,"lemma":"ambiente","token":"ambiente","start":341,"end":349,"sent":"Pertanto si potrebbe perseguire una piu razionale regolamentazione della normativa attraverso l introduzione del contributo di riciclo , che viene previsto nell ' emendamento in discussione , e attraverso modalita che potranno essere stabilite con un decreto emanato dal ministro delle finanze di concerto con i ministri del tesoro , dell ' ambiente e dell industria del commercio e dell artigianato ."}
{"sentidx":26606,"lemma":"ambiente","token":"ambiente","start":179,"end":187,"sent":"Elio Credo chele preoccupazioni espresse dal collega che mi ha preceduto siano del tutto fuori luogo e siano invece giustificate le preoccupazioni opposte verso il settore dell ' ambiente ed il relativo programma triennale , espresse con il nostro emendamento ."}
{"sentidx":142369,"lemma":"ambiente","token":"ambiente","start":181,"end":189,"sent":"Mi riferisco al rischio di confusione di ruoli e competenze , nonche alla configurazione e soprattutto al dimensionamento iniziale dell ' Agenzia nazionale per la protezione dell ' ambiente ."}
{"sentidx":24399,"lemma":"ambiente","token":"ambiente","start":166,"end":174,"sent":"Chiediamo di congelare gli appalti che sono oggi il rubinetto aperto , in particolare in Sicilia deU arricchimento mafioso e della devastazione del territorio e dell ambiente ."}
{"sentidx":77076,"lemma":"ambiente","token":"Ambiente","start":254,"end":262,"sent":"Onorevole Presidente onorevoli colleghi , nel ringraziare l onorevole Rinaldi per l esauriente relazione el ' onorevole Goracci per il contributo offerto alla discussione , vorrei estendere il mio ringraziamento a tutti i membri della V il i Commissione Ambiente della Camera per aver rapidamente esaurito l esame del provvedimento , esame peraltro svolto in mo do adeguato ed approfondito ."}
{"sentidx":88875,"lemma":"ambiente","token":"ambiente","start":88,"end":96,"sent":"Signor Presidente nella sua replica a conclusione del dibattito ieri il ministro dell ' ambiente aveva manifestato una riserva su una eventuale iniziativa italiana in materia di ricerca su energia e clima globale ."}
{"sentidx":55572,"lemma":"ambiente","token":"ambiente","start":23,"end":31,"sent":"D Anche la Commissione ambiente ?"}
{"sentidx":142425,"lemma":"ambiente","token":"ambiente","start":54,"end":62,"sent":"C era un riferimento globale alla salvaguardia dell ' ambiente ed all ' igiene ambientale , distinti dagli aspetti strettamente sanitari della medicina del lavoro ."}
{"sentidx":78884,"lemma":"ambiente","token":"ambiente","start":93,"end":101,"sent":"Quella che ho esposto e un esigenza avvertita da tutti i colleghi presenti nella Commissione ambiente ."}
{"sentidx":142355,"lemma":"ambiente","token":"ambiente","start":128,"end":136,"sent":"Signor Presidente signor rappresentante del Governo onorevoli colleghi , il lavoro di rielaborazione compiuto dalla Commissione ambiente ha il merito di aver affrontato i problemi concernenti la riorganizzazione dei controlli ambientali con quella accuratezza e con l approfondimento indispensabili nel momento in cui ci si dispone addirittura ad una riforma istituzionale ."}
{"sentidx":103197,"lemma":"ambiente","token":"ambiente","start":51,"end":59,"sent":"Non abbiamo mai chiesto e non accettiamo piu che l ambiente sia una specie di punto aggiuntivo della politica del Governo come delle piattaforme programmatiche dell ' opposizione ."}
{"sentidx":39850,"lemma":"ambiente","token":"ambiente","start":103,"end":111,"sent":"Ho presentato decine di interrogazioni a risposta scritta ed avevo avuto la promessa del ministro dell ambiente Ripa di Meana di un incontro con i rappresentanti di queste popolazioni ."}
{"sentidx":56997,"lemma":"ambiente","token":"ambiente","start":61,"end":69,"sent":"In questo campo si tocca veramente con mano come economia ed ambiente siano due facce della stessa medaglia e come non ci sia salvaguardia delle risorse ambientali senza l organizzazione di servizi efficienti ."}
{"sentidx":109932,"lemma":"ambiente","token":"ambiente","start":71,"end":79,"sent":"Condizione per affrontare questioni importantissime come quella dell ' ambiente e invece , innanzitutto il poter contare su una societa equilibrata , sana , democratica , capace di pensare al proprio futuro ."}
{"sentidx":90996,"lemma":"ambiente","token":"ambiente","start":92,"end":100,"sent":"Ricordo che noi verdi abbiamo chiesto nel dibattito sulla conferenza di Rio de Janeiro sull ambiente di rendere compatibile la legge finanziaria con gli obiettivi di fondo di una riconversione ecologica dell ' economia , nei trasporti come nell ' agricoltura , nella gestione delle citta cosi come nella politica della sanita e degli interventi pubblici nel territorio ."}
{"sentidx":151512,"lemma":"ambiente","token":"ambiente","start":207,"end":215,"sent":"Il rispetto fondamentale della persona ha sicuramente un punto di aggancio fortissimo nel riconoscimento di uno statuto del corpo in cui sia bandito il concetto di proprieta , nella possibilita di creare un ambiente all ' interno del quale le scelte personali siano motivate e responsabili e quindi la costruzione della sfera privata possa essere libera ."}
{"sentidx":118942,"lemma":"ambiente","token":"ambiente","start":361,"end":369,"sent":"Occorre inoltre la ridefinizione dei settori di impiego del servizio civile ( che e stata richiamata nei precedenti interventi ) ela limitazione a quelli di assistenza nei confronti dei problemi sociali , dal reinserimento degli anziani , dei disabili e dei tossicodipendenti all ' accoglienza dei nomadi e degli immigrati extracomunitari , dalla tutela dell ' ambiente alla protezione civile , allo studio e alla sperimentazione di forme di difesa non armata ."}
{"sentidx":110018,"lemma":"ambiente","token":"ambiente","start":145,"end":153,"sent":"Ritengo si tratti di una buona occasione : il collega Mattioli ha gia espresso il nostro giudizio positivo circa la presenza dei ministri dell ' ambiente e degli affari esteri , nonche del sottosegretario Giacovazzo a fronte di una presenza certamente insufficiente dei deputati ."}
{"sentidx":31539,"lemma":"ambiente","token":"ambiente","start":96,"end":104,"sent":"\u00bb e che nel contempo si voglia accantonare la questione dell ' agenzia per la protezione dell ' ambiente con un atteggiamento ostruzionistico ."}
{"sentidx":28889,"lemma":"ambiente","token":"ambiente","start":61,"end":69,"sent":"Per questa ragione , i rapporti dell ' amministrazione con l ambiente esterno non si possono giudicare completamente esenti ma , anzi , sono sovraesposti ad infiltrazioni mafiose ."}
{"sentidx":38099,"lemma":"ambiente","token":"ambiente","start":214,"end":222,"sent":"Io ho proposto che la Commissione ambiente sia distinta dalla Commissione lavori pubblici ; infatti , con i lavori pubblici si va spesso ad intaccare l integrita ela dignita dell ' ambiente , mentre in Commissione ambiente dovremmo affrontare situazioni di inquinamento , di dissesto e di degrado del territorio causate proprio dall ' intervento dei lavori"}
{"sentidx":142317,"lemma":"ambiente","token":"ambiente","start":146,"end":154,"sent":"Si tratta inoltre di una riforma dovuta perche e proprio della scorsa settimana l ultima definizione della struttura dell ' Agenzia europea per l ambiente ; la riforma quindi rende omogenei gli indirizzi della politica europea ."}
{"sentidx":38099,"lemma":"ambiente","token":"ambiente","start":181,"end":189,"sent":"Io ho proposto che la Commissione ambiente sia distinta dalla Commissione lavori pubblici ; infatti , con i lavori pubblici si va spesso ad intaccare l integrita ela dignita dell ' ambiente , mentre in Commissione ambiente dovremmo affrontare situazioni di inquinamento , di dissesto e di degrado del territorio causate proprio dall ' intervento dei lavori"}
{"sentidx":38099,"lemma":"ambiente","token":"ambiente","start":34,"end":42,"sent":"Io ho proposto che la Commissione ambiente sia distinta dalla Commissione lavori pubblici ; infatti , con i lavori pubblici si va spesso ad intaccare l integrita ela dignita dell ' ambiente , mentre in Commissione ambiente dovremmo affrontare situazioni di inquinamento , di dissesto e di degrado del territorio causate proprio dall ' intervento dei lavori"}
{"sentidx":103201,"lemma":"ambiente","token":"ambiente","start":119,"end":127,"sent":"Questo deve avvenire sulla spinta della crescente sensibilita popolare , della domanda di un ambiente vivibile , di un ambiente sano ."}
{"sentidx":103201,"lemma":"ambiente","token":"ambiente","start":93,"end":101,"sent":"Questo deve avvenire sulla spinta della crescente sensibilita popolare , della domanda di un ambiente vivibile , di un ambiente sano ."}
{"sentidx":56951,"lemma":"ambiente","token":"ambiente","start":173,"end":181,"sent":"Signor Presidente onorevoli colleghi , signor rappresentante del Governo i verdi voteranno a favore di questo provvedimento , che affronta uno dei nodi della qualita dell ' ambiente e del nostro sviluppo presente e futuro : la disponibilita egli usi delle risorse idriche ."}
{"sentidx":19175,"lemma":"ambiente","token":"ambiente","start":363,"end":371,"sent":"Noi riteniamo che il Parlamento debba continuare a farlo e ad essere informato e che in qualche misura , tutto il prosieguo dei lavori ( dalla progettazione all ' esecuzione delle opere ) debba essere vincolato alle conclusioni di questo e di altri successivi dibattiti parlamentari , che magari si svolgeranno nella sede delle Commissioni congiunte trasporti ed ambiente ."}
{"sentidx":24567,"lemma":"ambiente","token":"ambiente","start":129,"end":137,"sent":"L onorevole Botta nella sua relazione , ha messo in evidenza il lavoro svolto dalle Commissioni in particolare dalla Commissione ambiente , che ha approvato in linea generale le misure di natura finanziaria che erano state proposte ."}
{"sentidx":142396,"lemma":"ambiente","token":"ambiente","start":155,"end":163,"sent":"Per tali motivi , signor Presidente onorevoli colleghi , ritengo che l istituzione di un ' Agenzia nazionale a supporto dell ' attivita del Ministero dell ambiente possa avviare l amministrazione sulla strada del superamento dei problemi che or ora ho evidenziato e dotare il dicastero stesso di quella struttura tecnica , di quel supporto scientifico di cui ha assolutamente bisogno ."}
{"sentidx":24558,"lemma":"ambiente","token":"ambiente","start":65,"end":73,"sent":"Un accordo , un compromesso storico tra il sottosegretario per l ambiente , onorevole Angelini e Marco Marcucci comunista , ha determinato tutto questo ."}
{"sentidx":5594,"lemma":"ambiente","token":"ambiente","start":231,"end":239,"sent":"Signor Presidente il mio emendamento propone una correzione che puo sembrare secondaria ; in realta , alcune prescrizioni intervengono , secondo la norma che si propone di modificare , solo in caso di alterazioni permanenti dell ' ambiente marino ."}
{"sentidx":28979,"lemma":"ambiente","token":"ambienti","start":96,"end":104,"sent":"Ma neanche questa linea minimalistica e stata loro concessa ; non e stato concesso niente dagli ambienti della mafia , che non hanno voluto e non vogliono complicazioni , ma hanno imposto il mantenimento in vita dell ' attuale consiglio comunale , consapevoli che questo Consiglio potranno manovrare e condizionare ."}
{"sentidx":121292,"lemma":"ambiente","token":"ambiente","start":391,"end":399,"sent":"In Italia non sie stati in grado di attivare strumenti credibili di programmazione di carattere quantitativo e oggi viene richiesto alle istituzioni operanti in agricoltura di essere capaci di promuovere una programmazione di carattere qualitativo , nella quale anche le tecniche produttive sono elementi costitutivi della qualita , soprattutto per quanto riguarda il rapporto agricoltura - ambiente ."}
{"sentidx":840,"lemma":"ambiente","token":"ambiente","start":187,"end":195,"sent":"Le aree protette ( isole , montagne , territori dotati di particolari risorse ambientali e naturali ) , infatti , possono essere luoghi dove si sperimenta un nuovo rapporto tra natura ed ambiente e dove e possibile salvaguardare meglio le risorse naturali , avere vere e proprie guardie ecologiche che consentano una difesa attiva del territorio e quindi , di passare dalla teorizzazione del blocco degli incendi alla realizzazione di questo obiettivo ."}
{"sentidx":101376,"lemma":"ambiente","token":"ambienti","start":40,"end":48,"sent":"Io sono convinto , ad esempio , che gli ambienti piu sensibili ai valori dell ' indipendenza e dell autonomia della magistratura dovrebbero preferire la possibilita di separare le due questioni ."}
{"sentidx":109733,"lemma":"ambiente","token":"ambiente","start":44,"end":52,"sent":"Credo non si possa parlare di difesa dell ' ambiente nel sud del mondo senza tenere presente che esiste un nesso inequivocabile tra poverta , malattia , crescita demografica , degrado ambientale , sviluppo economico e sviluppo democratico ."}
{"sentidx":111851,"lemma":"ambiente","token":"ambiente","start":41,"end":49,"sent":"Veda signor Presidente io provengo da un ambiente nel quale mi hanno insegnato ad avere alto il senso della responsabilita ."}
{"sentidx":139724,"lemma":"ambiente","token":"ambiente","start":345,"end":353,"sent":"La ratio sottostante ai nostri emendamenti , signor Presidente e da rinvenire nell ' assurda situazione che si e venuta a creare : e cioe in una fase di riorganizzazione dei ministeri , non si provvede a scorporare dalle competenze del Ministero dei lavori pubblici quelle che razionalmente dovrebbero afferire ai dicasteri dei trasporti e dell ambiente ."}
{"sentidx":33851,"lemma":"ambiente","token":"ambienti","start":161,"end":169,"sent":"Piu che rispondere in maniera equa alle richieste dei giovani che chiedono di fare il servizio civile in sostituzione di quello militare , si cerca di agevolare ambienti che approfittano spesso dell ' opera gratuita dei giovani senza offrire alcun servizio al paese ."}
{"sentidx":35072,"lemma":"ambiente","token":"ambiente","start":32,"end":40,"sent":"Intervenire perla difesa dell ' ambiente con atti promozionali , cercando di far convergere l interesse delle parti con programmi attivi e non soltanto con azioni di repressione , e quanto di nuovo comporta il provvedimento ."}
{"sentidx":15053,"lemma":"ambiente","token":"ambiente","start":66,"end":74,"sent":"Mi risulta che almeno tre Commissioni ad esempio , la Commissione ambiente ) stiano lavorando ."}
{"sentidx":107624,"lemma":"ambiente","token":"ambiente","start":332,"end":340,"sent":"Non vengono , inoltre assolutamente affrontate le questioni che chiamerei dell ' ambito ottimale , nonche quelle relative alla necessita di gestire in maniera integrata il ciclo delle acque ( acquedotti , depurazione , fognature ) , il che rischia di affossare un ' importante riforma che e gia in discussione presso la Commissione ambiente e lavori pubblici e che avrebbe dovuto essere approvata fin dalla scorsa legislatura ."}
{"sentidx":814,"lemma":"ambiente","token":"ambiente","start":231,"end":239,"sent":"Ecco cosa si sarebbe dovuto proporre da parte di chi ha a cuore che il territorio non sia sostanzialmente modificato dallo scempio degli incendi , ecco quali dovrebbero essere i compiti della protezione civile e del Ministero dell ambiente ."}
{"sentidx":19454,"lemma":"ambiente","token":"ambiente","start":328,"end":336,"sent":"Tale funzione e stata ben richiamata anche da quanti hanno formulato critiche ; concordo con quanto affermato dal collega Pratesi sulla necessita che il sistema ferroviario migliori il rapporto rotaia - gomma a favore della prima e che esso non possa e non debba prescindere da alcuni punti fermi , quali la salvaguardia dell ' ambiente , oltre alla trasparenza ed alla conseguente decisione circa un ' assunzione di responsabilita tecniche ."}
