{"sentidx":128588,"lemma":"censura","token":"censure","start":39,"end":46,"sent":"Concludendo intendiamo sottolineare le censure che abbiamo illustrato ."}
{"sentidx":84947,"lemma":"censura","token":"censura","start":69,"end":76,"sent":"Scompare perche la Commissione della Camera ha inteso bene la nostra censura , il delitto di false informazioni rese alla polizia giudiziaria ."}
{"sentidx":64374,"lemma":"censura","token":"censure","start":136,"end":143,"sent":"Il Governo infatti , ha sempre mantenuto nei confronti della magistratura un atteggiamento di assoluto rispetto e non ha mai esercitato censure su quanto la magistratura ha deciso nella liberta del suo campo di azione ."}
{"sentidx":22594,"lemma":"censura","token":"censure","start":109,"end":116,"sent":"Coloro che sembrano chiamarsi fuori dalle responsabilita e offrono sempre al Governo consigli ea volte anche censure dovrebbero stare molto attenti , perche se oggi il nostro paese si trova in grande difficolta , cio e dovuto anche alla mancata innovazione tecnologica e allo scarso know how Se infatti prendiamo in considerazione le partite di importazione , possiamo constatare che l Italia oltre alle materie prime , importa anche un diffuso know how In alcuni casi , nonostante la tutela realizzata da norme contingenti valide sia per l Europa sia per il nostro paese , alcune quote del mercato italiano sono sempre piu preda di produzioni esterne ."}
{"sentidx":82916,"lemma":"censura","token":"censure","start":190,"end":197,"sent":"Vorrei ricordare ancora ( senza provocare anche in questa occasione una rivolta da parte dei colleghi di rifondazione comunista , ai quali mi rivolgo per dialogare e non certo per esprimere censure , non essendo cio nelle mie abitudini ) che l onorevole Crucianelli nel corso del suo intervento ha affermato che noi , attraverso una pratica consociativa , avremmo contribuito a smantellare l equo canone ed avremmo cosi dato via libera ai contratti in deroga , o ai patti in deroga , per essere piu precisi ."}
{"sentidx":99719,"lemma":"censura","token":"censure","start":60,"end":67,"sent":"In primo luogo , condivido pienamente i dubbi e le numerose censure mosse al piano dall ' onorevole Pieroni e da altri parlamentari nel loro documento ."}
{"sentidx":119189,"lemma":"censura","token":"censura","start":249,"end":256,"sent":"Il nostro intendimento e di sottolineare con forza , per quel poco che i lavori parlamentari possono riuscire a giungere all ' attenzione di una vasta opinione pubblica ( poco per le vicende ricordate dall ' amico Pannella collegate ad ima sorta di censura sotterranea rispetto a quanto viene fatto e detto in quest ' aula ) , la nostra ferma opposizione al provvedimento in esame ."}
{"sentidx":52797,"lemma":"censura","token":"censura","start":228,"end":235,"sent":"Invero seppure taluno dei cantanti che hanno partecipato al concerto fosse stato invitato a non esternare posizioni proibizionistiche sarebbe stata comunque falsa e fuorviante una lettura dell ' episodio in termini di ricatto , censura , imposizione ."}
{"sentidx":32392,"lemma":"censura","token":"censure","start":123,"end":130,"sent":"Fino a prova del contrario , riteniamo che quanto accade qua dentro , dal punto di vista della trasparenza , sia esente da censure ed in questa linea intendiamo restare ."}
{"sentidx":128638,"lemma":"censura","token":"censura","start":66,"end":73,"sent":"Il fatto e piuttosto grave perche e evidente che si tratta di una censura dei soliti compagni ."}
{"sentidx":102110,"lemma":"censura","token":"censura","start":46,"end":53,"sent":"Tantissime volte sono state oggetto di giusta censura le vicende politiche dei comuni , i repentini capovolgimenti di maggioranza , la rapida e direi incontinente sostituzione di sindaci , ogni tre , sei mesi , in qualche circostanza sostituiti perfino prima ancora di essere eletti , sostituiti come potenziali sindaci ."}
{"sentidx":137562,"lemma":"censura","token":"censura","start":104,"end":111,"sent":"Con lamia interrogazione intendevo sollecitare un pronunciamento da parte del Governo che suonasse come censura nei confronti del presidente dell ' assemblea , che determino , con una sua decisione , l intervento delle forze di polizia el ' allontanamento del pubblico ."}
{"sentidx":28536,"lemma":"censura","token":"censura","start":327,"end":334,"sent":"Sottolineo che quando si registro una maggioranza per approvarla , la si era raggiunta attraverso il calcolo dei numerosi deputati in missione o addirittura con il voto \u00ab a due manie a piu dita come era in uso in charitatis Camera Abbiamo quindi sempre votato con presenze risicate una legge che e caduta poi sotto la corretta censura costituzionale del Presidente della Repubblica Cossiga il quale l ha rinviata alle Camere per il relativo riesame proprio alla scadenza della precedente legislatura ."}
{"sentidx":32631,"lemma":"censura","token":"censure","start":70,"end":77,"sent":"Dopo tale premessa , dobbiamo pero sollevare alcune serie obiezioni e censure sul testo sottoposto al terzo esame da parte nostra e quindi all ' approvazione di questo ramo del Parlamento Molti colleghi ed anche il relatore Casini si sono giustamente soffermati sull ' incomprensibilita della previsione dell ' autorizzazione per quanto riguarda le perquisizioni personali e domiciliari ."}
{"sentidx":5195,"lemma":"censura","token":"censura","start":171,"end":178,"sent":"Non mi riferisco soltanto alla votazione sull ' emendamento che recuperava un a sentenza della Corte costi costituzionale ed all indifferenza del Governo rispetto ad un a censura che dava ragione di critiche severe che , a proposi to dell ' ul timo decreto antimafia , gli erano state rivolte ; quelle che mi pa iono piu gravi sono ta lune votazioni e dichiarazioni in mater ia di lavoro penitenziario ."}
{"sentidx":3539,"lemma":"censura","token":"censura","start":109,"end":116,"sent":"Non posso che scusarmi ; pero nei confronti del Governo lamia censura e gravissima la ribadisco , perche ela censura di una latitanza rispetto ai problemi essenziali della nostra comunita nazionale ."}
{"sentidx":3539,"lemma":"censura","token":"censura","start":62,"end":69,"sent":"Non posso che scusarmi ; pero nei confronti del Governo lamia censura e gravissima la ribadisco , perche ela censura di una latitanza rispetto ai problemi essenziali della nostra comunita nazionale ."}
{"sentidx":145856,"lemma":"censura","token":"censura","start":409,"end":416,"sent":"Devo dire pero con grande amarezza , che sta spirando nel paese un vento di intolleranza , che si sta diffondendo sempre piu la tentazione , talvolta espressa in termini truculenti di aggressione alla persona e ai partiti nel loro complesso , di trasformare la valutazione ela critica in una condanna anticipata che colpisce gli uomini e le formazioni politiche e di trasformare in un gesto di vilipendio una censura che potrebbe essere invece espressa in forme legittime ."}
{"sentidx":13872,"lemma":"censura","token":"censure","start":236,"end":243,"sent":"Signor Presidente signor Presidente delConsiglio onorevoli colleghi , ieri sera , a conclusione del dibattito , l onorevole Occhetto ha voluto trarre le prime conclusioni e conversando con i giornalisti , ha distribuito apprezzamenti e censure ; in particolare , ha voluto esprimere apprezzamento per quanto affermato nella mattinata di ieri dal nostro segretario politico , contrapponendo , nella valutazione , il suo intervento a quelli svolti dagli onorevoli Forlani e Bianco Da Forlani prima , e da Bianco poi sono stati sottolineati tutti gli sforzi compiuti per dare avvio a questa legislatura ."}
{"sentidx":10735,"lemma":"censura","token":"censure","start":111,"end":118,"sent":"Essa infatti non tiene conto del fatto che , a fronte della stenografia di cui ho parlato , la quale merita le censure di obsolescenza , vi e un altro tipo di stenografia , collegata alla telematica , che ha il futuro dinanzi a se e quindi necessita di docenti in grado di insegnare Tale stenografia ha certamente una platea sempre piu vasta di potenziali allievi , che intendono apprenderla per utilizzarlo nel mondo del lavoro ."}
{"sentidx":122506,"lemma":"censura","token":"censura","start":50,"end":57,"sent":"Credo che un simile mo do di agire de b ba essere censura to , pe r c he vi echi nel nos tro paese crede nella dignita della politica , ritiene che far politica significhi effettivamente svolgere un servizio pe r la citta , pe r la nazione , e che tale servizio sia qualcosa di sacro e di prezioso pe r il be ne della collettivita ( Applausi dei deputati del gruppo federalista europeo e del deputato Sgarbi"}
{"sentidx":52815,"lemma":"censura","token":"censura","start":45,"end":52,"sent":"Il ministro mi dira ora che non si tratta di censura e che il Governo che impone ai giornalisti quali domande fare e quali non fare \u2014 non ricorre ad alcuna clausola ricattatoria nei confronti della libera informazione ; e questa la sua idea della democrazia , della libera informazione e del diritto ."}
{"sentidx":61113,"lemma":"censura","token":"censure","start":396,"end":403,"sent":"A lei Presidente e sfuggito un giudizio , una valutazione pur legittima ma che , in quanto terzo e arbitro non parziale in questo consesso , mi scusi , non avrebbe dovuto sfuggire Noi apprezziamo , il modo in cui dirige i lavori dell ' Assemblea e apprezziamo , in particolare , il modo in cui l ha diretta oggi , pero la preghiamo di riflettere sull ' opportunita di non esprimere valutazioni e censure su comportamenti , atteggiamenti e orientamenti ideali che possono non essere condivisi , ma devono essere garantiti per tutti , soprattutto quando si tratti di esponenti delle minoranze ( Applausi dei deputati dei gruppi del PDS di rifondazione comunista , dei verdi , federalista europeo e della lega nord ) ."}
{"sentidx":34492,"lemma":"censura","token":"censure","start":50,"end":57,"sent":"Non voglio qui ripetere le numerose e giustissime censure di carattere costituzionale che in Commissione ed in aula sono state mosse al decreto da parte della lega nord e di numerosi altri gruppi ."}
{"sentidx":39053,"lemma":"censura","token":"censura","start":249,"end":256,"sent":"Noi invitiamo fermamente il Governo ad applicare le leggi dello Stato come ricordava la collega Bonino ed invitiamo anche la Presidenza della Camera visto che l onorevole Labriola che precedentemente presiedeva la seduta , ha espresso anch egli una censura in ordine a tal modo di procedere e in particolare , in ordine a questo decreto \u2014 a prendere in esame la proposta che diversi gruppi hanno avanzato di adottare almeno una modifica regolamentare che consenta di votare in modo diversificato i vari capitoli dei decreti - legge , per consentire ai gruppi di esprimere le loro posizioni nel merito ."}
{"sentidx":3335,"lemma":"censura","token":"censura","start":604,"end":611,"sent":"In sostanza , ai soggetti danneggiati da un illecito sarebbe consentita la medesima possibilita di accesso , costitutiva della situazione antecedente ( una forma di integrum Se invece accadesse nell ' ultimo giorno della propaganda elettorale , che e il piu delicato , vista l impossibilita di offrire ai concorrenti il medesimo spazio , sarebbe necessario prevedere una sanzione piu grave , come per esempio l oscuramento totale del segnale per un mese : in questo caso , qualora lo volesse , l emittente per il periodo stabilito potrebbe trasmettere al massimo il proprio simbolo oppure un cartello di censura ."}
{"sentidx":130532,"lemma":"censura","token":"censura","start":52,"end":59,"sent":"Hanno il significato di una protesta estrema per la censura mossa dal Presidente della Repubblica ad un voto liberamente espresso dalla Camera e quindi , per la lesione che si e determinata nei riguardi della liberta , dell ' autonomia e del primato del Parlamento La Costituzione sancisce , all ' articolo 68 primo comma , l assoluta insindacabilita dei membri del Parlamento perle opinioni espresse e peri voti dati nell ' esercizio delle loro funzioni ."}
{"sentidx":32391,"lemma":"censura","token":"censure","start":165,"end":172,"sent":"E questo un motivo che si aggiunge a quelli che richiamavo prima per giustificare e dare valore al nostro voto contrario , che non si vuole accodare alle critiche e censure di natura contabile che da qualche parte sono venute ."}
{"sentidx":36403,"lemma":"censura","token":"censure","start":162,"end":169,"sent":"Siamo invece chiamati a valutare la richiesta che ci proviene dal pubblico ministero di Reggio Calabria A tale riguardo concordo con tutti i rilievi critici e le censure qui ribaditi dal relatore , collega Correnti in rapporto alla richiesta , avanzata dalla magistratura di Reggio Calabria di procedere contro il collega Misasi In questo testo sono contenute ipotesi di reato gravissime \u2014 come associazione di stampo mafioso e corruzione \u2014 , esposte sulla base di fatti e circostanze non direttamente riferibili al collega Misasi Ho trovato il documento un esercizio di pessima letteratura ( gli astri , i satelliti , la luce riflessa . )"}
{"sentidx":139995,"lemma":"censura","token":"censura","start":178,"end":185,"sent":"Si tende a svilire i provvedimenti parlamentari o governativi che non corrispondono agli schemi di riferimento politico di quella testata televisiva e si opera cosi una forma di censura gravissima , perche non si consente ai cittadini di crearsi un ' opinione informata , che el ' unica democraticamente valida ."}
{"sentidx":9977,"lemma":"censura","token":"censura","start":64,"end":71,"sent":"Ma aldi la del fatto che puo apparire solo procedurale , la mia censura riguarda i comportamenti della radiotelevisione pubblica , rispetto alla quale mi sembra che il ministro delle poste e delle telecomunicazioni o non voglia intervenire , o sia in qualche modo anchilosato , trattenuto da considerazioni di carattere partitico oda equilibri politici e di maggioranza dall ' intervenire su questa o su quella rete spartita e lottizzata , come tutti sappiamo ."}
{"sentidx":40355,"lemma":"censura","token":"censura","start":744,"end":751,"sent":"Signor Presidente non piu di dieci giorni fa , in quest ' aula , durante la discussione dei documenti di sindacato ispettivo in materia , il nostro gruppo aveva dovuto constatare l inadeguatezza ela desolante reticenza del Governo che nell occasione rappresentato da un sottosegretario , dimostrava di non essere neppure consapevole delle imminenti decisioni delle Nazioni Unite poi assunte con la risoluzione 794 Nei giorni successivi , con un metodo reiterato \u2014 che sta diventando ormai un ' abitudine \u2014 , il ministro della difesa ha comunicato alle televisioni di Stato e private ed ai giornali la decisione assunta di inviare un contingente italiano : si e dimenticato pero di comunicare al Parlamento Il mio gruppo vuole esprimere qui una censura per il disprezzo , che appare inaccettabile , verso l unico luogo atto a prendere decisioni di tale rilievo \u2014 fra l altro , di carattere umanitario \u2014 , cioe verso il Parlamento della Repubblica Oggi grazie alla reazione del Parlamento siamo finalmente chiamati a valutare ed a decidere ."}
{"sentidx":76189,"lemma":"censura","token":"censura","start":314,"end":321,"sent":"Noi dobbiamo dunque utilizzare una formula che faccia coincidere la nostra volonta con la manifestazione della stessa , ricordando che la preoccupazione e che gli atti compiuti in sede propria , cioe all ' interno del Parlamento siano coperti \u2014 ripeto \u2014 dall ' insindacabilita sotto il profilo della non possibile censura in sede di giurisdizione ordinaria o amministrativa o disciplinare ."}
{"sentidx":32639,"lemma":"censura","token":"censura","start":44,"end":51,"sent":"Al riguardo non ho sentito sollevare alcuna censura da parte dei colleghi che mi hanno preceduto e neppure da parte del rappresentante del gruppo della lega nord , che inizialmente era addirittura per l abrogazione totale dell ' articolo 68 della Costituzione compreso il primo comma , relativo all ' insindacabilita ."}
{"sentidx":86976,"lemma":"censura","token":"censura","start":391,"end":398,"sent":"Vi era un disegno di questo tipo , che e stato battuto in Croazia per il momento il 15 luglio non ci saranno elezioni , Greguric e Tomac sono li il presidente Tudjman continua evidentemente a dover tener presenti diverse situazioni di pericolo , mentre il vicepresidente Tomac e collaboratore di uno di quei settimanali nei confronti dei quali si minaccia di attuare un ' azione , se non di censura , almeno di ostracismo ."}
{"sentidx":89060,"lemma":"censura","token":"censura","start":168,"end":175,"sent":"Per quanto attiene alla dichiarazione resa in forza di legge , o cambiamo la legge o quella dichiarazione e passibile di valutazioni critiche in sede deontologica , di censura politica odi qualsiasi tipo di censura ; ma certamente latto non assurge a dignita di atto pubblico , perche non proviene da pubblico ufficiale , non ha alcuna caratteristica di compiacenza cio non dicendo \u2014 appunto \u2014 la legge ."}
{"sentidx":89060,"lemma":"censura","token":"censura","start":207,"end":214,"sent":"Per quanto attiene alla dichiarazione resa in forza di legge , o cambiamo la legge o quella dichiarazione e passibile di valutazioni critiche in sede deontologica , di censura politica odi qualsiasi tipo di censura ; ma certamente latto non assurge a dignita di atto pubblico , perche non proviene da pubblico ufficiale , non ha alcuna caratteristica di compiacenza cio non dicendo \u2014 appunto \u2014 la legge ."}
{"sentidx":22611,"lemma":"censura","token":"censura","start":430,"end":437,"sent":"Il Parlamento sta quindi rinunciando quietamente a svolgere , attraverso la legge finanziaria , il compito principale che in materia economico - finanziaria spetta al Parlamento stesso , al quale e assegnato dall ' articolo 81 della Costituzione quello di indicare i limiti dell ' indebitamento generale dello Stato Io credo quindi che vi fossero probabilmente per la Commissione bilancio presupposti per esprimere ben piu che la censura formulata nella relazione tecnica che quasi sommessamente il relatore , a conclusione della sua relazione , ieri sera invitava i componenti dell ' Assemblea a leggere ."}
{"sentidx":64867,"lemma":"censura","token":"censure","start":427,"end":434,"sent":"Dubbi penali legati al prezzo , alla valutazione , ad un compromesso di vendita \u2014 stipulato prima che venisse esercitato il diritto di prelazione dal Ministero dei beni culturali \u2014 da parte di una societa fantasma costituita con un piccolo capitale solo per effettuare l operazione villa Blanc Insomma potrebbe allungarsi sulla contestata vicenda l ombra di Tangentopoli L articolo prosegue con altri particolari , richiamando censure non solo della Corte dei conti , ma anche di un ispettore che bolla innanzitutto \u00bb \u2014 cito testualmente l articolo \u2014 \u00ab come \" gravissima anomalia \" quella di avere attribuito alle Finanze un acquisto che avrebbe dovuto competere ai Beni culturali ."}
{"sentidx":32647,"lemma":"censura","token":"censura","start":143,"end":150,"sent":"Ci dispiace \u2014 lo ripeto ancora una volta \u2014 che da nessuna parte politica presente in questo Parlamento sia stata mossa alcuna critica e alcuna censura in merito al permanere dell ' autorizzazione per l arresto di un parlamentare ."}
{"sentidx":130697,"lemma":"censura","token":"censura","start":223,"end":230,"sent":"ed eventuali dimissioni legate a fatti ben precisi , che comportano per l ex onorevole Scalfaro responsabilita non in quanto Presidente ma in quanto ministro dell ' interno , e sulle quali non intendo sia consentita alcuna censura !"}
{"sentidx":144794,"lemma":"censura","token":"censura","start":105,"end":112,"sent":"Se un deputato e assente per non votare una legge , e quindi con la sua assenza esercita un diritto , la censura rivoltagli va oltre il dovere istituzionale ."}
{"sentidx":107372,"lemma":"censura","token":"censura","start":44,"end":51,"sent":"Da cio deriva , naturalmente , una forma di censura anche nei confronti del Ministero del turismo e dello spettacolo , che non ha provveduto in tutti questi mesi a sollecitare gli enti interessati affinche inviassero i bilanci al fine di verificare come siano state spese centinaia di miliardi , e cio nel momento in cui stiamo per erogare altre centinaia a favore di organizzazioni operanti nel comparto dello spettacolo e soprattutto , degli enti lirici ."}
{"sentidx":122488,"lemma":"censura","token":"censura","start":134,"end":141,"sent":"Gia una l t r a volta ho dovuto richiamare il Par lamento e il Comitato competenza ten teche no ne adde t to alla sorveglianza o alla censura , ma deve far rispettare , almeno at traverso un ace r ta forma di pressione mora le , le liberta fondamentali e le diverse posizioni \u2014 perche , a proposito del nuovo decreto - legge sulla questione della droga , e r ano stati invitati ad un a trasmissione del TG1 sol tanto gli avversari di quel decreto ."}
{"sentidx":52814,"lemma":"censura","token":"censura","start":657,"end":664,"sent":"Io intendevo sapere se fosse vero che il permesso per le riprese televisive del concerto del 21 novembre scorso contro la droga sia stato concesso dalla direzione del dipartimento per gli affari sociali presso la Presidenza del Consiglio aduna condizione : che , nelle interviste ai cantanti , non venisse mai toccato il tema della legalizzazione della droga e dell proibizionismo E questa una tematica diversa la quale giustifica che io , signor ministro , fatta salva la verita della questione , mi riferisca poi ad una \u00ab clausola ricattatoria \u00bb , ad una \u00ab censura governativa \u00bb contro la liberta di informazione , e cosi via Si tratta , infatti , di una censura imposta ai giornalisti delle emittenti televisive : una censura alla quale si e dovuto soggiacere perche fosse consentito a tali emittenti di riprendere il concerto ."}
{"sentidx":52814,"lemma":"censura","token":"censura","start":721,"end":728,"sent":"Io intendevo sapere se fosse vero che il permesso per le riprese televisive del concerto del 21 novembre scorso contro la droga sia stato concesso dalla direzione del dipartimento per gli affari sociali presso la Presidenza del Consiglio aduna condizione : che , nelle interviste ai cantanti , non venisse mai toccato il tema della legalizzazione della droga e dell proibizionismo E questa una tematica diversa la quale giustifica che io , signor ministro , fatta salva la verita della questione , mi riferisca poi ad una \u00ab clausola ricattatoria \u00bb , ad una \u00ab censura governativa \u00bb contro la liberta di informazione , e cosi via Si tratta , infatti , di una censura imposta ai giornalisti delle emittenti televisive : una censura alla quale si e dovuto soggiacere perche fosse consentito a tali emittenti di riprendere il concerto ."}
{"sentidx":52814,"lemma":"censura","token":"censura","start":559,"end":566,"sent":"Io intendevo sapere se fosse vero che il permesso per le riprese televisive del concerto del 21 novembre scorso contro la droga sia stato concesso dalla direzione del dipartimento per gli affari sociali presso la Presidenza del Consiglio aduna condizione : che , nelle interviste ai cantanti , non venisse mai toccato il tema della legalizzazione della droga e dell proibizionismo E questa una tematica diversa la quale giustifica che io , signor ministro , fatta salva la verita della questione , mi riferisca poi ad una \u00ab clausola ricattatoria \u00bb , ad una \u00ab censura governativa \u00bb contro la liberta di informazione , e cosi via Si tratta , infatti , di una censura imposta ai giornalisti delle emittenti televisive : una censura alla quale si e dovuto soggiacere perche fosse consentito a tali emittenti di riprendere il concerto ."}
{"sentidx":52798,"lemma":"censura","token":"censura","start":93,"end":100,"sent":"Le tesi proibizionistiche possono essere liberamente sostenute da chicchessia , senza alcuna censura e dalle piu svariate tribune , compresa quella dei media radiotelevisivi ."}
{"sentidx":128574,"lemma":"censura","token":"censura","start":3,"end":10,"sent":"La censura della Corte dei conti , cosi come giustamente e stata avanzata , avrebbe obbligato le aziende a modificare la prassi in atto , decurtando gli importi di fatto corrisposti e recuperando gli arretrati ."}
{"sentidx":32663,"lemma":"censura","token":"censure","start":23,"end":30,"sent":"Oggi siamo di fronte a censure per cosi dire non tali dal punto di vista della forma , ma tali certamente dal punto di vista della sostanza ."}
{"sentidx":18551,"lemma":"censura","token":"censura","start":151,"end":158,"sent":"Occorre dunque ima legge di sistema , per parlare anche di codice di autoregolamentazione , di diritti e doveri del giornalista e del lettore e non di censura ; occorre una legge perche anche nel settore delle TV locali in questi giorni , quando i riflettori sono concentrati su altro , accadono cose preoccupanti , ed e Berlusconi ancora una volta \u2014 a tentare di farla da padrone : finora ha continuato a navigare indenne ed ora sta mettendo le mani sulle TV locali , pronto a riciclarsi ed a ritagliarsi spazi in una legislazione sbagliata ."}
{"sentidx":22612,"lemma":"censura","token":"censura","start":75,"end":82,"sent":"Penso ripeto \u2014 che sarebbe stata possibile qualcosa di piu che quella mera censura ."}
{"sentidx":36407,"lemma":"censura","token":"censura","start":127,"end":134,"sent":"Mi pare che questo sia anche il modo per esprimere , nei confronti del documento dei magistrati \u2014 viste le motivazioni \u2014 , una censura piu forte , piu pesante , piu incisiva che non il rigetto per intento persecutorio ."}
{"sentidx":6401,"lemma":"censura","token":"censure","start":43,"end":50,"sent":"La mia attivita no n ha ma i dato adi to a censure , rilievi e sospetti di sor ta ."}
{"sentidx":25718,"lemma":"censura","token":"censura","start":6,"end":13,"sent":"E una censura che il relatore rivolge alla politica del Governo e che noi non possiamo che sottoscrivere visto che , dal momento in cui il Governo Amato sie presentato la prima volta a sollecitare la fiducia , abbiamo denunziato il carattere distintivo delle dichiarazioni del Presidente del Consiglio un carattere che riassumevamo nell ' espressione \u00ab ricerca dell ' effetto annunzio \u00bb ."}
{"sentidx":32646,"lemma":"censura","token":"censura","start":128,"end":135,"sent":"Su tale parte dell ' articolo 68 cosi riformato non possiamo pertanto non rinnovare anche in questa sede la nostra piu drastica censura ela nostra piu convinta critica ."}
{"sentidx":52795,"lemma":"censura","token":"censura","start":226,"end":233,"sent":"Per altro , prima di entrare nel merito dei fatti oggetto dell ' interrogazione stessa , desidero fare una premessa riguardo al linguaggio usato , con particolare riferimento ad espressioni quali \u00ab clausola ricattatoria \u00bb , \u00ab censura governativa contro la liberta di informazione \u00bb e imposizione che ."}
{"sentidx":94674,"lemma":"censura","token":"censure","start":154,"end":161,"sent":"Con questo discorso no n vogliamo certo censura re i senatori che ha n no deciso in ma ni e r a differente ( non ci pe r me t te re mm o ma idi rivolgere censure all ' altro r am o del Par lamento ) , ma in tendiamo sottolineare che , evidentemente , il co m po r ta me n to del Governo e della maggioranza in quella sede es ta to di diversa elasticita rispetto a quello , rigido , t enu to alla Camera Atti Parlamentari 8285 Camera dei Deputati XI LEGISLATURA DISCUSSIONI SEDUTA DEL 21 DICEMBRE 1992 Abbiamo accetta to l anno scorso la \u00ab novita \u00bb delle tabelle annesse alla legge finanziaria senza l indicazione delle pos te dei fondi speciali e abbiamo cerca to di no n contrastare le tecniche di un a sana redazione della legge finanziaria : tuttavia , ci troviamo ora di fronte a situazioni preoccupanti a causa delle quali spe riamo no n vi siano esiti negativi pe r la sostanza dei provvedimenti ."}
{"sentidx":94674,"lemma":"censura","token":"censura","start":40,"end":47,"sent":"Con questo discorso no n vogliamo certo censura re i senatori che ha n no deciso in ma ni e r a differente ( non ci pe r me t te re mm o ma idi rivolgere censure all ' altro r am o del Par lamento ) , ma in tendiamo sottolineare che , evidentemente , il co m po r ta me n to del Governo e della maggioranza in quella sede es ta to di diversa elasticita rispetto a quello , rigido , t enu to alla Camera Atti Parlamentari 8285 Camera dei Deputati XI LEGISLATURA DISCUSSIONI SEDUTA DEL 21 DICEMBRE 1992 Abbiamo accetta to l anno scorso la \u00ab novita \u00bb delle tabelle annesse alla legge finanziaria senza l indicazione delle pos te dei fondi speciali e abbiamo cerca to di no n contrastare le tecniche di un a sana redazione della legge finanziaria : tuttavia , ci troviamo ora di fronte a situazioni preoccupanti a causa delle quali spe riamo no n vi siano esiti negativi pe r la sostanza dei provvedimenti ."}
{"sentidx":35793,"lemma":"censura","token":"censura","start":327,"end":334,"sent":"A N T O N I O Relatore di minoranza sui disegni di legge nn 1446 e 1650 Signor Presidente signor ministro Barucci onorevoli colleghi , il ruolo di un gruppo politico co me quello del MSI destra nazionale no n pu o ne avrebbe po tu to no n esprimersi in senso for temente alternativo , no n solo sotto il profilo di un ad u r a censura nei confronti della politica economica e finanziaria del Governo ma anche in termini di indirizzo , e quindi propositivi ."}
{"sentidx":116292,"lemma":"censura","token":"censure","start":545,"end":552,"sent":"G I O V A N I Relatore Signor Presidente colleghi , quello in esame e un caso che non ha occupato eccessivamente la Giunta e che quindi credo non debba affliggere l Assemblea Siamo di fronte ad un addebito di cui all ' articolo 323 del codice penale \u2014 accusa riformata per successione della legge nel tempo \u2014 , il quale ormai si sostanzia in un ' ordinanza di rinvio a giudizio , quindi in qualcosa di corposamente corroborato da elementi di accusa , in ordine ai quali non e certamente prerogativa del Parlamento compiere verifiche o formulare censure ."}
{"sentidx":134937,"lemma":"censura","token":"censura","start":181,"end":188,"sent":"Mi riferisco alle loro valutazioni tecniche sulle norme ed al fatto che queste ultime assumano il tono , il sapore , il significato di una generalizzata , e per questo immeritata , censura nei confronti dei magistrati ."}
{"sentidx":143966,"lemma":"censura","token":"censura","start":212,"end":219,"sent":"Se no n interveniamo \u2014 to rno adire \u2014 no n sara l u tenza in senso generico , ma la democrazia del paese a soffrirne ; bat tersi con tro questo fatto e d amenti dimenticare chela RAI pratica forme esaspera te di censura no n sarebbe giusto ."}
{"sentidx":36456,"lemma":"censura","token":"censure","start":204,"end":211,"sent":"Signor Presidente votero a favore dellaproposta presentata dall ' onorevole Bargone nella piena consapevolezza che in questo voto sono implicite alcune riserve , anzi \u2014 per essere piu esatti \u2014 autentiche censure sulla professionalita , se non su altro , dei pubblici ministeri che hanno formulato la richiesta ."}
{"sentidx":63167,"lemma":"censura","token":"censura","start":161,"end":168,"sent":"Altrimenti prenderebbe l avvio una casistica che creerebbe anche gravi preoccupazioni proprio di carattere costituzionale ' , perche determinerebbe una sorta di censura nei confronti del potere giudiziario da parte del potere legislativo \u2014 che si esprimerebbe in questo caso nel potere parlamentare di autotutela \u2014 che potrebbe determinare gravi discrasie e conflitti ."}
{"sentidx":62019,"lemma":"censura","token":"censure","start":199,"end":206,"sent":"In definitiva , l espressione che noi proponiamo , \u00ab la completezza \u00bb dell ' informazione , garantirebbe , a chi effettivamente l ha a cuore , la liberta di informazione , evitando discriminazioni o censure immotivate nei confronti di un determinato partito ."}
