{"sentidx":79913,"lemma":"destra","token":"destra","start":7,"end":13,"sent":"gruppo destra nazionale )"}
{"sentidx":88414,"lemma":"destra","token":"destra","start":7,"end":13,"sent":"gruppo destra nazionale )"}
{"sentidx":92769,"lemma":"destra","token":"destra","start":7,"end":13,"sent":"gruppo destra nazionale )"}
{"sentidx":92055,"lemma":"destra","token":"destra","start":7,"end":13,"sent":"gruppo destra nazionale )"}
{"sentidx":92026,"lemma":"destra","token":"destra","start":7,"end":13,"sent":"gruppo destra nazionale )"}
{"sentidx":92022,"lemma":"destra","token":"destra","start":7,"end":13,"sent":"gruppo destra nazionale )"}
{"sentidx":92014,"lemma":"destra","token":"destra","start":7,"end":13,"sent":"gruppo destra nazionale )"}
{"sentidx":92002,"lemma":"destra","token":"destra","start":7,"end":13,"sent":"gruppo destra nazionale )"}
{"sentidx":91748,"lemma":"destra","token":"destra","start":7,"end":13,"sent":"gruppo destra nazionale )"}
{"sentidx":91740,"lemma":"destra","token":"destra","start":7,"end":13,"sent":"gruppo destra nazionale )"}
{"sentidx":91721,"lemma":"destra","token":"destra","start":7,"end":13,"sent":"gruppo destra nazionale )"}
{"sentidx":91155,"lemma":"destra","token":"destra","start":7,"end":13,"sent":"gruppo destra nazionale )"}
{"sentidx":91145,"lemma":"destra","token":"destra","start":7,"end":13,"sent":"gruppo destra nazionale )"}
{"sentidx":91114,"lemma":"destra","token":"destra","start":7,"end":13,"sent":"gruppo destra nazionale )"}
{"sentidx":91107,"lemma":"destra","token":"destra","start":7,"end":13,"sent":"gruppo destra nazionale )"}
{"sentidx":90226,"lemma":"destra","token":"destra","start":7,"end":13,"sent":"gruppo destra nazionale )"}
{"sentidx":88990,"lemma":"destra","token":"destra","start":7,"end":13,"sent":"gruppo destra nazionale )"}
{"sentidx":88986,"lemma":"destra","token":"destra","start":7,"end":13,"sent":"gruppo destra nazionale )"}
{"sentidx":88984,"lemma":"destra","token":"destra","start":7,"end":13,"sent":"gruppo destra nazionale )"}
{"sentidx":88450,"lemma":"destra","token":"destra","start":7,"end":13,"sent":"gruppo destra nazionale )"}
{"sentidx":88436,"lemma":"destra","token":"destra","start":7,"end":13,"sent":"gruppo destra nazionale )"}
{"sentidx":92798,"lemma":"destra","token":"destra","start":7,"end":13,"sent":"gruppo destra nazionale )"}
{"sentidx":92801,"lemma":"destra","token":"destra","start":7,"end":13,"sent":"gruppo destra nazionale )"}
{"sentidx":92812,"lemma":"destra","token":"destra","start":7,"end":13,"sent":"gruppo destra nazionale )"}
{"sentidx":99449,"lemma":"destra","token":"destra","start":7,"end":13,"sent":"gruppo destra nazionale )"}
{"sentidx":100207,"lemma":"destra","token":"destra","start":7,"end":13,"sent":"gruppo destra nazionale )"}
{"sentidx":100206,"lemma":"destra","token":"destra","start":7,"end":13,"sent":"gruppo destra nazionale )"}
{"sentidx":100205,"lemma":"destra","token":"destra","start":7,"end":13,"sent":"gruppo destra nazionale )"}
{"sentidx":99491,"lemma":"destra","token":"destra","start":7,"end":13,"sent":"gruppo destra nazionale )"}
{"sentidx":99484,"lemma":"destra","token":"destra","start":7,"end":13,"sent":"gruppo destra nazionale )"}
{"sentidx":99482,"lemma":"destra","token":"destra","start":7,"end":13,"sent":"gruppo destra nazionale )"}
{"sentidx":99458,"lemma":"destra","token":"destra","start":7,"end":13,"sent":"gruppo destra nazionale )"}
{"sentidx":99451,"lemma":"destra","token":"destra","start":7,"end":13,"sent":"gruppo destra nazionale )"}
{"sentidx":99447,"lemma":"destra","token":"destra","start":7,"end":13,"sent":"gruppo destra nazionale )"}
{"sentidx":93515,"lemma":"destra","token":"destra","start":7,"end":13,"sent":"gruppo destra nazionale )"}
{"sentidx":98677,"lemma":"destra","token":"destra","start":7,"end":13,"sent":"gruppo destra nazionale )"}
{"sentidx":98636,"lemma":"destra","token":"destra","start":7,"end":13,"sent":"gruppo destra nazionale )"}
{"sentidx":98108,"lemma":"destra","token":"destra","start":7,"end":13,"sent":"gruppo destra nazionale )"}
{"sentidx":97508,"lemma":"destra","token":"destra","start":7,"end":13,"sent":"gruppo destra nazionale )"}
{"sentidx":97502,"lemma":"destra","token":"destra","start":7,"end":13,"sent":"gruppo destra nazionale )"}
{"sentidx":97293,"lemma":"destra","token":"destra","start":7,"end":13,"sent":"gruppo destra nazionale )"}
{"sentidx":95290,"lemma":"destra","token":"destra","start":7,"end":13,"sent":"gruppo destra nazionale )"}
{"sentidx":93524,"lemma":"destra","token":"destra","start":7,"end":13,"sent":"gruppo destra nazionale )"}
{"sentidx":88431,"lemma":"destra","token":"destra","start":7,"end":13,"sent":"gruppo destra nazionale )"}
{"sentidx":87919,"lemma":"destra","token":"destra","start":7,"end":13,"sent":"gruppo destra nazionale )"}
{"sentidx":133350,"lemma":"destra","token":"destra","start":7,"end":13,"sent":"gruppo destra nazionale )"}
{"sentidx":87909,"lemma":"destra","token":"destra","start":7,"end":13,"sent":"gruppo destra nazionale )"}
{"sentidx":79917,"lemma":"destra","token":"destra","start":7,"end":13,"sent":"gruppo destra nazionale )"}
{"sentidx":79915,"lemma":"destra","token":"destra","start":7,"end":13,"sent":"gruppo destra nazionale )"}
{"sentidx":79912,"lemma":"destra","token":"destra","start":7,"end":13,"sent":"gruppo destra nazionale )"}
{"sentidx":79308,"lemma":"destra","token":"destra","start":7,"end":13,"sent":"gruppo destra nazionale )"}
{"sentidx":79307,"lemma":"destra","token":"destra","start":7,"end":13,"sent":"gruppo destra nazionale )"}
{"sentidx":79275,"lemma":"destra","token":"destra","start":7,"end":13,"sent":"gruppo destra nazionale )"}
{"sentidx":79273,"lemma":"destra","token":"destra","start":7,"end":13,"sent":"gruppo destra nazionale )"}
{"sentidx":79272,"lemma":"destra","token":"destra","start":7,"end":13,"sent":"gruppo destra nazionale )"}
{"sentidx":78361,"lemma":"destra","token":"destra","start":7,"end":13,"sent":"gruppo destra nazionale )"}
{"sentidx":78355,"lemma":"destra","token":"destra","start":7,"end":13,"sent":"gruppo destra nazionale )"}
{"sentidx":77563,"lemma":"destra","token":"destra","start":7,"end":13,"sent":"gruppo destra nazionale )"}
{"sentidx":77545,"lemma":"destra","token":"destra","start":7,"end":13,"sent":"gruppo destra nazionale )"}
{"sentidx":77524,"lemma":"destra","token":"destra","start":7,"end":13,"sent":"gruppo destra nazionale )"}
{"sentidx":77164,"lemma":"destra","token":"destra","start":7,"end":13,"sent":"gruppo destra nazionale )"}
{"sentidx":76578,"lemma":"destra","token":"destra","start":7,"end":13,"sent":"gruppo destra nazionale )"}
{"sentidx":76577,"lemma":"destra","token":"destra","start":7,"end":13,"sent":"gruppo destra nazionale )"}
{"sentidx":73846,"lemma":"destra","token":"destra","start":7,"end":13,"sent":"gruppo destra nazionale )"}
{"sentidx":73842,"lemma":"destra","token":"destra","start":7,"end":13,"sent":"gruppo destra nazionale )"}
{"sentidx":73836,"lemma":"destra","token":"destra","start":7,"end":13,"sent":"gruppo destra nazionale )"}
{"sentidx":82608,"lemma":"destra","token":"destra","start":7,"end":13,"sent":"gruppo destra nazionale )"}
{"sentidx":83924,"lemma":"destra","token":"destra","start":7,"end":13,"sent":"gruppo destra nazionale )"}
{"sentidx":83938,"lemma":"destra","token":"destra","start":7,"end":13,"sent":"gruppo destra nazionale )"}
{"sentidx":87819,"lemma":"destra","token":"destra","start":7,"end":13,"sent":"gruppo destra nazionale )"}
{"sentidx":87895,"lemma":"destra","token":"destra","start":7,"end":13,"sent":"gruppo destra nazionale )"}
{"sentidx":87883,"lemma":"destra","token":"destra","start":7,"end":13,"sent":"gruppo destra nazionale )"}
{"sentidx":87882,"lemma":"destra","token":"destra","start":7,"end":13,"sent":"gruppo destra nazionale )"}
{"sentidx":87879,"lemma":"destra","token":"destra","start":7,"end":13,"sent":"gruppo destra nazionale )"}
{"sentidx":87875,"lemma":"destra","token":"destra","start":7,"end":13,"sent":"gruppo destra nazionale )"}
{"sentidx":87870,"lemma":"destra","token":"destra","start":7,"end":13,"sent":"gruppo destra nazionale )"}
{"sentidx":87869,"lemma":"destra","token":"destra","start":7,"end":13,"sent":"gruppo destra nazionale )"}
{"sentidx":87862,"lemma":"destra","token":"destra","start":7,"end":13,"sent":"gruppo destra nazionale )"}
{"sentidx":87358,"lemma":"destra","token":"destra","start":7,"end":13,"sent":"gruppo destra nazionale )"}
{"sentidx":83939,"lemma":"destra","token":"destra","start":7,"end":13,"sent":"gruppo destra nazionale )"}
{"sentidx":86179,"lemma":"destra","token":"destra","start":7,"end":13,"sent":"gruppo destra nazionale )"}
{"sentidx":86141,"lemma":"destra","token":"destra","start":7,"end":13,"sent":"gruppo destra nazionale )"}
{"sentidx":85353,"lemma":"destra","token":"destra","start":7,"end":13,"sent":"gruppo destra nazionale )"}
{"sentidx":85345,"lemma":"destra","token":"destra","start":7,"end":13,"sent":"gruppo destra nazionale )"}
{"sentidx":84655,"lemma":"destra","token":"destra","start":7,"end":13,"sent":"gruppo destra nazionale )"}
{"sentidx":84504,"lemma":"destra","token":"destra","start":7,"end":13,"sent":"gruppo destra nazionale )"}
{"sentidx":83961,"lemma":"destra","token":"destra","start":7,"end":13,"sent":"gruppo destra nazionale )"}
{"sentidx":83960,"lemma":"destra","token":"destra","start":7,"end":13,"sent":"gruppo destra nazionale )"}
{"sentidx":101171,"lemma":"destra","token":"destra","start":7,"end":13,"sent":"gruppo destra nazionale )"}
{"sentidx":101772,"lemma":"destra","token":"destra","start":7,"end":13,"sent":"gruppo destra nazionale )"}
{"sentidx":101777,"lemma":"destra","token":"destra","start":7,"end":13,"sent":"gruppo destra nazionale )"}
{"sentidx":103303,"lemma":"destra","token":"destra","start":7,"end":13,"sent":"gruppo destra nazionale )"}
{"sentidx":122922,"lemma":"destra","token":"destra","start":7,"end":13,"sent":"gruppo destra nazionale )"}
{"sentidx":122910,"lemma":"destra","token":"destra","start":7,"end":13,"sent":"gruppo destra nazionale )"}
{"sentidx":122909,"lemma":"destra","token":"destra","start":7,"end":13,"sent":"gruppo destra nazionale )"}
{"sentidx":122907,"lemma":"destra","token":"destra","start":7,"end":13,"sent":"gruppo destra nazionale )"}
{"sentidx":122472,"lemma":"destra","token":"destra","start":7,"end":13,"sent":"gruppo destra nazionale )"}
{"sentidx":122470,"lemma":"destra","token":"destra","start":7,"end":13,"sent":"gruppo destra nazionale )"}
{"sentidx":122464,"lemma":"destra","token":"destra","start":7,"end":13,"sent":"gruppo destra nazionale )"}
{"sentidx":122460,"lemma":"destra","token":"destra","start":7,"end":13,"sent":"gruppo destra nazionale )"}
