{"sentidx":26121,"lemma":"fascismo","token":"fascismo","start":105,"end":113,"sent":"La sistemazione di piazza Augusto Imperatore e dovuta all ' architetto Morpurgo architetto del malfamato fascismo ."}
{"sentidx":67488,"lemma":"fascismo","token":"fascismo","start":224,"end":232,"sent":"Lo stesso Pisapia non riesce a sottrarsi del tutto a questa impressione , sollecitato specialmente dalla convinzione che il codice Rocco fosse uno strumento di persecuzione politica ispirato dal centralismo parossistico del fascismo ."}
{"sentidx":26161,"lemma":"fascismo","token":"fascismo","start":69,"end":77,"sent":"Mettiamoci una mano sulla coscienza , Presidente lasciamolo stare il fascismo !"}
{"sentidx":26066,"lemma":"fascismo","token":"fascismo","start":59,"end":67,"sent":"Cos e questo rinverdire una vecchia legislazione contro il fascismo ?"}
{"sentidx":121538,"lemma":"fascismo","token":"fascismo","start":3,"end":11,"sent":"Il fascismo ha istituito anche i tribunali speciali ."}
{"sentidx":26162,"lemma":"fascismo","token":"fascismo","start":16,"end":24,"sent":"Il giudizio sul fascismo spetta agli storici !"}
{"sentidx":24021,"lemma":"fascismo","token":"fascismo","start":10,"end":18,"sent":"Mentre il fascismo ."}
{"sentidx":24291,"lemma":"fascismo","token":"fascismo","start":10,"end":18,"sent":"Basta col fascismo !"}
{"sentidx":17395,"lemma":"fascismo","token":"fascismo","start":67,"end":75,"sent":"Aveva ragione il collega Vito quando parlava di gran consiglio del fascismo , anzi di gran consiglio della partitocrazia ."}
{"sentidx":95214,"lemma":"fascismo","token":"fascismo","start":253,"end":261,"sent":"Con umilta e disciplina la mia generazione si e tenuta in disparte , ma era destino che fosse tradita dai profittatori epigoni dell ' antifascismo , dalla cosiddetta generazione del ricambio , cosi come la generazione di mio padre era stata tradita dal fascismo dopo la prima guerra mondiale ."}
{"sentidx":63994,"lemma":"fascismo","token":"fascismo","start":97,"end":105,"sent":"A differenza , anzi , di altri eventi che hanno segnato cambiamenti storici , come la caduta del fascismo oil crollo del comunismo internazionale , non e un ideologia che e entrata in crisi ; quello che e entrato in crisi e un sistema politico caratterizzato allo stesso tempo dalla frammentazione partitica e dallo strapotere dei partiti ."}
{"sentidx":56464,"lemma":"fascismo","token":"fascismo","start":32,"end":40,"sent":"I vostri valori sono quelli del fascismo !"}
{"sentidx":94264,"lemma":"fascismo","token":"fascismo","start":172,"end":180,"sent":"L aggregazione di giovani in movimenti politici di estrema destra , il ricorso a suggestioni culturali che si richiamano piu o meno direttamente al nazionalsocialismo o al fascismo , il risorgente pericolo di forme gravissime di intolleranza verso l ebraismo hanno da tempo sensibilmente accresciuto il gia elevato livello di attenzione e di vigilanza degli organi di polizia in tale specifica direzione ."}
{"sentidx":142814,"lemma":"fascismo","token":"fascismo","start":240,"end":248,"sent":"Si mira ad un affossamento del sistema proporzionale , che ha costituito l obiettivo di lotte secolari del movimento operaio nel nostro paese , per tornare a quel sistema uninominale maggioritario che in Italia abbiamo conosciuto prima del fascismo e che ha caratterizzato l espressione di un confronto fra notabili , nel contesto di una rappresentazione politica che tagliava fuori le classi popolari ei lavoratori da ogni influenza reale nelle gestione e nella direzione politica del paese ."}
{"sentidx":69753,"lemma":"fascismo","token":"fascismo","start":138,"end":146,"sent":"E percio un autentico cambiamento di regime , che fa morire dopo millenni quel modello di partito - Stato che fu introdotto in Italia dal fascismo e chela Repubblica aveva finito per ereditare , limitandosi a trasformare un singolare in plurale ( Vivi commenti ) ."}
{"sentidx":95211,"lemma":"fascismo","token":"fascismo","start":764,"end":772,"sent":"Proprio per questo , reduce dal fronte libico e russo invalido , ho fatto la mia scelta ed ho partecipato alla Resistenza Tangentopoli none solo un episodio criminale , ma e soprattutto il massimo affronto alla Resistenza ai suoi martiri , alle sofferenze e ai grandi sacrifici di quegli autentici antifascisti che , subito dopo la fine della guerra , hanno compiuto con grande onesta 11 fortissimo dovere di ricostruire la nostra Italia Proprio perla mia eta e perla professione di giornalista che ho esercitato ho conosciuto prima i gerarchi e poi nella Resistenza e subito dopo la Liberazione De Gasperi Sturzo Lussu Scoccimarro Secchia Pertini Gonella Einaudi Pacciardi e tanti altri che dentro e fuori dall ' Italia avevano avuto il coraggio di combattere il fascismo ."}
{"sentidx":94356,"lemma":"fascismo","token":"fascismo","start":126,"end":134,"sent":"Fascismo e razzismo stanno nuovamente diventando in Europa una cosa sola quando lo sono stati , in passato , hanno portato al fascismo in mezza Europa ed ai rischi del Reich in"}
{"sentidx":93878,"lemma":"fascismo","token":"fascismo","start":251,"end":259,"sent":"Nel nostro paese , pero , dietro questa etichetta , che certamente contraddistingue anche persone per bene ( non si puo dimenticare che nel passato vi furono fra gli associati alla massoneria personaggi che coraggiosamente presero posizione contro il fascismo ) , negli ultimi anni sono nati fenomeni estremamente preoccupanti ."}
{"sentidx":84829,"lemma":"fascismo","token":"fascismo","start":135,"end":143,"sent":"Era necessario chiudere l immensa voragine scavata dal ventennio e dalla guerra perduta e riprendere il cammino in avanti , laddove il fascismo aveva spezzato la naturale evoluzione dell ' Italia illuminata dalla grande luce risorgimentale e federalista ."}
{"sentidx":74878,"lemma":"fascismo","token":"fascismo","start":41,"end":49,"sent":"E comprensibile che , dopo la caduta del fascismo , per eliminare qualunque tentativo di restaurazione , si volesse dare alla nostra Costituzione una struttura rigida , nell ' ambito dell ' articolo 138 Ma proprio Perassi autore della formula contenuta in tale norma costituzionale , fece presente che bisognava rendere il procedimento di formazione delle leggi costituzionali piu complicato di quello previsto per le leggi ordinarie allo scopo di proteggere in modo assoluto l ordinamento repubblicano , senza peraltro arrivare a stabilire una regola che rendesse estremamente difficile sia la revisione della Costituzione sial ' emanazione di nuove leggi costituzionali ."}
{"sentidx":39033,"lemma":"fascismo","token":"fascismo","start":146,"end":154,"sent":"Pensate ai nostri figli , ai nostri parenti o ai ragazzi delle scuole che ci chiedono cosa si sarebbe dovuto fare durante il nazismo o durante il fascismo ."}
{"sentidx":121539,"lemma":"fascismo","token":"fascismo","start":3,"end":11,"sent":"Il fascismo non ha mai piegato il giudice ordinario , non si e mai interessato dei giudici ordinari !"}
{"sentidx":11068,"lemma":"fascismo","token":"fascismo","start":29,"end":37,"sent":"E un eredita della paura del fascismo il non aver pensato a predisporre leggi che regolassero la vita interna dei partiti ; pero , cio ha determinato una deregulation sostanziale nella vita interna degli stessi , nella quale la logica del tesseramento prevale nettamente sui meccanismi democratici ."}
{"sentidx":26163,"lemma":"fascismo","token":"fascismo","start":97,"end":105,"sent":"Le risparmiero la lettura della sentenza della commissione provinciale per le sanzioni contro il fascismo , emanate nei confronti di mio padre che ebbe l onore di ricoprire la carica di Vicepresidente vicario della Camera prima della Camera dei fasci e delle corporazioni ."}
{"sentidx":7100,"lemma":"fascismo","token":"fascismo","start":253,"end":261,"sent":"L analisi deve essere quindi fatta con grande attenzione e senza quei pregiudizi che hanno informato la politica estera del nostro paese negli ultimi cinquanta anni , sulla base dei quali si doveva innanzitutto partire da una pregiudiziale condanna del fascismo e di tutto cio che da esso potesse conseguire ."}
{"sentidx":26084,"lemma":"fascismo","token":"fascismo","start":29,"end":37,"sent":"Non si puo fare apologia del fascismo !"}
{"sentidx":94253,"lemma":"fascismo","token":"fascismo","start":275,"end":283,"sent":"I manifestanti hanno invece alzato il braccio nel tradizionale saluto romano per la durata di alcuni secondi ; per tale fatto , promotori ed organizzatori della manifestazione e 34 partecipanti sono stati identificati e denunciati all ' autorita giudiziaria per apologia del fascismo ."}
{"sentidx":94946,"lemma":"fascismo","token":"fascismo","start":400,"end":408,"sent":"Abbiamo l occasione per superare una pericolosa minorita storica del nostro paese , che ha gravato pesantemente sulla storia italiana fin dagli inizi con la rivoluzione parlamentare del 1876 Il ricambio di classi dirigenti in Italia a differenza di altri grandi democrazie , non e mai avvenuto con il voto diretto dei cittadini , ma e stato il frutto di una rottura traumatica ( la lotta armata , il fascismo ola Resistenza oppure di una progressiva cooptazione del nuovo nell ' ambito delle vecchie classi dirigenti , come avvenne con il centro - sinistra e come avrebbe potuto avvenire con la politica di solidarieta nazionale ."}
{"sentidx":94331,"lemma":"fascismo","token":"fascismo","start":13,"end":21,"sent":"\u2014 nascere il fascismo , ma anche il paese nel quale l antifascismo , sia durante il regime , sia durante la lotta di liberazione e nel periodo successivo , ha rappresentato un valore piu forte che altrove ."}
{"sentidx":24020,"lemma":"fascismo","token":"fascismo","start":230,"end":238,"sent":"Signor Presidente onorevoli colleghi , credo che la questione morale , di cui si comincera a parlare domani , dipenda anzitutto da un errore fondamentale iniziale di questa Repubblica dello Stato nato dalla sconfitta militare del fascismo ."}
{"sentidx":141533,"lemma":"fascismo","token":"fascismo","start":244,"end":252,"sent":"E una distorsione di marca positivista Quindi mani pulite \u00bb rappresenta la nemesi storica e filosofica , in particolare , di una classe politica salita al potere per garantire la democrazia , per modernizzare lo Stato giolittiano ereditato dal fascismo ."}
{"sentidx":95317,"lemma":"fascismo","token":"fascismo","start":200,"end":208,"sent":"Essi furono tra i protagonisti ( pagando di persona ) della lotta di Liberazione della conquista di libere relazioni sindacali che cancellavano le corporazioni ed il metodo corporativo degli anni del fascismo ."}
{"sentidx":91072,"lemma":"fascismo","token":"fascismo","start":252,"end":260,"sent":"Abbiamo sentito , ad esempio , il collega Magri difendere il sistema postfascista , dichiarando che in realta esso era nato contro il fascismo , in contrapposizione con la tesi \u2014 che invece condivido \u2014 del Presidente del Consiglio secondo la quale dal fascismo , contro la Costituzione il nostro sistema politico aveva ereditato un sistema di partito - Stato che tendeva ad ingabbiare la societa , a trasformarla secondo astrazioni ea non favorire la trasformazione ela crescita delle differenze e delle uguaglianze all ' interno della societa medesima ."}
{"sentidx":91072,"lemma":"fascismo","token":"fascismo","start":134,"end":142,"sent":"Abbiamo sentito , ad esempio , il collega Magri difendere il sistema postfascista , dichiarando che in realta esso era nato contro il fascismo , in contrapposizione con la tesi \u2014 che invece condivido \u2014 del Presidente del Consiglio secondo la quale dal fascismo , contro la Costituzione il nostro sistema politico aveva ereditato un sistema di partito - Stato che tendeva ad ingabbiare la societa , a trasformarla secondo astrazioni ea non favorire la trasformazione ela crescita delle differenze e delle uguaglianze all ' interno della societa medesima ."}
{"sentidx":26058,"lemma":"fascismo","token":"fascismo","start":273,"end":281,"sent":"Signor Presidente onorevoli colleghi , non avrei preso la parola su questo provvedimento se non vi fossi stato obbligato per ragioni di cognome , sia perche sono storicamente uno dei vecchi del Movimento sociale italiano , sia perche il mio nome appartiene alla storia del fascismo * nazionale ."}
{"sentidx":120788,"lemma":"fascismo","token":"fascismo","start":210,"end":218,"sent":"Credo che questo fatto concretizzi una volonta espressa in piu occasioni , per il gruppo socialista , dal compianto onorevole Fernando Santi egli stesso , emigrato per vivere e per trovare soluzione durante il fascismo a problemi drammatici , ha percorso le strade di altri paesi ."}
{"sentidx":76740,"lemma":"fascismo","token":"fascismo","start":117,"end":125,"sent":"I nostri elettori ci hanno inviato in Parlamento perche finalmente sia spezzata la spirale centralista ereditata dal fascismo , che sta soffocando il paese e che ha sviluppato la partitocrazia ."}
{"sentidx":26144,"lemma":"fascismo","token":"fascismo","start":39,"end":47,"sent":"Si vuole a tutti i costi condannare il fascismo come antisemita Lo si vuol fare da parte di cattolici di oggi ?"}
{"sentidx":121536,"lemma":"fascismo","token":"fascismo","start":3,"end":11,"sent":"Il fascismo , veramente no !"}
{"sentidx":97372,"lemma":"fascismo","token":"fascismo","start":380,"end":388,"sent":"I morti sono stati cinque , di cui quattro appena ragazzi , tutti cittadini del Kossovo e di quella Iugoslavia dalla quale chi non ha un ' arma o non vuole possederla e costretto a fuggire per salvare la sua famiglia ; quella ex Iugoslavia dove si muore , dove si distrugge e si stupra per un odio razziale , nazionale ed etnico che sembrava sepolto con la fine del nazismo e del fascismo ."}
{"sentidx":28035,"lemma":"fascismo","token":"fascismo","start":106,"end":114,"sent":"Come sapete , alla fine della guerra istituiste una Commissione per giudicare non le scelte politiche del fascismo , ma gli illeciti arricchimenti di quella classe politica , sperando di arrivare ad un qualcosa di concreto ."}
{"sentidx":108975,"lemma":"fascismo","token":"fascismo","start":25,"end":33,"sent":"Se non l avesse fatto il fascismo , Piacenza non avrebbe l ospedale ."}
{"sentidx":141534,"lemma":"fascismo","token":"fascismo","start":12,"end":20,"sent":"In fondo il fascismo non ha compiuto alcuno sforzo per cambiare l organizzazione dello Stato e ha trasferito tale struttura a voi ai partiti storici che dal dopoguerra governano il nostro paese ."}
{"sentidx":94245,"lemma":"fascismo","token":"fascismo","start":394,"end":402,"sent":"Oggi all improvviso , sembra che una pesante notte sia discesa in mezzo a noi diffondendo uno spettro che trova alimento in varie manifestazioni di violenza , di intolleranza , di faziosita , che vanno esplodendo un po ' ovunque un Europa Si toma a parlare in convegni e in raduni delle forme di cultura , o meglio di pseudocultura , che espressero nei decenni passati i deteriori fenomeni del fascismo e del nazionalsocialismo ; e ad essi alcuni movimenti si richiamano per ricostituire su quelle incolte premesse una nuova e diversa realta politica ."}
{"sentidx":26309,"lemma":"fascismo","token":"fascismo","start":166,"end":174,"sent":"Essa e peraltro inspiegabile alla luce del fatto che la legge Sceiba vige in Italia da piu di cinquant anni e stata e puo essere applicata e riguarda il problema del fascismo , mentre il decreto - legge al nostro esame cerca di mischiare due fenomeni che non sono assolutamente riconducibili ad unita ."}
{"sentidx":141484,"lemma":"fascismo","token":"fascismo","start":178,"end":186,"sent":"Vale la pena di ricordare che conclusioni come quelle acui e arrivato il ministro Conso escluse le persecuzioni di carattere politico , magari \u2014 , non furono accolte neanche dal fascismo : perfino sotto il fascismo per i reati comuni la legge era uguale per tutti !"}
{"sentidx":141484,"lemma":"fascismo","token":"fascismo","start":206,"end":214,"sent":"Vale la pena di ricordare che conclusioni come quelle acui e arrivato il ministro Conso escluse le persecuzioni di carattere politico , magari \u2014 , non furono accolte neanche dal fascismo : perfino sotto il fascismo per i reati comuni la legge era uguale per tutti !"}
{"sentidx":107119,"lemma":"fascismo","token":"fascismo","start":93,"end":101,"sent":"Avrebbe infatti dovuto cancellare la piu ignobile delle pagine storiche italiane , quando il fascismo fece la sua folle politica hitleriana del Lebensraum il famoso spazio vitale riservato esclusivamente alla purezza della razza ariana , che si e concluso con l olocausto della \u00ab soluzione finale \u00bb ."}
{"sentidx":97725,"lemma":"fascismo","token":"fascismo","start":115,"end":123,"sent":"Da quando e stata istituita la santa Inquisizione sie preferito dire la verita solo per scherzo ; anche durante il fascismo era tollerata una certa ironia contro il sistema ."}
{"sentidx":462,"lemma":"fascismo","token":"fascismo","start":135,"end":143,"sent":"Possiamo ricordare , risalendo ad un secolo fa , lo scandalo della Banca romana , o andando a tempi lontani , i profitti di regime del fascismo ; ma le dimensioni dell ' intreccio erano commisurate alle dimensioni dei ceti dirigenti di allora , certo piu modeste di quelli attuali ."}
{"sentidx":26091,"lemma":"fascismo","token":"fascismo","start":143,"end":151,"sent":"Non nasce nel Concilio di Nicea Anche sevi erano correnti nel fascismo , come quella di Preziosi orientate contro gli ebrei , nel complesso il fascismo fu meno ostile del mondo cattolico ."}
{"sentidx":26091,"lemma":"fascismo","token":"fascismo","start":62,"end":70,"sent":"Non nasce nel Concilio di Nicea Anche sevi erano correnti nel fascismo , come quella di Preziosi orientate contro gli ebrei , nel complesso il fascismo fu meno ostile del mondo cattolico ."}
{"sentidx":26088,"lemma":"fascismo","token":"fascismo","start":64,"end":72,"sent":"Qui non ce il razzismo , ce l esaltazione di uomini e fatti del fascismo , caro Presidente Parliamoci chiaro , emi rivolgo ai democristiani , Presidente e nona lei che e un laico ; lo dico a Gaspari se e cattolico , co me credo ."}
{"sentidx":145876,"lemma":"fascismo","token":"fascismo","start":45,"end":53,"sent":"Perche posso dire che la mafia , ma anche il fascismo di cui pensate oggi di poter ."}
{"sentidx":36970,"lemma":"fascismo","token":"fascismo","start":134,"end":142,"sent":"Quest uso politico delle stragi e vergognoso ed irresponsabile , ed il fatto che il servizio pubblico ne sia parte attiva dimostra un fascismo di sinistra ed un ' incapacita di intervenire con comportamenti civili e responsabili contro eventi che non sono \u2014 ahime \u2014 monopolio del nostro paese ."}
{"sentidx":134160,"lemma":"fascismo","token":"fascismo","start":278,"end":286,"sent":"Io devo dire semplicemente che rispetto alla storia del mio paese vorrei fosse chiarito un a volta pe r tu t teche , se qua qualcuno pensa che gente di questo tipo possa avere qualcosa a che vedere anche con la C am e r a dei fasci e delle corporazioni \u2014 pe r questo millantato fascismo di alcuni teppisti che s tanno qui dentro !"}
{"sentidx":26127,"lemma":"fascismo","token":"fascismo","start":94,"end":102,"sent":"Ma sto dimostrando , perche e un errore , che oggi si vuole a tutti i costi limitare tutto il fascismo a quel periodo ( Interruzione del deputato Caprili Dico questo per chiarezza storica ."}
{"sentidx":73500,"lemma":"fascismo","token":"fascismo","start":213,"end":221,"sent":"Non mi riferisco al fascismo che ha dato all ' Italia ben piu architettura di quanto non abbia fatto l incivilta democristiana , che ha distrutto l Italia il suo paesaggio , le coste , la natura : mi riferisco al fascismo dell ' intolleranza ."}
{"sentidx":73500,"lemma":"fascismo","token":"fascismo","start":20,"end":28,"sent":"Non mi riferisco al fascismo che ha dato all ' Italia ben piu architettura di quanto non abbia fatto l incivilta democristiana , che ha distrutto l Italia il suo paesaggio , le coste , la natura : mi riferisco al fascismo dell ' intolleranza ."}
{"sentidx":89727,"lemma":"fascismo","token":"fascismo","start":54,"end":62,"sent":"Nel ventennio tra le due guerre mondiali , durante il fascismo , la produzione dell ' essenza di bergamotto \u2014 particolare della provincia di Reggio Calabria venne affidata ad un consorzio obbligatorio , a livello nazionale , che assicurava non soltanto la genuinita del prodotto attraverso la certificazione dello stesso da parte di organi dello Stato peri mercati esteri ( i tecnici lo definiscono citra barcamena visus ma anche vigilanza e tutela statuale nella collocazione all ' estero di un prodotto genuino , in quanto , appunto , certificato tale dallo Stato Nel secondo dopoguerra una sentenza della Corte costituzionale ritenne incostituzionale tale procedura , in quanto realizzata sulla base di una delega legislativa che sembrava essere sopravanzata dalla normativa che aveva regolato il consorzio del bergamotto ."}
{"sentidx":26306,"lemma":"fascismo","token":"fascismo","start":334,"end":342,"sent":"E in tale ottica che si spiega l intervento dell ' onorevole Caradonna che ha voluto ricordare , facendo un omaggio alla storia \u2014 la storia e quella che e piaccia o non piaccia ai poco educati \u00ab interruttori \u00bb dell ' onorevole Caradonna che vi sono stati in Italia autorevoli fascisti che erano israeliti e che vie stata una fase del fascismo , la piu lunga , nella quale e stata condotta con gli ambienti israelitici una politica di alleanza , di buon vicinato , di integrazione , che non puo essere contestata e chesi e perseguita anche successivamente , in epoca di leggi razziali , con tutti gli atti di solidarieta compiuti da fascisti a vantaggio dei perseguitati ebrei ."}
{"sentidx":149796,"lemma":"fascismo","token":"fascismo","start":149,"end":157,"sent":"I partiti \u2014 lo ricordava ieri Bianco hanno vissuto pagine di grande rilievo alle origini ed allo sviluppo della nostra democrazia dopo la caduta del fascismo ; ma hanno visto via via appannarsi la loro funzione di elaborazione e di decisione politica , di espressione di grandi orientamenti , di fattore vivificante della vita istituzionale ."}
{"sentidx":143363,"lemma":"fascismo","token":"fascismo","start":144,"end":152,"sent":"In base a reminiscenze che ho acquisito ( non avendo par tec anticipato all ' esperienza del passato regime ) , voglio ricordare che durante il fascismo il pugilato , co me la scherma , erano considerati sport da comba t t imen to Si tra t tava infatti di un ' e po ca e di un a cultura diverse , sulle quali si possono esprime re i giudizi piu diversificati ."}
{"sentidx":11567,"lemma":"fascismo","token":"fascismo","start":486,"end":494,"sent":"E cio anche se vogliamo scomputare le leggi delega , che pure sono atti fondamentali del Parlamento e se vogliamo limitarci a quel che abbiamo fatto negli ultimi due mesi , nell ' ultimo mese e mezzo : dalla riforma elettorale dei comuni , alla riforma della RAI Dio vela perdoni , perche io ho paura , in un certo contesto ; ma comunque ela riforma della RAI alla riforma del sistema di concessione degli appalti , che e rivendicazione pluridecennale che e recupero di qualcosa che il fascismo aveva appena intaccato nel 1927 la grande tradizione che avevamo appreso e che aveva consentito la costruzione delle ferrovie dello Stato qualcosa che era stato inventato dal capo della destra storica e non dai crispini ed aveva rappresentato un esempio per tutta l Europa con la previsione di un periodo di trentatre anni per il pagamento delle opere realizzate per conto dello Stato Abbiamo fatto questo , mentre prima eravamo andati avanti con una novellistica irresponsabile e miserevole , che ha portato alla situazione che conosciamo e che abbiamo deprecato ."}
{"sentidx":73501,"lemma":"fascismo","token":"fascismo","start":247,"end":255,"sent":"Quando leggiamo nelle notizie di agenzia che vi e un signore che sta li a passarci ed a segnare i nomi sulla lavagna perche quelli che non sono presenti verranno da lui sottoposti al pubblico ludibrio per un ricatto elettorale , siamo di fronte a fascismo ."}
{"sentidx":78993,"lemma":"fascismo","token":"fascismo","start":108,"end":116,"sent":"Tra gli inquisiti , come e noto vi sono anch io sottoposto a procedimento penale per apologia continuata di fascismo ."}
{"sentidx":136189,"lemma":"fascismo","token":"fascismo","start":262,"end":270,"sent":"E quanto si fara ricorso a tale precedente nel momento in cui la maggioranza serbo - progressista dovesse operare , in quanto tale , in questo nostro Stato con cotali giuristi , con cotali nobilta di tradizioni , portati a tal punto alla colletta storica che il fascismo per primo rappresento perche colletto a lungo quello che poi pretendeva essere il meglio anche delle altre tradizioni , di quelle che poi sarebbero state recuperate come antifasciste !"}
{"sentidx":7122,"lemma":"fascismo","token":"fascismo","start":92,"end":100,"sent":"Civilta giuridica ci insegna infatti che \u2014 e un principio introdotto nel nostro diritto dal fascismo \u2014 nessuno puo essere punito in base a norme che non siano gia in vigore nel momento in cui sia commesso il fatto previsto come reato ; in sostanza , e il principio dell ' irretroattivita della legge penale , che non sempre i tribunali internazionali hanno onorato ."}
{"sentidx":26305,"lemma":"fascismo","token":"fascismo","start":542,"end":550,"sent":"E certo , pero , che in Commissione sie manifestata la precisa volonta di ampliare la portata del decreto passando dall ' originaria impostazione \u2014 che era quella di razionalizzare e rendere piu efficace la legge del 1975 che recepiva una volonta espressa in sede ONU e fatta propria dall ' Italia all inserimento nel testo della cosiddetta legge Sceiba Si sono quindi voluti sposare anche culturalmente due fenomeni storicamente diversi ed assolutamente non riconducibili l uno all altro , se non per temporanee alleanze tattiche , quali il fascismo italiano ed il nazismo tedesco ."}
{"sentidx":14107,"lemma":"fascismo","token":"fascismo","start":218,"end":226,"sent":"Bisogna anche rendersi conto che i costituenti hanno dovuto lavorare in fretta , nel tentativo soprattutto di cancellare fino all ' ultima virgola non solo le ferite profonde , ma anche le sedimentazioni corrosive del fascismo su un sistema giuridico non costituzionale , per dar vita ad un sistema nuovo , posto a base dello Stato di diritto ."}
{"sentidx":47154,"lemma":"fascismo","token":"fascismo","start":14,"end":22,"sent":"N on passa il fascismo a Milano S iamo noi la gente !"}
{"sentidx":116270,"lemma":"fascismo","token":"fascismo","start":238,"end":246,"sent":"In particolare , signor Presidente vorrei ricordare che il Pizzarotti e responsabile , tra le altre cose , del crollo del ponte sul Taro perche ha occupato e occupa da vent anni coni suoi cantieri , ben sette arcate delle 21 previste dal fascismo per quella struttura ."}
{"sentidx":26085,"lemma":"fascismo","token":"fascismo","start":24,"end":32,"sent":"Cito uomini e fatti del fascismo , quando non erano ancora state emanate le leggi naziste Solo dei sesquipedali ignoranti possono negare questa storia d Italia che e tutta falsificata ."}
{"sentidx":27232,"lemma":"fascismo","token":"fascismi","start":317,"end":325,"sent":"Cio e tan to piu importante tante oggi , me n t re si f ran tuma la coscienza collettiva democratica t ica me n t re si rompono in Eu ropa pat ti sociali e statuali , mentre pe ardono valore gli statuti di cittadinanza , men t re nelle viscere della societa crescono i valori dell ' intolleranza , dei razzismi , dei fascismi , del l ant antisemita ismo espressi da un a base di massa confusa , pericolosa e torbida che trova nel mili tar ismo e nel complesso militare - industriale un a spinta notevole , in effetti un a connivenza , un ' o me r ta , ma anche un b ro do di col tura ."}
{"sentidx":136168,"lemma":"fascismo","token":"fascismo","start":155,"end":163,"sent":"Anche la dottrina , dunque : l inquinamento costante e quotidiano della dottrina , l incertezza \u2014 se non la certezza \u2014 che la dottrina non come durante il fascismo ( quando aveva una sua legalita , feroce e chiara , ma era la sua ) ma come nel trentennio successivo , tutto piegato alla ragion di partito e di Stato mai con senso dello Stato ed anzi con una concezione progressista della vita , delle istituzioni e del diritto !"}
{"sentidx":121535,"lemma":"fascismo","token":"fascismo","start":191,"end":199,"sent":"L esperienza storica , in questo senso , giustifica largamente l istituto : basti pensare a quanto e avvenuto attraverso lo strumento del processo durante lo stalinismo di pochi anni fa e il fascismo di non molti anni fa ."}
{"sentidx":80033,"lemma":"fascismo","token":"fascismo","start":109,"end":117,"sent":"Mi re n do conto che Domodossola e citta medaglia do ro alla Resistenza e che Verban ia es ta ta fondata dal fascismo piu di cinq ua n ta anni fa , ma poli t amente culturale en te e geograficamente Verbania ha ce r t amente titolo ( questo no n viene infatti contesta to ) pe r essere il capoluogo di tu t ta la Val d Ossola e della ne on at a provincia ."}
{"sentidx":8948,"lemma":"fascismo","token":"fascismo","start":245,"end":253,"sent":"Se con la caduta di tut ti i mu r i ideologici , il dibatti to politico - culturale italiano di questi giorni e alla ricerca di un a ricucitura della frattura dell ' 8 set t cembre e fa be ne \u2014 no n si vede perche , supera te le an t anomie del fascismo e dell antifascismo , si de b ba no ancora conservare a Bolzano le passioni che po r ta rono allo scont ro i fautori delle nuove nazionali ta con tro quell ' Austria Ungheria che era considera ta no n ato r to il bastione del vecchio ordine , consacra to a Vienna dopo la sconfitta di Napoleone Subire oggi a Bolzano il ricatto della Sudtiroler Volkspartei e dei suoi falchi significherebbe pe r la Repubblica italiana chiudersi in un passa to senza sbocco e in un anacronismo ismo che no n va d accordo ne con il bu on senso , ne tan to me no con quella ape r tura che vuole gli europei cittadini di un a nuova pa t ria co mu ne ."}
{"sentidx":33916,"lemma":"fascismo","token":"fascismo","start":123,"end":131,"sent":"Quando si hanno le idee chiare , come diceva Croce e un personaggio che cito soltanto io , quel Croce che affermava che il fascismo e solo una parentesi nella storia , e percio e stato lui a finire \u2014 giustamente \u2014 fra parentesi nella memoria di tutti ) , ci vuole poco per esprimere i concetti ."}
{"sentidx":138803,"lemma":"fascismo","token":"fascismo","start":83,"end":91,"sent":"Io accuso di ignoranza e di malafede il Presidente del Consiglio Amato per che del fascismo si pu odire tu t tope r carita !"}
{"sentidx":79644,"lemma":"fascismo","token":"fascismo","start":77,"end":85,"sent":"E evidente che le stimma te di Giolitti si sono riprodotte da p p r i ma nei fascismo , poi nei vostri parti ti , ma i rivoluzionari , ma i riformisti , ma restaura tor i Oggi siamo alla nemesi storica : i vostri partiti , nati al grido di voler cambia re l organizzazione dello Stato no n l hanno fatto , ei difetti di quell ' organizzazione si sono trasferiti nei parti ti stessi ."}
{"sentidx":26068,"lemma":"fascismo","token":"fascismo","start":52,"end":60,"sent":"Mi spiace potergli ricordare che , se e vero che il fascismo commise nel 1939 quello che Richelieu definisce , piu che un delitto , un errore in politica , vale adire emettere leggi razziali , e anche vero che l onorevole Modigliani ha potuto seguire le scuole ebraiche grazie alla legge Rocco Mussolini del 1934 rimasta in vigore fino a tempi recenti ."}
{"sentidx":146702,"lemma":"fascismo","token":"fascismo","start":483,"end":491,"sent":"Pertanto la r ingraziamo , signor Presidente del Consiglio per aver voluto ma r ca re l idea del ci t cittadino E si consenta di dirlo am equi , co me cittadino di un antifascismo di liberta e di diritto , che ha serbato sicuramente in se , facendo altro al servizio delle proprie idee e del paese , limpide ed intatte , forse in un ato r re eburnea ( anche con quest ' aiuto ) , le idee pe r le quali si e r a antifascista sotto il fascismo e lo si fu per pochi anni ancora dopo il fascismo stesso , p r i ma che il ceto antifascista divenisse erede del ceto fascista e che questo Par lamento venisse costretto dalle filosofie concorrenti e dalle esigenze ad inchiodare la Repubblica ei codici fascisti ; fin qu a n do ogni tan to la i primissima Corte costituzionale , a colpi di | sentenza , no n apri un varco con tro quei !"}
{"sentidx":146702,"lemma":"fascismo","token":"fascismo","start":433,"end":441,"sent":"Pertanto la r ingraziamo , signor Presidente del Consiglio per aver voluto ma r ca re l idea del ci t cittadino E si consenta di dirlo am equi , co me cittadino di un antifascismo di liberta e di diritto , che ha serbato sicuramente in se , facendo altro al servizio delle proprie idee e del paese , limpide ed intatte , forse in un ato r re eburnea ( anche con quest ' aiuto ) , le idee pe r le quali si e r a antifascista sotto il fascismo e lo si fu per pochi anni ancora dopo il fascismo stesso , p r i ma che il ceto antifascista divenisse erede del ceto fascista e che questo Par lamento venisse costretto dalle filosofie concorrenti e dalle esigenze ad inchiodare la Repubblica ei codici fascisti ; fin qu a n do ogni tan to la i primissima Corte costituzionale , a colpi di | sentenza , no n apri un varco con tro quei !"}
{"sentidx":26199,"lemma":"fascismo","token":"fascismo","start":134,"end":142,"sent":"L articolo 4 introduce pene ( ne ha parlato l onorevole Caradonna a suo modo per chi esalti esponenti , principi , fatti o metodi del fascismo ."}
{"sentidx":24025,"lemma":"fascismo","token":"fascismo","start":173,"end":181,"sent":"Mentre il fascismo \u2014 si dice \u2014 aveva cercato di costruire uno Stato etico , e pertanto al di fuori delle regole fondamentali del cosidetto Stato di diritto , la reazione al fascismo , la vittoria dell ' antifascismo insieme con gli eserciti di 52 Stati che avevano occupato la nostra travagliata patria , era avvenuta all ' insegna della ricostituzione dello Stato di diritto e quindi di un sistema che prevedesse ineluttabilmente il principio della non retroattivita della legge e quello della separazione dei poteri ."}
{"sentidx":24025,"lemma":"fascismo","token":"fascismo","start":10,"end":18,"sent":"Mentre il fascismo \u2014 si dice \u2014 aveva cercato di costruire uno Stato etico , e pertanto al di fuori delle regole fondamentali del cosidetto Stato di diritto , la reazione al fascismo , la vittoria dell ' antifascismo insieme con gli eserciti di 52 Stati che avevano occupato la nostra travagliata patria , era avvenuta all ' insegna della ricostituzione dello Stato di diritto e quindi di un sistema che prevedesse ineluttabilmente il principio della non retroattivita della legge e quello della separazione dei poteri ."}
{"sentidx":8918,"lemma":"fascismo","token":"fascismo","start":545,"end":553,"sent":"Non volere ne a n c he qu es ta n no a Bolzano onora re i nostri caduti e quelli austriaci davanti al mo nu me n to alla Vittoria significa tradire anche un passa to no n lontano che vedeva i nostri presidenti della Repubblica e persino esponenti della SVP rendere personale omaggio al mo nu me n to sor to negli anni venti , de tu rpa tosolo du r a n te l occupazione nazista dell ' Alto Adige e riconsacrato nel 1949 con un discorso dell ' antifascista Zaniboni il quale , co me no to , at ten to alla vita di Mussolini du ran te gli anni del fascismo trionfante ."}
{"sentidx":26060,"lemma":"fascismo","token":"fascismo","start":612,"end":620,"sent":"Quindi sia chiaro : se prendo la parola , signori , e per evitare un falso storico che questa Camera rischia di fare per la solita mentalita truffaldina secondo la quale nel fascismo vi era tutto il male , al punto che sul fascismo deve farsi ricadere la responsabilita delle leggi contro gli ebrei , che sono del 1939 L articolo 4 del decreto - legge al nostro esame , illustre relatore onorevole Gaspari recita ( e questo non c entra niente con gli ebrei e con l antisemitismo in genere ) : \u00ab Alla stessa pena di cui al primo co mm a soggiace chi pubblicamente esalta esponenti , principi , fatti o metodi del fascismo ( . )"}
{"sentidx":26060,"lemma":"fascismo","token":"fascismo","start":223,"end":231,"sent":"Quindi sia chiaro : se prendo la parola , signori , e per evitare un falso storico che questa Camera rischia di fare per la solita mentalita truffaldina secondo la quale nel fascismo vi era tutto il male , al punto che sul fascismo deve farsi ricadere la responsabilita delle leggi contro gli ebrei , che sono del 1939 L articolo 4 del decreto - legge al nostro esame , illustre relatore onorevole Gaspari recita ( e questo non c entra niente con gli ebrei e con l antisemitismo in genere ) : \u00ab Alla stessa pena di cui al primo co mm a soggiace chi pubblicamente esalta esponenti , principi , fatti o metodi del fascismo ( . )"}
{"sentidx":26060,"lemma":"fascismo","token":"fascismo","start":174,"end":182,"sent":"Quindi sia chiaro : se prendo la parola , signori , e per evitare un falso storico che questa Camera rischia di fare per la solita mentalita truffaldina secondo la quale nel fascismo vi era tutto il male , al punto che sul fascismo deve farsi ricadere la responsabilita delle leggi contro gli ebrei , che sono del 1939 L articolo 4 del decreto - legge al nostro esame , illustre relatore onorevole Gaspari recita ( e questo non c entra niente con gli ebrei e con l antisemitismo in genere ) : \u00ab Alla stessa pena di cui al primo co mm a soggiace chi pubblicamente esalta esponenti , principi , fatti o metodi del fascismo ( . )"}
{"sentidx":74603,"lemma":"fascismo","token":"fascismo","start":234,"end":242,"sent":"Io faccio parte onoratamente ed orgogliosamente di un movimento , signor Presidente noi siamo nati gia cosi nel 1946 ben sapendo dove ci avrebbe portati quella logica dei partiti che , all ' insegna di quel Croce che sosteneva che il fascismo era stata una parentesi nella storia , voleva chiaramente significare come la riforma , la restaurazione dei partiti intendesse riportare il paese a quella \u00ab Italietta dei partitini \u00bb che non ha fatto prendere l Italia a Mussolini ma gliel ' ha consegnata !"}
{"sentidx":26153,"lemma":"fascismo","token":"fascismo","start":6,"end":14,"sent":"Se il fascismo ha avuto motivazioni per perseguitare gli ebrei nel 1939 cioe dovuto alla spinta cattolica !"}
{"sentidx":45167,"lemma":"fascismo","token":"fascismo","start":351,"end":359,"sent":"Cosa succede se un g rande paese industriale moderno \u2014 che questo noi siamo \u2014 , diventa to tale solo negli ultimi decenni e al pu n to di eguagliare gli standards di benessere e di civilta della Francia dell ' Inghil terra e della Germania un a conquista en or me solo se pens iamo che il reddi to medio italiano era me no della me ta alla caduta del fascismo \u2014 , improvvisamente scopre la fragilita di tu t to questo ed il r ischio di to rna re indietro ?"}
{"sentidx":7277,"lemma":"fascismo","token":"fascismo","start":612,"end":620,"sent":"Insieme coni colleghi Rubbi e Foschi nella scorsa legislatura ho avuto l occasione di discutere in piu di una seduta in Commissione affari esteri i problemi del cambiamento che si avvertiva nella Repubblica iugoslava , cioe il tentativo di dare soluzioni regionali alle questioni insorgenti , pur nella conservazione dell ' unitarieta dello Stato In quella sede verificavamo l evolversi di un ' esperienza che avrebbe potuto risolversi in un miglioramento della vita democratica all ' interno dello Stato iugoslavo , un paese che aveva profuso nel 1 9 4 5 un impegno profondo nella lotta di resistenza contro il fascismo ed il nazismo , per dare proprio a queste popolazioni una nuova condizione politica , civile e sociale ."}
{"sentidx":26065,"lemma":"fascismo","token":"fascismo","start":118,"end":126,"sent":"Se dovessimo esaltare il colonnello Remo Pontecorvo commetteremmo di nuovo un reato contro gli ebrei , esalteremmo il fascismo ?"}
{"sentidx":108197,"lemma":"fascismo","token":"fascismo","start":10,"end":18,"sent":"Sot to il fascismo la cosa no ne sta ta de t ta in questo mo do !"}
{"sentidx":97727,"lemma":"fascismo","token":"fascismo","start":128,"end":136,"sent":"Matteotti alcuni giorni prima di essere ammazzato , rivolse in quest ' aula il 30 maggio 1924 un grave atto di accusa contro il fascismo e all invito del Presidente della Camera del tempo , Alfredo Rocco a continuare \u00ab prudentemente \u00bb , rispose con fierezza : \u00ab chiedo di parlare non prudentemente , ne imprudentemente , ma politicamente La storia si ripete : ce chi preferisce fare carriera politica e inghiottire rospi echi invece non esita a fuggire pure la vita per mantenere fede ai sacri principi della dignita dell ' uomo , della sua liberta e della giustizia ."}
{"sentidx":126722,"lemma":"fascismo","token":"fascismo","start":462,"end":470,"sent":"Ancora piu pesante si fece la difesa della democrazia con l introduzione del premio di maggioranza , un correttivo che consenti \u2014 nonostante non superasse allora il 25 per cento \u2014 alla legge Acerbo approvata dal Senato nel novembre del 1923 di confermare la definitiva presa del potere da parte di Mussolini e di consolidare costituzionalmente con l appoggio della monarchia e le occhiute ( ma friabili e sbagliate ) riserve di Giolitti che riteneva di fare del fascismo una fase transeunte ."}
{"sentidx":1765,"lemma":"fascismo","token":"fascismo","start":46,"end":54,"sent":"Non a caso abbiamo a suo te m po inventato il fascismo , che negava in radice il Par lamento ."}
