{"sentidx":60912,"lemma":"guerra","token":"guerra","start":3,"end":9,"sent":"La guerra diventava di nuovo elemento integrante , orizzonte interno della politica e della democrazia internazionali Nascevano forze di pronto intervento e di gendarmeria"}
{"sentidx":12619,"lemma":"guerra","token":"guerra","start":45,"end":51,"sent":"Evidentemente ci troviamo dentro fenomeni di guerra civile , non semplicemente di delinquenza ."}
{"sentidx":7365,"lemma":"guerra","token":"guerra","start":75,"end":81,"sent":"Signor Presidente riprendiamo oggi la discussione sulla sporca , terribile guerra che si sta combattendo nel territorio dell ' ex Iugoslavia Credo che alcune considerazioni vadano fatte sul significato di questa guerra , che presenta indubbiamente caratteri nuovi che impongono un ripensamento alla politica internazionale e allo stesso movimento pacifista per trovare una soluzione adeguata ."}
{"sentidx":7365,"lemma":"guerra","token":"guerra","start":212,"end":218,"sent":"Signor Presidente riprendiamo oggi la discussione sulla sporca , terribile guerra che si sta combattendo nel territorio dell ' ex Iugoslavia Credo che alcune considerazioni vadano fatte sul significato di questa guerra , che presenta indubbiamente caratteri nuovi che impongono un ripensamento alla politica internazionale e allo stesso movimento pacifista per trovare una soluzione adeguata ."}
{"sentidx":7399,"lemma":"guerra","token":"guerra","start":54,"end":60,"sent":"Essi costituiscono uno dei nodi dimenticati di questa guerra ."}
{"sentidx":56818,"lemma":"guerra","token":"guerra","start":52,"end":58,"sent":"Non voglio quindi assolutamente intromettersi nella guerra del Transatlantico Tuttavia e accaduto un fatto di grande rilevanza : un gruppo di membri della Giunta perle autorizzazioni a procedere si e dimesso ."}
{"sentidx":118866,"lemma":"guerra","token":"guerra","start":3,"end":9,"sent":"La guerra in questione dimostra , invece , la necessita di superare il monopolio nazionale della forza nei rapporti internazionali per attuare finalmente l"}
{"sentidx":119581,"lemma":"guerra","token":"guerra","start":74,"end":80,"sent":"Egli ha giustamente ricordato che neppure la Chiesa cattolica condanna la guerra in generale ."}
{"sentidx":61089,"lemma":"guerra","token":"guerra","start":35,"end":41,"sent":"Non vogliamo essere complici della guerra del Golfo nemmeno a posteriori ."}
{"sentidx":149230,"lemma":"guerra","token":"guerra","start":26,"end":32,"sent":"Costoro sono criminali di guerra ."}
{"sentidx":6971,"lemma":"guerra","token":"guerra","start":210,"end":216,"sent":"Signor Presidente signor ministro , signor sottosegretario , onorevoli colleghi , nel dramma iugoslavo abbiamo di fronte la vicenda piu tragica che si sia inserita nel contesto europeo dalla fine della seconda guerra mondiale ."}
{"sentidx":117205,"lemma":"guerra","token":"guerra","start":100,"end":106,"sent":"Sono oneri che sarebbero stati sostenuti come rimborsi riferentesi non ad operazioni militari nella guerra del Golfo ma ad operazioni molto diverse , come trasferimenti di mobili e traslochi ."}
{"sentidx":130556,"lemma":"guerra","token":"guerra","start":41,"end":47,"sent":"Per questo ci allarmano certi tamburi di guerra che sentiamo dalla parte dei partiti della vecchia maggioranza ."}
{"sentidx":61102,"lemma":"guerra","token":"guerra","start":251,"end":257,"sent":"Concordo con l onorevole Cicciomessere quando ha denunciato che questo provvedimento conteneva elementi di speculazione ed anche di corruzione ; proprio per questo , e proprio perche sono radicalmente e fondamentalmente contro la guerra , contro ogni guerra , chiedo al Parlamento di compie ."}
{"sentidx":61102,"lemma":"guerra","token":"guerra","start":230,"end":236,"sent":"Concordo con l onorevole Cicciomessere quando ha denunciato che questo provvedimento conteneva elementi di speculazione ed anche di corruzione ; proprio per questo , e proprio perche sono radicalmente e fondamentalmente contro la guerra , contro ogni guerra , chiedo al Parlamento di compie ."}
{"sentidx":95217,"lemma":"guerra","token":"guerra","start":12,"end":18,"sent":"Dopo questa guerra una nuova classe dirigente dovra assumere la guida della nazione ."}
{"sentidx":58001,"lemma":"guerra","token":"guerra","start":29,"end":35,"sent":"Mi riferisco alla sanguinosa guerra in corso nella ex Jugoslavia Se Saddam Hussein aveva bisogno di ricevere una conferma tangibile della determinazione politica degli alleati ad imporre il rispetto del diritto internazionale , anche il governo della Bosnia avrebbe il diritto di ricevere un simile messaggio , che sinora non e arrivato ."}
{"sentidx":21250,"lemma":"guerra","token":"guerra","start":73,"end":79,"sent":"Vi e da domandarsi se i Governi che hanno inoltrato una dichiarazione di guerra tenuta in nessuna considerazione e senza alcuna conseguenza giuridica successiva ( ne un trattato di pace ne una rinuncia al trattato ; niente , annullabile non annullabile possano essere ritenuti legittimi sul piano internazionale ."}
{"sentidx":40215,"lemma":"guerra","token":"guerra","start":88,"end":94,"sent":"Gli sviluppi degli ultimi anni , il superamento sostanziale dei blocchi , la fine della guerra fredda hanno ridato all ' Organizzazione delle Nazioni Unite una funzione internazionale ben precisa ."}
{"sentidx":115752,"lemma":"guerra","token":"guerra","start":144,"end":150,"sent":"E sono moltissimi ormai gli economisti che iniziano a vedere in tali processi incubare tutti quei fattori che portarono in passato alla seconda guerra mondiale ."}
{"sentidx":61096,"lemma":"guerra","token":"guerra","start":217,"end":223,"sent":"Esso infatti da una parte sana una situazione di sperequazione tra sottufficiali delle forze armate , attribuendo loro un analogo trattamento economico , dall ' altra copre spese in relazione alle note esigenze della guerra nel Golfo e infine prevede un adeguamento retributivo a favore del personale civile del Ministero della difesa ."}
{"sentidx":138327,"lemma":"guerra","token":"guerra","start":113,"end":119,"sent":"Nascondersi dietro dei formalismi e veramente vergognoso quando si tratta del rispetto e dell onore ai caduti in guerra anche perche e molto contraddittorio , onorevole sottosegretario , quello che lei ha detto ."}
{"sentidx":40225,"lemma":"guerra","token":"guerra","start":47,"end":53,"sent":"In vista della spirale tragica innescata dalla guerra civile , che si presenta come un conflitto di tutti contro tutti , coinvolgendo incUsci\u00b1ninatamente la popolazione inerme , abbiamo appoggiato i tentativi umanitari che hanno visto come nobili e coraggiose protagoniste le organizzazioni internazionali e nazionali di volontariato , purtroppo spesso dimenticate nella nostra politica di cooperazione , ma che invece svolgono un ruolo essenziale in generale nei paesi del terzo mondo ed in particolare in Somalia Nondimeno questa azione , per quanto corretta e protetta da un dispositivo militare peraltro piu simbolico che strategicamente articolato , si e rivelata insufficiente a lenire in modo sostanziale le sofferenze dei settori piu disagiati della popolazione , afflitta da una decimazione atroce , che colpisce soprattutto l infanzia ."}
{"sentidx":7239,"lemma":"guerra","token":"guerra","start":165,"end":171,"sent":"Intanto molti dei generosi civili e caschi blu che volontariamente affrontano i bombardamenti , i cecchini , le imboscate per tentare di soccorrere le vittime della guerra fratricida , continuano a morire ."}
{"sentidx":86788,"lemma":"guerra","token":"guerra","start":9,"end":15,"sent":"Certo la guerra fredda ha introdotto in quell ' assetto le grandi novita della fine dell ' isolazionismo statunitense e della divisione del continente a seguito della"}
{"sentidx":40399,"lemma":"guerra","token":"guerra","start":15,"end":21,"sent":"Con la seconda guerra mondiale tutto cambio ."}
{"sentidx":40119,"lemma":"guerra","token":"guerra","start":139,"end":145,"sent":"Signor Presidente onorevoli colleghi, signori rappresentanti del Governo a suo tempo ho votato contro l intervento militare italiano nella guerra del Golfo in questa occasione votero , invece , a favore ."}
{"sentidx":55024,"lemma":"guerra","token":"guerra","start":65,"end":71,"sent":"Il pensiero non puo non ritornare al decisionismo palesato nella guerra del Golfo quali differenti atteggiamenti per il Kuwait rispetto alla ex Iugoslavia Che differenza di sensibilita per le sorti del petrolio e rispetto a quelle di centinaia di migliaia di vite umane !"}
{"sentidx":12196,"lemma":"guerra","token":"guerra","start":50,"end":56,"sent":"Ritengo pertanto che almeno durante il periodo di guerra la norma sull ' obiezione di coscienza debba essere abolita ( Applausi del deputato"}
{"sentidx":51898,"lemma":"guerra","token":"guerra","start":177,"end":183,"sent":"Con la regionalizzazione della Corte dei conti , infatti , si intende anche risolvere un problema storico , giungendo ad una rapida conclusione del contenzioso pensionistico di guerra , che rappresenta una delle piaghe ed uno degli scandali dell ' Italia repubblicana ."}
{"sentidx":91848,"lemma":"guerra","token":"guerra","start":163,"end":169,"sent":"Non intendo concludere facendo della comoda utopia pacifista e richiedendo con forza il ritiro delle nostre truppe , anche se come convinto federalista ritengo la guerra nociva per la risoluzione delle controversie internazionali Desidero fare alcune considerazioni a sostegno della chiara posizione del mio gruppo sulla vicenda somala , distante dalla posizione dei partiti di Governo chesi ostinano a sostenere la missione senza al tempo stesso esserne pienamente soddisfatti ."}
{"sentidx":86798,"lemma":"guerra","token":"guerra","start":92,"end":98,"sent":"Signor Presidente onorevoli colleghi , la comunita internazionale non ha voluto impedire la guerra nei territori della ex Federazione iugoslava , quando era ancora in tempo , e ora assume interventi parziali e unilaterali , come V embargo solo nei confronti della Serbia L"}
{"sentidx":152543,"lemma":"guerra","token":"Guerra","start":121,"end":127,"sent":"Signor Presidente onorevoli colleghi , votero in dissenso rispetto alla posizione del mio gruppo , espressa dal compagno Guerra non tanto perche non condivida le motivazioni da lui esposte , quanto perche vi e alla base della normativa che stiamo discutendo , una logica di scippo istituzionale delle esigenze dei cittadini che non puo essere condivisa ."}
{"sentidx":67935,"lemma":"guerra","token":"guerra","start":34,"end":40,"sent":"Il Governo ha di fatto dichiarato guerra al Parlamento ed alla Costituzione Il Parlamento signor Presidente ha il diritto , ma soprattutto il dovere , di difendere i poteri e le liberta del Parlamento stesso ei principi della Costituzione democratica ."}
{"sentidx":60692,"lemma":"guerra","token":"guerra","start":9,"end":15,"sent":"A questa guerra l Italia non avrebbe dovuto partecipare ."}
{"sentidx":24254,"lemma":"guerra","token":"guerra","start":73,"end":79,"sent":"Occorre invece combattere , in modo implacabile e straordinario , questa guerra contro nemici che ormai sono tutti noti ."}
{"sentidx":114948,"lemma":"guerra","token":"guerre","start":150,"end":156,"sent":"Dicevo chesi e fatto tutto cio allo scopo di coprire un fallimento economico e finanziario superiore a quello che si inflisse alla nazione con le due guerre unitamente considerate ."}
{"sentidx":7016,"lemma":"guerra","token":"guerra","start":307,"end":313,"sent":"E vero infatti , cio che diceva qualche giorno fa Mitterrand se non fosse esistita la Comunita europea , probabilmente noi avremmo visto i singoli paesi della CEE intessere alleanze con i popoli della Iugoslavia con effetti che avrebbero potuto essere dirompenti e che avrebbero potuto condurre ad un terza guerra mondiale ."}
{"sentidx":152514,"lemma":"guerra","token":"Guerra","start":142,"end":148,"sent":"Signor Presidente onorevoli colleghi , nella mia dichiarazione di voto in dissenso dal mio gruppo , mi richiamo a quanto ha detto il compagno Guerra nella sua dichiarazione di voto perche ne condivido pienamente i contenuti ."}
{"sentidx":20143,"lemma":"guerra","token":"guerra","start":132,"end":138,"sent":"Vogliamo conoscere quali siano le prospettive nel quadro dell ' Europa comunitaria ed in quello della competizione o meglio , della guerra tra i mercati mondiali ."}
{"sentidx":117150,"lemma":"guerra","token":"guerra","start":19,"end":25,"sent":"Questa missione di guerra si e infatti rivelata del tutto inefficace rispetto agli scopi per i quali era stata organizzata ."}
{"sentidx":86774,"lemma":"guerra","token":"guerra","start":327,"end":333,"sent":"Il Governo questo Governo quello che sperabilmente si formera nei prossimi giorni , non potra non tener conto dei sentimenti e della volonta cosi fortemente e cosi chiaramente espressi da questa Camera e sara chiamato a svolgere un ruolo piu deciso , piu coerente ed efficace affinche la politica riprenda il sopravvento sulla guerra ."}
{"sentidx":151896,"lemma":"guerra","token":"guerra","start":156,"end":162,"sent":"Devo dire che ini cattolico come l onorevole Casini dovrebbe sapere che anche nella dottrina cattolica il diritto alla vita conosce eccezioni riferite alla guerra e alla pena di morte ."}
{"sentidx":87142,"lemma":"guerra","token":"guerra","start":58,"end":64,"sent":"Per un parlamento , la possibilita di votare i crediti di guerra rappresentava , ancora ai tempi della prima guerra mondiale , il momento in cui il potere legislativo poteva efficacemente ed effettivamente intervenire , dando o meno il proprio assenso , alla facolta del potere esecutivo di gestire le operazioni militari ."}
{"sentidx":87142,"lemma":"guerra","token":"guerra","start":109,"end":115,"sent":"Per un parlamento , la possibilita di votare i crediti di guerra rappresentava , ancora ai tempi della prima guerra mondiale , il momento in cui il potere legislativo poteva efficacemente ed effettivamente intervenire , dando o meno il proprio assenso , alla facolta del potere esecutivo di gestire le operazioni militari ."}
{"sentidx":61099,"lemma":"guerra","token":"guerra","start":295,"end":301,"sent":"Pio Signor Presidente penso che sia dovere di ogni cristiano veramente autentico svolgere un intervento qui in aula per riaffermare , proprio come cristiano ( e quindi non in nome di strutture e schieramenti di partito ) , che ogni cristiano e comunque contro la guerra e contro le spese per la guerra { Applausi Come cristiano , chiaramente senza Chiesa ritengo che occorra far risuonare in Parlamento anche la voce della coscienza , specialmente quando questa coscienza dovrebbe andare contro elementi fondamentali della propria fede , della propria fiducia e della propria speranza per il futuro ."}
{"sentidx":61099,"lemma":"guerra","token":"guerra","start":263,"end":269,"sent":"Pio Signor Presidente penso che sia dovere di ogni cristiano veramente autentico svolgere un intervento qui in aula per riaffermare , proprio come cristiano ( e quindi non in nome di strutture e schieramenti di partito ) , che ogni cristiano e comunque contro la guerra e contro le spese per la guerra { Applausi Come cristiano , chiaramente senza Chiesa ritengo che occorra far risuonare in Parlamento anche la voce della coscienza , specialmente quando questa coscienza dovrebbe andare contro elementi fondamentali della propria fede , della propria fiducia e della propria speranza per il futuro ."}
{"sentidx":48824,"lemma":"guerra","token":"guerra","start":182,"end":188,"sent":"Notizie circa le pratiche di pensioni di guerra e il loro stato di trattazione potranno essere fornite per competenza dal Ministero del tesoro , Direzione generale delle pensioni di guerra e dei servizi vari ."}
{"sentidx":48824,"lemma":"guerra","token":"guerra","start":41,"end":47,"sent":"Notizie circa le pratiche di pensioni di guerra e il loro stato di trattazione potranno essere fornite per competenza dal Ministero del tesoro , Direzione generale delle pensioni di guerra e dei servizi vari ."}
{"sentidx":24252,"lemma":"guerra","token":"guerra","start":33,"end":39,"sent":"Lo Stato deve decidere se questa guerra vuole vincerla , facendo finalmente sul serio ."}
{"sentidx":152656,"lemma":"guerra","token":"Guerra","start":260,"end":266,"sent":"Presidente colleghi l unica vera questione di cui da giorni stiamo discutendo in Parlamento sottraendo anche tempo ad altri temi di maggior rilievo date le condizioni complessive del nostro paese , e quella riguardante le elezioni di Torino Ebbene il compagno Guerra che e un parlamentare di Como purtroppo non ha ben presente la partita che si sta giocando a Torino Milano ha una diversa situazione ed avremo modo di affrontarla in altra occasione ."}
{"sentidx":540,"lemma":"guerra","token":"guerra","start":374,"end":380,"sent":"Ero invece , assente dall ' aula al momento del voto finale e presente esclusivamente durante le votazioni sugli emendamenti , la cui elaborazione e proposta ho pienamente condiviso con il mio gruppo , in particolare per quanto riguarda gli emendamenti attinenti alla cancellazione delle voci di spesa per la guerra del Golfo e per quanto concerne ogni riferimento a quella guerra in altri capitoli di spesa ."}
{"sentidx":540,"lemma":"guerra","token":"guerra","start":309,"end":315,"sent":"Ero invece , assente dall ' aula al momento del voto finale e presente esclusivamente durante le votazioni sugli emendamenti , la cui elaborazione e proposta ho pienamente condiviso con il mio gruppo , in particolare per quanto riguarda gli emendamenti attinenti alla cancellazione delle voci di spesa per la guerra del Golfo e per quanto concerne ogni riferimento a quella guerra in altri capitoli di spesa ."}
{"sentidx":87966,"lemma":"guerra","token":"guerra","start":65,"end":71,"sent":"La Costituzione fa salvi i casi previsti dalle leggi militari di guerra ."}
{"sentidx":21286,"lemma":"guerra","token":"guerra","start":47,"end":53,"sent":"Ancora recentemente gli ultimi ufficiali della guerra di Spagna e le ultime crocerossine si sono radunati in chiesa , con le loro bandiere ."}
{"sentidx":86763,"lemma":"guerra","token":"guerra","start":518,"end":524,"sent":"Resta dunque , data la situazione , la soluzione piu realistica , che sembra proprio quella di dare un appoggio ancor piu largo e convincente all ' iniziativa delle Nazioni Unite Le sanzioni sono gia un ottimo punto di partenza e apparentemente stanno gia producendo qualche risultato , soprattutto psicologico , se si guarda al crescente malumore della pubblica opinione serba nei confronti di Milosevic Ed e proprio dal rafforzamento di un movimento democratico in Serbia che nasce in opposizione al perdurare della guerra e al nazionalcomunismo di Milosevic che prende vita invece la speranza concreta che le logiche politiche e militari che hanno determinato la situazione attuale possano essere rovesciate ."}
{"sentidx":40303,"lemma":"guerra","token":"guerre","start":301,"end":307,"sent":"La Somalia che e membro della lega araba e di molte organizzazioni musulmane , e stata letteralmente dimenticata , in termini di solidarieta , anche se in passato i musulmani hanno ricevuto da molti Stati arabi in quantita cospicue armi e denaro , puntualmente intercettati dai signori di turno delle guerre locali ."}
{"sentidx":94405,"lemma":"guerra","token":"guerra","start":77,"end":83,"sent":"Mi riferisco ai programmi scolastici , che normalmente si fermano alla prima guerra mondiale , alla preparazione degli insegnanti , all ' adeguatezza dei libri di testo e alla predisposizione di sistemi di sussidi audiovisivi , in merito ai quali vi sono gia proposte concrete , che possono essere strumenti adatti per sensibilizzare i giovani riguardo a quello che e avvenuto solo anni fa per evitare che si crei una situazione analoga a quella passata ."}
{"sentidx":7362,"lemma":"guerra","token":"guerra","start":102,"end":108,"sent":"Comunque il problema esiste e non possiamo sfuggire Credo chela storia recente di questi anni , dalla guerra del Golfo alla necessita di intervenire , come e stato poi fatto , in Somalia e in Mozambico alla vicenda cambogiana e alla questione odierna della Bosnia ponga con urgenza al Governo e alle Camere il problema di ristrutturare le forze armate italiane in senso volontario - professionale ."}
{"sentidx":21249,"lemma":"guerra","token":"guerra","start":151,"end":157,"sent":"Ebbene le nostre forze armate avrebbero battuto la Germania ed il Giappone poiche l Italia del Governo Pani il primo Governo della Resistenza dichiaro guerra all ' imperatore del Giappone E inutile dire che nessun trattato di pace ne e derivato ."}
{"sentidx":64006,"lemma":"guerra","token":"guerra","start":108,"end":114,"sent":"Ma la questione istituzionale e tutt altro che risolta ; abbiamo vinto battaglie importanti , non ancora la guerra ."}
{"sentidx":152240,"lemma":"guerra","token":"Guerra","start":26,"end":32,"sent":"preliminarmente onorevole Guerra vorrei sottolineare che ieri sera sono rimasto in aula fino all ' ultima ora , mentre lei non cera ( Vive proteste dei deputati del gruppo di rifondazione comunista ) ."}
{"sentidx":149153,"lemma":"guerra","token":"guerre","start":135,"end":141,"sent":"Cio vale specialmente per la Slovenia cosi strettamente legata , trovandosi ai nostri confini , alla civilta italiana , al di la delle guerre , delle differenziazioni , delle lotte etniche ."}
{"sentidx":118863,"lemma":"guerra","token":"guerra","start":58,"end":64,"sent":"La guerra del Golfo ha evidenziato proprio questo tipo di guerra , vale adire come proiezione di potenza , effettuata da eserciti di professionisti , esercitata cioe come un lavoro ."}
{"sentidx":118863,"lemma":"guerra","token":"guerra","start":3,"end":9,"sent":"La guerra del Golfo ha evidenziato proprio questo tipo di guerra , vale adire come proiezione di potenza , effettuata da eserciti di professionisti , esercitata cioe come un lavoro ."}
{"sentidx":61090,"lemma":"guerra","token":"guerra","start":41,"end":47,"sent":"Non cisi puo chiedere di avallare quella guerra per cio che ha rappresentato ."}
{"sentidx":60811,"lemma":"guerra","token":"guerra","start":370,"end":376,"sent":"Vorrei richiamare un ' altra argomentazione , signor Presidente La marina militare , nel quadro delle sue attivita di controllo , vigilanza e difesa sia del paese sia della pace internazionale ha bisogno di acquisire le navi di cui stiamo parlando , soprattutto di fronte alle emergenze che il mondo sta oggi vivendo a livello internazionale A pochi passi da noi vi ela guerra civile in Iugoslavia e il problema dell ' Albania Abbiamo il dovere di sorvegliare le nostre imbarcazioni da pesca nei pressi della Tunisia e nel resto del Mediterraneo Vi e il problema della Libia Ammesso chela marina militare imposti oggi il nuovo programma e commissioni l acquisto delle navi , occorreranno almeno cinque anni prima che ne possa disporre ."}
{"sentidx":40168,"lemma":"guerra","token":"guerra","start":188,"end":194,"sent":"Noi consideriamo l intervento italiano in Somalia come un iniziativa assunta in obbedienza ad una risoluzione del Consiglio di sicurezza dell ' ONU cosi come e accaduto in occasione della guerra del Golfo Mi auguro che la situazione oggi riscontrabile in Somalia non debba ripetersi nella vicina ex Iugoslavia Noi europei abbiamo assistito impotenti ad un ennesimo genocidio e alla fine ci siamo piegati all ' intervento degli Stati Uniti Invito i colleghi a riflettere in modo particolare su questo aspetto , dal momento che la situazione iugoslava presenta caratteristiche molto simili a quelle della Somalia un lungo periodo di assenza di interventi ; uccisioni ; spargimento di sangue ."}
{"sentidx":51923,"lemma":"guerra","token":"guerra","start":163,"end":169,"sent":"Come ha ricordato il presidente della Commissione onorevole Ciaffi in questi anni sono stati mortificati molti diritti , non solo dei mutilati e degli invalidi di guerra , ma anche delle famiglie dei deceduti , interessate a questi aspetti , nonche di molti militari e civili ."}
{"sentidx":60689,"lemma":"guerra","token":"guerra","start":317,"end":323,"sent":"In particolare , si mescolano provvedimenti retributivi per il personale militare e civile con stanziamenti destinati a coprire spese di guerra prodotte dall ' intervento delle nostre forze armate nel conflitto del Golfo Persico Quest ultima parte del provvedimento non ci puo assolutamente trovare consenzienti : la guerra nel Golfo non andava intrapresa per ragioni sia di opportunita sia di principio ."}
{"sentidx":60689,"lemma":"guerra","token":"guerra","start":137,"end":143,"sent":"In particolare , si mescolano provvedimenti retributivi per il personale militare e civile con stanziamenti destinati a coprire spese di guerra prodotte dall ' intervento delle nostre forze armate nel conflitto del Golfo Persico Quest ultima parte del provvedimento non ci puo assolutamente trovare consenzienti : la guerra nel Golfo non andava intrapresa per ragioni sia di opportunita sia di principio ."}
{"sentidx":40397,"lemma":"guerra","token":"guerre","start":164,"end":170,"sent":"Il nostro paese deve essere nuovamente legato a Roma La storia italiana della prima meta di questo secolo si e intrecciata con quella somala soprattutto tra le due guerre ."}
{"sentidx":39024,"lemma":"guerra","token":"guerra","start":376,"end":382,"sent":"Debbo inoltre dare atto alla collega Rinaldi del modo positivo in cui la nostra iniziativa ha trovato una convergenza ed ha trovato ascolto da parte dei relatori , dei colleghi della maggioranza e per alcuni versi , anche da parte del Governo Questi aspetti positivi , signor Presidente sono rappresentati in primo luogo dall ' inserimento ( forse pleonastico , ma in casi di guerra etnica travicello traversare quam adducere dell esplicito richiamo al rifiuto di qualunque discriminazione di qualsiasi tipo , ma in particolare di carattere etnico o religioso : in Europa alle soglie del duemila , ci si ammazza , si fa strage per ragioni etniche o religiose , come se fossimo tornati indietro di decenni o addirittura di secoli !"}
{"sentidx":118871,"lemma":"guerra","token":"guerra","start":436,"end":442,"sent":"E quindi con senso di amarezza che il gruppo di rifondazione comunista si trova in questa sede a dover dispiegare tutto il suo impegno per difendere le ragioni della legge le quali erano state interamente condivise dal Parlamento Anche durante la precedente legislatura si era discusso del valore che la Carta costituzionale affida alla vocazione non bellicista del nostro paese ed al principio per cui l Italia ripudia la logica della guerra e della risoluzione mediante quest ' ultima delle controversie internazionali ."}
{"sentidx":73742,"lemma":"guerra","token":"guerre","start":480,"end":486,"sent":"Al contrario di quanti temono che il riconoscimento dei diritti delle minoranze sia un potenziale fattore di disintegrazione , una minaccia all ' ordine stabilito , noi crediamo fermamente che se non siamo capaci di trovare soluzioni politiche e giuridiche fondate sulla possibilita di vivere insieme , sulla tolleranza reciproca , sul rispetto del diritto delle minoranze nei confronti della maggioranza , il nostro futuro sara travagliato dalle violenze , dal genocidio , dalle guerre , dalla moltiplicazione di milioni e milioni di rifugiati ."}
{"sentidx":12216,"lemma":"guerra","token":"guerra","start":44,"end":50,"sent":"Anch io concordo sul fatto che , in caso di guerra odi mobilitazione generale , gli obiettori di coscienza possano essere assegnati alla Croce rossa ."}
{"sentidx":95214,"lemma":"guerra","token":"guerra","start":276,"end":282,"sent":"Con umilta e disciplina la mia generazione si e tenuta in disparte , ma era destino che fosse tradita dai profittatori epigoni dell ' antifascismo , dalla cosiddetta generazione del ricambio , cosi come la generazione di mio padre era stata tradita dal fascismo dopo la prima guerra mondiale ."}
{"sentidx":24340,"lemma":"guerra","token":"guerra","start":62,"end":68,"sent":"Ma lo Stato italiano finge di non accorgersi di tale stato di guerra e ai nostri occhi appare incapace di valutare esattamente la situazione ."}
{"sentidx":40161,"lemma":"guerra","token":"guerra","start":410,"end":416,"sent":"A mio avviso , anzi , una pietra angolare della politica estera italiana per il futuro dovra essere proprio il sostegno di un certo automatismo tra le decisioni del Consiglio di sicurezza di intervenire a fini umanitari nelle varie aree del mondo ela disponibilita di un contingente italiano , opportunamente selezionato e preparato e dotato di mezzi non solo militari , per quella che si potrebbe definire la guerra contro la fame e per il rispetto dei diritti umani ."}
{"sentidx":32508,"lemma":"guerra","token":"guerre","start":17,"end":23,"sent":"Si sono fatte le guerre per risolvere problemi e per distrarre l attenzione della gente ."}
{"sentidx":25704,"lemma":"guerra","token":"guerra","start":145,"end":151,"sent":"In conclusione , come da qualcuno e stato giustamente detto , vincere la battaglia della sessione di bilancio non vuol dire ancora aver vinto la guerra contro il debito pubblico ."}
{"sentidx":75000,"lemma":"guerra","token":"guerra","start":162,"end":168,"sent":"Cio fu fatto , in termini eccezionalmente diversi dai nostri , in epoche del tutto differenti da quella nella quale viviamo , per esempio alla fine della seconda guerra mondiale ."}
{"sentidx":77984,"lemma":"guerra","token":"guerra","start":171,"end":177,"sent":"Da parte dell ' onorevole Berselli vie stata una sottolineatura del ruolo dell ' Italia in concomitanza con altri paesi europei , nel tentativo di arginare il processo di guerra ."}
{"sentidx":74855,"lemma":"guerra","token":"guerra","start":257,"end":263,"sent":"Ecco perche la lega lotta contro questi usurpatori , in nome della sovranita popolare ; ecco perche la lega ha chiesto una revisione totale della nostra Carta Sono molti i fattori che possono imporre il mutamento di una Costituzione una guerra civile , una guerra perduta , un sovvertimento totale della base sociale attraverso una rivoluzione ; e secondo le idee di Miele di Mortati e di Bobbio Costituzione significa allargamento sempre maggiore della visuale tradizionale , considerando fonti magari fino a ieri neglette e sconosciute quali fonti del nuovo diritto e quindi , incluse naturalmente nel concetto di potere costituente ."}
{"sentidx":74855,"lemma":"guerra","token":"guerra","start":237,"end":243,"sent":"Ecco perche la lega lotta contro questi usurpatori , in nome della sovranita popolare ; ecco perche la lega ha chiesto una revisione totale della nostra Carta Sono molti i fattori che possono imporre il mutamento di una Costituzione una guerra civile , una guerra perduta , un sovvertimento totale della base sociale attraverso una rivoluzione ; e secondo le idee di Miele di Mortati e di Bobbio Costituzione significa allargamento sempre maggiore della visuale tradizionale , considerando fonti magari fino a ieri neglette e sconosciute quali fonti del nuovo diritto e quindi , incluse naturalmente nel concetto di potere costituente ."}
{"sentidx":133256,"lemma":"guerra","token":"guerra","start":425,"end":431,"sent":"Anche il gruppo dei verdi si associa alle parole della collega Ingrao ricordando l importanza di quanto sta muovendosi in Italia ad opera del volontariato nella convinzione che questo fondo trovera un ' adeguata applicazione nell ' opera sia del volontariato italiano sia degli enti locali , oltre che del Governo impegnati , soprattutto i primi , in una costante opera di solidarieta e di aiuto alle popolazioni e contro la guerra ( Applausi dei deputati del gruppo dei verdi ) ."}
{"sentidx":119496,"lemma":"guerra","token":"guerra","start":76,"end":82,"sent":"Dev essere cosi : altrimenti non si capisce nulla , signor Presidente E una guerra ideologica che spinge questa proposta di legge ."}
{"sentidx":138336,"lemma":"guerra","token":"guerra","start":68,"end":74,"sent":"Sono veramente indignato perche , caro Presidente io sono orfano di guerra : andiamoci piano allora con questi distinguo che affossano in termini morali , con un Governo che parla in questo modo !"}
{"sentidx":34238,"lemma":"guerra","token":"guerra","start":123,"end":129,"sent":"Che uno Stato risponda , attraverso il proprio Governo con la costituzione di parte civile nei confronti di un ' azione di guerra , non solo mi appare ridicolo , ma e anche una inutile provocazione rispetto a quel minimo di intelligenza e di sensibilita che pure deve essere riconosciuto al martoriato popolo italiano ."}
{"sentidx":94113,"lemma":"guerra","token":"guerra","start":250,"end":256,"sent":"Cio si verifica in tutto il mondo , innanzitutto in Italia Nell ambito delle organizzazione internazionali ( mi riferisco all ' organizzazione delle Nazioni Unite e nella stessa amministrazione americana si vanno effettuando retromarce rispetto alla guerra alla droga ; non credo sia giusto non spendere una parola sulla ragione per cui ci troviamo oggi di fronte a un incremento massiccio di popolazione carceraria ."}
{"sentidx":26238,"lemma":"guerra","token":"guerra","start":552,"end":558,"sent":"Ho ascoltato i rilievi , come sempre di ampio respiro , di diritto comparato e le osservazioni dell ' onorevole Senese nonche le puntuali considerazioni critiche di Taradash Apprezzo la passione affettiva e familiare con la quale l onorevole Caradonna ha voluto , sia pure con l entusiasmo derivante dalla sua storia personale e familiare , esprimere il concetto che anche nel periodo del vecchio regime non vi fu un antisemitismo effettivo , ma anzi vi furono medaglie doro e al valore ; abbiamo sentito anche evocare lo stile di alcuni bollettini di guerra odi alcune rese di onore agli eroi ."}
{"sentidx":139558,"lemma":"guerra","token":"guerre","start":281,"end":287,"sent":"Il capoluogo ionico in questi ultimi trentatre anni e stato vittima della strategia della distruzione portata pervicacemente avanti con scelte e decisioni che hanno mirato , riuscendo a stravolgere abitudini , tradizioni , cultura e vocazioni millenarie che neppure le piu crudeli guerre e dominazioni erano state capaci di modificare nel corso dei secoli ."}
{"sentidx":7262,"lemma":"guerra","token":"guerra","start":156,"end":162,"sent":"Essendo una persona pacifica non sono esperto di guerre , ma credo che in situazioni simili non si sia mai assistito al mancato rispetto dei prigionieri di guerra ."}
{"sentidx":7262,"lemma":"guerra","token":"guerre","start":49,"end":55,"sent":"Essendo una persona pacifica non sono esperto di guerre , ma credo che in situazioni simili non si sia mai assistito al mancato rispetto dei prigionieri di guerra ."}
{"sentidx":35255,"lemma":"guerra","token":"guerra","start":207,"end":213,"sent":"Io penso che gli studenti stiano combattendo una lotta anche per risolvere problemi materiali , per affrontare questioni specifiche : la didattica , la nuova cultura , una storia che non si fermi alla prima guerra mondiale , un collegamento tra universita e posti di lavoro , un ' operativita maggiore ."}
{"sentidx":97463,"lemma":"guerra","token":"guerra","start":273,"end":279,"sent":"Per questo motivo , rinnovo il nostro appello al Governo affinche si faccia promotore nelle sedi internazionali delle opportune decisioni per inviare prontamente forze militari di dissuasione dell ' ONU nel Kossovo alfine di evitare che anche in quel territorio scoppi una guerra civile sanguinosa come quella bosniaca ."}
{"sentidx":21233,"lemma":"guerra","token":"guerra","start":390,"end":396,"sent":"H duca Caetani medaglia doro del Col di Lana deputato nazionalista , quando intervenne mirabilmente in quest ' aula nei confronti del deputato disertore Misiano richiamo la condizione dei coscienti pectoris la parola obiettore di coscienza viene dall ' inglese ) negli Stati Uniti e in Gran Bretagna ricordando che non si poteva paragonare la posizione del disertore Misiano contrario alla guerra , percio disertore , a quella degli obiettori di coscienza , come pretendevano gli oratori socialisti , che difendevano la presenza di Misiano nell aula Vi era una differenza morale : gli obiettori di coscienza anglosassoni venivano comunque impiegati nell ' esercito ( come il Movimento sociale italiano prevede debba accadere in Italia e in questo senso ha presentato emendamenti al testo ) ; anzi si sentivano in dovere di fare i barella in prima linea , per dimostrare che non erano obiettori di coscienza per non adempiere ai doveri verso la patria , verso la societa ."}
{"sentidx":91997,"lemma":"guerra","token":"guerra","start":265,"end":271,"sent":"Ai nostri soldati , ai comandanti ed alla truppa va il nostro plauso per le loro capacita e per il modo con il quale stanno portando avanti una missione che li aveva visti partire per portare sollievo ed aiuto alle popolazioni e cheli ha poi coinvolti in azioni di guerra nelle quali hanno dimostrato capacita , determinazione e preparazione ."}
{"sentidx":40383,"lemma":"guerra","token":"guerre","start":498,"end":504,"sent":"Dalla drammatica lezione del genocidio in Somalia impariamo finalmente qualcosa : verso il sud del mondo occorre avere un ' altra predisposizione , non quella di quanti , sulla pelle di chi muore , fanno spettacolo o propaganda ( lo spettacolo dei reporters che corrono sulla spiaggia accanto ai marines e sinceramente un insulto a chi in quelle zone sta morendo di fame ) , ma di quanti si battono contro le ragioni delle ingiustizie sociali ed economiche alla base di quelle tragedie e di quelle guerre e credono fermamente nella pace , nella cooperazione , nei diritti degli individui e dei popoli ( Applausi dei deputati del gruppo del"}
{"sentidx":139649,"lemma":"guerra","token":"Guerra","start":29,"end":35,"sent":"Come ha sostenuto il collega Guerra questo non toglie che si possa fare un ulteriore lavoro ."}
