{"sentidx":97668,"lemma":"inquinamento","token":"inquinamento","start":18,"end":30,"sent":"Quale pericolo di inquinamento delle prove sussiste ?"}
{"sentidx":150271,"lemma":"inquinamento","token":"inquinamento","start":61,"end":73,"sent":"Abbiamo posto l accento soprattutto sul concreto pericolo di inquinamento della prova ."}
{"sentidx":67220,"lemma":"inquinamento","token":"inquinamento","start":83,"end":95,"sent":"Vi e una gravissima responsabilita di chi ha governato lo Stato rendendo possibile inquinamento politico - mafioso delle istituzioni ."}
{"sentidx":114748,"lemma":"inquinamento","token":"inquinamento","start":107,"end":119,"sent":"Pertanto non potendo votare contro ma certamente neppure a favore , in considerazione della possibilita di inquinamento di queste procedure il gruppo del Movimento sociale italiano si asterra dal voto sul provvedimento ."}
{"sentidx":97946,"lemma":"inquinamento","token":"inquinamento","start":36,"end":48,"sent":"In che consisterebbe il pericolo di inquinamento delle prove ?"}
{"sentidx":97644,"lemma":"inquinamento","token":"inquinamento","start":63,"end":75,"sent":"Un presupposto indefettibile e che vi sia concreto pericolo di inquinamento delle prove ."}
{"sentidx":73536,"lemma":"inquinamento","token":"inquinamento","start":201,"end":213,"sent":"Questo nel momento in cui dice che dobbiamo autorizzare l arresto con la conseguenza della necessaria e maggiore responsabilita del giudice nel valutare la sussistenza o l insussistenza del rischio di inquinamento ."}
{"sentidx":20847,"lemma":"inquinamento","token":"inquinamento","start":98,"end":110,"sent":"Voi diciamolo chiaramente , Presidente avrete prodotto tangentopoli , ma avete provocato anche un inquinamento spaventoso , consentendo a chicchessia di buttare qualsiasi cosa ed evitando persino la piu vecchia norma penale che il diritto romano ricordava : ."}
{"sentidx":72548,"lemma":"inquinamento","token":"inquinamento","start":56,"end":68,"sent":"Il che ci farebbe di nuovo tornare in una situazione di inquinamento e di influenza del sistema proporzionale su quello uninominale maggioritario ."}
{"sentidx":67351,"lemma":"inquinamento","token":"inquinamento","start":54,"end":66,"sent":"Questi sono solo alcuni degli aspetti collegati all ' inquinamento delle acque destinate al consumo umano ."}
{"sentidx":110087,"lemma":"inquinamento","token":"inquinamento","start":279,"end":291,"sent":"Bisogna altresi riflettere sugli aiuti che le nostre imprese utilizzano , in un quadro assolutamente acritico dal punto di vista della qualificazione della spesa , spesa che , proprio per non essere qualificata , finisce per essere sostanzialmente collegata in maniera netta all inquinamento ."}
{"sentidx":15003,"lemma":"inquinamento","token":"inquinamento","start":258,"end":270,"sent":"Ritengo che il processo verbale dovrebbe recare poche parole volte ad illustrare sinteticamente tale nostra sofferta astensione , in quanto saremmo stati portati a votare contro un provvedimento che pretende di risolvere con norme di legge i problemi dell ' inquinamento delle coste ."}
{"sentidx":35068,"lemma":"inquinamento","token":"inquinamento","start":286,"end":298,"sent":"Nonostante questi limiti il gruppo della democrazia cristiana , che ha sostenuto il provvedimento , votera a favore , perche ritiene , come ha detto chiaramente il relatore , che sia comunque importante un intervento che stimoli concretamente iniziative e programmi tesi a combattere l inquinamento ed il degrado ambientale ."}
{"sentidx":26592,"lemma":"inquinamento","token":"inquinamento","start":179,"end":191,"sent":"Cio significa che si vuole imputare al mondo agricolo la responsabilita del dissesto ambientale sia per quanto riguarda la mancata difesa della natura , sia per quanto concerne l inquinamento ."}
{"sentidx":67331,"lemma":"inquinamento","token":"inquinamento","start":133,"end":145,"sent":"Ci viene chiesto di convertire in legge il decreto - legge recante interventi per u miglioramento qualitativo ela prevenzione dell ' inquinamento delle acque destinate al consumo umano e sappiamo che per ben otto volte il decreto - legge in discussione e stato reiterato dopo essere decaduto per decorrenza dei termini costituzionali ."}
{"sentidx":38249,"lemma":"inquinamento","token":"inquinamento","start":105,"end":117,"sent":"Ebbene la tariffa di depurazione non riguarda il funzionamento dei depuratori , ma e diretta a ridurre l inquinamento ed a far pagare il costo rappresentato dall ' impatto ambientale delle emissioni inquinanti ."}
{"sentidx":28687,"lemma":"inquinamento","token":"inquinamento","start":358,"end":370,"sent":"L uomo ee deve rimanere in una societa democratica il centro propulsore delle sue attivita politiche , economiche e sociali , proprio al fine di evitare quello che e accaduto con lo strapotere dei partiti che hanno creato un vero e proprio regime di prevaricazioni e di arroganza imponendo una dittatura consociativismo che ha originato danni irreparabili e inquinamento morale ed ambientale ."}
{"sentidx":120720,"lemma":"inquinamento","token":"inquinamento","start":245,"end":257,"sent":"Anche cio dimostra che la lega e disposta , sia pure a denti stretti , a subire un ' autentica prepotenza per difendere il referendum e il diritto del popolo italiano di procedere aU eliminazione definitiva del centralismo partitocratico e dell inquinamento istituzionale provocato da Tangentopoli per giungere finalmente e rapidamente a nuove elezioni ( Applausi dei deputati del gruppo della lega nord ) ."}
{"sentidx":98072,"lemma":"inquinamento","token":"inquinamento","start":240,"end":252,"sent":"Credo allora , che noi dobbiamo assicurare questa ulteriore forma di garantismo : dobbiamo dare a tutti i cittadini la garanzia che De Lorenzo venga effettivamente giudicato con un giusto processo , senza dar luogo ad ulteriori attivita di inquinamento delle prove e di subornazione dei testimoni ."}
{"sentidx":38099,"lemma":"inquinamento","token":"inquinamento","start":257,"end":269,"sent":"Io ho proposto che la Commissione ambiente sia distinta dalla Commissione lavori pubblici ; infatti , con i lavori pubblici si va spesso ad intaccare l integrita ela dignita dell ' ambiente , mentre in Commissione ambiente dovremmo affrontare situazioni di inquinamento , di dissesto e di degrado del territorio causate proprio dall ' intervento dei lavori"}
{"sentidx":136068,"lemma":"inquinamento","token":"inquinamento","start":259,"end":271,"sent":"C e molto allarme in citta e nell interrogazione si chiede se le accurate indagini della magistratura meritino attenzione da parte del Governo quell ' attenzione che la normativa in vigore impone per quanto riguarda le regole di trasparenza ed il pericolo di inquinamento dei consigli comunali , che in tal caso dovrebbero essere addirittura sciolti ."}
{"sentidx":118345,"lemma":"inquinamento","token":"inquinamento","start":62,"end":74,"sent":"Con gli appalti si e realizzato un sistema di corruzione e di inquinamento su tutto il territorio nazionale , da Milano a Reggio Calabria da Venezia a Palermo ea Napoli Attraverso la cultura capitalistica fondata sull ' egoismo e sull arricchimento ad ogni costo e stato realizzato un patto scellerato tra classe imprenditoriale e potere politico dominante , che ha consentito la spartizione di fiumi di denaro pubblico ."}
{"sentidx":17957,"lemma":"inquinamento","token":"inquinamento","start":187,"end":199,"sent":"Quel che e certo e che ritengo contraddittorio considerare l appuntamento elettorale come la palingenesi di tutti i mali come la soluzione definitiva , e poi sottovalutare i rischi di un inquinamento della prova elettorale in termini di mancata segretezza odi mancato accesso al voto per chi ne ha diritto ."}
{"sentidx":54877,"lemma":"inquinamento","token":"inquinamento","start":176,"end":188,"sent":"Ogni passaggio procedurale previsto dalla legge ha dimostrato la fattibilita dell ' opera ed anche che il progetto e redatto in maniera tale da ridurre al minimo il rischio di inquinamento ."}
{"sentidx":73426,"lemma":"inquinamento","token":"inquinamento","start":270,"end":282,"sent":"Nel caso in esame mi rifaccio alle motivazioni addotte dall ' onorevole Bargone nella sua relazione sia per quanto riguarda la gravita degli addebiti , sia per quanto riguarda gli indizi di responsabilita , sia infine per quanto riguarda la pericolosita in ordine all ' inquinamento delle prove ."}
{"sentidx":150693,"lemma":"inquinamento","token":"inquinamento","start":317,"end":329,"sent":"Sottolineo che molti cittadini , operatori commerciali , vigili , studenti , giovani e in particolare , bambini ed anziani corrono gravi rischi per la salute , come e evidenziato da un recente rilevamento effettuato dalla unita sanitaria locale di Giulianova in provincia di Teramo che ha dimostrato che i livelli di inquinamento e di pericolo per la salute sono gravissimi ."}
{"sentidx":124014,"lemma":"inquinamento","token":"inquinamento","start":152,"end":164,"sent":"Non dobbiamo dimenticare che questa inchiesta si muove in un contesto delicato drammatico , molto esposto , nel senso di accertare i termini veri di un inquinamento della politica ad opera della mafia ."}
{"sentidx":28956,"lemma":"inquinamento","token":"inquinamento","start":267,"end":279,"sent":"Dopo le elezioni comunali di Reggio Calabria perla prima volta in Italia sie aperto un grande dibattito sul voto inquinato nel Mezzogiorno Il contesto si e ulteriormente appesantito di segnali inquietanti se e vero come e vero chesi tratta non solo di guardare all ' inquinamento nel momento delle elezioni , ma agli elementi di condizionamento e di riscatto che pesano sui partiti e sui massimi vertici dei partiti di governo ."}
{"sentidx":430,"lemma":"inquinamento","token":"inquinamento","start":195,"end":207,"sent":"E anche evidente che nel corso di un ' istruttoria , per di piu cosi complessa , possano presentarsi ragioni imminenti per l adozione di misure restrittive della liberta personale connessa all ' inquinamento della prova e perche no ?"}
{"sentidx":161,"lemma":"inquinamento","token":"inquinamento","start":70,"end":82,"sent":"Onorevole Presidente nel momento in cui sosteniamo che il pericolo di inquinamento della prova deve essere delibato dal giudice e sottoposto all ' autorizzazione del Parlamento prima che il giudice possa emettere i provvedimenti cautelari a tutela della prova , del procedimento e delle prospettive della giustizia , forse stiamo scherzando ."}
{"sentidx":73357,"lemma":"inquinamento","token":"inquinamento","start":284,"end":296,"sent":"Ritengo che l istituto vada usato nella misura minima , intendendo con questa espressione non piu di due otre giorni e non invece un periodo che puo durare anche otto o nove mesi cioe quel tempo minimo indispensabile perche si possa verificare l inesistenza del pericolo di fuga e di inquinamento delle prove ."}
{"sentidx":67247,"lemma":"inquinamento","token":"inquinamento","start":240,"end":252,"sent":"Siamo infatti alla settima od ottava reiterazione di questo decreto - legge sull ' emergenza idrica ed appare a tutti chiaro che non e possibile affrontare situazioni di emergenza , derivanti da carenze di disponibilita d acqua oda diffuso inquinamento , con soluzioni temporanee , ossia con decreti che tentano di risolvere un problema ecologicamente complesso , diffuso e settorialmente vasto con una tecnica da intervento puntuale ."}
{"sentidx":39846,"lemma":"inquinamento","token":"inquinamento","start":73,"end":85,"sent":"Il territorio della mia provincia e costellato da ogni sorta di fonte di inquinamento : la centrale di Caorso la idroelettrica sul Po due centrali a gasolio ."}
{"sentidx":83375,"lemma":"inquinamento","token":"inquinamento","start":187,"end":199,"sent":"E stato un provvedimento assunto in sede di autotutela , che dovrebbe spingere a valorizzare l indirizzo amministrativo prevalente piuttosto che a segnalare negativamente un tentativo di inquinamento , sempre possibile , delle procedure concorsuali ."}
{"sentidx":89769,"lemma":"inquinamento","token":"inquinamento","start":261,"end":273,"sent":"Vi sono ad esempio , regioni attraversate da fiumi importanti come il Po dove l agricoltura soffre perche manca un suo coordinamento con le produzioni industriali , ed altre nelle quali certi eccessi per quanto riguarda l allevamento di bestiame hanno prodotto inquinamento , recando danni gravissimi alle attivita terziarie turistiche ."}
{"sentidx":97815,"lemma":"inquinamento","token":"inquinamento","start":121,"end":133,"sent":"Credo che non vi siano dubbi , ed in particolare per quanto riguarda la terza ipotesi , relativa alla possibilita dell ' inquinamento delle prove ."}
{"sentidx":73335,"lemma":"inquinamento","token":"inquinamento","start":77,"end":89,"sent":"Le prove si devono raccogliere a dibattimento , quindi il maggiore rischio d inquinamento lo si registra tra l udienza delle indagini preliminari el ' udienza dibattimentale , nel momento in cui si conoscono gli atti ( cioe gli indizi raccolti dalla polizia giudiziaria sotto l indirizzo del pubblico ministero ) e si sa quali prove si possono far arrivare ose si puo , si possono evitare ."}
{"sentidx":109983,"lemma":"inquinamento","token":"inquinamento","start":73,"end":85,"sent":"Si tratta di una maniera concreta per ridurre il consumo di risorse el ' inquinamento atmosferico , ed anche per aiutare , con i fondi cosi raccolti , i paesi del terzo mondo indirizzandosi verso uno sviluppo auspicabile ."}
{"sentidx":40970,"lemma":"inquinamento","token":"inquinamento","start":161,"end":173,"sent":"Signor Presidente da tempo abbiamo denunziato questa prassi non concepibile e che costituisce un grave attentato ai poteri del Parlamento e soprattutto un grave inquinamento delle sue decisione su materie molto depilate A mio giudizio , dopo che ieri , durante la Conferenza dei presidenti di gruppo , si e sottolineata ancora una volta la gravita di tali atteggiamenti , la Presidenza dovrebbe disporre che si proceda al ritiro delle tessere che si trovano nelle postazioni di deputati assenti : el ' unico rimedio che possiamo adottare ."}
{"sentidx":83882,"lemma":"inquinamento","token":"inquinamento","start":416,"end":428,"sent":"In relazione al risparmio energetico , dal punto di vista del consumo di energia per il riscaldamento ela refrigerazione dei locali della Camera a seguito delle nostre richieste si sta avviando una revisione totale dell ' impianto di condizionamento e di riscaldamento , anche con una riduzione dell ' uso di idrocarburi ove possibile si e cercato di migliorare gli infissi con l adozione di doppi vetri per evitare inquinamento acustico e ambientale , nonche dispersione di energia termica ."}
{"sentidx":91571,"lemma":"inquinamento","token":"inquinamento","start":44,"end":56,"sent":"Allora io penso che il rischio di un simile inquinamento sia elevato , anche tenuto conto del fatto che le segreterie dei partiti non sono le segreterie dei partiti , e che i candidati sono cosi pochi che se sbagli il candidato capolista , evidentemente si ha un pregiudizio grandissimo nella zona ."}
{"sentidx":67344,"lemma":"inquinamento","token":"inquinamento","start":167,"end":179,"sent":"Tornando alla questione che stiamo discutendo , ritengo che per disinquinare le acque sia necessario affrontare la base stessa del problema ; bisogna cioe prevenire l inquinamento , andare alla fonte dell ' inquinamento stesso e ove possibile , evitarlo Molti sono i fattori che influiscono in modo determinante nella produzione dell ' inquinamento : intendo ricordarne alcuni ."}
{"sentidx":67344,"lemma":"inquinamento","token":"inquinamento","start":336,"end":348,"sent":"Tornando alla questione che stiamo discutendo , ritengo che per disinquinare le acque sia necessario affrontare la base stessa del problema ; bisogna cioe prevenire l inquinamento , andare alla fonte dell ' inquinamento stesso e ove possibile , evitarlo Molti sono i fattori che influiscono in modo determinante nella produzione dell ' inquinamento : intendo ricordarne alcuni ."}
{"sentidx":67344,"lemma":"inquinamento","token":"inquinamento","start":207,"end":219,"sent":"Tornando alla questione che stiamo discutendo , ritengo che per disinquinare le acque sia necessario affrontare la base stessa del problema ; bisogna cioe prevenire l inquinamento , andare alla fonte dell ' inquinamento stesso e ove possibile , evitarlo Molti sono i fattori che influiscono in modo determinante nella produzione dell ' inquinamento : intendo ricordarne alcuni ."}
{"sentidx":142363,"lemma":"inquinamento","token":"inquinamento","start":140,"end":152,"sent":"La perplessita non e soltanto un fatto epidermico , ma e sostanziata dall ' elenco delle funzioni attribuite che , espressamente in tema di inquinamento acustico , dell ' aria , delle acque e del suolo , in materia di rischi di incidenti rilevanti , in relazione alla valutazione di impatto ambientale , pare creino duplicazioni , che sembrano scoordinate da altri ambiti gia sottoposti a regolamentazioni legislative ea particolari competenze ispettive o autorizzative ."}
{"sentidx":121531,"lemma":"inquinamento","token":"inquinamento","start":126,"end":138,"sent":"Con il passare del tempo , invece , diventa sempre piu facile la dispersione della memoria , la distruzione di documenti el ' inquinamento della prova ."}
{"sentidx":145063,"lemma":"inquinamento","token":"inquinamento","start":54,"end":66,"sent":"Esso inoltre , interviene sulla foce , a valle dell ' inquinamento ; poco importa chi sia responsabile e quale sia l origine dell ' inquinamento , vorrei dirlo soprattutto ai colleghi Mantovani e Ronchi Certo vie un intreccio tra aspetti sanitari e ambientali , ma non identita ."}
{"sentidx":145063,"lemma":"inquinamento","token":"inquinamento","start":132,"end":144,"sent":"Esso inoltre , interviene sulla foce , a valle dell ' inquinamento ; poco importa chi sia responsabile e quale sia l origine dell ' inquinamento , vorrei dirlo soprattutto ai colleghi Mantovani e Ronchi Certo vie un intreccio tra aspetti sanitari e ambientali , ma non identita ."}
{"sentidx":73023,"lemma":"inquinamento","token":"inquinamento","start":318,"end":330,"sent":"Il sistema attuale , basato sul principio dell ' assunzione della prova nel corso del dibattimento , impone maggiori cautele rispetto al rischio che la prova possa essere inquinata , con la conseguenza di una necessaria maggiore discrezionalita del giudice nel valutare la sussistenza o l insussistenza del rischio di inquinamento ."}
{"sentidx":14310,"lemma":"inquinamento","token":"inquinamento","start":191,"end":203,"sent":"Non certo di estensione mi pare si possa e si debba trattare ; e non mi sembra nemmeno che abbia senso modificare i principi ispiratori di tale strumento : pericolosita sociale , pericolo di inquinamento delle prove , pericolo di fuga ."}
{"sentidx":125409,"lemma":"inquinamento","token":"inquinamento","start":151,"end":163,"sent":"In ogni caso ritengo che no n si debbano tagliare fondi per destinare ad interventi , pur importanti , quale la tutela dell ' ambiente marino contro l inquinamento ."}
{"sentidx":67261,"lemma":"inquinamento","token":"inquinamento","start":122,"end":134,"sent":"In sostanza , gli interventi relativi agli ambiti , alle competenze , ai finanziamenti ed agli strumenti per combattere l inquinamento da nitrati non sono stati messi nel dimenticatoio : conveniamo tutti sul fatto che si tratti di iniziative essenziali , che debbono tuttavia trovare una loro precisa soluzione nel contesto di una riforma organica ."}
{"sentidx":98049,"lemma":"inquinamento","token":"inquinamento","start":14,"end":26,"sent":"Si dice che l inquinamento e gia avvenuto : vi pare possibile che l onorevole De Lorenzo continui ad avere ancora dei documenti ?"}
{"sentidx":73468,"lemma":"inquinamento","token":"inquinamento","start":55,"end":67,"sent":"Quindi il sistema attuale , che prevede il pericolo di inquinamento della prova , non soltanto e stato posto in dubbio ma , effettivamente , non e stato rispettato ."}
{"sentidx":97604,"lemma":"inquinamento","token":"inquinamento","start":92,"end":104,"sent":"Tale articolo non si limita ad una mera declaratoria formale , ma parla di vero pericolo di inquinamento delle prove , oppure di vero , concreto , dimostrato pericolo di fuga ."}
{"sentidx":56996,"lemma":"inquinamento","token":"inquinamento","start":235,"end":247,"sent":"In realta , la riorganizzazione del servizio idrico si inserisce in un processo di riforma in atto che riguarda due fondamentali aspetti del problema dell ' acqua , quali la difesa del suolo dall ' acqua ela difesa dell ' acqua dall ' inquinamento ."}
{"sentidx":97893,"lemma":"inquinamento","token":"inquinamento","start":100,"end":112,"sent":"Il secondo concerne non tanto il fatto se l onorevole De Lorenzo abbia o meno una propensione all ' inquinamento delle prove , perche tale elemento e sotto gli occhi di tutti , quanto se tale possibilita sia concreta ed attuale ."}
{"sentidx":71841,"lemma":"inquinamento","token":"inquinamento","start":493,"end":505,"sent":"Ovviamente il provvedimento in esame non ha un solo ed esclusivo messaggio ; esso invece rappresenta , nei confronti del Parlam en to e dell opinione pubblica , un segnale chiaro ed univoco della volonta del Governo di perseguire in man ie r a differenziata determinati tipi di rea to che costi costituiscono un particolare pericolo pe r la sicurezza degli individui e della collettivita , no n c he pe r le istituzioni democratica t iche Noi abbiamo spesso lamenta to interferenze e forme di inquinamento nelle istituzioni , specie in quelle pubbliche locali ."}
{"sentidx":83852,"lemma":"inquinamento","token":"inquinamento","start":63,"end":75,"sent":"Tutto cio ha conseguenze in termini di consumo di energia , di inquinamento , di qualita della vita delle persone che vivono all ' interno del palazzo ."}
{"sentidx":97044,"lemma":"inquinamento","token":"inquinamento","start":232,"end":244,"sent":"I fini sono diversi , pe r che no ne questione di imporre la carcerazione preventiva ; e quest ione di concedere al magistratura tra to inquirente la possibilita di svolgere le indagini necessarie , nella garanzia che no n vi siano inquinamento delle prove , sot t razione delle medesime , pericolo di fuga o pericolo di rei reiterazione del rea to ."}
{"sentidx":62360,"lemma":"inquinamento","token":"inquinamento","start":211,"end":223,"sent":"E uno strumento che deve essere usato con parsimonia , con senso di responsabilita , alla luce di un ' esperienza piu che discutibile del passato , in cui non e stato fonte di democrazia e di pluralismo , ma di inquinamento della democrazia e del pluralismo medesimi ."}
{"sentidx":11636,"lemma":"inquinamento","token":"inquinamento","start":137,"end":149,"sent":"E allora indubbio che nel nuovo contesto l inserimento del sistema delle preferenze puo provocare effetti difficilmente controllabili di inquinamento ."}
{"sentidx":10431,"lemma":"inquinamento","token":"inquinamento","start":186,"end":198,"sent":"Signor Presidente colleghi , e di questi giorni ( l abbiamo gia ricordato in quest ' aula ) la proposta di un decreto del ministro dell ' ambiente che si fa carico dei gravi problemi di inquinamento esistenti nelle nostre aree urbane ."}
{"sentidx":151333,"lemma":"inquinamento","token":"inquinamento","start":161,"end":173,"sent":"Tuttavia abbiamo constatato che la scienza produce spesso delle sorprese presumibilmente non volute , come per esempio gli effetti delle radiazioni nucleari , l inquinamento atmosferico ed altro ."}
{"sentidx":73030,"lemma":"inquinamento","token":"inquinamento","start":890,"end":902,"sent":"Signor Presidente onorevoli colleghi , condivido le conclusioni alle quali e pervenuto il relatore , onorevole Bargone per quello che riguarda l autorizzazione a procedere n 621 nei confronti dell ' onorevole Di Donato Colgo l occasione per rilevare che quanto e stato osservato in questa sede ed in questo momento a proposito di tale autorizzazione a procedere ci consente di esprimere il nostro avviso sulla richiesta di autorizzazione n 620 della quale il sottoscritto e relatore , circa la quale e avvenuto un cambiamento nelle impostazioni del giudice per le indagini preliminari che il Presidente ha teste comunicato all ' Assemblea Poiche la decisione della Giunta era stata a suo tempo adottata sulla base di un criterio diretto a tutelare il procedimento in corso , nonche l esigenza , recata dalle nuove norme di procedura penale , di preservare la prova da eventuali pericoli di inquinamento , riteniamo che la delibazione della nuova richiesta da parte del giudice per le indagini preliminari ( relativa alla graduazione della misura da custodia cautelare a custodia cautelare mediante arresti domiciliari ) avrebbe meritato maggiore attenzione , trattandosi in entrambi i casi di misure dirette alla persona che quindi non possono interessare la Camera Il giudice ha una gamma di strumenti per soddisfare gli scopi che il codice di procedura penale prevede : se egli in una prima fase aveva ritenuto di chiedere motivatamente la massima misura cautelare , la custodia cautelare , avrebbe potuto attenuare le successive deliberazioni trasformando la custodia cautelare in arresti domiciliari ."}
{"sentidx":110077,"lemma":"inquinamento","token":"inquinamento","start":48,"end":60,"sent":"Questo equivale , in sostanza , a legittimare l inquinamento , purche si paghi ."}
{"sentidx":144937,"lemma":"inquinamento","token":"inquinamento","start":223,"end":235,"sent":"In secondo luogo , in vent anni ogni palo cede all ambiente , anche quando e installato , molti grammi di cromo , alcuni di arsenico ( che e cancerogeno ) e di rame dando cosi luogo annualmente a tonnellate e tonnellate di inquinamento finora nemmeno censito e monitorato ."}
{"sentidx":73240,"lemma":"inquinamento","token":"inquinamento","start":59,"end":71,"sent":"Osservo solo che i motivi addotti a sostegno del possibile inquinamento delle prove sono sostanzialmente due ; li ha riferiti entrambi uno dei principali indagati solo dopo precise accuse ed il ritrovamento di oltre due miliardi su suoi libretti di deposito ."}
{"sentidx":110073,"lemma":"inquinamento","token":"inquinamento","start":434,"end":446,"sent":"Noi vorremmo che il Governo si assumesse questa responsabilita e ci indicasse chiaramente , rispetto a quelle scelte , e comunque a quelle esigenze , quale possa essere in termini concreti , nel giusto equilibrio , un tipo di politica ambientale ( ma anche di politica estera , di meccanismi e di qualificazione degli interventi relativi alla cooperazione allo sviluppo ) capace di affrontare i nodi di uno straordinario e drammatico inquinamento , nell ' ambito di una riconsiderazione complessiva della politica italiana in termini di politica industriale ( e quindi sociale ed occupazionale ) ed in termini di politica ambientale ."}
{"sentidx":67333,"lemma":"inquinamento","token":"inquinamento","start":148,"end":160,"sent":"Fino ad oggi e stato affrontato , e in gran parte risolto , soltanto il problema dell ' atrazina , mentre l attenzione maggiore ora e rivolta all ' inquinamento derivante da nitrati ."}
{"sentidx":55518,"lemma":"inquinamento","token":"inquinamento","start":69,"end":81,"sent":"E c co perche lo stillicidio degli emendamenti introduce elementi di inquinamento nella vita parlamentare , perche il Parlamento e soggetto a pressioni da parte di lobbies territoriali , merceologiche e di categoria ."}
{"sentidx":97949,"lemma":"inquinamento","token":"inquinamento","start":425,"end":437,"sent":"Se infatti , i documenti relativi alle contestazioni in atto sono distrutti , o De Lorenzo e un demente , ed in tal caso avrebbe lasciato altri documenti in sospeso , in attesa del procedimento , per poterli poi distruggere in seguito e quindi , mantenere , sostanzialmente la costanza del pericolo ; oppure De Lorenzo e un uomo attento , ed allora quei documenti li ha gia distrutti e dunque , non vi e piu quel pericolo di inquinamento ."}
{"sentidx":150083,"lemma":"inquinamento","token":"inquinamento","start":183,"end":195,"sent":"L uso improprio della limitazione della liberta personale , spesso utilizzata come strumento per ottenere confessioni o accuse liberatorie , ha sostanzialmente provocato una sorta di inquinamento istruttorio al contrario , poiche spesso la fonte di accusa viene ottenuta con luso di un meccanismo perverso di cattura e di liberazione , che rende di per se inattendibile e spesso priva di riscontri oggettivi l accusa verso terzi ela stessa chiamata in correita ."}
{"sentidx":56952,"lemma":"inquinamento","token":"inquinamento","start":51,"end":63,"sent":"Per decenni l acqua e stata oggetto di spreco e di inquinamento ."}
{"sentidx":19335,"lemma":"inquinamento","token":"inquinamento","start":213,"end":225,"sent":"Sono allora del tutto inutili e prive di qualsiasi prospettiva le deliberazioni che il ministro Tesini ed il ministro dell ' ambiente , attraverso i loro decreti , adottano per le citta , per cercare di ridurre l inquinamento , visto che in realta i grandi interventi di natura strutturale vanno in tutt altra direzione e tendono ad aumentare la congestione , il carico urbanistico , il traffico e tutto quello che rende piu difficile lo spostamento , el ' accesso a qualsiasi servizio di cui abbiano bisogno i cittadini ."}
{"sentidx":32457,"lemma":"inquinamento","token":"inquinamento","start":338,"end":350,"sent":"Per negare l autorizzazione a procedere ( ora abolita ) occorre dimostrare resistenza di un umus persecutorio per negare l autorizzazione all ' arresto occorre invece verificare , a mio giudizio , se i rigorosi presupposti stabiliti dal codice di procedura penale ( pericolo di fuga , pericolo di commissione di nuovi reati , pericolo di inquinamento della prova ) , il cui rispetto nei confronti ."}
{"sentidx":67321,"lemma":"inquinamento","token":"inquinamento","start":417,"end":429,"sent":"Il mercato di tali acque si e notevolmente ampliato facendo emergere quella che secondo me e una contraddizione , mentre per altri e un elemento del tutto normale : spesso e volentieri le multinazionali , che hanno fortemente contribuito ad inquinare le falde acquifere , e che sono anche proprietarie di catene di produzione e commercializzazione delle acque minerali , hanno tratto un ingente profitto dallo stesso inquinamento che avevano provocato ."}
{"sentidx":164,"lemma":"inquinamento","token":"inquinamento","start":149,"end":161,"sent":"Devono valere gli stessi limiti con cui si porrebbero di fronte al giudice le esigenze di provvedimenti cautelari in ordine al pericolo di fuga , di inquinamento delle prove , di iterazione di eventuali atteggiamenti criminosi ."}
{"sentidx":73328,"lemma":"inquinamento","token":"inquinamento","start":80,"end":92,"sent":"Dobbiamo considerare come la perpetrazione della perpetuazione dei tentativi di inquinamento delle prove appaia clamorosa ."}
{"sentidx":36937,"lemma":"inquinamento","token":"inquinamento","start":99,"end":111,"sent":"Lo sono oggi e con chi Non si puo inoltre , liquidare il caso Contrada come una vicenda di normale inquinamento all ' interno della polizia di Stato e dei servizi di sicurezza ."}
{"sentidx":35074,"lemma":"inquinamento","token":"inquinamento","start":117,"end":129,"sent":"La Commissione agricoltura e gia impegnata a riprendere dalla prossima settimana il discorso : e ora che ambiente ed inquinamento siano affrontati con iniziative in positivo e non solo con la repressione ."}
{"sentidx":38105,"lemma":"inquinamento","token":"inquinamento","start":266,"end":278,"sent":"Pio Signor Presidente ripristiniamo il filo diretto istituzionale con lei e con il ministro al quale mi rivolgo , perche questo mio intervento e un omaggio ad un ministro che finalmente ha il coraggio di toccare interessi enormi riguardanti i rifiuti , le acque , l inquinamento , i parametri , il modo di affrontare il problema ambientale nel nostro paese ."}
{"sentidx":56981,"lemma":"inquinamento","token":"inquinamento","start":150,"end":162,"sent":"A questo proposito , penso sia a tutti noto l esempio di Napoli dove l escavazione forzata di pozzi d emergenza in periodi di siccita ha provocato un inquinamento endemico dell ' acqua potabile cittadina , determinando una situazione che in alcuni momenti e sembrata non piu risolvibile ."}
{"sentidx":107541,"lemma":"inquinamento","token":"inquinamento","start":100,"end":112,"sent":"E appena il caso di ricordare che la crisi del sistema idrico italiano , per carenza di acqua e per inquinamento diffuso , e causata sostanzialmente da tre fattori : la frantumazione delle competenze e delle gestioni , la frammentazione tariffaria e quindi , la mancanza di governo e di pianificazione della risorsa ."}
{"sentidx":103189,"lemma":"inquinamento","token":"inquinamento","start":337,"end":349,"sent":"A questo proposito , signor Presidente del Consiglio signori ministri , vogliamo ricordare la fondamentale vicenda di Montalto di Castro non soltanto per cio che e emerso negli anni passati dal punto di vista dell ' impatto ambientale non sufficientemente valutato , ma soprattutto sotto il profilo delle implicazioni assai gravi dell ' inquinamento e dell impatto di corruttela che la magistratura ha fatto venire alla luce ."}
{"sentidx":73028,"lemma":"inquinamento","token":"inquinamento","start":57,"end":69,"sent":"Di qui la necessita di ogni cautela diretta ad evitare l inquinamento delle prove , anche in considerazione di alcuni episodi acquisiti in atti e riferiti dagli stessi coimputati che dimostrano come l onorevole Di Donato non ha avuto alcuna remora a porre in essere comportamenti idonei per compromettere sia l acquisizione del materiale probatorio sia la genuinita dello stesso ."}
{"sentidx":93856,"lemma":"inquinamento","token":"inquinamento","start":542,"end":554,"sent":"Nell estate 1992 chi parla dovette intervenire , insieme ad altri colleghi di questo e dell altro ramo del Parlamento presentando interpellanze ed interrogazioni non per difendere il dottor Cordova che non ha alcun bisogno di essere difeso , ma per sottolineare l autonomia el ' indipendenza di quella importante azione , non , diretta contro la massoneria o contro un determinato modo di associarsi , ma volta in concreto a colpire eventuali legami e ad indagare su possibili collegamenti tra massoneria ed attivita mafiosa , criminale e di inquinamento delle istituzioni ."}
{"sentidx":150011,"lemma":"inquinamento","token":"inquinamento","start":480,"end":492,"sent":"Anche se il giudizio parlamentare verte sugli stessi elementi presi in considerazione dall ' autorita giudiziaria ( ove appunto fossero stati forniti dal magistrato gli elementi per supportare una richiesta di arresto , il che , come gia detto , non avviene nel caso in esame ) , esso si differenzia da quello del magistrato in quanto la nostra valutazione non si basa soltanto sulla fondatezza delle ragioni per cui il magistrato chiede un certo tipo di intervento ( pericolo di inquinamento , di fuga e cosi via Noi dobbiamo infatti correlare la fondatezza di questi elementi alla tutela \u2014 come dicevo prima \u2014 dell ' integrita del plenum dell ' Assemblea La decisione scaturisce quindi dalla comparazione di due interessi pubblici che sono obiettivamente in conflitto fra di loro ."}
{"sentidx":97945,"lemma":"inquinamento","token":"inquinamento","start":15,"end":27,"sent":"Il pericolo di inquinamento della prova e quell ' elemento al quale ricorre lo stesso onorevole Correnti nonche i magistrati proponenti \u2014 per giungere alla sua determinazione ed alla sua scelta ."}
{"sentidx":142329,"lemma":"inquinamento","token":"inquinamento","start":187,"end":199,"sent":"Per poter operare la pubblica amministrazione ha bisogno di strutture in grado di acquisire , elaborare e diffondere informazioni affidabili sullo stato dell ' ambiente e sui fenomeni di inquinamento , di monitorare l applicazione delle normative e di riportare al centro le difficolta applicative che si verificano nella periferia , di individuare comportamenti scorretti degli operatori , di identificare le cause delle crisi ambientali egli elementi tecnico - scientifici per le azioni di tutela , prevenzione e risanamento \u00bb ."}
{"sentidx":110078,"lemma":"inquinamento","token":"inquinamento","start":123,"end":135,"sent":"Non si ha insomma il coraggio di vietare decisamente quelle produzioni o comunque quelle attivita che sviluppino di per se inquinamento ambientale ."}
{"sentidx":112099,"lemma":"inquinamento","token":"inquinamento","start":576,"end":588,"sent":"Mi riferisco innanzi tutto alla soppressione della stravagante ed improvvisata disposizione in mate ria di ineleggibilita a senatore ea deputa to di alcune categorie professionali in t rodo ta con un proced amento che fa pensa re piu che a un mo do equilibrato e serio di affrontare un problema reale all ' esercizio di un malinteso e co mu n qu e inammissibile spirito di vendetta odi rivalsa nei confronti di alcune categorie accreditate co me responsabili della spinta al r innovamento del ce to politico e dell operazione di disvelamento dei meccanismi di corruzione e di inquinamento del nostro sistema istituzionale ."}
{"sentidx":73470,"lemma":"inquinamento","token":"inquinamento","start":116,"end":128,"sent":"E evidente , a questo punto , come non si possa che votare secondo quanto viene imposto dalla legge : vi e stato un inquinamento evi e quindi il pericolo che lo stesso prosegua ."}
{"sentidx":49917,"lemma":"inquinamento","token":"inquinamento","start":100,"end":112,"sent":"Non terro il tono da Savonarola alla rovescia , tipico degli ex di tutti i tempi , che fanno dell ' inquinamento acustico lo strumento logico - giuridico - legale piu fondamentale del loro discorso come , non solo per nome , ha fatto l onorevole Boato al punto da portare al limite della pazienza acustica , della sopportabilita auditiva , quei pochi colleghi che per dovere di istituto sono costretti ad ascoltare ."}
{"sentidx":97140,"lemma":"inquinamento","token":"inquinamento","start":197,"end":209,"sent":"Ancora un a volta , quindi , la realizzazione di opere pubbliche no n ha p rodo t to nel Mezzogiorno lo sviluppo spera to , ma si e risolta in un rafforzamento del crimine di tipo mafioso ed in un inquinamento delle istituzioni ."}
{"sentidx":27313,"lemma":"inquinamento","token":"inquinamento","start":74,"end":86,"sent":"Numerosi comuni italiani no n dispongono di acqua potabile a causa de l l inquinamento delle falde acquifere ; vi e inoltre un a erosione preoccupante dei suoli ed un pericoloso dissesto idrogeologico ."}
{"sentidx":135086,"lemma":"inquinamento","token":"inquinamento","start":231,"end":243,"sent":"La custodia cautelare allo stato attuale e consentita quando vi sia pericolo di fuga ; i latitanti illustri sono stati tanti e quindi il pericolo di fuga vi e stato ed e costante nella vicenda di Tangentopoli Per quanto riguarda l inquinamento delle prove , abbiamo avuto casi eclatanti addirittura di confessione diretta : alcuni nostri colleghi , anche famosi , hanno inquinato , se non addirittura bruciato le prove e il rischio che si continui a commettere il reato e evidente : molti , gia indagati , hanno continuato a rubare anche durante le inchieste ."}
{"sentidx":78407,"lemma":"inquinamento","token":"inquinamento","start":39,"end":51,"sent":"Antonio Norme perla prevenzione dell ' inquinamento acustico derivante dalla circolazione dei veicoli e di aeromobili \u00bb"}
{"sentidx":97175,"lemma":"inquinamento","token":"inquinamento","start":282,"end":294,"sent":"A questo punto , proprio dalla le t tura delle car te processuali , alcune delle quali citate con qualche approssimazione ( dal pu n to di vista no n della lettura , ma della ricerca del testo ) dal collega Mancini mi pa re di ricavare l effetto esa t amente opposto a quello del l inquinamento delle prove o del pericolo che cio possa ancora verificarsi pe r l attitudine ( che sembrerebbe da qua qualcuno riferita ) dell ' onorevole Prandini ad assumere un determinato at atteggiamento nei confronti di chi depone ."}
{"sentidx":56906,"lemma":"inquinamento","token":"inquinamento","start":143,"end":155,"sent":"Troviamo francamente incomprensibile e sbagliato che non si sia accettata la nostra proposta \u2014 per quanto attiene specificatamente ai tassi di inquinamento \u2014 di introdurre una novita importantissima : vale adire , la misurazione ela regolazione non solo assoluta , ma anche nell ' unita di tempo , delle sostanze inquinanti che vengono introdotte nell ' ambiente e nell acqua ."}
