{"sentidx":32429,"lemma":"sequestro","token":"sequestro","start":60,"end":69,"sent":"Si tratta delle perquisizioni , delle intercettazioni e del sequestro di corrispondenza ."}
{"sentidx":92132,"lemma":"sequestro","token":"sequestro","start":142,"end":151,"sent":"Sotto questo profilo l emendamento proposto parla giustamente solo di sequestro di corrispondenza e non anche di violazione , intendendosi il sequestro comprensivo della violazione ."}
{"sentidx":92132,"lemma":"sequestro","token":"sequestro","start":70,"end":79,"sent":"Sotto questo profilo l emendamento proposto parla giustamente solo di sequestro di corrispondenza e non anche di violazione , intendendosi il sequestro comprensivo della violazione ."}
{"sentidx":92412,"lemma":"sequestro","token":"sequestro","start":41,"end":50,"sent":"Lo stesso ragionamento vale anche per il sequestro della corrispondenza ."}
{"sentidx":92074,"lemma":"sequestro","token":"sequestro","start":129,"end":138,"sent":"La prima esige l autorizzazione anche per sottoporre un membro del Parlamento ad intercettazioni telefoniche ed ambientali ed al sequestro o alla violazione della corrispondenza ."}
{"sentidx":60427,"lemma":"sequestro","token":"sequestro","start":252,"end":261,"sent":"La parte conclusiva del nostro emendamento affronta un problema molto rilevante , quello relativo alla necessita di garantire il trattamento economico mediante la cassa integrazione guadagni ai lavoratori sospesi dall ' attivita lavorativa a causa del sequestro di cantieri edili odi aziende produttive ."}
{"sentidx":32527,"lemma":"sequestro","token":"sequestro","start":374,"end":383,"sent":"Le ragioni di questa critica sono serie e motivate : vogliamo che restino iscritte nel calendario delle future attivita del Parlamento La nostra insoddisfazione nasce dal permanere dell ' obbligo residuale di domanda di autorizzazione a procedere quando si tratta di sottoporre membri del Parlamento ad intercettazioni in qualsiasi forma di conversazioni e comunicazioni ea sequestro di corrispondenza ."}
{"sentidx":126361,"lemma":"sequestro","token":"sequestro","start":23,"end":32,"sent":"Occorre evitare che il sequestro dei beni alla malavita si trasformi in un ulteriore problema economico ."}
{"sentidx":26376,"lemma":"sequestro","token":"sequestro","start":40,"end":49,"sent":"Per cioche concerne l autorizzazione al sequestro ela perquisizione , abbiamo introdotto modifiche che hanno reso la normativa piu garantista ; tuttavia , si potra svolgere anche su tale argomento un utile confronto in Comitato dei nove per vedere se sia possibile migliorare ulteriormente la norma ."}
{"sentidx":91730,"lemma":"sequestro","token":"sequestro","start":328,"end":337,"sent":"E di tutta evidenza che il Governo deve prestare particolare attenzione a tali questioni e noi chiediamo che si risponda al piu presto alla mia interpellanza che riguarda un problema attuale e drammatico in Calabria in particolare nella Locride Il sequestrato infatti abita a Bovalino ed e un artigiano , quindi si tratta di un sequestro anomalo dal punto di vista delle possibilita patrimoniali del sequestrato ."}
{"sentidx":92131,"lemma":"sequestro","token":"sequestro","start":182,"end":191,"sent":"La distinzione tra sequestro e violazione si potrebbe forse intendere nel senso che il sequestro non riguardi solo la corrispondenza , ma che il riferimento sia a qualsiasi forma di sequestro , che non vogliamo assolutamente ."}
{"sentidx":92131,"lemma":"sequestro","token":"sequestro","start":87,"end":96,"sent":"La distinzione tra sequestro e violazione si potrebbe forse intendere nel senso che il sequestro non riguardi solo la corrispondenza , ma che il riferimento sia a qualsiasi forma di sequestro , che non vogliamo assolutamente ."}
{"sentidx":92131,"lemma":"sequestro","token":"sequestro","start":19,"end":28,"sent":"La distinzione tra sequestro e violazione si potrebbe forse intendere nel senso che il sequestro non riguardi solo la corrispondenza , ma che il riferimento sia a qualsiasi forma di sequestro , che non vogliamo assolutamente ."}
{"sentidx":99619,"lemma":"sequestro","token":"sequestri","start":136,"end":145,"sent":"Quindi sesi suppone che per la costruzione di un ponte non siano state fatte le fondazioni , allora e giusto che l autorita giudiziaria sequestri il cantiere per verificare se quel reato sia stato effettivamente commesso ."}
{"sentidx":92130,"lemma":"sequestro","token":"sequestro","start":37,"end":46,"sent":"In sostanza , si tratta quindi di un sequestro temporaneo di quella corrispondenza , che viene esaminata e restituita senza che il destinatario ne sappia nulla ."}
{"sentidx":92413,"lemma":"sequestro","token":"sequestro","start":271,"end":280,"sent":"E vero nella norma introdotta dal Senato si parla addirittura di violazione , e questo all ' orecchio del giurista significa qualcosa che non potra mai essere autorizzato ; invece , nell ' emendamento presentato dal mio gruppo e stato chiarito che si tratta soltanto del sequestro della corrispondenza ."}
{"sentidx":26210,"lemma":"sequestro","token":"sequestro","start":29,"end":38,"sent":"Come e possibile disporre il sequestro in uguale maniera per il possesso di venti chili di tritolo e di cinque gagliardetti fascisti ?"}
{"sentidx":92457,"lemma":"sequestro","token":"sequestro","start":519,"end":528,"sent":"La Commissione speciale per l immunita parlamentare ha eliminato questo comma introdotto dal Senato Vi ea questo punto , un solo emendamento , presentato da un gruppo di colleghi ed il cui primo firmatario el ' onorevole Gerardo Bianco che non mira a reintrodurre tale comma ma prevedere di fatto il mantenimento del terzo comma approvato dal Senato della Repubblica Esso propone , in sostanza , una forma di autorizzazione per le intercettazioni telefoniche ( e non ambientali , come aveva previsto il Senato e per il sequestro di corrispondenza ."}
{"sentidx":66009,"lemma":"sequestro","token":"sequestro","start":91,"end":100,"sent":"Credo pero che questa considerazione non possa attribuire ad alcuno una sorta di potere di sequestro del consiglio comunale , perche non vi e dubbio che una sentenza che riconosca l ammissibilita del ricorso di per se non porta alla conclusione dell ' efficacia degli errori odei brogli denunciati in ordine all ' esito elettorale ."}
{"sentidx":91728,"lemma":"sequestro","token":"sequestro","start":216,"end":225,"sent":"Il primo e un interpellanza relativa alla drammatica situazione di ordine pubblico esistente in Calabria a Bovalino in particolare nella provincia di Reggio e nel circondario di Locri dove e in corso il diciottesimo sequestro di persona , secondo un rito che da anni si consuma in quella zona ."}
{"sentidx":99700,"lemma":"sequestro","token":"sequestri","start":90,"end":99,"sent":"Si afferma , quindi , un principio di carattere generale e none possibile intervenire sui sequestri di cantiere che , come abbiamo dimostrato , non sono legati alle procedure di aggiudicazione degli appalti , ma a reati , ad illeciti penali compiuti in riferimento al cantiere stesso ."}
{"sentidx":75988,"lemma":"sequestro","token":"sequestro","start":147,"end":156,"sent":"Se un simile evento dovesse riguardare il nostro gruppo , posso dire che una perquisizione personale dell ' onorevole Bossi permetterebbe forse il sequestro di qualche pacchetto di sigarette ( il che non sarebbe un male ! )"}
{"sentidx":27900,"lemma":"sequestro","token":"sequestro","start":288,"end":297,"sent":"Abbiamo istituito un ' agenzia di informazione , che mensilmente dara notizia degli interventi del Parlamento e della magistratura nel settore del recupero del tesoro di Tangentopoli Tra l altro in parte la magistratura sta gia agendo ; nelle settimane scorse abbiamo infatti appreso del sequestro cautelare dell ' appartamento dell ' ex ministro Cirino Pomicino In questi giorni stiamo facendo pressioni a tale proposito : io personalmente ho scritto a molte procure affinche si attivino nei modi possibili , sulla base della legislazione esistente , per porre beni sotto sequestro , a tutela dell ' eventuale confisca futura ."}
{"sentidx":27900,"lemma":"sequestro","token":"sequestro","start":573,"end":582,"sent":"Abbiamo istituito un ' agenzia di informazione , che mensilmente dara notizia degli interventi del Parlamento e della magistratura nel settore del recupero del tesoro di Tangentopoli Tra l altro in parte la magistratura sta gia agendo ; nelle settimane scorse abbiamo infatti appreso del sequestro cautelare dell ' appartamento dell ' ex ministro Cirino Pomicino In questi giorni stiamo facendo pressioni a tale proposito : io personalmente ho scritto a molte procure affinche si attivino nei modi possibili , sulla base della legislazione esistente , per porre beni sotto sequestro , a tutela dell ' eventuale confisca futura ."}
{"sentidx":123391,"lemma":"sequestro","token":"sequestro","start":196,"end":205,"sent":"La normativa , dal punto di vista precettivo , e cosi ridotta che e bene che il Governo riveda complessivamente la materia ela riequilibri sotto il profilo generale , anche per quanto riguarda il sequestro ."}
{"sentidx":26318,"lemma":"sequestro","token":"sequestro","start":21,"end":30,"sent":"La confisca , non il sequestro , signor Presidente e una misura di una gravita tale da far ritornare il nostro ordinamento giuridico a soluzioni di tipo medioevale ."}
{"sentidx":92460,"lemma":"sequestro","token":"sequestro","start":177,"end":186,"sent":"Allo stesso modo , avvertire il parlamentare del fatto che si procede nei suoi confronti e che vengono richieste autorizzazioni per intercettazioni telefonico - ambientali oper sequestro di corrispondenza mi sembra vanifichi di fatto il risultato che il magistrato si propone di ottenere nel momento in cui ha pensato di adottare siffatte misure ."}
{"sentidx":60414,"lemma":"sequestro","token":"sequestro","start":141,"end":150,"sent":"Ve ne sono altri vertenti sullo stesso argomento che dimostrano quale importanza assuma il problema concernente l indagine patrimoniale , il sequestro ela confisca dei patrimoni realizzati illecitamente dai mafiosi ."}
{"sentidx":37201,"lemma":"sequestro","token":"sequestro","start":37,"end":46,"sent":"Ogni tanto si legge sui giornali del sequestro di questo o quel patrimonio appartenente al politico Caio od al delinquente Sempronio Coloro allora che sono poco abituati ai termini giuridici pensano che finalmente lo Stato ha deciso di riprendersi cio che gli e stato rubato , ma non e cosi e voi onorevoli colleghi , lo sapete bene ."}
{"sentidx":92520,"lemma":"sequestro","token":"sequestro","start":372,"end":381,"sent":"Queste misure si sostanziano nel sequestro di tutti i mezzi navi , materiale rotabile , velivoli \u2014 di proprieta o comunque controllati da soggetti che hanno sede e sono operanti nella Serbia e nel Montenegro divieto di esportazione , importazione o transito di merci nei confronti delle zone protette dall ' ONU nelle repubbliche di Croazia e Bosnia Erzegovina obbligo di sequestro dei mezzi di trasporto responsabili di violazione dell ' embargo e possibilita di una loro confisca e naturalmente della confisca delle merci trasportate ; estensione del congelamento dei fondi a quelli dei titolari di imprese che operano al di fuori dei territori di Serbia e di Montenegro mache sono controllati dai soggetti gia colpiti dall ' embargo ; divieto alle navi mercantili di entrare nelle acque territoriali della repubblica federale iugoslava ."}
{"sentidx":92520,"lemma":"sequestro","token":"sequestro","start":33,"end":42,"sent":"Queste misure si sostanziano nel sequestro di tutti i mezzi navi , materiale rotabile , velivoli \u2014 di proprieta o comunque controllati da soggetti che hanno sede e sono operanti nella Serbia e nel Montenegro divieto di esportazione , importazione o transito di merci nei confronti delle zone protette dall ' ONU nelle repubbliche di Croazia e Bosnia Erzegovina obbligo di sequestro dei mezzi di trasporto responsabili di violazione dell ' embargo e possibilita di una loro confisca e naturalmente della confisca delle merci trasportate ; estensione del congelamento dei fondi a quelli dei titolari di imprese che operano al di fuori dei territori di Serbia e di Montenegro mache sono controllati dai soggetti gia colpiti dall ' embargo ; divieto alle navi mercantili di entrare nelle acque territoriali della repubblica federale iugoslava ."}
{"sentidx":97777,"lemma":"sequestro","token":"sequestri","start":61,"end":70,"sent":"Una ventina di anni fa quando nel nostro paese aumentarono i sequestri di persona a scopo di estorsione , giustamente il Parlamento elevo le pene per questo tipo di reato ."}
{"sentidx":24433,"lemma":"sequestro","token":"sequestro","start":59,"end":68,"sent":"Signor ministro dell ' interno , Palermo e una citta sotto sequestro : sono sequestrati un milione di abitanti ai quali e consentito qualche corteo di protesta , deporre mazzi di fiori , stendere lenzuola ai balconi ; per il resto , essi sono ostaggio della criminalita mafiosa ."}
{"sentidx":123236,"lemma":"sequestro","token":"sequestro","start":181,"end":190,"sent":"La mia impressione e quella degli altri colleghi della Commissione e che probabilmente anche al Senato potrebbe essere valutata in modo diverso una misura cautelare , ad esempio il sequestro preventivo , ma non una confisca nei confronti di cittadini che nulla hanno a che vedere con la criminalita organizzata e che dovrebbero essere oggetto di questa sanzione solo nell ' ipotesi che il reato sia stato accertato con sentenza passata in giudicato ."}
{"sentidx":60459,"lemma":"sequestro","token":"sequestro","start":173,"end":182,"sent":"Allo stesso modo temiamo che cittadini che sono stati condannati per reati molto meno gravi di quelli di costituzione di associazione mafiosa o a scopo di narcotraffico odi sequestro di persona vengano privati di diritti molto importanti e che ripeto , sono stati tali in quanto hanno garantito una certa tranquillita nelle carceri ."}
{"sentidx":24243,"lemma":"sequestro","token":"sequestri","start":172,"end":181,"sent":"La mappa delle famiglie mafiose e conosciuta , gli aderenti anche ; bene , arrestateli e date mezzi ai giudici perche possano processare e condannare La Guardia di finanza sequestri i loro beni i loro patrimoni , si chieda aiuto alle autorita bancarie internazionali perche le loro ricchezze vengano individuate e bloccate dovunque siano custodite ."}
{"sentidx":32443,"lemma":"sequestro","token":"sequestro","start":78,"end":87,"sent":"Si pensi alla richiesta di perquisizione di ambienti o spazi gia sottoposti a sequestro e delle cui chiavi , ad esempio , l autorita giudiziaria sia venuta in possesso ( cassette di sicurezza od altro ) ."}
{"sentidx":92326,"lemma":"sequestro","token":"sequestri","start":262,"end":271,"sent":"Ma dopo aver affermato l uguaglianza , il processo che deve svolgersi nei confronti dei parlamentari viene configurato , costruito , come un processo senza gambe ne braccia , che non puo far ricorso a perquisizioni , ad intercettazioni , anche ambientali , ne a sequestri ; un processo , cioe , privo di tutti gli strumenti di indagine meno vecchi , obsoleti ."}
{"sentidx":67229,"lemma":"sequestro","token":"sequestri","start":136,"end":145,"sent":"In Aspromonte le forze armate sono state inviate quando occorreva tranquillizzare l opinione pubblica in un momento in cui la piaga dei sequestri di persona aveva assunto un livello di particolare gravita e di acuta intollerabilita perla gente ."}
{"sentidx":92470,"lemma":"sequestro","token":"sequestro","start":616,"end":625,"sent":"Se approveremo l emendamento sottoposto alla nostra attenzione dall ' onorevole Gerardo Bianco introdurremo una norma costituzionale che non so fino a che punto sia in consonanza con lo stesso articolo 3 della Costituzione Parliamo continuamente della necessita di garantire l uguaglianza di tutti i cittadini , ma in questo caso finiremmo per assicurare un ingiusto ed incomprensibile privilegio e al parlamentare , che si troverebbe in una situazione di grandissimo favore rispetto alla totalita dei cittadini , i quali possono essere tranquillamente fatti oggetto di intercettazioni telefoniche e ambientali e di sequestro di corrispondenza ."}
{"sentidx":119682,"lemma":"sequestro","token":"sequestro","start":170,"end":179,"sent":"Ben altre quindi dovrebbero essere le misure , anche perche evidente ela tracotanza della criminalita : mentre noi svolgiamo questo dibattito si apprende che un ennesimo sequestro di persona e stato attuato in Calabria In attesa che maturi , anche in questo Parlamento e nel Governo la coscienza dell ' altezza e della gravita delle sfide che abbiamo di fronte , noi riteniamo che il decreto al nostro esame possa muoversi in questa direzione ."}
{"sentidx":92133,"lemma":"sequestro","token":"sequestro","start":45,"end":54,"sent":"In tal modo si precisa che non si tratta del sequestro di qualsiasi cosa , ma solo della corrispondenza ."}
{"sentidx":92668,"lemma":"sequestro","token":"sequestro","start":698,"end":707,"sent":"Signor Presidente onorevoli colleghi , l emendamento predisposto ed approvato a maggioranza dalla Commissione non fa altro che riproporre , sia pure con qualche leggera modifica , il precedente emendamento sottoscritto da alcuni colleghi , tra cui l onorevole Bianco e che in qualche misura si ricollega al terzo comma che era stato introdotto dal Senato Nella discussione sulle linee generali noi avevamo gia affrontato il tema specifico di questa ipotesi prospettata a suo tempo dal Senato e poi dal collega Bianco Il testo della Commissione non fa altro che riproporre il discorso relativo alla necessita dell ' autorizzazione in caso di intercettazioni , di conversazioni o comunicazioni , odi sequestro di corrispondenza ."}
{"sentidx":92348,"lemma":"sequestro","token":"sequestri","start":358,"end":367,"sent":"Avrei capito che si fossero richieste le autorizzazioni a procedere per tutti gli atti ; ma non e cosi Avrei capito che si fosse abolita la possibilita di compiere , senza bisogno di autorizzazione a procedere , gli atti a sorpresa , e cio avrebbe avuto un senso , una dignita di ordine sistematico ; e invece non e cosi Avrei capito che si fosse parlato di sequestri , oltre che di perquisizioni , nel comma precedente , e invece si parla di sequestro di corrispondenza ."}
{"sentidx":92348,"lemma":"sequestro","token":"sequestro","start":443,"end":452,"sent":"Avrei capito che si fossero richieste le autorizzazioni a procedere per tutti gli atti ; ma non e cosi Avrei capito che si fosse abolita la possibilita di compiere , senza bisogno di autorizzazione a procedere , gli atti a sorpresa , e cio avrebbe avuto un senso , una dignita di ordine sistematico ; e invece non e cosi Avrei capito che si fosse parlato di sequestri , oltre che di perquisizioni , nel comma precedente , e invece si parla di sequestro di corrispondenza ."}
{"sentidx":99895,"lemma":"sequestro","token":"sequestro","start":21,"end":30,"sent":"Non lo era perche il sequestro ha per oggetto una cosa definita ."}
{"sentidx":92302,"lemma":"sequestro","token":"sequestri","start":266,"end":275,"sent":"Dal punto di vista generale , inoltre , il testo licenziato dal Senato finisce per ampliare la tutela accordata dall ' attuale articolo 68 della Costituzione rispetto ad alcune ipotesi che ne erano rimaste fuori : mi riferisco alle intercettazioni telefoniche ed ai sequestri , che sulla base dell ' attuale disciplina non sono sottoposti ad autorizzazione ."}
{"sentidx":123458,"lemma":"sequestro","token":"sequestro","start":70,"end":79,"sent":"La vicenda trae origine dal rinvenimento di una cassetta sottoposta a sequestro , dalla cui audizione e emersa una serie di conversazioni intercorse fra l ingegnere Guarnotta il notaio Gregni ed una donna , la moglie di Barraco signora Rufenacht In quella conversazione si fa riferimento auna serie di promesse collegate auna somma di denaro che sarebbe stata versata all ' ingegnere Guarnotta all epoca collaboratore dell ' onorevole Culicchia Come e detto espressamente nella relazione scritta , i fatti stessi nella loro complessita , non permettono di rinvenire , allo stato degli atti , l esistenza del umus persecutorio da parte del magistrato procedente o un ipotesi di manifesta infondatezza ."}
{"sentidx":26374,"lemma":"sequestro","token":"sequestro","start":63,"end":72,"sent":"Per quanto riguarda poi l argomento relativo alle procedure di sequestro e di confisca , faccio notare che un sostanziale passo avanti \u2014 proprio sulla scorta di critiche piu che giustificate mosse in Commissione e stato compiuto ."}
{"sentidx":26209,"lemma":"sequestro","token":"sequestro","start":155,"end":164,"sent":"Nell esempio che ho fatto in precedenza si mettevano insieme idee e istigazione alla violenza ; nell ' articolo richiamato si dispone obbligatoriamente il sequestro per chi detenga esplosivi , armi oppure emblemi ."}
{"sentidx":26268,"lemma":"sequestro","token":"sequestro","start":115,"end":124,"sent":"Ne parlavamo prima , ne abbiamo discusso , vi ritornera un altro collega con maggiore competenza : mi riferisco al sequestro , alla confisca dell ' immobile nel quale siano reperite armi che possano servire oche siano destinate all ' uso da parte dell ' associazione che discrimina oche incita alla discriminazione ."}
{"sentidx":47861,"lemma":"sequestro","token":"sequestri","start":166,"end":175,"sent":"E stata eseguita una perquisizione domiciliare dell ' abitazione del parlamentare espressamente inibita dal vigente articolo 68 della Costituzione Sono stati operati sequestri e perquisizioni con riferimento alla sua corrispondenza ; sono state fatte intercettazioni telefoniche non sappiamo su quali utenze ."}
{"sentidx":32436,"lemma":"sequestro","token":"sequestri","start":96,"end":105,"sent":"Inoltre l esperienza dimostra che alle perquisizioni , e soprattutto alle intercettazioni ed ai sequestri di corrispondenza , si ricorre con limitata frequenza e chela forza probatoria delle intercettazioni , nonostante la loro invasivita e pericolosita in ordine a possibili abusi e strumentalizzazioni , soprattutto in sede extra - processuale , e assai limitata ."}
{"sentidx":92618,"lemma":"sequestro","token":"sequestri","start":485,"end":494,"sent":"Infatti sel ' emendamento passasse , l autorita giudiziaria dovrebbe richiedere alla Camera competente l autorizzazione non soltanto \u2014 e questo giustamente l afferma il nuovo articolo 68 per quanto riguarda la liberta personale del parlamentare , ma anche per disporre non piu taluni , ma tutti i presenti e futuri mezzi di ricerca della prova che affidano la loro efficacia al fattore sorpresa : perquisizioni personali e domiciliari ed anche intercettazioni telefoniche ambientali , sequestri , ispezioni di corrispondenza e quanto altro le tecnologie prossime venture potranno consentire ."}
{"sentidx":92109,"lemma":"sequestro","token":"sequestro","start":160,"end":169,"sent":"Nulla di tutto questo si puo dire per l intercettazione telefonica , che si attua senza la ricerca di qualcosa di particolare , salvo casi eccezionali ( per il sequestro di persona , l attesa della telefonata che chiede il riscatto ) , si svolge comunque in modo generico ( per sapere che cosa si dica ) , senza alcuna possibilita , da parte della difesa , di esplicare un ' azione e persino di sapere qualcosa ."}
{"sentidx":92305,"lemma":"sequestro","token":"sequestro","start":34,"end":43,"sent":"Per il sequestro , fosse anche il sequestro di corrispondenza , queste esigenze non sono affatto nuove : il problema si pose nell ' Assemblea costituente el ' attuale testo dell ' articolo 68 lo ha risolto nel senso di ritenere che quelle esigenze non debbano prevalere rispetto alla necessita di assicurare il regolare corso del procedimento ."}
{"sentidx":92305,"lemma":"sequestro","token":"sequestro","start":7,"end":16,"sent":"Per il sequestro , fosse anche il sequestro di corrispondenza , queste esigenze non sono affatto nuove : il problema si pose nell ' Assemblea costituente el ' attuale testo dell ' articolo 68 lo ha risolto nel senso di ritenere che quelle esigenze non debbano prevalere rispetto alla necessita di assicurare il regolare corso del procedimento ."}
{"sentidx":106365,"lemma":"sequestro","token":"sequestri","start":237,"end":246,"sent":"Il Parlamento ed il Governo debbono farsi carico di approvare misure che prevedano risarcimenti non soltanto in favore di coloro che hanno subito estorsioni , ma anche delle vittime di molti altri gravissimi delitti come gli omicidi , i sequestri di persona ole rapine , sempre che ovviamente sussistano le condizioni perche queste elargizioni abbiano luogo ."}
{"sentidx":85693,"lemma":"sequestro","token":"sequestro","start":26,"end":35,"sent":"Mi e stato detto che tale sequestro non si verifica mai ; sarebbe stato interessante che un rappresentante del Ministero delFinterno fosse intervenuto per spiegarci per quale motivo una sanzione prevista dalla legge non venga applicata e quindi occorra provvedere a nuove sanzioni , che tra l altro comportano grossi problemi dal punto di vista pratico ."}
{"sentidx":47891,"lemma":"sequestro","token":"sequestro","start":678,"end":687,"sent":"\u2014 , attraverso una serie di iniziative giudiziarie , interrogatori di massa , perquisizioni ed intercettazioni telefoniche , finalizzati ad individuare un voto di scambio , alla fine di questa attivita ci hanno portato come unico elemento non dico almeno una raccomandazione ma solo una richiesta di informazione da parte del collega D Amato nei confronti del figlio di un custode di Pompei Dopo tutta questa attivita di indagine sullo scandalo di Napoli di cui conosciamo fatti e persone , e che coinvolge centinaia di migliaia di voti \u2014 , dopo le illegalita denunciate , dopo le perquisizioni domiciliari non autorizzate ai sensi dell ' articolo 68 della Costituzione dopo il sequestro di corrispondenza privata , eccetera , l unico elemento portato alla nostra attenzione e questo !"}
{"sentidx":50951,"lemma":"sequestro","token":"sequestro","start":28,"end":37,"sent":"Nel corso del dibattito sul sequestro del giudice D Urso io feci un intervento in cui parlai anche del giudice Sossi Quest ultimo sporse querela per diffamazione per l intervento effettuato in quest ' aula , che fu pubblicato da un libro di Radio radicale ."}
{"sentidx":123338,"lemma":"sequestro","token":"sequestro","start":431,"end":440,"sent":"In tal caso pero questo diventa un problema di carattere giuridico e socio - politico da affidare al Governo perla definizione di una normativa rigorosa , volta al sequestro conservativo e preventivo immediato , da operare sui beni dell ' indagato e aggiungerei \u2014 anche del non imputato , perche questa e una fase successiva al rinvio al giudizio ; ripeto , pero , che si dovrebbe trattare di sequestro preventivo , legando poi il sequestro alla confisca dopo condanna ."}
{"sentidx":123338,"lemma":"sequestro","token":"sequestro","start":393,"end":402,"sent":"In tal caso pero questo diventa un problema di carattere giuridico e socio - politico da affidare al Governo perla definizione di una normativa rigorosa , volta al sequestro conservativo e preventivo immediato , da operare sui beni dell ' indagato e aggiungerei \u2014 anche del non imputato , perche questa e una fase successiva al rinvio al giudizio ; ripeto , pero , che si dovrebbe trattare di sequestro preventivo , legando poi il sequestro alla confisca dopo condanna ."}
{"sentidx":123338,"lemma":"sequestro","token":"sequestro","start":164,"end":173,"sent":"In tal caso pero questo diventa un problema di carattere giuridico e socio - politico da affidare al Governo perla definizione di una normativa rigorosa , volta al sequestro conservativo e preventivo immediato , da operare sui beni dell ' indagato e aggiungerei \u2014 anche del non imputato , perche questa e una fase successiva al rinvio al giudizio ; ripeto , pero , che si dovrebbe trattare di sequestro preventivo , legando poi il sequestro alla confisca dopo condanna ."}
{"sentidx":60417,"lemma":"sequestro","token":"sequestro","start":119,"end":128,"sent":"Inoltre quel sabotaggio ha fatto si che negli ultimi anni l attivita diretta all ' indagine patrimoniale , e quindi al sequestro e alla confisca dei beni dei mafiosi , si sia dimostrata insufficiente , anzi , per certi aspetti del tutto irrilevante ."}
{"sentidx":26375,"lemma":"sequestro","token":"sequestro","start":257,"end":266,"sent":"Potremmo tentare di precisare meglio i casi in cui la norma deve essere applicata ; ritengo pero che la magistratura agisca in modo ponderato e razionale e che quindi gia in sede applicativa di una norma di notevole gravita come quella della confisca o del sequestro , essa valutera le modalita dell ' accaduto , il grado di pericolosita del covo che si era insediato in determinati locali , nonche il pericolo sociale collegato a tale presenza ."}
{"sentidx":107908,"lemma":"sequestro","token":"sequestro","start":488,"end":497,"sent":"Ma avendo par tec ipa to alla seduta di ieri , avendo gia preso visione del resoconto stenografico che riporta fedelmente quanto e avvenuto nel corso della seduta medesima e ched a test oe anche della mi a partecipazione alla seduta , ho ascoltato poi il resoconto che la concessionaria del servizio pubblico ha reso dei lavori della C am e r a relativi alla conversione del decreto - legge n 369 In quella trasmissione si e de t to testualmente : colpo di ma no alla Camera eliminato il sequestro dei beni pe r gli imputati di reati con tro la pubblica amministrazione t razione ; bocciato un e me n da me n to del PDS Abbiamo assistito , invece , a vicende ravano en te diverse e in un caso addi i t tura di segno opposto , co me risulta dal resoconto stenografico che conferma le mie impressioni ."}
{"sentidx":26215,"lemma":"sequestro","token":"sequestro","start":45,"end":54,"sent":"Evidentemente si intende che sia disposto il sequestro quando oltre alle armi si trovino anche emblemi , simboli , e si presuma quindi che vi sia un covo di violenti , di gente che pratica la violenza come strumento della sua politica razzista ."}
{"sentidx":13365,"lemma":"sequestro","token":"sequestro","start":138,"end":147,"sent":"Signor Presidente onorevoli colleghi , signor ministro , nel settembre dello scorso anno , ben prima che la magistratura predisponesse il sequestro di una ingente quantita di documenti presso la direzione generale perla cooperazione allo sviluppo ed avviasse una serie di inchieste , il gruppo parlamentare del PDS presento una proposta di inchiesta sull ' attuazione delle leggi in materia di cooperazione co ni paesi in via di sviluppo ."}
{"sentidx":106991,"lemma":"sequestro","token":"sequestro","start":105,"end":114,"sent":"Una volta in carcere vi erano pochissime donne , per esempio , la vivandiera che aveva partecipato ad un sequestro di persona o l anziana detenuta che aveva commesso un uxoricidio ."}
{"sentidx":25995,"lemma":"sequestro","token":"sequestro","start":265,"end":274,"sent":"Anche per quanto concerne la parte procedurale si e ritenuto opportuno e necessario mantenere una serie di norme particolari , cercando comunque di tutelare l interesse dei terzi nel senso di limitare il disagio che puo derivare da talune norme ( tipico quello del sequestro dell ' immobile del quale si ha motivo di ritenere che l autore del reato si sia avvalso co me sede ) , in Atti Parlamentari 14306 Camera dei Deputati XI LEGISLATURA DISCUSSIONI SEDUTA DELL 8 GIUGNO 1993 maniera che l interesse dei terzi non colpevoli non sia gravemente pregiudicato dall ' attivita di pochi irresponsabili che seguono indirizzi assolutamente inaccettabili ."}
{"sentidx":37202,"lemma":"sequestro","token":"sequestro","start":32,"end":41,"sent":"Sapete bene che con il semplice sequestro le case , i terreni e quanto altro non diventano proprieta dello Stato Perche non si legge mai che questo o quel patrimonio e stato confiscato ?"}
{"sentidx":126357,"lemma":"sequestro","token":"sequestro","start":299,"end":308,"sent":"Il vero problema e che non dobbiamo creare il meccanismo per cui i dipendenti della camorra , della mafia o della ' ndrangheta \u2014 e cene sono tanti \u2014 abbiano interesse a difendere , omertosamente , i loro datori di lavoro ; infatti a volte l alternativa acui questi lavoratori sono di fronte dopo il sequestro diventa ancora piu disastrosa di una gestione malavitosa dell ' impresa ."}
{"sentidx":92125,"lemma":"sequestro","token":"sequestro","start":186,"end":195,"sent":"Il testo del comma introdotto dal Senato stabilisce che : \u00ab Analoga autorizzazione e richiesta per poter sottoporre i membri del Parlamento ad intercettazioni telefoniche e ambientali , sequestro o violazione di corrispondenza \u00bb ."}
{"sentidx":92342,"lemma":"sequestro","token":"sequestro","start":187,"end":196,"sent":"Mi riferisco alla dizione dell ' emendamento presentato : \u00ab Analoga autorizzazione e richiesta per poter sottoporre i membri del Parlamento ad intercettazioni telefoniche e ambientali ea sequestro di corrispondenza \u00bb ."}
{"sentidx":92616,"lemma":"sequestro","token":"sequestro","start":209,"end":218,"sent":"La formulazione suggerita , secondo la quale l autorizzazione dovrebbe essere richiesta per poter sottoporre i membri del Parlamento ad intercettazioni in qualsiasi forma di conversazioni e comunicazioni e al sequestro di corrispondenza , se per un verso certamente rimedia ad alcune autentiche scelleratezze di sintassi giuridica che si leggevano nel testo del Senato per altro verso amplia la liceita dell autorizzazione fino a tutte quelle forme di possibile intercettazione che le tecnologie dei secoli futuri eventualmente vorranno proporre ( ammesso che la nostra Costituzione sia davvero scritta nel bronzo e quindi duri nei secoli ) , a tal punto da divenire senza limiti , davvero senza confini ."}
{"sentidx":99897,"lemma":"sequestro","token":"sequestro","start":207,"end":216,"sent":"Quando si prendono 35 mila lettere , i computers ed i floppy disk , diventa veramente difficile , ameno che non si voglia adoperare altra lingua che non sia quella italiana , argomentare che si tratti di un sequestro : e una perquisizione , vietata , naturalmente !"}
{"sentidx":97141,"lemma":"sequestro","token":"sequestri","start":78,"end":87,"sent":"La gravita del fenomeno appare ancora maggiore del traffico della droga e dei sequestri di pe r sona per via delle complicita con gli appara ti del po te re politico ed"}
{"sentidx":92142,"lemma":"sequestro","token":"sequestro","start":306,"end":315,"sent":"Se stabilissimo , ad esempio , che \u00ab analoga autorizzazione e richiesta per poter sottoporre i membri del Parlamento ad intercettazione di comunicazioni di qualsiasi tipo , adottando una formula piu comprensiva , probabilmente restringeremmo l intervento sulla corrispondenza perche se ne consentirebbe il sequestro , come e anche giusto : ma un conto e leggere tutto , analogamente all ' intercettazione telefonica , per trovare chissa che cosa ; un altro e sapere che un documento e stato spedito per posta e non poterlo acquisire ."}
{"sentidx":125207,"lemma":"sequestro","token":"sequestri","start":35,"end":44,"sent":"Se si trasformassero in confisca i sequestri dei beni dei camorristi , dei mafiosi e degli \u00ab ' ndranghetisti e sesi con cassero i beni dei corrotti si potrebbero recuperare cifre superiori rispetto agli stanziamenti che chiediamo di operare ."}
{"sentidx":60437,"lemma":"sequestro","token":"sequestro","start":263,"end":272,"sent":"In conclusione , siamo grati al gruppo di rifondazione comunista per aver presentato l emendamento Tripodi 12 bis 3 soprattutto per la previsione del trattamento di cassa integrazione guadagni a favore dei lavoratori sospesi dall ' attivita lavorativa in caso di sequestro di cantieri edili odi aziende produttive ordinato dalle autorita giudiziarie ."}
{"sentidx":137555,"lemma":"sequestro","token":"sequestro","start":36,"end":45,"sent":"La magistratura , che ha operato il sequestro giudiziario nell ' ufficio della segreteria del sindaco , ha trovato le schede compilate ."}
{"sentidx":32434,"lemma":"sequestro","token":"sequestro","start":136,"end":145,"sent":"Non e vero come e stato detto altre volte per eccesso di contrapposizione polemica , che i limiti per perquisizioni , intercettazioni e sequestro di corrispondenza bloccherebbero surrettizio le indagini ."}
{"sentidx":28030,"lemma":"sequestro","token":"sequestro","start":64,"end":73,"sent":"Avrebbero dovuto essere approntati meccanismi per consentire il sequestro di quei beni ."}
{"sentidx":111840,"lemma":"sequestro","token":"sequestri","start":201,"end":210,"sent":"Vi sono per esempio , 25 mila operai e guardie forestali per la salvaguardia dei boschi in Calabria Se si mettessero uno a fianco all ' altro nei boschi calabresi , in quelle zone non vi sarebbero piu sequestri di persona ."}
{"sentidx":92500,"lemma":"sequestro","token":"sequestri","start":236,"end":245,"sent":"Leggiamo il codice di procedura penale , il quale prevede una serie di atti , nell ' ambito dei quali le intercettazioni sono solo una delle fattispecie possibili , cioe perizie , ispezioni , confronti , interrogatori , testimonianze , sequestri , intercettazioni su soggetti diversi ."}
{"sentidx":99894,"lemma":"sequestro","token":"sequestro","start":284,"end":293,"sent":"Vi e un attivita persecutoria chiarissima signor Presidente Questa Assemblea insorse quando l onorevole Palmella diede l annuncio che era stata eseguita una perquisizione nello studio dell ' onorevole De Lorenzo Fu un fremito poi presto dimenticato , ma un fatto e certo : non era un sequestro ."}
{"sentidx":328,"lemma":"sequestro","token":"sequestro","start":107,"end":116,"sent":"Si deve arrivare alla confisca alla fonte , vale adire al finanziamento pubblico dei partiti , almeno come sequestro conservativo , nel momento in cui il cittadino si trova ad essere \u00ab cinghiato \u00bb due volte , da coloro che tolgono e da coloro che danno ."}
{"sentidx":92127,"lemma":"sequestro","token":"sequestro","start":113,"end":122,"sent":"Debbo dire che io per primo \u2014 ela Commissione ha poi seguito questa indicazione \u2014 ritengo che la distinzione tra sequestro e violazione della corrispondenza sia ultronea ."}
{"sentidx":101123,"lemma":"sequestro","token":"sequestri","start":179,"end":188,"sent":"Signor Presidente intervengo per sollecitare la risposta del Governo all interpellanza n 2 00931 dame presentata in data 2 settembre 1993 riguardante la drammatica situazione dei sequestri ed il destino dei sequestrati , con particolare riferimento alla Calabria Con tale interpellanza si chiedevano notizie anche in merito alle indagini in corso , avviate dalla procura di Locri per quel che riguarda l eventuale corresponsione o l utilizzazione di fondi dei servizi segreti per riscatti o manovre intorno taluni sequestri , manovre che hanno reso ancor piu drammatica e dolente la condizione dei parenti di molti sequestrati che non sono tornati ."}
{"sentidx":101123,"lemma":"sequestro","token":"sequestri","start":514,"end":523,"sent":"Signor Presidente intervengo per sollecitare la risposta del Governo all interpellanza n 2 00931 dame presentata in data 2 settembre 1993 riguardante la drammatica situazione dei sequestri ed il destino dei sequestrati , con particolare riferimento alla Calabria Con tale interpellanza si chiedevano notizie anche in merito alle indagini in corso , avviate dalla procura di Locri per quel che riguarda l eventuale corresponsione o l utilizzazione di fondi dei servizi segreti per riscatti o manovre intorno taluni sequestri , manovre che hanno reso ancor piu drammatica e dolente la condizione dei parenti di molti sequestrati che non sono tornati ."}
{"sentidx":92299,"lemma":"sequestro","token":"sequestri","start":326,"end":335,"sent":"Il testo equilibrato che l Assemblea licenzio , e che implicava anche \u2014 come ho gia detto \u2014 alcune rinunce a punti di vista mi pare abbastanza giustificati ed apprezzabili , e stato stravolto dal Senato La previsione dell ' autorizzazione e stata introdotta addirittura per le intercettazioni telefoniche ed ambientali e peri sequestri : non si capisce , tra l altro , se si parli di tutti i sequestri o solo di quelli relativi alla corrispondenza ( ed allora non si comprende neanche quel testo sgangherato che parla di \u00ab sequestro e violazione di corrispondenza \u00bb , visto che quest ' ultima rappresenta piuttosto un reato ; ma lasciamo stare ) ."}
{"sentidx":92299,"lemma":"sequestro","token":"sequestro","start":523,"end":532,"sent":"Il testo equilibrato che l Assemblea licenzio , e che implicava anche \u2014 come ho gia detto \u2014 alcune rinunce a punti di vista mi pare abbastanza giustificati ed apprezzabili , e stato stravolto dal Senato La previsione dell ' autorizzazione e stata introdotta addirittura per le intercettazioni telefoniche ed ambientali e peri sequestri : non si capisce , tra l altro , se si parli di tutti i sequestri o solo di quelli relativi alla corrispondenza ( ed allora non si comprende neanche quel testo sgangherato che parla di \u00ab sequestro e violazione di corrispondenza \u00bb , visto che quest ' ultima rappresenta piuttosto un reato ; ma lasciamo stare ) ."}
{"sentidx":92299,"lemma":"sequestro","token":"sequestri","start":392,"end":401,"sent":"Il testo equilibrato che l Assemblea licenzio , e che implicava anche \u2014 come ho gia detto \u2014 alcune rinunce a punti di vista mi pare abbastanza giustificati ed apprezzabili , e stato stravolto dal Senato La previsione dell ' autorizzazione e stata introdotta addirittura per le intercettazioni telefoniche ed ambientali e peri sequestri : non si capisce , tra l altro , se si parli di tutti i sequestri o solo di quelli relativi alla corrispondenza ( ed allora non si comprende neanche quel testo sgangherato che parla di \u00ab sequestro e violazione di corrispondenza \u00bb , visto che quest ' ultima rappresenta piuttosto un reato ; ma lasciamo stare ) ."}
{"sentidx":124122,"lemma":"sequestro","token":"sequestro","start":287,"end":296,"sent":"Successivamente il Consiglio superiore della magistratura , presieduto dall ' onorevole Galloni quindi recentemente , puni addirittura un giudice milanese \u00ab colpevole \u00bb di aver interferito in una presunta attivita del tribunale fallimentare di Asti per aver disposto e fatto eseguire un sequestro penale ."}
{"sentidx":141084,"lemma":"sequestro","token":"sequestro","start":424,"end":433,"sent":"Quindi il fatto e manifesta mente insussistente , es ei giudici no n sen e sono accorti e intendono proceder e eguale mente , l intento persecutori oe in re ips a Ma vie qualcosa di pi ue mi dispiace che la relazione no n ne facci a cenno ) ; mi riferi sc o all accertamento di un comportamento , che io no n esito a definire vessatorio , abolirete che si e mistificata un ' attivita di perquisizione , mongoli a falsamente sequestro ."}
{"sentidx":60447,"lemma":"sequestro","token":"sequestro","start":182,"end":191,"sent":"Segnalo particolarmente ai colleghi il comma 4 dell emendamento Tripodi bis 3 che pone un problema serio ed importante , quello di coloro i quali , lavorando in aziende sottoposte a sequestro , possano riceverne indirettamente un grande danno ."}
{"sentidx":124123,"lemma":"sequestro","token":"sequestro","start":201,"end":210,"sent":"Nel contempo , il Consiglio superiore della magistratura elogiava il pretore Garibaldi di Asti che aveva incriminato un sottufficiale della Guardia di finanza , \u00ab reo \u00bb di avere eseguito il decreto di sequestro ."}
{"sentidx":137620,"lemma":"sequestro","token":"sequestro","start":200,"end":209,"sent":"La manifestazione cui gli interpellanti fanno riferimento era stata indetta dalla lega nord per segnalare il disagio ed il malcontento dei lavoratori del porfido nella valle di Cembra determinato dal sequestro giudiziario di oltre 4 0 0 macchine per la lavorazione dei materiali ."}
{"sentidx":32435,"lemma":"sequestro","token":"sequestri","start":143,"end":152,"sent":"Il codice di procedura penale prevede ben piu numerosi atti tipici , che potranno liberamente svolgersi : interrogatori , esami testimoniali , sequestri , perizie , ispezioni , confronti , ricognizioni , esperimenti giudiziari , per non parlare degli innumerevoli atti atipici genericamente richiamati dall ' articolo 189 del codice di procedura penale ."}
