{"sentidx":37215,"lemma":"violenza","token":"violenza","start":6,"end":14,"sent":"Certo violenza !"}
{"sentidx":137031,"lemma":"violenza","token":"violenza","start":163,"end":171,"sent":"Tali emendamenti sono stati sostenuti anche dalla campagna unitaria di democrazia e partecipazione che riunisce le tante associazioni del volontariato , della non violenza , della solidarieta della cultura laica e cattolica del nostro paese ."}
{"sentidx":12923,"lemma":"violenza","token":"violenza","start":87,"end":95,"sent":"Nel passato , quando vigevano norme analoghe , troppe volte abbiamo registrato casi di violenza su persone interrogate ."}
{"sentidx":21388,"lemma":"violenza","token":"violenza","start":140,"end":148,"sent":"Significa forse che quando le armi vengono legittimamente poste al servizio del paese e della societa civile qualcuno puo opporsi alla loro violenza ?"}
{"sentidx":152685,"lemma":"violenza","token":"violenza","start":15,"end":23,"sent":"Fa parte della violenza che state preparando per questa societa , con atti irresponsabili , o calcolati lealmente ma con effetti irresponsabili ."}
{"sentidx":71775,"lemma":"violenza","token":"violenza","start":60,"end":68,"sent":"Vi dimostreremo che , nonostante questa tracotanza e questa violenza dei diritti , siete incapaci di garantire alla Camera di legiferare , perche i vostri obiettivi sono quelli della tutela degli egoismi dei partiti e non degli interessi della collettivita ."}
{"sentidx":20691,"lemma":"violenza","token":"violenza","start":72,"end":80,"sent":"Vi e un secondo livello , quando si manifestano fenomeni di particolare violenza criminale e di disordine pubblico ."}
{"sentidx":21386,"lemma":"violenza","token":"violenza","start":36,"end":44,"sent":"Significa che cisi puo opporre alla violenza delle armi anche quando esse vengono utilizzate dalle forze armate per tutelare gli interessi della patria e del paese ?"}
{"sentidx":152697,"lemma":"violenza","token":"violenza","start":47,"end":55,"sent":"Noi dobbiamo portare qui dentro un segno della violenza che viene perpetrata ai danni dei cittadini e delle cittadine ."}
{"sentidx":118905,"lemma":"violenza","token":"violenza","start":290,"end":298,"sent":"A tale proposito abbiamo presentato in questi giorni un documento del sindacato ispettivo concernente un ente del sud presso il quale gli obiettori di coscienza erano utilizzati da un boss politico locale come galoppini elettorali , costretti ad un ' attivita di questo genere dal clima di violenza mafiosa presente in quelle zone ."}
{"sentidx":94307,"lemma":"violenza","token":"violenza","start":26,"end":34,"sent":"Pur essendo ogni forma di violenza deprecabile , questo particolare tipo di aggressione risulta davvero intollerabile , dal momento che esso e animato da una carica di odio e da un furore ideologico che fanno resuscitare fantasmi del passato , inaccettabili per la coscienza civile e democratica del nostro paese ."}
{"sentidx":106741,"lemma":"violenza","token":"violenza","start":78,"end":86,"sent":"Finora esso per l autodisciplina delle proteste , non ha generato fenomeni di violenza ; ma credo che , qualora questo tipo di atteggiamento dovesse continuare , le responsabilita di quanto puo accadere nelle carceri andrebbero poste completamente a carico dell ' insipienza del Ministero di grazia e giustizia ed , innanzitutto , del ministro ."}
{"sentidx":26190,"lemma":"violenza","token":"violenza","start":212,"end":220,"sent":"E gia stato notato : riesce arduo comprendere come possano essere riunite nella fattispecie di imo stesso tipo di reato e nel medesimo quadro di pene le ipotesi di diffusione di idee e quella di istigazione alla violenza o all omicidio : sono fattispecie diverse che meriterebbero una differente trattazione ."}
{"sentidx":114311,"lemma":"violenza","token":"violenza","start":13,"end":21,"sent":"Questa e una violenza grave , senz altro di tipo psicologico oltre che psichico , nei confronti di un bambino che viene definito soggetto extracomunitario !"}
{"sentidx":24343,"lemma":"violenza","token":"violenza","start":107,"end":115,"sent":"Ieri il professore Arlacchi ha detto con grande lucidita che non bisogna avere paura di opporre violenza a violenza ."}
{"sentidx":24343,"lemma":"violenza","token":"violenza","start":96,"end":104,"sent":"Ieri il professore Arlacchi ha detto con grande lucidita che non bisogna avere paura di opporre violenza a violenza ."}
{"sentidx":149214,"lemma":"violenza","token":"violenza","start":239,"end":247,"sent":"Equiparare la politica di Belgrado a quella di Zagabria significa appiattire alle responsabilita negative e certe di quest ' ultima quelle di Belgrado Non esiste un Kossovo croato ; non esiste la posizione confermata oggi dinanzi alla non violenza delle popolazioni albanesi del Kossovo tutto il mondo internazionale , per omissione , e di fatto solidale con Belgrado perche costoro non hanno ancora risposto con le armi all ' occupazione militare delle loro zone , del loro paese ."}
{"sentidx":40135,"lemma":"violenza","token":"violenza","start":182,"end":190,"sent":"Per altro , in conclusione , ribadisco la mia adesione all ' iniziativa che il Governo italiano intende assumere nel quadro dell ' ONU Credo che al riguardo parlare di ingerenza odi violenza nei confronti delle popolazioni sia sbagliato ; ritengo invece opportuno dare un segno di chiarezza e di determinazione proprio a vantaggio di quelle popolazioni cosi sofferenti ("}
{"sentidx":21449,"lemma":"violenza","token":"violenza","start":13,"end":21,"sent":"Opporsi alla violenza delle armi puo significare tutto e il contrario di tutto ."}
{"sentidx":91935,"lemma":"violenza","token":"violenza","start":222,"end":230,"sent":"Un ipocrisia che rende assolutamente inaccettabili le lacrime , le manifestazioni di cordoglio , di pieta e di commozione di fronte alle scene presentate ogni giorno dai mass media di una popolazione somala in balia della violenza , delle malattie e della morte ."}
{"sentidx":144706,"lemma":"violenza","token":"violenza","start":134,"end":142,"sent":"Mi riferisco a quello che puo apparire , qualche volta , uso violento della giustizia , a quello che puo apparire uso esemplare della violenza della giustizia o uso spettacolare della giustizia ."}
{"sentidx":116510,"lemma":"violenza","token":"violenza","start":299,"end":307,"sent":"Vi sono una serie di associazioni , molte delle quali ancora oggi sono sotto inchiesta per atti di violenza e di sovversione ; esistono questi cosiddetti circoli sociali , che si sono organizzati in tutta Italia in particolare nelle periferie delle grandi citta , e che ogni giorno compiono atti di violenza politica , di intolleranza politica ."}
{"sentidx":116510,"lemma":"violenza","token":"violenza","start":99,"end":107,"sent":"Vi sono una serie di associazioni , molte delle quali ancora oggi sono sotto inchiesta per atti di violenza e di sovversione ; esistono questi cosiddetti circoli sociali , che si sono organizzati in tutta Italia in particolare nelle periferie delle grandi citta , e che ogni giorno compiono atti di violenza politica , di intolleranza politica ."}
{"sentidx":40341,"lemma":"violenza","token":"violenza","start":637,"end":645,"sent":"Signor ministro per gli affari esteri , il nostro ragionamento e che noi dovremmo misurare in termini obiettivi come stiano effettivamente le cose in quel paese , ribadire l indispensabilita di un intervento per sbloccare l arrivo degli aiuti alimentari , per mettere fine al terrore rapsodico introdotto dallo scontro tra le fazioni armate in Somalia e garantire che si affermi in modo durevole la capacita di far pervenire gli aiuti , al fine di creare i requisiti necessari a convocare tutte le parti in campo per ridefinire un assetto democratico , rispettoso dei diritti umani e tale da ripristinare in Somalia oggi devastata dalla violenza delle fazioni contrapposte , istituzioni libere ed accettate dalla comunita internazionale ."}
{"sentidx":34576,"lemma":"violenza","token":"violenza","start":146,"end":154,"sent":"D Poiche qui sie parlato in difesa della democrazia , vorrei dire che naturalmente la democrazia prevede la possibilita per tutti di parlare : la violenza el ' arroganza non servono alla democrazia !"}
{"sentidx":24350,"lemma":"violenza","token":"violenza","start":114,"end":122,"sent":"Questo monopolio legittimo della forza crea alcune difficolta : non e vero chesi puo reagire alla violenza con la violenza ( Applausi dei deputati dei gruppi dei verdi e federalista europeo ) ."}
{"sentidx":24350,"lemma":"violenza","token":"violenza","start":98,"end":106,"sent":"Questo monopolio legittimo della forza crea alcune difficolta : non e vero chesi puo reagire alla violenza con la violenza ( Applausi dei deputati dei gruppi dei verdi e federalista europeo ) ."}
{"sentidx":133454,"lemma":"violenza","token":"violenza","start":333,"end":341,"sent":"L ampia giurisprudenza sul tema conferma che questa tutela costituzionale e stata piu volte applicata ad atti che , per quanto posti in essere all ' interno della Camera o del Senato assolutamente non possono venire ricompresi nell ' ambito delle funzioni parlamentari : l ingiuria , la gratuita diffamazione , la rissa egli atti di violenza in genere , in ordine ai quali in tutta evidenza deve valere il comune principio della responsabilita ."}
{"sentidx":73742,"lemma":"violenza","token":"violenze","start":447,"end":455,"sent":"Al contrario di quanti temono che il riconoscimento dei diritti delle minoranze sia un potenziale fattore di disintegrazione , una minaccia all ' ordine stabilito , noi crediamo fermamente che se non siamo capaci di trovare soluzioni politiche e giuridiche fondate sulla possibilita di vivere insieme , sulla tolleranza reciproca , sul rispetto del diritto delle minoranze nei confronti della maggioranza , il nostro futuro sara travagliato dalle violenze , dal genocidio , dalle guerre , dalla moltiplicazione di milioni e milioni di rifugiati ."}
{"sentidx":145870,"lemma":"violenza","token":"violenza","start":338,"end":346,"sent":"Quando nel paese si crea un clima di eccitazione ; quando si tenta , anziche perseguire il corretto obiettivo di individuare responsabilita personali , di determinare la criminalizzazione di intere forze politiche ; quando nel paese si creano le condizioni di incitamento alla violenza , di caccia alle streghe ; quando vi echi di questa violenza e di questa cultura ritorna a fare l essenza del proprio modo di essere nella vita politica del paese , cio non puo non portare a determinate conclusioni e fatti ."}
{"sentidx":145870,"lemma":"violenza","token":"violenza","start":277,"end":285,"sent":"Quando nel paese si crea un clima di eccitazione ; quando si tenta , anziche perseguire il corretto obiettivo di individuare responsabilita personali , di determinare la criminalizzazione di intere forze politiche ; quando nel paese si creano le condizioni di incitamento alla violenza , di caccia alle streghe ; quando vi echi di questa violenza e di questa cultura ritorna a fare l essenza del proprio modo di essere nella vita politica del paese , cio non puo non portare a determinate conclusioni e fatti ."}
{"sentidx":108447,"lemma":"violenza","token":"violenza","start":274,"end":282,"sent":"La disgregazione che si sta producendo nelle grandi citta , la disgregazione morale e culturale che si riscontra in parti della nostra societa , non e affatto dissimile da quella che e possibile leggere nei drammi di alcune grandi metropoli del terzo mondo , nelle quali la violenza e ormai la norma quotidiana ."}
{"sentidx":106980,"lemma":"violenza","token":"violenze","start":74,"end":82,"sent":"D altra parte , non ho certo intenzione di drammatizzare alcunche : se le violenze fossero state piu contenute di quelle che mi sono state raccontate odi quelle di cui ho verificato direttamente le conseguenze , sarei la prima ad essere contenta ."}
{"sentidx":21303,"lemma":"violenza","token":"violenza","start":245,"end":253,"sent":"Con un atteggiamento irresponsabile , qualunquista e votato alla piu bieca politica , qui si sta invece operando una mistificazione del dettato costituzionale e della sentenza della Corte Si e arrivati al punto di portare avanti un tentativo di violenza nei confronti della Costituzione modificandola con una legge ordinaria ."}
{"sentidx":149276,"lemma":"violenza","token":"violenza","start":187,"end":195,"sent":"Non possiamo , infatti , dimenticare che il precedente ministro degli esteri ha mantenuto per diversi mesi un atteggiamento ambiguo e comunque di non intervento quando i primi episodi di violenza tra serbi e sloveni , tra serbi e croati , tra serbi e albanesi , tra serbi e musulmani bosniaci avrebbero dovuto aprire gli occhi anche al piu miope e nottambulo esperto di politica estera ."}
{"sentidx":135069,"lemma":"violenza","token":"violenza","start":387,"end":395,"sent":"Si tratta di una proposta misurata con precisione sulle esigenze di coloro che commettono reati contro la pubblica amministrazione , tante vero che all ' inizio vi e stato addirittura il tentativo di limitare il ricorso alla custodia cautelare che avrebbe potuto essere adottata soltanto in presenza di un pericolo di commettere nuovamente reati mediante luso di armi ed il ricorso alla violenza personale o organizzata ."}
{"sentidx":145889,"lemma":"violenza","token":"violenza","start":100,"end":108,"sent":"Quali mani pulite possono venire da chi incita giovani , che avrebbero diritto alla speranza , alla violenza e all insulto !"}
{"sentidx":70863,"lemma":"violenza","token":"violenza","start":241,"end":249,"sent":"E quindi necessario stringere , andare rapidamente a definire di fronte al paese proposte politiche programmatiche , cosi come altri vanno facendo in queste settimane ed in questi mesi , con dovizia di mezzi , di forze , di propaganda , con violenza di argomentazioni , con sicurezza di vincere ."}
{"sentidx":113845,"lemma":"violenza","token":"violenza","start":183,"end":191,"sent":"Purtroppo vie una certa cultura giacobina , astratta e suicida , quella per la quale tutto diventa diritto e quindi un dovere da esigere : e un dovere il ribellarsi e il reagire alla violenza del diritto non esercitato e non concesso attraverso la nonviolenza dichi difende un diritto ."}
{"sentidx":108826,"lemma":"violenza","token":"violenza","start":269,"end":277,"sent":"Ma il Governo italiano dovrebbe porsi il problema delle conseguenze sull ' opinione pubblica nazionale , che giudica l esecutivo incapace di garantire l applicazione della Convenzione di Strasburgo Ferma restando l opinione che ognuno di noi puo avere sull ' uso della violenza ( personalmente , io sono un nonviolento , lontano anni luce dalla scelta di associarmi ad organizzazioni che promuovano luso stesso della violenza ) , e evidente che il nostro Governo non puo accettare la risposta del Governo degli Stati Uniti perche ci troviamo di fronte ad una cittadina italiana acui viene negata la possibilita di godere del diritto di estradizione ."}
{"sentidx":108826,"lemma":"violenza","token":"violenza","start":417,"end":425,"sent":"Ma il Governo italiano dovrebbe porsi il problema delle conseguenze sull ' opinione pubblica nazionale , che giudica l esecutivo incapace di garantire l applicazione della Convenzione di Strasburgo Ferma restando l opinione che ognuno di noi puo avere sull ' uso della violenza ( personalmente , io sono un nonviolento , lontano anni luce dalla scelta di associarmi ad organizzazioni che promuovano luso stesso della violenza ) , e evidente che il nostro Governo non puo accettare la risposta del Governo degli Stati Uniti perche ci troviamo di fronte ad una cittadina italiana acui viene negata la possibilita di godere del diritto di estradizione ."}
{"sentidx":94431,"lemma":"violenza","token":"violenza","start":194,"end":202,"sent":"Questa confusione ha gia abbondantemente prodotto in Italia strategie della tensione , crimini e le ultime brutte pagine della vicenda \u00ab Tangentopoli Crediamo che per eliminare un certo tipo di violenza sia necessario rimuovere le cause degli squilibri esistenti ."}
{"sentidx":51882,"lemma":"violenza","token":"violenza","start":493,"end":501,"sent":"Ma permettetemi soprattutto , signor Presidente colleghi , di cogliere questa occasione per ringraziarvi della preziosa e continua disponibilita che ho avuto da parte di tutti voi in questa esperienza politica ed istituzionale che , pur breve , pur compressa e compresa in una situazione politica molto delicata e molto controversa per il nostro paese , reputo essere stata per chi vi parla sicuramente positiva e proficua , per i temi che ho potuto affrontare , quelli della pace , della non violenza , dell ' obiezione di coscienza , delle iniziative in favore delle vittime dei conflitti della ex Iugoslavia In particolare permettetemi di ricordare , colleghi , l appello che avete trovato in casella : assieme ad altri deputati , ad esponenti della cultura e del volontariato abbiamo promosso in questi giorni di ripresa dei lavori parlamentari un digiuno affinche sia promulgata al piu presto , entro pochi giorni , la legge sull ' obiezione di coscienza , che da tanto tempo attende di essere approvata ."}
{"sentidx":145893,"lemma":"violenza","token":"violenza","start":24,"end":32,"sent":"Quando l elemento della violenza si annida all ' interno di una democrazia , rappresenta il virus che la distrugge ."}
{"sentidx":7431,"lemma":"violenza","token":"violenza","start":235,"end":243,"sent":"E dunque in questo assume una iniziativa politica e contemporaneamente , offre vicinanza umana a chi lotta non solo per sopravvivere , ma per non piombare nella disperazione e nell abbrutimento , in una spirale senza fine di odio , di violenza e di vendetta ."}
{"sentidx":91844,"lemma":"violenza","token":"violenza","start":320,"end":328,"sent":"Signor Presidente onorevoli colleghi , signor ministro , onorevole sottosegretario , non possiamo ritenerci soddisfatti dell ' illustrazione della situazione ne della posizione che sta assumendo il Governo circa gli avvenimenti della Somalia con la prospettiva , come e stato detto poco fa , del ripetersi di episodi di violenza ."}
{"sentidx":73010,"lemma":"violenza","token":"violenza","start":123,"end":131,"sent":"Lo stupro di una giovane studentessa in pieno giorno a Roma da parte di un ragazzo con la svastica tatuata sulla mano ; la violenza commessa a Ravenna contro Gianfranco Mascia el ' indubbio sottofondo politico connesso ; le ripetute violenze collettive commesse a Ostia da parte di una folla di giovani ai danni di extracomunitari ; e ancora questa notte , un ' altra violenza ai danni di due marocchini nella periferia di Roma sono tutti fatti legati ad un sottile filo conduttore che ne evidenzia lo stile ela matrice culturale , se e lecito usare questo aggettivo , di estrema destra ."}
{"sentidx":73010,"lemma":"violenza","token":"violenze","start":233,"end":241,"sent":"Lo stupro di una giovane studentessa in pieno giorno a Roma da parte di un ragazzo con la svastica tatuata sulla mano ; la violenza commessa a Ravenna contro Gianfranco Mascia el ' indubbio sottofondo politico connesso ; le ripetute violenze collettive commesse a Ostia da parte di una folla di giovani ai danni di extracomunitari ; e ancora questa notte , un ' altra violenza ai danni di due marocchini nella periferia di Roma sono tutti fatti legati ad un sottile filo conduttore che ne evidenzia lo stile ela matrice culturale , se e lecito usare questo aggettivo , di estrema destra ."}
{"sentidx":73010,"lemma":"violenza","token":"violenza","start":368,"end":376,"sent":"Lo stupro di una giovane studentessa in pieno giorno a Roma da parte di un ragazzo con la svastica tatuata sulla mano ; la violenza commessa a Ravenna contro Gianfranco Mascia el ' indubbio sottofondo politico connesso ; le ripetute violenze collettive commesse a Ostia da parte di una folla di giovani ai danni di extracomunitari ; e ancora questa notte , un ' altra violenza ai danni di due marocchini nella periferia di Roma sono tutti fatti legati ad un sottile filo conduttore che ne evidenzia lo stile ela matrice culturale , se e lecito usare questo aggettivo , di estrema destra ."}
{"sentidx":60327,"lemma":"violenza","token":"violenza","start":321,"end":329,"sent":"Presidente voteremo a favore dell ' emendamento Tripodi bis l In precedenza , abbiamo espresso un voto negativo sull ' emendamento Romeo bis 2 che tendeva a sopprimere un ' importante innovazione introdotta dal Senato in base alla quale costituisce associazione per delinquere di stampo mafioso anche quella che mediante violenza o intimidazione tende a controllare il voto ."}
{"sentidx":152700,"lemma":"violenza","token":"violenza","start":43,"end":51,"sent":"Noi dobbiamo rendere chiaro il senso della violenza che state facendo al paese , il senso dell ' ingiustizia profonda che si nasconde nel tentativo di scippare ai cittadini il diritto di voto , che el ' ultima possibilita loro rimasta di far valere le proprie ragioni in questo sfascio da voi provocato nel paese ."}
{"sentidx":7460,"lemma":"violenza","token":"violenza","start":149,"end":157,"sent":"E importante , perche queste zone protette siano davvero zone in cui si cominci a costruire un piccolo germe di interposizione , un primo freno alla violenza , che sul ruolo dei caschi blu si lavori seriamente ."}
{"sentidx":145849,"lemma":"violenza","token":"violenza","start":214,"end":222,"sent":"Signor Presidente onorevoli colleghi , signor ministro , per un liberale e sempre un motivo di grande amarezza , prima ancora che di sdegno , vedere come si torni alla filosofia , alla pratica ed alla scelta della violenza ."}
{"sentidx":143381,"lemma":"violenza","token":"violenza","start":163,"end":171,"sent":"Signor Presidente intervengo sempre pe r ricordare , co me gia hanno fatto altri colleghi del mio gruppo , la grandissima rilevanza che riveste il rappo r tot r a violenza e obiezione di coscienza ."}
{"sentidx":26247,"lemma":"violenza","token":"violenza","start":327,"end":335,"sent":"Innanzitutto forse sarebbe stato necessario prevedere distinzioni piu attente da un punto di vista storico ed anche sociale , perche il fenomeno che si allarga in Europa ha anche in Italia talune manifestazioni , in parte solo folcloristiche , in parte solo di sottolineatura ideologica , in altra parte di sconfinamento nella violenza ."}
{"sentidx":46338,"lemma":"violenza","token":"violenza","start":78,"end":86,"sent":"L approvazione di questo emendamento sarebbe dunque , essa si , un ' inaudita violenza nei confronti della gente onesta e di quanti si sono battuti contro la mafia ."}
{"sentidx":40089,"lemma":"violenza","token":"violenza","start":208,"end":216,"sent":"La decisione , deliberata ieri dal Consiglio dei ministri , e coerente con l azione da noi svolta per riportare la pace , la riconciliazione nazionale ela democrazia in un paese nel quale la lotta armata ela violenza indiscriminata hanno finora prevalso sul dialogo e sul confronto politico , aggravando una drammatica situazione di carestia e di paralisi di ogni attivita produttiva , che ha gia provocato centinaia di migliaia di vittime ."}
{"sentidx":28488,"lemma":"violenza","token":"violenza","start":283,"end":291,"sent":"Chiunque abbia avuto anche soltanto modo di assistere ad un raduno degli alpini odi vedere in televisione l assistenza offerta agli albanesi o ad altre popolazioni in occasione di calamita comprende bene come equiparare il servizio militare di leva ad un ' implicita attitudine alla violenza sia cosa sbagliata emi permetto di dire , in certo modo anche offensiva ."}
{"sentidx":7457,"lemma":"violenza","token":"violenza","start":439,"end":447,"sent":"Noi stessi abbiamo fatto questa richiesta nella nostra mozione e continuiamo a sostenerla ; dobbiamo pero sapere che si tratta di uno strumento con forti rischi , che presenta alcune ambiguita e soprattutto , che diverrebbe esattamente il contrario di cio che noi vogliamo se dovesse sostituirsi all ' iniziativa sul piano Vance Owen se dovesse essere visto come una soluzione definitiva di ghetto e non come un primo passo per fermare la violenza , continuando a lavorare a livello diplomatico a partire dal piano Vance Owen In ogni caso accogliamo positivamente il fatto che si tenti la strada della protezione dei civili e che a questo fine , si dia un mandato sinche piu esplicito ai caschi blu ."}
{"sentidx":97379,"lemma":"violenza","token":"violenze","start":210,"end":218,"sent":"Si preferisce agire con insopportabili azioni burocratiche di espulsione anche nei confronti di donne , uomini e bambini che quando ritorneranno in Iugoslavia sappiamo verranno uccisi , o comunque sottoposti a violenze ."}
{"sentidx":137034,"lemma":"violenza","token":"violenza","start":106,"end":114,"sent":"Vorrei dire ai colleghi che la questione non deve interessare soltanto il mondo del pacifismo e della non violenza , ma anche chi ha idee diverse , anche chi consideri utile e necessaria , per la difesa del nostro paese , una struttura efficiente dal punto di vista militare ."}
{"sentidx":67846,"lemma":"violenza","token":"violenza","start":27,"end":35,"sent":"Dopo avere condannato ogni violenza , resta ancora piu grande il problema : che fa il sindacato ."}
{"sentidx":94286,"lemma":"violenza","token":"violenza","start":33,"end":41,"sent":"Al contrario , taluni episodi di violenza sono stati determinati proprio da un presunto spirito di appartenenza ad un ' area di contrasto della delinquenza comune , con una spiccata avversione nei confronti degli spacciatori o degli assuntori di sostanze stupefacenti ."}
{"sentidx":10036,"lemma":"violenza","token":"violenze","start":50,"end":58,"sent":"Ci troviamo a vedere di tutto , dagli stupri alle violenze contro le donne egli uomini in diretta , alle immagini delle azioni dei bombardieri , sempre in diretta ."}
{"sentidx":20274,"lemma":"violenza","token":"violenza","start":680,"end":688,"sent":"Non si puo disconoscere ( visto che il protocollo e inserito in un clima cosi difficile , conflittuale e direi , cosi amaro , soprattutto per tanti cittadini italiani , come e stato ricordato da diverse parti ) che il primo sacrificio , in un momento di crisi cosi forte come quello che stiamo attraversando , ancora una volta colpisce la societa piu debole , quella che in qualche modo soffre di piu e che finisce sempre , tra l altro , per reggere lo Stato Infatti il buon senso nei momenti piu difficili e sempre venuto dalla classe dei lavoratori ; lo abbiamo verificato al tempo del terrorismo , quando e stata quella classe a non permettere l ingresso nelle fabbriche della violenza e del disordine terroristico ."}
{"sentidx":60230,"lemma":"violenza","token":"violenza","start":77,"end":85,"sent":"Nell ipotesi in cui risulti , invece , che il testimone e stato sottoposto a violenza , minaccia , offerta o promessa di denaro odi altra utilita non sono necessari altri elementi di prova : la testimonianza assume dignita di prova , ma non per questo deve costituire prova legale ."}
{"sentidx":26031,"lemma":"violenza","token":"violenza","start":61,"end":69,"sent":"Restano pero fuori le discriminazioni o gli incitamenti alla violenza nei confronti di gruppi identificati e stigmatizzati per differenze diverse da quelle derivanti da ragioni nazionali , razziali , etniche , religiose ."}
{"sentidx":119018,"lemma":"violenza","token":"violenza","start":51,"end":59,"sent":"Occorre ribadire il coraggio di chi sceglie la non violenza , un valore che vogliamo coltivare e far crescere tra i nostri giovani e nella societa nel suo complesso ; una societa che sempre piu ha bisogno di non violenza ."}
{"sentidx":119018,"lemma":"violenza","token":"violenza","start":212,"end":220,"sent":"Occorre ribadire il coraggio di chi sceglie la non violenza , un valore che vogliamo coltivare e far crescere tra i nostri giovani e nella societa nel suo complesso ; una societa che sempre piu ha bisogno di non violenza ."}
{"sentidx":145887,"lemma":"violenza","token":"violenza","start":148,"end":156,"sent":"Ma quello che ci spaventa , onorevoli colleghi e il fatto che si immagini di poter creare non si sa bene quale legalita , una legalita basata sulla violenza , onorevoli colleghi !"}
{"sentidx":37079,"lemma":"violenza","token":"violenza","start":137,"end":145,"sent":"E giusto aver agito finora alla ricerca della corruzione , ma e vero anche che la corruzione e un male minore rispetto alla morte e alla violenza contro le persone ."}
{"sentidx":94355,"lemma":"violenza","token":"violenza","start":150,"end":158,"sent":"Ritengo che i provvedimenti ( o meglio i non provvedimenti ) adottati da quel Governo per anni abbiano oggettivamente determinato lo scatenarsi della violenza razzista , per favorire la quale basta non fare nulla e considerare qualcosa cui far fronte con una normale operazione di polizia ."}
{"sentidx":119596,"lemma":"violenza","token":"violenza","start":35,"end":43,"sent":"A nostro avviso l utopia della non violenza urta con gli scenari aperti dopo il crollo del bipolarismo est - ovest ."}
{"sentidx":149900,"lemma":"violenza","token":"violenza","start":903,"end":911,"sent":"L interrogazione da noi rivolta al ministro dell ' interno riguarda la garanzia per qualunque cittadino , uomo politico e nodi potersi muovere in Milano o in altre citta d Italia tranquillamente , senza essere fatto oggetto di insulti , sputi e aggressioni del tipo di quelle che ha dovuto subire ieri il segretario del mio partito , onorevole La Malfa Al di la ditale ferma richiesta di garantire la sicurezza del cittadino , nella nostra interrogazione sollecitiamo anche , da parte delle autorita di Governo e del Ministero dell interno , un accertamento sulla pericolosita delle dichiarazioni rese , in questo caso , non da una folla anonima , bensi dal rappresentante di un partito politico Questi ha esplicitamente dichiarato che in altre occasioni , meglio preparate , l accoglienza a persone come La Malfa sarebbe stata e sara di altro tenore , evidentemente alludendo a forme di vera e propria violenza fisica ."}
{"sentidx":73403,"lemma":"violenza","token":"violenza","start":331,"end":339,"sent":"Il collega Di Donato lo ha detto molto chiaramente questa mattina , non fosse altro che per solidarieta , perche si trova a dover giustificare rispetto ad un gran numero di propri conoscenti ed amici il fatto che essi stanno in galera a causa sua ; forse sarebbe molto meglio , per lui , arrivare a Poggioreale male lezioni di non violenza , collega Pecoraro non si fanno sulla pelle degli altri !"}
{"sentidx":41570,"lemma":"violenza","token":"violenza","start":57,"end":65,"sent":"E noto che per fronteggiare il gravissimo fenomeno della violenza organizzata , in particolare di quella mafiosa , sono stati apprestati provvedimenti legislativi ed amministrativi nel quadro dei quali assume particolare rilevanza quello adottato nell ' agosto di quest ' anno dal ministro di grazia e giustizia , che ha disposto il trasferimento di detenuti appartenenti a dette organizzazioni criminali in appositi istituti \u2014 appunto quelli situati sulle isole di Pianosa e dell Asinara lontani dalle zone di provenienza , al fine di consentire una sorveglianza adeguata , vista la particolare pericolosita dei soggetti , e di recidere i contatti che taluni detenuti avevano con l ambiente di provenienza ."}
{"sentidx":112944,"lemma":"violenza","token":"violenza","start":66,"end":74,"sent":"Dobbiamo dare risposte ferme e precise , non aprire le porte alla violenza , all ' aggressivita , all ' autoritarismo ."}
{"sentidx":136345,"lemma":"violenza","token":"violenza","start":113,"end":121,"sent":"E chela certezza della legge diventi la speranza el ' utopia per il duemila , se sapremo dargli corpo con la non violenza , con la tolleranza , disposti a darvi tutto quello che di averi ancora esiste , ma credo convinti che ce forse un essere ancora non soppresso e non insopprimibile in questa Repubblica ed in questo nostro tempo !"}
{"sentidx":112595,"lemma":"violenza","token":"violenza","start":100,"end":108,"sent":"In questa situazione degradata , prospera l arbitrio e si diffonde la criminalita ; si sviluppa una violenza idiota e gratuita , ma non per questo meno colpevole ; si diffonde l egoismo di chi cerca la salvezza personale e dei propri beni contribuendo ad affondare la barca su cui e imbarcato , el ' irresponsabilita di altri che dovendo operare per il bene di tutti cercano invece gloria invitando gli altri ad un identico atteggiamento irresponsabile ."}
{"sentidx":73518,"lemma":"violenza","token":"violenza","start":99,"end":107,"sent":"L emissione di un mandato di cattura per l esercizio del mandato parlamentare e inammissibile ed e violenza nei confronti di questo Parlamento non nei confronti del signor Di Donato Dovremmo immaginare allora che l onorevole D Alema el ' onorevole Occhetto non solo per norma interna , male farebbero a candidarsi ma , ove lo facessero , non potrebbero piu entrare in un carcere ( ove non fossero arrestati in futuro , cosa che non ci auguriamo per loro ) per andare a visitare , come facciamo tutti , un carcerato oper verificare la situazione relativa all ' organizzazione generale del carcere ."}
{"sentidx":60220,"lemma":"violenza","token":"violenza","start":63,"end":71,"sent":"Mi riferisco all ' ipotesi che il testimone , pur sottoposto a violenza o a minaccia , nel ritrattare la prima deposizione non si allontani dalla verita , ma anzi la recuperi ."}
{"sentidx":149363,"lemma":"violenza","token":"violenza","start":228,"end":236,"sent":"Credo invece , che abbiamo molte ragioni per guardare con grande attenzione e con grande preoccupazione \u2014 nel momento in cui cerchiamo di costruire un progetto che va verso l unificazione dei popoli dell ' Europa ai fenomeni di violenza , di intolleranza , di sopraffazione , che accompagnano la disgregazione violenta di una regione alle porte di casa nostra ."}
{"sentidx":97250,"lemma":"violenza","token":"violenza","start":23,"end":31,"sent":"Lei e tes timone della violenza !"}
{"sentidx":28706,"lemma":"violenza","token":"violenza","start":7,"end":15,"sent":"La non violenza di oggi sempre piu si caratterizza come scelta che va oltre il rifiuto , oltre il rigetto degli orrori della guerra , pure ancora oggi cosi devastanti , anche ai nostri confini ; e una scelta che propone a noi tutti una nuova etica della responsabilita , del bene comune ."}
{"sentidx":150153,"lemma":"violenza","token":"violenze","start":192,"end":200,"sent":"Del resto tutti sanno che la vera origine dell ' istituto dell ' immunita parlamentare va ricercata nel fatto che i rappresentanti del popolo , in quanto tali , dovevano essere sottratti alle violenze di ogni genere tipiche delle dittature , delle monarchie dispotiche , dell ' inquisizione , ed oggi del centralismo partitocratico ."}
{"sentidx":13578,"lemma":"violenza","token":"violenza","start":368,"end":376,"sent":"Certo vie stato qualche inevitabile errore , come la difesa ad ogni costo della parita della lira : ma l intesa raggiunta dal Governo con industriali , commercianti , grossisti , Banca d Italia con il blocco dell ' inflazione nonostante la rivalutazione del dollaro , rappresenta un dato estremamente positivo , che ha dovuto scontare la tracotanza e per cosi dire la violenza dell ' economia tedesca ; quest ' ultima , proprio alla vigilia di uno scontro fra i mercati , ha lanciato una provocazione enorme di cui , in tempi abbastanza brevi , paghera sicuramente lo scotto anche a livello politico ."}
{"sentidx":152684,"lemma":"violenza","token":"violenza","start":88,"end":96,"sent":"E vivo in me il senso della dignita personale , tanto vivo che sento come intollerabile violenza il fatto che voi mi imponibile l umiliazione di dover dichiarare di votare in modo diverso da quello preannunciato dal compagno Guerra con il quale sono perfettamente e totalmente d accordo ."}
{"sentidx":145865,"lemma":"violenza","token":"violenza","start":172,"end":180,"sent":"Mi dispiace , onorevoli colleghi del Movimento sociale italiano , che abbiate offerto un usbergo ai violenti , che abbiate avallato una manifestazione di intolleranza e di violenza inammissibile !"}
{"sentidx":90422,"lemma":"violenza","token":"violenza","start":246,"end":254,"sent":"Credo pertanto che la miopia politica possa avere caratterizzato questo periodo storico , con pressioni da tutte le parti , con una veemenza spesso drammatica , con punte di ostracismo che hanno risollevato zone d ombra del nostro paese quali la violenza ( uno dei fenomeni piu rischiosi , piu pericolosi ) , caratterizzata anche dal razzismo ."}
{"sentidx":94166,"lemma":"violenza","token":"violenza","start":98,"end":106,"sent":"Gia e privato della liberta ; non basta , deve vivere anche in una condizione di totale degrado e violenza ?"}
{"sentidx":26209,"lemma":"violenza","token":"violenza","start":85,"end":93,"sent":"Nell esempio che ho fatto in precedenza si mettevano insieme idee e istigazione alla violenza ; nell ' articolo richiamato si dispone obbligatoriamente il sequestro per chi detenga esplosivi , armi oppure emblemi ."}
{"sentidx":140264,"lemma":"violenza","token":"violenza","start":57,"end":65,"sent":"Non ritengo che le discriminazioni ole manifestazioni di violenza nei confronti di settori della societa possano essere tutte risolte in termini di leggi e di istituzioni ."}
{"sentidx":42145,"lemma":"violenza","token":"violenza","start":49,"end":57,"sent":"Tuttavia quando si e trattato di impedire questa violenza contro i cittadini , la lega ha cambiato idea ; propio loro , che a settembre si erano schierati a favore del voto nei comuni di Varese e di Monza Siamo di fronte ad un patto scellerato : ritengo che ciascun deputato debba a questo punto riacquistare la propria liberta di scelta , per non lasciare spazio alle manovre ed agli interessi del PDS cosi come alle divisioni interne del partito socialista italiano ( oggi piu che mai , visto che l onorevole La Ganga sie dimesso dalla presidenza del gruppo parlamentare ) ."}
{"sentidx":21419,"lemma":"violenza","token":"violenza","start":344,"end":352,"sent":"Mi meraviglia , poi , che anche il Governo oltre al relatore , si sia dichiarato contrario ad un emendamento che tutto sommato e innocuo , nel senso che non vuole impedire l obiezione di coscienza , ma intende tutelare i giovani che svolgeranno il servizio militare nelle forze armate , eliminando per loro l inutile etichetta di cultori della violenza ( Applausi dei deputati del gruppo repubblicano ) ."}
{"sentidx":36521,"lemma":"violenza","token":"violenza","start":408,"end":416,"sent":"Piero Battaglia Quattrone Palamara e Nicolo prima indagati per un reato insussistente ( l omicidio di Ligato che e stato smentito dal tribunale della liberta e successivamente in via definitiva , sono in carcere per gli stessi fatti dei quali dobbiamo parlare oggi in ordine all ' autorizzazione a procedere nei confronti di Misasi E evidente che dobbiamo pensare non a Misasi ma a chi rimane in carcere per violenza dei giudici , a proposito della quale non capisco perche la sinistra sia cosi condiscendente , creando un partito trasversale a favore di chi sbaglia !"}
{"sentidx":143358,"lemma":"violenza","token":"violenza","start":10,"end":18,"sent":"Vi e un a violenza democratica ti ca ed un a ant timer i ca Applausi del deputato Tassi vie un cazzotto fascista ed un cazzotto antifascista !"}
{"sentidx":28738,"lemma":"violenza","token":"violenza","start":33,"end":41,"sent":"Ricordiamoci tuttavia che la non violenza non si nutre di vuote formule odi dichiarazioni roboanti , ma che puo vivere solo nella quotidianita di chi intende cambiarla Con questa legge il Parlamento e le istituzioni si riavvicinano alla societa civile , e questo non e di poco conto nell ' attuale fase politica ."}
{"sentidx":32692,"lemma":"violenza","token":"violenza","start":386,"end":394,"sent":"Ma pare che tali aberrazioni della giustizia \u2014 che si arrivi ad un processo dopo undici anni per stabilire che il reato non esisteva \u2014 ci debbano mettere in guardia rispetto a quel che stiamo facendo , certamente importante sotto il profilo simbolico , ma molto meno rilevante rispetto a quanto attiene alla liberta degli individui fuori di questo Parlamento Essi vanno garantiti dalla violenza dei magistrati che hanno tentato e che tentano in questi giorni di creare un potere in contrapposizione ad un altro potere fino ad oggi piu forte del loro ."}
{"sentidx":67845,"lemma":"violenza","token":"violenza","start":43,"end":51,"sent":"Atti tanto isolati quanto inaccettabili di violenza non possono e non devono essere invocati per nascondere la realta di una critica ai vertici confederali cosi vasta da gettare il sindacato in una vera e propria crisi ."}
{"sentidx":83138,"lemma":"violenza","token":"violenza","start":24,"end":32,"sent":"Dicevo chesi vuole fare violenza al Parlamento impedendo una discussione che il Governo teme si possa svolgere soprattutto sui banchi della maggioranza , dal momento che le misure di carattere antipopolare contenute in questo decreto non incidono soltanto sull ' elettorato che ha mandato qui i deputati della sinistra , ma anche su quello , \u2014 anch esso popolare \u2014 di lavoratori dipendenti e di lavoratori autonomi , che ha mandato su questi banchi i deputati della maggioranza ."}
