{"sentidx":21126,"lemma":"destra","token":"destra","start":14,"end":20,"sent":"involuzione a destra della democrazia cristiana ?"}
{"sentidx":176577,"lemma":"destra","token":"destra","start":27,"end":33,"sent":"( Approvazioni all estrema destra -"}
{"sentidx":107624,"lemma":"destra","token":"destra","start":45,"end":51,"sent":"( Vivissimi prolungati applausi al centro ea destra - Moltissime congratulazioni ."}
{"sentidx":394048,"lemma":"destra","token":"destra","start":45,"end":51,"sent":"( Vivissimi prolungati commenti al centro ea destra - Moltissime"}
{"sentidx":172318,"lemma":"destra","token":"destra","start":24,"end":30,"sent":"( Proteste alla estrema destra - Interruzione del deputato Tomba"}
{"sentidx":44794,"lemma":"destra","token":"destra","start":37,"end":43,"sent":"Notate questo opuscolo rispecchia la destra del socialismo inglese ."}
{"sentidx":137966,"lemma":"destra","token":"destra","start":30,"end":36,"sent":"Cominciamo questa volta dalla destra ."}
{"sentidx":130917,"lemma":"destra","token":"destra","start":24,"end":30,"sent":"( Applausi al centro ea destra - Congratulazioni Risultato della votazione segreta ."}
{"sentidx":80325,"lemma":"destra","token":"destra","start":148,"end":154,"sent":"Occorre chela solidarieta internazionale si dimostri operante anche in questo settore particolarmente importante per l Italia Applausi al centro ea destra ) ."}
{"sentidx":108547,"lemma":"destra","token":"destra","start":0,"end":6,"sent":"destra ."}
{"sentidx":281185,"lemma":"destra","token":"destra","start":29,"end":35,"sent":"( Vivi applausi al centro ea destra - Congratulazioni Chiusura della votazione segreta ."}
{"sentidx":248604,"lemma":"destra","token":"destra","start":27,"end":33,"sent":"( Approvazioni all estrema destra Commenti all estrema sinistra ) ."}
{"sentidx":216423,"lemma":"destra","token":"destra","start":36,"end":42,"sent":"Per opporsi allo scivolamento verso destra del sistema economico e politico quali forze possono servire ?"}
{"sentidx":159799,"lemma":"destra","token":"destra","start":29,"end":35,"sent":"( Vive proteste al centro ea destra - Commenti Interruzione del deputato"}
{"sentidx":263635,"lemma":"destra","token":"destra","start":18,"end":24,"sent":"Gli oppositori di destra si preoccupano della produzione e credono di avere la esclusivita di queste preoccupazioni ."}
{"sentidx":54456,"lemma":"destra","token":"destra","start":47,"end":53,"sent":"( Vivissimi prolungati applausi ctl centro e u destra Molte congratulazioni ) ."}
{"sentidx":216416,"lemma":"destra","token":"destra","start":172,"end":178,"sent":"( corporativa D GiB alcuni deputati democristiani hanno cambiato gruppo , ela forza delle cose ha costretto tutto il partito democristiano a posizioni di compromesso verso destra ."}
{"sentidx":93431,"lemma":"destra","token":"destra","start":20,"end":26,"sent":"degli oppositori di destra ( che indubbiamente saremmo noi ) e chesi vorrebbe attribuire alla magistratura la facolta esecutiva di sciogliere un partito politico ."}
{"sentidx":3620,"lemma":"destra","token":"destra","start":35,"end":41,"sent":"( Commenti Interruzioni Una voce a destra ."}
{"sentidx":168995,"lemma":"destra","token":"destra","start":623,"end":629,"sent":"Quale ela caratterizzazione di questa Assemblea la ragione di immobilizzo di questa Assemblea Abbiamo visto come la democrazia cristiana , nonostante avesse la maggioranza assoluta dopo le elezioni ed avesse il diritto di poter governare da sola , offerse la collaborazione agli altri partiti democratici minori , abbiamo visto come questi ad un certo punto per loro giuste ragioni si dovessero allontanare da questa collaborazione , abbiamo visto la preoccupazione che ebbero gli altri partiti democratici allorche una crisi si manifesto all \u2019 interno della democrazia cristiana e come questa potesse essere risolta verso destra con un arresto del movimento di marcia della democrazia italiana ."}
{"sentidx":30766,"lemma":"destra","token":"destra","start":190,"end":196,"sent":"L onorevole Cuttitta avrebbe gridato piu forte e il grande capitalismo avrebbe minacciato di togliere l appoggio diretto alla coalizione governativa , di puntare le sue maggiori carte sulla destra fascista e monarchica ."}
{"sentidx":258266,"lemma":"destra","token":"destra","start":29,"end":35,"sent":"( Vivi applausi al centro ea destra"}
{"sentidx":398948,"lemma":"destra","token":"destra","start":29,"end":35,"sent":"( Vivi applausi al centro ea destra"}
{"sentidx":343267,"lemma":"destra","token":"destra","start":27,"end":33,"sent":"( Approvazioni all estrema destra ) ."}
{"sentidx":305608,"lemma":"destra","token":"destra","start":27,"end":33,"sent":"( Interruzioni all estrema destra ) ."}
{"sentidx":158586,"lemma":"destra","token":"destra","start":27,"end":33,"sent":"( Approvazioni all estrema destra ) ."}
{"sentidx":76966,"lemma":"destra","token":"destra","start":27,"end":33,"sent":"( Interruzioni all estrema destra ) ."}
{"sentidx":18209,"lemma":"destra","token":"destra","start":27,"end":33,"sent":"( Interruzioni all estrema destra ) ."}
{"sentidx":281828,"lemma":"destra","token":"destra","start":27,"end":33,"sent":"( Approvazioni all estrema destra ) ."}
{"sentidx":254373,"lemma":"destra","token":"destra","start":27,"end":33,"sent":"( Approvazioni all estrema destra ) ."}
{"sentidx":60175,"lemma":"destra","token":"destra","start":29,"end":35,"sent":"( Vivi applausi al centro ea destra"}
{"sentidx":151349,"lemma":"destra","token":"destra","start":29,"end":35,"sent":"( Vivi applausi al centro ea destra"}
{"sentidx":101950,"lemma":"destra","token":"destra","start":27,"end":33,"sent":"( Approvazioni all estrema destra ) ."}
{"sentidx":51023,"lemma":"destra","token":"destra","start":29,"end":35,"sent":"( Vivi applausi al centro ea destra"}
{"sentidx":64569,"lemma":"destra","token":"destra","start":27,"end":33,"sent":"( Approvazioni all estrema destra ) ."}
{"sentidx":247501,"lemma":"destra","token":"destra","start":27,"end":33,"sent":"( Interruzione all estrema destra ) ."}
{"sentidx":123069,"lemma":"destra","token":"destra","start":32,"end":38,"sent":"Vivissimi applausi al centro ea destra Molte pancrazi Chiedo di parlare per fatto personale ."}
{"sentidx":83445,"lemma":"destra","token":"destra","start":43,"end":49,"sent":"( Commenti Interruzioni Quanto all estrema destra , lei , onorevole Treves che appartiene ad un partito partecipe del Governo faccia prendere ."}
{"sentidx":154427,"lemma":"destra","token":"destra","start":221,"end":227,"sent":"sottoscritto chiede d interrogare il Ministro dell agricoltura e delle foreste , per conoscere se sia stata decisa ostia per essere decisa la trasformazione fondiaria del terzo lotto nella zona del Volturno in sinistra e destra Agnena percui l Opera nazionale combattenti avrebbe preparati i progetti ."}
{"sentidx":18129,"lemma":"destra","token":"destra","start":29,"end":35,"sent":"( Vivi applausi al centro ea destra Molte"}
{"sentidx":295495,"lemma":"destra","token":"destra","start":34,"end":40,"sent":"( Vivissimi applausi al centro ea destra ."}
{"sentidx":296018,"lemma":"destra","token":"destra","start":59,"end":65,"sent":"( Commenti Approvazioni all estrema sinistra e all estrema destra ) ."}
{"sentidx":170713,"lemma":"destra","token":"destra","start":73,"end":79,"sent":"( Applausi alla estrema sinistra - Congratulazioni Commenti al centro ea destra ) ."}
{"sentidx":407700,"lemma":"destra","token":"destra","start":34,"end":40,"sent":"( Vivissimi applausi al centro ea destra -"}
{"sentidx":301085,"lemma":"destra","token":"destra","start":34,"end":40,"sent":"( Vivissimi applausi al centro ea destra -"}
{"sentidx":276226,"lemma":"destra","token":"destra","start":161,"end":167,"sent":"Concludo auspicando che le esigenze emerse da questa discussione possano essere accolte nella miglior forma e con sollecitudine dal Governo Applausi al centro e destra ) ."}
{"sentidx":104322,"lemma":"destra","token":"destra","start":24,"end":30,"sent":"( Proteste al centro ea destra - Rumori all estrema sinistra ~ Interruzioni dei deputati Cremaschi Olindo c Pajetta Gian"}
{"sentidx":347456,"lemma":"destra","token":"destra","start":91,"end":97,"sent":"E evidente che in Francia il Centro cattolico sta subendo una violenta attrazione verso la destra degaullista , rendendo precaria l esistenza del Governo attuale ."}
{"sentidx":262563,"lemma":"destra","token":"destra","start":23,"end":29,"sent":"( Proteste all estrema destra - Rumori La rovina dell \u2019 esercito e un altra vostra responsabilita specifica ."}
{"sentidx":209255,"lemma":"destra","token":"destra","start":34,"end":40,"sent":"( Vivissimi applausi al centro ea destra - Molte"}
{"sentidx":175628,"lemma":"destra","token":"destra","start":71,"end":77,"sent":"Lo dovrebbe domandare all \u2019 onorevole Mattarella Proteste al centro ea destra ) ."}
{"sentidx":392599,"lemma":"destra","token":"destra","start":42,"end":48,"sent":"( Vivi applausi a sinistra , al centro ea destra - Congratulazioni Chiusura della votazione segreta ."}
{"sentidx":198643,"lemma":"destra","token":"destra","start":29,"end":35,"sent":"( Vivi applausi al centro ea destra - agrigentini congratulazioni ) ."}
{"sentidx":254977,"lemma":"destra","token":"destra","start":59,"end":65,"sent":"( Applausi all estrema sinistra - Interruzioni all estrema destra ) ."}
{"sentidx":229308,"lemma":"destra","token":"destra","start":145,"end":151,"sent":"Ella onorevole sottosegretario , non ha certamente visitato Marzabotto Lungo la strada \u2019 che costeggia il Reno dopo il villaggio di Marzabotto a destra , sorge una villa ottocentesca ."}
{"sentidx":138412,"lemma":"destra","token":"destra","start":192,"end":198,"sent":"Noi noli possiamo essere sodisfatti delle dichiarazioni agrodolci e sentiment , ali come quelle fatte oggi dal rappresentante del Governo Applausi all estrema sinistra - Proteste al centro ea destra ) ."}
{"sentidx":130230,"lemma":"destra","token":"destra","start":24,"end":30,"sent":"( Applausi al centro ea destra - Congratulazioni Presentazione di un disegno di legge ."}
{"sentidx":390711,"lemma":"destra","token":"destra","start":45,"end":51,"sent":"( Vivissimi prolungati applausi al centro ea destra ) ."}
{"sentidx":217773,"lemma":"destra","token":"destra","start":45,"end":51,"sent":"( Vivissimi prolungati applausi al centro ea destra ) ."}
{"sentidx":262318,"lemma":"destra","token":"destra","start":43,"end":49,"sent":"Fate l apparentamento Commenti all estrema destra ) ."}
{"sentidx":114244,"lemma":"destra","token":"destra","start":38,"end":44,"sent":"( Applausi Congratulazioni Una voce a destra : Viva il"}
{"sentidx":189298,"lemma":"destra","token":"destra","start":45,"end":51,"sent":"( Vivissimi prolungati applausi al centro ea destra ) ."}
{"sentidx":138846,"lemma":"destra","token":"destra","start":131,"end":137,"sent":"Riconducendo la classe lavoratrice sulla via del socialismo , avremo salvato l Italia Vivissimi applausi a sinistra , al centro ea destra - Moltissime congratulazioni ) ."}
{"sentidx":153794,"lemma":"destra","token":"destra","start":181,"end":187,"sent":"( Interruzione del deputato Sansone Ella onorevole Sansone credo potrebbe vantarsi di essere sotto un Governo che nel Mezzogiorno sviluppa una tale att ivit a Applausi al centro ea destra - Interruzioni all estrema sinistra ) ."}
{"sentidx":223725,"lemma":"destra","token":"destra","start":30,"end":36,"sent":"Cicerone Commenti all estrema destra ) ."}
{"sentidx":21503,"lemma":"destra","token":"destra","start":90,"end":96,"sent":"( Interruzione del deputato Pastore Proteste all estrema sinistra - Commenti al centro ea destra ) ."}
{"sentidx":62503,"lemma":"destra","token":"destra","start":29,"end":35,"sent":"( Vivi applausi al centro ea destra - Congratulazioni Presentazione di dise di legge ."}
{"sentidx":310811,"lemma":"destra","token":"destra","start":29,"end":35,"sent":"( Vivi applausi al centro ea destra - Congratulazioni Commenti all estrema sinistra ) ."}
{"sentidx":161202,"lemma":"destra","token":"destra","start":83,"end":89,"sent":"Una progressione vi e anche se procediamo dalla parte sinistra della tabella verso destra , cioe Se partiamo dal reddito unitario alto procedendo verso quello basso ."}
{"sentidx":362974,"lemma":"destra","token":"destra","start":119,"end":125,"sent":"Ripeto il corso della storia della filosofia andrebbe applicato anche agli studenti dei licei tecnici ( Interruzioni a destra ) ."}
{"sentidx":116755,"lemma":"destra","token":"destra","start":34,"end":40,"sent":"( Vivissimi applausi al centro ea destra - Molte congratulazioni ) ."}
{"sentidx":382224,"lemma":"destra","token":"destra","start":34,"end":40,"sent":"( Vivissimi applausi al centro ea destra - Molte congratulazioni ) ."}
{"sentidx":131705,"lemma":"destra","token":"destra","start":100,"end":106,"sent":"collaborare al settimo Governo De Gasperi hanno posto come condizione quella di non fare alleanze a destra ."}
{"sentidx":381440,"lemma":"destra","token":"destra","start":52,"end":58,"sent":"partito socialista aliano le correnti del i estrema destra , vogliono governi monocolori , per liquidare la democrazia , mentre nel seno della democrazia ."}
{"sentidx":118342,"lemma":"destra","token":"destra","start":36,"end":42,"sent":"Poveretto Interruzioni al centro ea destra ) ."}
{"sentidx":300536,"lemma":"destra","token":"destra","start":0,"end":6,"sent":"destra ) hanno veramente ragione di strillare contro l atteggiamento del Governo che chiede la ."}
{"sentidx":73250,"lemma":"destra","token":"destra","start":19,"end":25,"sent":"( Proteste estrema destra ) ."}
{"sentidx":300427,"lemma":"destra","token":"destra","start":37,"end":43,"sent":"Aveva incontrato l opposizione della destra ela destra gli aveva voluto dare uno schiaffo per corso ."}
{"sentidx":185849,"lemma":"destra","token":"destra","start":45,"end":51,"sent":"( Vivissimi applausi - Proteste alla estrema destra ) ."}
{"sentidx":250297,"lemma":"destra","token":"destra","start":118,"end":124,"sent":"Questi chiarimenti sentivo dover fornire agli onorevoli colleghi delia Camera Vivi applausi a sinistra , al centro ea destra ) ."}
{"sentidx":158803,"lemma":"destra","token":"destra","start":162,"end":168,"sent":", ci vuole il Presidente del Consiglio per indicare i cinque giudici che la Costituzione vuole siano eletti dal Presidente della Repubblica Commenti al centro ea destra ) ."}
{"sentidx":348082,"lemma":"destra","token":"destra","start":50,"end":56,"sent":"( Interruzioni all estrema sinistra e all estrema destra ) ."}
{"sentidx":282837,"lemma":"destra","token":"destra","start":47,"end":53,"sent":"( Vivissimi applausi a sinistra , al centro ea destra Molte"}
{"sentidx":348241,"lemma":"destra","token":"destra","start":27,"end":33,"sent":"( Interruzioni all estrema destra e all estrema sinistra ) ."}
{"sentidx":279314,"lemma":"destra","token":"destra","start":58,"end":64,"sent":"Pare che oggi cisi vergogni sui banchi del centro e della destra a definirla legge eccezionale , e abbiamo sentito gli oratori della maggioranza , nel Parlamento e anche della maggioranza nella Commissione porsi in contraddizione con lo stesso Relatore di maggioranza , ."}
{"sentidx":341310,"lemma":"destra","token":"destra","start":116,"end":122,"sent":"Voi della maggioranza volete ridurre la Camera all altezza del consiglio comunale di Peretola Proteste al centro ea destra ) ."}
{"sentidx":81098,"lemma":"destra","token":"destra","start":179,"end":185,"sent":"Sono convinto che gli uomini che hanno questa responsabilita nel Governo sono consapevoli dei voti e delle speranze che li seguono e vorranno sodisfare Vivi applausi al centro ea destra - Molte"}
{"sentidx":257885,"lemma":"destra","token":"destra","start":28,"end":34,"sent":"( Approvazioni al centro ea destra - Commenti Comunque evidentemente , una delle cose che ha fatto sorridere l onorevole Nenni e appunto questa : la differenza di impostazione politica e di interessi tra ovari paesi del sistema occidentale ."}
{"sentidx":266987,"lemma":"destra","token":"destra","start":263,"end":269,"sent":"Non ho ritenuto opportuno di farlo in quanto me sembrato dovessi , se non altro , sottolineare un fatto importantissimo : che gli interventi di tutti i colleghi della Camera da quelli appartenenti ai partiti di maggioranza a quelli della sinistra e della estrema destra , hanno rivelato una fondamentale concordia di atteggiamenti sul problema ."}
{"sentidx":222784,"lemma":"destra","token":"destra","start":62,"end":68,"sent":"( Interruzione del deputato Russo Perez Commenti al centro ea destra ) ."}
{"sentidx":350199,"lemma":"destra","token":"destra","start":25,"end":31,"sent":"Onorevoli colleghi della destra , il tempo dei nazionalismi e finito ."}
{"sentidx":195549,"lemma":"destra","token":"destra","start":420,"end":426,"sent":"Ringrazio in modo particolare l onorevole Preti perle sue osservazioni in merito alla urgenza di questa legge , la quale e vivamente attesa da tutta la popolazione della provincia di Bolzano Prego quindi vivamente la Camera a nome della maggioranza della Commissione di approvare questo disegno di legge , che risponde auna viva e urgente esigenza della vita democratica della provincia di Bolzano Applausi al centro ea destra ) ."}
{"sentidx":68156,"lemma":"destra","token":"destra","start":177,"end":183,"sent":"Mi sia consentito di dire che basterebbe soltanto la proibizione aj visti dei passaporti per il congresso mondiale dei partigiani della pace di Genova Interruzioni al centro ea destra ) ."}
{"sentidx":406998,"lemma":"destra","token":"destra","start":111,"end":117,"sent":"Sta facendo il processo alla Confederazione generale italiana del lavoro ; bisogna farlo al Governo Una voce a destra ."}
{"sentidx":72757,"lemma":"destra","token":"destra","start":289,"end":295,"sent":"E tutto cio ho detto in pieno spirito di collaborazione alla sua fatica , onorevole ministro , per conferire nell \u2019 ordine massimo alle istituzioni scolastiche il massimo prestigio ela massima efficienza , come noi desideriamo , come certamente vuole il Governo Vivi applausi al centro ea destra - Molte congratulazioni ) ."}
{"sentidx":208337,"lemma":"destra","token":"destra","start":339,"end":345,"sent":"Per questo io credo che la Camera con tranquilla coscienza , possa approvare la proposta Bettiol che non B dettata certo dalla pigrizia , ne intende rinviare lungamente la discussione dei bilanci , ma vuole soltanto porre un margine confidenziale per un piu ordinato svolgimento dei lavori della nostra Assemblea Approvazioni al centro ea destra ) ."}
{"sentidx":222232,"lemma":"destra","token":"destra","start":37,"end":43,"sent":"( Commenti Interruzioni al centro ea destra ) ."}
{"sentidx":89282,"lemma":"destra","token":"destra","start":78,"end":84,"sent":"con il consenso delle riviste costituzionali di Francia Applausi al centro en destra ) ."}
{"sentidx":303023,"lemma":"destra","token":"destra","start":37,"end":43,"sent":"( Commenti Interruzioni al centro ea destra ) ."}
{"sentidx":368658,"lemma":"destra","token":"destra","start":37,"end":43,"sent":"( Applausi a sinistra , al centro ea destra - Congratulazioni Presentazione di disegni di legge ."}
