{"sentidx":331055,"lemma":"opposizione","token":"opposizione","start":0,"end":11,"sent":"opposizione !"}
{"sentidx":223798,"lemma":"opposizione","token":"opposizione","start":21,"end":32,"sent":"Vedremo poise questa opposizione sia effettivamente riuscita ."}
{"sentidx":150009,"lemma":"opposizione","token":"opposizione","start":11,"end":22,"sent":"Non esiste opposizione non"}
{"sentidx":407418,"lemma":"opposizione","token":"opposizione","start":24,"end":35,"sent":"La capitolazione dell \u2019 opposizione ?"}
{"sentidx":260648,"lemma":"opposizione","token":"opposizione","start":10,"end":21,"sent":"Altro che opposizione costruttiva !"}
{"sentidx":147984,"lemma":"opposizione","token":"opposizione","start":32,"end":43,"sent":"Prendetene atto colleghi dell \u2019 opposizione ."}
{"sentidx":27112,"lemma":"opposizione","token":"opposizione","start":30,"end":41,"sent":"la impostazione critica della opposizione ."}
{"sentidx":39090,"lemma":"opposizione","token":"opposizione","start":2,"end":13,"sent":"L opposizione era anche allora differentemente orientata ."}
{"sentidx":126990,"lemma":"opposizione","token":"opposizione","start":46,"end":57,"sent":"puo veramente essere collaborazione anche fra opposizione e maggioranza ."}
{"sentidx":365760,"lemma":"opposizione","token":"opposizione","start":2,"end":13,"sent":"L opposizione restera disarmata ."}
{"sentidx":300389,"lemma":"opposizione","token":"opposizioni","start":22,"end":33,"sent":"L ostruzionismo delle opposizioni , nell \u2019 attuale contingenza si svolge contro provvedimenti estremamente pericolosi per l ordine costituzionale ."}
{"sentidx":368879,"lemma":"opposizione","token":"opposizione","start":100,"end":111,"sent":"maggioranza schiacciante e che avra eliminato praticamente ogni possibile influenza da parte dell \u2019 opposizione ."}
{"sentidx":130211,"lemma":"opposizione","token":"opposizione","start":2,"end":13,"sent":"L opposizione cerca pretesti per sollevare obiezioni piii o meno fondate soltanto in atteggiamenti antigovernativi ."}
{"sentidx":410189,"lemma":"opposizione","token":"opposizione","start":9,"end":20,"sent":"Voi dell opposizione non avete ritenuto sufficienti questi argomenti ."}
{"sentidx":95726,"lemma":"opposizione","token":"opposizione","start":48,"end":59,"sent":"In ordine a taluni interventi di colleghi della opposizione vorrei aggiungere qualche osservazione ."}
{"sentidx":97310,"lemma":"opposizione","token":"opposizione","start":8,"end":19,"sent":"Anche l opposizione sarebbe stata favorevole !"}
{"sentidx":56685,"lemma":"opposizione","token":"opposizione","start":16,"end":27,"sent":"colleghi dell \u2019 opposizione che ."}
{"sentidx":58386,"lemma":"opposizione","token":"opposizione","start":5,"end":16,"sent":"dell opposizione degli agrari !"}
{"sentidx":348869,"lemma":"opposizione","token":"opposizione","start":50,"end":61,"sent":"di ordine procedurale che hanno guidato la nostra opposizione anche sul terreno costituzionale e regolamentare ."}
{"sentidx":270655,"lemma":"opposizione","token":"opposizione","start":10,"end":21,"sent":"La nostra opposizione e naturalmente partita da una impostazione generale ."}
{"sentidx":269569,"lemma":"opposizione","token":"opposizione","start":47,"end":58,"sent":"Altrimenti non capirei tutto questo fervore di opposizione !"}
{"sentidx":77299,"lemma":"opposizione","token":"opposizione","start":31,"end":42,"sent":"Che cosa propone la tesi della opposizione socialcomunista ?"}
{"sentidx":89233,"lemma":"opposizione","token":"opposizione","start":58,"end":69,"sent":"Questo stesso principio hanno riconosciuto gli oratori di opposizione che sono intervenuti ; questo stesso principio ha riconosciuto l onorevole De Martino intervenendo stasera ."}
{"sentidx":168380,"lemma":"opposizione","token":"opposizione","start":2,"end":13,"sent":"L opposizione ha espresso delle preoccupazioni che sono abbastanza gravi ."}
{"sentidx":337535,"lemma":"opposizione","token":"opposizione","start":41,"end":52,"sent":"E fu contrastato dai parlamentari dell \u2019 opposizione ."}
{"sentidx":37212,"lemma":"opposizione","token":"opposizione","start":99,"end":110,"sent":"Onorevole Presidente nel Parlamento italiano i ministri non hanno mai interrotto i discorsi dell \u2019 opposizione ."}
{"sentidx":182221,"lemma":"opposizione","token":"opposizione","start":83,"end":94,"sent":"Noi desideriamo , onorevoli colleghi , ribadire brevemente le ragioni della nostra opposizione alla politica doganale ."}
{"sentidx":324790,"lemma":"opposizione","token":"opposizione","start":25,"end":36,"sent":"loro dichiarata ; aperta opposizione ."}
{"sentidx":188498,"lemma":"opposizione","token":"opposizione","start":2,"end":13,"sent":"L opposizione potra rispondere dopo ."}
{"sentidx":337371,"lemma":"opposizione","token":"opposizione","start":24,"end":35,"sent":"Infatti cosa chiedeva l opposizione ?"}
{"sentidx":170995,"lemma":"opposizione","token":"opposizione","start":38,"end":49,"sent":"Uno dei vostri motivi fondamentali di opposizione alla nostra proposta di emendamento ."}
{"sentidx":119431,"lemma":"opposizione","token":"opposizione","start":131,"end":142,"sent":"Perche sono stati presentati gli emendamenti Marotta Perche nel corso della discussione in seno alla Commissione i deputati dell \u2019 opposizione hanno fatto rilevare che esistevano alcuni casi impossibili di applicazione della legge ."}
{"sentidx":204130,"lemma":"opposizione","token":"opposizione","start":2,"end":13,"sent":"L opposizione esclude questa possibilita ed ha tentato una teorizzazione del proprio assunto ."}
{"sentidx":277951,"lemma":"opposizione","token":"opposizione","start":38,"end":49,"sent":"Purtroppo questo atteggiamento dell \u2019 opposizione non ha trovato la comprensione che avrebbe meritato ; forse B stato interpretato come debolezza ."}
{"sentidx":223797,"lemma":"opposizione","token":"opposizione","start":120,"end":131,"sent":"Abbiamo sentito qui di recente i rappresentanti socialdemocratici vantare come un loro successo nel Governo la riuscita opposizione alla legge sulla milizia civile ."}
{"sentidx":153835,"lemma":"opposizione","token":"opposizione","start":144,"end":155,"sent":"e sulla redistribuzione degli incarichi in seno al Gabinetto a seguito delle dimissioni dei ministri socialdemocratici , aggiungendo che , se l opposizione avesse desiderato di ottenere la prova della esistente e confermata fiducia della Camera avrebbe avuto a propria disposizione gli strumenti costituzionali e regolamentari del nostro vigente ordinamento ."}
{"sentidx":346357,"lemma":"opposizione","token":"opposizione","start":110,"end":121,"sent":"un emendamento un emendamento suggerito dal timore che gli altri - miei emendamenti potessero trovare qualche opposizione ."}
{"sentidx":285484,"lemma":"opposizione","token":"opposizione","start":21,"end":32,"sent":"una manifestazione d opposizione politica poiche i motivi tecnici della proposta sono superati dalla situazione di fatto ."}
{"sentidx":55899,"lemma":"opposizione","token":"opposizione","start":18,"end":29,"sent":"I colleghi dell \u2019 opposizione dovranno obiettivamente darmi , atto ."}
{"sentidx":22324,"lemma":"opposizione","token":"opposizione","start":54,"end":65,"sent":"Annoto il valore positivo di questo contributo dell \u2019 opposizione ."}
{"sentidx":165341,"lemma":"opposizione","token":"opposizione","start":15,"end":26,"sent":"Ripeto era una opposizione alla eventuale richiesta di chiusura ."}
{"sentidx":61452,"lemma":"opposizione","token":"opposizione","start":44,"end":55,"sent":"E questa una posizione di privilegio per la opposizione irresponsabile ."}
{"sentidx":256476,"lemma":"opposizione","token":"opposizione","start":115,"end":126,"sent":"SI deve dunque , riconoscere che validare dopo lit dichiarazione tripartita , rimasta inoperante soprattutto per l opposizione dell \u2019 Unione Sovietica la costituzione ."}
{"sentidx":165176,"lemma":"opposizione","token":"opposizione","start":228,"end":239,"sent":"I C sottoscritto chiede di interpellare il Governo per conoscere quali provvedimenti intende adottare perche le trasmissioni Radio su informazioni politiche siano aliene da parzialita e da reticenze nei confronti dei partiti di opposizione ."}
{"sentidx":144720,"lemma":"opposizione","token":"opposizione","start":117,"end":128,"sent":"credo pero mio dovere dire qualche parola in merito alle numerose osservazioni fatte dagli onorevoli deputati dell \u2019 opposizione ."}
{"sentidx":362794,"lemma":"opposizione","token":"opposizione","start":36,"end":47,"sent":"Dicevo che finche i deputati dell \u2019 opposizione non potranno parlare liberamente a Catania onorevole Marazza in qualche altra provincia ."}
{"sentidx":152873,"lemma":"opposizione","token":"opposizione","start":21,"end":32,"sent":"Se i colleghi dell \u2019 opposizione continueranno a confondere luna ."}
{"sentidx":152815,"lemma":"opposizione","token":"opposizione","start":7,"end":18,"sent":"nostra opposizione di principio sono note ."}
{"sentidx":324213,"lemma":"opposizione","token":"opposizione","start":23,"end":34,"sent":"Nessuna proposta della opposizione e stata accolta o presa in considerazione ."}
{"sentidx":257696,"lemma":"opposizione","token":"opposizione","start":154,"end":165,"sent":"Noi non possiamo concepire che tra i delegati dell \u2019 Italia al massimo consesso europeo manchino i legittimi rappresentanti di coloro che costituiscono l opposizione nazionale ."}
{"sentidx":130447,"lemma":"opposizione","token":"opposizione","start":157,"end":168,"sent":"A maggior ragione debbo insistere perche essendo ora minore il numero dei membri del Comitato minori sono le garanzie di rappresentanza proporzionale dell \u2019 opposizione ."}
{"sentidx":146277,"lemma":"opposizione","token":"opposizione","start":9,"end":20,"sent":"A questa opposizione la folla insistette e manifesto il proposito di continuare nella sua dimostrazione ."}
{"sentidx":404355,"lemma":"opposizione","token":"opposizione","start":78,"end":89,"sent":"Io dicevo rappresentante del gruppo e non rappresentante in senso generico di opposizione ."}
{"sentidx":33123,"lemma":"opposizione","token":"opposizione","start":88,"end":99,"sent":"( Applausi Comunque onorevole Amendola non le nascondo di essere rimasto sorpreso dalla opposizione radicale da lei fatta a questo progetto ."}
{"sentidx":172084,"lemma":"opposizione","token":"opposizione","start":50,"end":61,"sent":"gruppi di maggioranza o appartenenti ai gruppi di opposizione ."}
{"sentidx":247647,"lemma":"opposizione","token":"opposizione","start":74,"end":85,"sent":"Quei milleduecento miliardi ( perche volete stuzzicare un deputato dell \u2019 opposizione per costringere adire cose amare ? )"}
{"sentidx":236850,"lemma":"opposizione","token":"opposizione","start":43,"end":54,"sent":"L onorevole Andreotti non ha fatto nessuna opposizione ."}
{"sentidx":373970,"lemma":"opposizione","token":"opposizione","start":35,"end":46,"sent":"A giustificazione poi della nostra opposizione , ."}
{"sentidx":332539,"lemma":"opposizione","token":"opposizione","start":35,"end":46,"sent":"R invece opportuno osservare che l opposizione non dissente dalla maggioranza per quanto ."}
{"sentidx":324224,"lemma":"opposizione","token":"opposizione","start":195,"end":206,"sent":"Tuttavia onorevole Presidente dichiaro che , se ella vorra , nonostante le nostre dichiarazioni , aderire alla richiesta della maggioranza della Commissione noi non faremo a questa richiesta una opposizione formale ."}
{"sentidx":365762,"lemma":"opposizione","token":"opposizione","start":8,"end":19,"sent":"Vi sara opposizione dentro la coalizione ?"}
{"sentidx":290171,"lemma":"opposizione","token":"opposizione","start":29,"end":40,"sent":"A sostegno della tesi dell \u2019 opposizione sono stati fatti ancora altri rilievi che vorrei qualificare di carattere personale ."}
{"sentidx":319544,"lemma":"opposizione","token":"opposizione","start":215,"end":226,"sent":"Tutti gli altri paesi occidentali non hanno ne corte costituzionale nB referendum ( Interruzione del deputato Faralli e tutti i paesi di democrazia popolare non hanno ne corte costituzionale ne referendum e neppure opposizione parlamentare ."}
{"sentidx":196064,"lemma":"opposizione","token":"opposizione","start":43,"end":54,"sent":"costituito l oggetto delle critiche dell \u2019 opposizione e soprattutto di mettere l accento su alcuni problemi che riguardano gli orientamenti della politica del Governo in questo momento ."}
{"sentidx":362284,"lemma":"opposizione","token":"opposizione","start":79,"end":90,"sent":"Voi passerete oltre Alla nostra opposizione , come passerete oltre alla nostra opposizione al patto atlantico ."}
{"sentidx":362284,"lemma":"opposizione","token":"opposizione","start":32,"end":43,"sent":"Voi passerete oltre Alla nostra opposizione , come passerete oltre alla nostra opposizione al patto atlantico ."}
{"sentidx":219810,"lemma":"opposizione","token":"opposizione","start":75,"end":86,"sent":"Onorevole Rubinacci vorrei fare brevemente la storia di questo dialogo fra opposizione e Governo sul progetto di riforma della previdenza e dell assistenza ."}
{"sentidx":400556,"lemma":"opposizione","token":"opposizione","start":61,"end":72,"sent":"Cosa avvenne qualche giorno dopo , quando un giornale dell \u2019 opposizione riporto il testo della nostra interrogazione ?"}
{"sentidx":295407,"lemma":"opposizione","token":"opposizione","start":31,"end":42,"sent":"Che fate oggi sul piano dell \u2019 opposizione parlamentare ?"}
{"sentidx":388142,"lemma":"opposizione","token":"opposizione","start":65,"end":76,"sent":"Molte volte l opposizione e accusata di fare l opposizione per l opposizione , di respingere qualsiasi Provvedimento indipendentemente dal suo valore intrinseco soltanto per opporsi al Governo e cio per una ragione strettamente politica ."}
{"sentidx":388142,"lemma":"opposizione","token":"opposizione","start":47,"end":58,"sent":"Molte volte l opposizione e accusata di fare l opposizione per l opposizione , di respingere qualsiasi Provvedimento indipendentemente dal suo valore intrinseco soltanto per opporsi al Governo e cio per una ragione strettamente politica ."}
{"sentidx":388142,"lemma":"opposizione","token":"opposizione","start":14,"end":25,"sent":"Molte volte l opposizione e accusata di fare l opposizione per l opposizione , di respingere qualsiasi Provvedimento indipendentemente dal suo valore intrinseco soltanto per opporsi al Governo e cio per una ragione strettamente politica ."}
{"sentidx":56846,"lemma":"opposizione","token":"opposizione","start":2,"end":13,"sent":"L opposizione , evidentemente , vuole approfittare dell \u2019 assenza di molti deputati per fare approvare la proposta Lombardi Interruzioni all estrema sinistra ) ."}
{"sentidx":354408,"lemma":"opposizione","token":"opposizione","start":118,"end":129,"sent":"preferire al passato sistema quello \u2018 di un governo responsabile davanti ad un libero Parlamento e controllato da una opposizione ."}
{"sentidx":33344,"lemma":"opposizione","token":"opposizione","start":67,"end":78,"sent":"( Solidarieta ed assistenza ) erano state invocate da parte dell \u2019 opposizione ."}
{"sentidx":339805,"lemma":"opposizione","token":"opposizione","start":30,"end":41,"sent":"Non sembra ai colleghi dell \u2019 opposizione che ci sia ancora qualche differenza , proprio nei riguardi della fedelta ai canoni garantistici tra il sistema proposto e il sistema veramente maggioritario del collegio uninominale ?"}
{"sentidx":403066,"lemma":"opposizione","token":"opposizioni","start":88,"end":99,"sent":"vantaggio , specialmente nei riguardi della situazione interna , perche certo le sodali opposizioni non si sarebbero avute !"}
{"sentidx":300560,"lemma":"opposizione","token":"opposizione","start":168,"end":179,"sent":"Questo sistema rientra in fondo , nella tradizione del giacobinismo politico dei paesi mediterranei Tn Inghilterra quando il governo prende qualche atteggiamento che l opposizione non condivide , questa dice che il governo lia sbagliato ."}
{"sentidx":359083,"lemma":"opposizione","token":"opposizione","start":123,"end":134,"sent":"Soltanto poche parole , onorevoli colleghi , poiche nulla ho da aggiungere alle argomentazioni portate dai colleghi dell \u2019 opposizione nel corso di questo dibattito ."}
{"sentidx":332201,"lemma":"opposizione","token":"opposizione","start":44,"end":55,"sent":"La documentazione che tutti i colleghi deli opposizione hanno portato nei loro interventi in questo dibattito sul !"}
{"sentidx":176148,"lemma":"opposizione","token":"opposizione","start":35,"end":46,"sent":"Quali sono le ragioni della nostra opposizione sul primo argomento ?"}
{"sentidx":365545,"lemma":"opposizione","token":"opposizione","start":96,"end":107,"sent":"Ora quale era il presupposto politico in questa discussione , attraverso la vostra battaglia di opposizione ?"}
{"sentidx":8930,"lemma":"opposizione","token":"opposizione","start":3,"end":14,"sent":"La opposizione e stata assolutamente muta a questo riguardo ."}
{"sentidx":197557,"lemma":"opposizione","token":"opposizione","start":50,"end":61,"sent":"Pero noi rivendichiamo ( salutare funzione dell \u2019 opposizione ! )"}
{"sentidx":236924,"lemma":"opposizione","token":"opposizione","start":94,"end":105,"sent":"fani enei confronti dei comuni democratici , questa nostra perplessita si trasforma in rigida opposizione al disegno di legge in discussione ."}
{"sentidx":246908,"lemma":"opposizione","token":"opposizione","start":30,"end":41,"sent":"Cosa dicono i colleghi dell \u2019 opposizione ?"}
{"sentidx":365338,"lemma":"opposizione","token":"opposizione","start":70,"end":81,"sent":"richiesta alla Presidenza ed estrano che la faccia un deputato dell \u2019 opposizione , affinche si ponga in discussione la legge Tupini sull incremento delle costruzioni edilizie ."}
{"sentidx":160671,"lemma":"opposizione","token":"opposizione","start":481,"end":492,"sent":"gli investimenti industriali nel nostro paese , per effetto della risultante combinata della politica monetaria e fiscale e degli orientamenti politici generali del nostro Governo Per taluni aspetti indubbiamente essenziali , il panorama della situazione economica del nostrane paese , visto dalle finestre del bilancio pubblico , appare assai incoraggiante , a avviso mio certo molto piu incoraggiante di quanto non siano disposti ad ammettere , naturalmente , gli oratori dell ' opposizione ."}
{"sentidx":162888,"lemma":"opposizione","token":"opposizione","start":230,"end":241,"sent":"Occorre tener presente questa realt & nella discussione che noi oggi facciamo , per portare alcune parziali modifiche al testo unico delle leggi di pubblica sicurezza , parziali modifiche che indubbiamente non possono sodisfare l opposizione ."}
{"sentidx":336702,"lemma":"opposizione","token":"opposizione","start":71,"end":82,"sent":"Questo nostro atteggiamento e stato da voi , onorevoli colleghi dell \u2019 opposizione , apprezzato : gli onorevoli Pietro Amendola e Polano hanno dichiarato nel loro intervento che lo avrebbero sottoscritto ."}
{"sentidx":356040,"lemma":"opposizione","token":"opposizione","start":242,"end":253,"sent":"Signor Presidente il gruppo comunista si associa al cordoglio del Parlamento perla scomparsa del senatore Roberto Bencivenga del generale Bencivenga come egli preferiva si dicesse , egli che era stato soldato e combattente , in guerra e nell opposizione antifascista ."}
{"sentidx":411874,"lemma":"opposizione","token":"opposizione","start":41,"end":52,"sent":"Signor Presid ente il ministro insulta l opposizione ."}
{"sentidx":74340,"lemma":"opposizione","token":"opposizioni","start":14,"end":25,"sent":"Percio queste opposizioni mancano di quella linearita , di quella energia profonda e di quella decisione necessarie per respingere il piano ."}
{"sentidx":164842,"lemma":"opposizione","token":"opposizione","start":42,"end":53,"sent":"Lasciamo stare che nessun discorso dell \u2019 opposizione e stato citato , per cui questo resoconto parlamentare e veramente uno strano resoconto ."}
{"sentidx":411375,"lemma":"opposizione","token":"opposizione","start":109,"end":120,"sent":"Questa e adunque la differenza sostanziale che corre fra un deputato della maggioranza ed un deputato dell \u2019 opposizione ."}
{"sentidx":336261,"lemma":"opposizione","token":"opposizioni","start":70,"end":81,"sent":"E bene per voi onorevoli colleghi della democrazia cristiana , che le opposizioni nazionali siano divise e contrastanti !"}
{"sentidx":222056,"lemma":"opposizione","token":"opposizioni","start":9,"end":20,"sent":"Le prime opposizioni furono dure ."}
{"sentidx":78085,"lemma":"opposizione","token":"opposizione","start":133,"end":144,"sent":"Purtroppo dobbiamo constatare che tutti i governi succeduti fin qui compresi quelli cui hanno partecipato i partiti attualmente alla opposizione , hanno mantenuto in piedi tutto l apparato statale e sociale che serviva la tirannide ."}
{"sentidx":38982,"lemma":"opposizione","token":"opposizione","start":36,"end":47,"sent":"Dato pero che come esponente dell \u2019 opposizione , sono particolarmente tenuto a richiedere il piu scrupoloso rispetto del regolamento e ad esigere anche dalla maggioranza questo scrupoloso rispetto , la prego di voler consultare l Assemblea su questa questione ."}
{"sentidx":259611,"lemma":"opposizione","token":"opposizione","start":29,"end":40,"sent":"Non basta l atteggiamento di opposizione : noi dobbiamo agire attraverso l iniziativa parlamentare , come facciamo e come continueremo a fare perche una buona volta sia cancellata dalla societa italiana questa vergogna !"}
