{"sentidx":383360,"lemma":"sequestro","token":"sequestro","start":0,"end":9,"sent":"sequestro degli stampati"}
{"sentidx":201498,"lemma":"sequestro","token":"sequestro","start":5,"end":14,"sent":"( Al sequestro conservativo ."}
{"sentidx":276820,"lemma":"sequestro","token":"sequestro","start":115,"end":124,"sent":"L ordine del giorno Saggin chiede la predisposizione di misure idonee ad assicurare la tempestiva applicazione del sequestro alle pubblicazioni contrarie al buon costume ."}
{"sentidx":284749,"lemma":"sequestro","token":"sequestro","start":153,"end":162,"sent":"nell \u2019 articolo precedente , promovendo azione penale contro i trasgressori e adottando immediatamente a loro carico i provvedimenti di sospensione e di sequestro ."}
{"sentidx":160900,"lemma":"sequestro","token":"sequestro","start":33,"end":42,"sent":"Certe pene sono accompagnate dal sequestro di questo libretto ."}
{"sentidx":83239,"lemma":"sequestro","token":"sequestro","start":31,"end":40,"sent":"11 ratto piii grave e stato il sequestro di tutti i dirigenti tecnici e amministrativi di circa trenta complessi aziendali operato dalle commissioni interne ."}
{"sentidx":262868,"lemma":"sequestro","token":"sequestro","start":132,"end":141,"sent":"Quindi la Commissione nella sua maggioranza , respinge l emendamento Martuscelli L emendamento Palazzolo e Perrone Capano limita al sequestro la sanzione in ordine ad una stampa disadatta ."}
{"sentidx":122277,"lemma":"sequestro","token":"sequestro","start":142,"end":151,"sent":"Perquisizioni operate nelle abitazioni di due dimostranti , e precisamente di tali Ivano Sgarbi ed Enzo Soprani portarono alla scoperta ed al sequestro di numerose armi da fuoco e munizioni , della cui significativa detenzione essi dovranno , ulteriormente rispondere ."}
{"sentidx":170128,"lemma":"sequestro","token":"Sequestro","start":43,"end":52,"sent":"L oratore si e poi dichiarato contrario al Sequestro preventivo , esponendo i criteri che dovrebbero regolare un tale procedimento ."}
{"sentidx":243630,"lemma":"sequestro","token":"sequestro","start":140,"end":149,"sent":"In altri casi interverremo attraverso il sequestro preventivo del magistrato , ed in altri , come la Costituzione prescrive , attraverso il sequestro preventivo ad opera della polizia - giudiziaria ."}
{"sentidx":243630,"lemma":"sequestro","token":"sequestro","start":41,"end":50,"sent":"In altri casi interverremo attraverso il sequestro preventivo del magistrato , ed in altri , come la Costituzione prescrive , attraverso il sequestro preventivo ad opera della polizia - giudiziaria ."}
{"sentidx":382662,"lemma":"sequestro","token":"sequestro","start":11,"end":20,"sent":"legge : il sequestro preventivo ."}
{"sentidx":243660,"lemma":"sequestro","token":"sequestro","start":84,"end":93,"sent":"Ed un altra obiezione si potrebbe fare : perche non fate ricorso allo strumento del sequestro preventivo ?"}
{"sentidx":316560,"lemma":"sequestro","token":"sequestro","start":44,"end":53,"sent":"E se recentemente vi e stato un episodio di sequestro di un motopeschereccio , esso e dovuto al fatto che il motopeschereccio non era in possesso della licenza del Governo it aliano e tanto meno della legittimazione del governo iugoslavo , Debbo infine , dichiarare che , in recenti contatti avuti con il nostro Ministero i rappresentanti della legazione iugoslava hanno ripetuto di essere disposti a rivedere le basi dell \u2019 accordo ."}
{"sentidx":3257,"lemma":"sequestro","token":"sequestri","start":54,"end":63,"sent":"Non visi possono eseguire ispezioni o perquisizioni o sequestri se non nei casi e modi stabiliti dalla , legge secondo le garanzie prescritte per la tutela della liberta personale D Ora che capita ?"}
{"sentidx":416538,"lemma":"sequestro","token":"sequestri","start":66,"end":75,"sent":"Nuovi ratti nuova carta bollata , nuovi cavilli giuridici , nuovi sequestri ea ."}
{"sentidx":165148,"lemma":"sequestro","token":"sequestri","start":183,"end":192,"sent":"D I sottoscritti chiedono di interrogare i Ministri dell interno e di grazia e giustizia , per conoscere quali provvedimenti siano dati presi a carico dei responsabili dei numerosi ( sequestri di persone ) , compiuti , a Torino in occasione del recente sciopero generale ."}
{"sentidx":382683,"lemma":"sequestro","token":"sequestro","start":206,"end":215,"sent":"Questa richiesta nasce dalla realta : Quando passiamo , ripeto , alla realta delle cose , notiamo che per quattro settimane consecutive vi fu un sequestro , a Venezia della rivista settimanale Otto Pero il sequestro avvenne sempre a vendita ."}
{"sentidx":382683,"lemma":"sequestro","token":"sequestro","start":145,"end":154,"sent":"Questa richiesta nasce dalla realta : Quando passiamo , ripeto , alla realta delle cose , notiamo che per quattro settimane consecutive vi fu un sequestro , a Venezia della rivista settimanale Otto Pero il sequestro avvenne sempre a vendita ."}
{"sentidx":72398,"lemma":"sequestro","token":"sequestro","start":141,"end":150,"sent":"affermazione del lavoro agricolo , autentica vittoria del proletariato dei campi , i locali feudatari hanno scatenato l altra offensiva : il sequestro giudiziario reso , a tempo di record , esecutivo , ed ."}
{"sentidx":382677,"lemma":"sequestro","token":"sequestro","start":197,"end":206,"sent":"Yoi colleghi giornalisti faceste una campagna anche contro il sequestro preventivo ( io ho dei carissimi colleghi coi quali mi sono trovato a combattere , in congressi , ai ferri corLi ebbene , il sequestro preventivo che a voi sembrava una grave manomissione della liberta , ecc ."}
{"sentidx":382677,"lemma":"sequestro","token":"sequestro","start":62,"end":71,"sent":"Yoi colleghi giornalisti faceste una campagna anche contro il sequestro preventivo ( io ho dei carissimi colleghi coi quali mi sono trovato a combattere , in congressi , ai ferri corLi ebbene , il sequestro preventivo che a voi sembrava una grave manomissione della liberta , ecc ."}
{"sentidx":99520,"lemma":"sequestro","token":"sequestro","start":81,"end":90,"sent":"venne proceduto all \u2019 arresto di Bruno Gorreri colpito da mandato di cattura per sequestro di persona e per omicidio aggravato ; sa anche che sempre in quella occasione furono scoperte e sequestrate molte armi e molte munizioni illegalmente conservate ; vennero scoperti e sequestrati quintali di tabacco di contrabbando ; per contrabbando e per detenzione di armi vennero arrestate e denunciate parecchie persone ."}
{"sentidx":243679,"lemma":"sequestro","token":"sequestro","start":31,"end":40,"sent":"Dopo aver detto infatti che al sequestro si puo giungere in determinate condizioni , ad opera ."}
{"sentidx":318150,"lemma":"sequestro","token":"sequestri","start":2,"end":11,"sent":"I sequestri furono tre ."}
{"sentidx":184451,"lemma":"sequestro","token":"sequestro","start":114,"end":123,"sent":"concessionari osi intende fai : e perche , a ben cinque anni dalla fine della guerra , anche il Belgio liberi dal sequestro i beni dei cittadini italiani , siano essi siti nel territorio metropolitano che in quello dei possedimenti ."}
{"sentidx":25792,"lemma":"sequestro","token":"sequestri","start":499,"end":508,"sent":"La Camera considerato l intollerabile stato di incertezza giuridica e di disagio per i pescatori dell \u2019 Adriatico abbandonati ad ogni sopruso delle autorita jugoslave , impegna il Governo a tutelare efficacemente gli interessi - che sono interessi dell \u2019 economia nazionale - per la rapida conclusione di Un accordo per la pesca , che tenga conto delle loro esigenze di vita e di lavoro e che elimini , con opportune clausole di accertamento e di controllo bilaterale , il pregiudizio gravissimo di sequestri e di spoliazioni"}
{"sentidx":232872,"lemma":"sequestro","token":"sequestri","start":168,"end":177,"sent":"Abbiamo percio , in provincia di Catania questa situazione : enti e proprietari che non applicano le leggi ; magistratura che appoggia apertamente gli agrari facendo \u2018 sequestri conservativi ( naturalmente parlo , di una parte della magistratura , perche evidentemente non tutti i magistrati si comportano cosi ) ; prefetto che appoggia gli agrari , ela democrazia cristiana che ne difende gli interessi apertamente ."}
{"sentidx":232852,"lemma":"sequestro","token":"sequestro","start":20,"end":29,"sent":"Posso ricordarli il sequestro conservativo a favore del principe Gravina ordinato dal presiedente del tribunale di Caltagirone quelli a favore dei fratelli La Rosa e del principe Grimaldi e quello a favore dei fratelli Moschitto gabe loti mafiosi ) della zona di Caltagirone Ecco alcuni casi , che incoraggiavano tut ti i proprietari a non effettuare la ripartizione dei prodotti , come previsto della legge ."}
{"sentidx":126594,"lemma":"sequestro","token":"sequestro","start":21,"end":30,"sent":"processo confermi il sequestro di persona , che su denunzia , ha indotto l Autorita a intervenire ."}
{"sentidx":170164,"lemma":"sequestro","token":"sequestro","start":37,"end":46,"sent":"Comunque a me sembra che il semplice sequestro della rivista o del giornale sia una pena di lieve portata ."}
{"sentidx":6391,"lemma":"sequestro","token":"sequestro","start":35,"end":44,"sent":"Sussistendo pertanto , il reato di sequestro di persona , la polizia procedette ad irruzione nei locali della camera del lavoro e nonostante la flagranza del reato stesso , venne allora chiesta ed ottenuta l autorizzazione della procura della Repubblica Dagli interrogatori fatti e dalle relative indagini esperite , la sussistenza del reato fu poi confermata , e si procedette , percio , alla denuncia dei responsabili , in istato di arresto ."}
{"sentidx":277395,"lemma":"sequestro","token":"sequestro","start":16,"end":25,"sent":"H a risposto al sequestro della sua persona !"}
{"sentidx":308644,"lemma":"sequestro","token":"sequestri","start":110,"end":119,"sent":"Che visi debba , altresi , sopperire in modo preordinato e consumativo mediante misure legislative , poiche i sequestri costituiscono ormai un vero e proprio disastro ricorrente per intere popolazioni di lavoratori del mare e di piccoli industriali della pesca ."}
{"sentidx":348501,"lemma":"sequestro","token":"sequestro","start":39,"end":48,"sent":"Lo so A un altro giornale ; ma , se il sequestro della testata fosse avvenuto vi sarebbe stata quella connessione che avrebbe permesso al presidente del tribunale di Roma di prendere misure simili a quelle prese a Milano mentre si e dovuto aspettare fino al 17 gennaio , a pubblicazione avvenuta , perche lo stesso tribunale potesse condannare il giornale in quanto fascista e contrario alle disposizioni della Costituzione Ora mi domando se , di fronte alla situazione nella quale ci troviamo oggi , sia ancora possibile permettere queste forme di neofascismo ."}
{"sentidx":235003,"lemma":"sequestro","token":"sequestro","start":9,"end":18,"sent":"L agente sequestro il libretto , ma , anziche fermare la signorina , fermo il Ditto conducendo in questura ."}
{"sentidx":376008,"lemma":"sequestro","token":"sequestro","start":225,"end":234,"sent":"La disposizione di legge \u2019 in esame e stata dettata da motivi di equita , per fare in modo che i sudditi delle Nazioni Unite che non hanno potuto essere vigilanti , che avevano dei patrimoni che potevano essere assisti ati a sequestro ed confisca , anche costoro , cioP coloro che si trovano in condizione di minore innocenza possano usufruire della nuova disposizione ed ottenere la retrocessione dei beni intestati a terze persone con esenzione dagli oneri fiscali ."}
{"sentidx":375703,"lemma":"sequestro","token":"sequestri","start":105,"end":114,"sent":"Le taglie acui questi grossi proprietari di campagna , i piu pacifici , sono sottoposti , i rapimenti ei sequestri di persone non si contano piu ."}
{"sentidx":346090,"lemma":"sequestro","token":"sequestri","start":46,"end":55,"sent":"Voi non avete applicato la legge penale per i sequestri di persone alla Fiat Ben fatto ."}
{"sentidx":382680,"lemma":"sequestro","token":"sequestri","start":373,"end":382,"sent":"Io ho qui numerosi documenti che provengono da vari centri , da citta , da comitati della moralita ; ne ho uno anche del Fronte della famiglia , organismo nazionale : perche non solamente le istituzioni democratiche di un settore , ma le istituzioni democratiche di tutti gli altri settori hanno votato ordini del giorno che dichiarano l insufficienza inoperante di questi sequestri ."}
{"sentidx":382679,"lemma":"sequestro","token":"sequestro","start":9,"end":18,"sent":", questo sequestro preventivo oggi ci : invocato : ma esso non e operante ."}
{"sentidx":164899,"lemma":"sequestro","token":"sequestro","start":323,"end":332,"sent":"MONTERISl Non mi fa meraviglia , onorevole Presidente e onorevoli colleghi , CI i vedere diminuiti dall \u2019 onorevole collega che mi ha preceduto gli incidenti di Barletta Quando rientrano in affari di ordinaria amministrazione gli assalti alle centrali elettriche , quando rientrano in anari di ordinaria amministrazione il sequestro delle persone private e della forza pubblica , quando rientrano in affari di ordinaria amministrazione i I tentativo di interrompere i cavi telefonici , quando si arriva a far saltare i binari ferroviari come affari di ordinaria amministrazione , non mi meraviglia che i fatti di Barletta siano giudicati di poco conto ."}
{"sentidx":407994,"lemma":"sequestro","token":"sequestri","start":156,"end":165,"sent":"Ma che cosa 6 stato fatto per sanare alla radice questa situazione che data zanni Perche sono anni che gli jugoslavi , con tutta una serie di violenze e di sequestri di cose e persone , impediscono praticamente ai nostri pescatori di lavorare nell \u2019 Adriatico particolarmente centrale e settentrionale !"}
{"sentidx":308633,"lemma":"sequestro","token":"sequestri","start":249,"end":258,"sent":"Non sie ancora spenta l eco della risposta che l altro giorno mi ha dato l onorevole Brusasca risposta insoddisfacente per me ma impegnativa per il Governo che debbo nuovamente intrattenere la Camera sull argomento delle tristissime conseguenze dei sequestri dei motopescherecci da parte delle autorita marittime jugoslave ."}
{"sentidx":408977,"lemma":"sequestro","token":"sequestro","start":129,"end":138,"sent":"Gli affittuari sono disperati , perche costretti a pagare l affitto intero , ea pagarlo entro i termini : in caso contrario e il sequestro , e In sfratto sicuro ."}
{"sentidx":295025,"lemma":"sequestro","token":"sequestri","start":351,"end":360,"sent":"ia costiera jugoslava che , dopo aver fermato un motopeschereccio 0 chioggiotto navigante molto al di fuori delle acque territoriali jugoslave , assassinava il proprietario che si era rifiutato di cedere alle ingiustificate richieste di documenti ; nonche quale decisione abbia intenzione di assumere riguardo al susseguirsi intollerabile di continui sequestri di persone e di mezzi di pesca naviganti in zone non comprese nelle acque territoriali da parte delle autorita jugoslave ."}
{"sentidx":90918,"lemma":"sequestro","token":"sequestri","start":66,"end":75,"sent":"Si rende necessaria la tutela permanente dei nostri pescatori : i sequestri non sono avvenuti quando i nostri motopescherecci erano scortati da vedette armate ."}
{"sentidx":284701,"lemma":"sequestro","token":"sequestro","start":207,"end":216,"sent":"ricorda la discussione svolta alla CostitUente sull ultimo comma di detto articolo per trarne conforto alla sua tesi , perche la dove si parla di ( provvedimenti adeguati a prevenire ) si intende parlare di sequestro preven !"}
{"sentidx":326851,"lemma":"sequestro","token":"sequestri","start":158,"end":167,"sent":"E chiaro che se l accordo non e stato applicato , e se il canone non e stato pagato , significa che sono mancate quelle premesse indispensabili per evitare i sequestri dei nostri pescherecci ; ed ecco le confische , ed ecco le multe , di cui si doleva ieri sera l onorevole Capalozza ecco tutti quei provvedimenti che hanno costituito e costituiscono per il ceto armatoriale un onere infinitamente superiore a quello che sarebbe stato se gli armatori e le organizzazioni dei pescatori avessero pagato quel canone ."}
{"sentidx":262872,"lemma":"sequestro","token":"sequestro","start":97,"end":106,"sent":"Infatti la proposta tende praticamente B sostituire al sistema dell \u2019 cicatrizzazione quello del sequestro preventivo degli stampati , che ci appare inidoneo al pieno conseguimento dei fini perseguiti dalla proposta di legge , specie se si consideri che la consegna delle copie d obbligo al comitato dovrebbe avvenire non prima , ma al momento ."}
{"sentidx":24302,"lemma":"sequestro","token":"sequestri","start":86,"end":95,"sent":"si sono rifiutati di corrispondere questi canoni maggiorati , cio che ha dato luogo a sequestri analoghi a quelli che si fanno in conseguenza del mancato pagamento delle imposte ."}
{"sentidx":309104,"lemma":"sequestro","token":"sequestro","start":78,"end":87,"sent":"NB mi direte che si potra ricorrere ai sistemi cautelativi della legge con il sequestro delle indennita odi parte di esse : e certo che , data la fretta con cui la legge sara posta in atto , non si fara in \u2019 tempo a portare in altra sede il nocciolo di questo problema ."}
{"sentidx":316324,"lemma":"sequestro","token":"sequestri","start":1155,"end":1164,"sent":"Non e vero onorevoli colleghi ; perche proprio nel mio intervento in sede di bilancio del Ministero della marina mercantile , ho avuto occasione di ricordare che fin dal 1947 le associazioni della pesca , nei due congressi di Venezia e di Chioggia fecero insistenze affinche il problema della pesca nell \u2019 Adriatico fosse affrontato decisamente , e si dichiararono fin da allora ( non conoscendo forse la importanza finanziaria del provvedimento che invocavano ) disposte a pagare il prezzo che fosse stato ritenuto giusto ed equo quale corrispettivo del diritto di pesca nell \u2019 adriatico fi chiaro che se cio B avvenuto nel 2947 se sono state le stesse categorie interessate , se sono stati gli stessi pescatori , attraverso i loro congressi , a farsi che il senatore Bastianetto appunto relatore in quel congresso , non potesse sottrarsi alle loro insistenti richieste perche andasse in Jugoslavia a stringere questi accordi , e chiaro , ripeto , che non 6 possibile attribuire all \u2019 accordo il significato di un beneplacito oche l Italia viene a dare per il pronunciamento cominformista di Belgrado Tuttavia malgrado questi accordi , sono continuati i sequestri , e ogni tanto , leggiamo sui giornali che pescherecci e motopescherecci vengono sequestrati e molte volte non rilasciati , con il conseguente sequestro delle reti da pesca e degli attrezzi da pesca e multe considerevoli ."}
{"sentidx":316324,"lemma":"sequestro","token":"sequestro","start":1308,"end":1317,"sent":"Non e vero onorevoli colleghi ; perche proprio nel mio intervento in sede di bilancio del Ministero della marina mercantile , ho avuto occasione di ricordare che fin dal 1947 le associazioni della pesca , nei due congressi di Venezia e di Chioggia fecero insistenze affinche il problema della pesca nell \u2019 Adriatico fosse affrontato decisamente , e si dichiararono fin da allora ( non conoscendo forse la importanza finanziaria del provvedimento che invocavano ) disposte a pagare il prezzo che fosse stato ritenuto giusto ed equo quale corrispettivo del diritto di pesca nell \u2019 adriatico fi chiaro che se cio B avvenuto nel 2947 se sono state le stesse categorie interessate , se sono stati gli stessi pescatori , attraverso i loro congressi , a farsi che il senatore Bastianetto appunto relatore in quel congresso , non potesse sottrarsi alle loro insistenti richieste perche andasse in Jugoslavia a stringere questi accordi , e chiaro , ripeto , che non 6 possibile attribuire all \u2019 accordo il significato di un beneplacito oche l Italia viene a dare per il pronunciamento cominformista di Belgrado Tuttavia malgrado questi accordi , sono continuati i sequestri , e ogni tanto , leggiamo sui giornali che pescherecci e motopescherecci vengono sequestrati e molte volte non rilasciati , con il conseguente sequestro delle reti da pesca e degli attrezzi da pesca e multe considerevoli ."}
{"sentidx":272601,"lemma":"sequestro","token":"sequestro","start":88,"end":97,"sent":"e prudenti ; quindi la Costituente esclude i 2 rinvio alla legge per quanto concerne il sequestro della stampa , mentre lo ammette per quanto riguarda i mezzi di finanziamento della stampa periodica , che e un argomento estraneo a quello in discussione ."}
{"sentidx":72407,"lemma":"sequestro","token":"sequestro","start":100,"end":109,"sent":"A Carlentini i lavoratori del feudo Cuppodia hanno sollevato legale opposizione alla esecuzione del sequestro ."}
{"sentidx":83565,"lemma":"sequestro","token":"sequestro","start":84,"end":93,"sent":"Attendo percio di conoscere se anche in questo caso si fara valere quel decreto sul sequestro delle armi di cui il Governo ha chiesto con tanta urgenza la proroga e di cui sta attuando con tanta rigorosita in tutto il Paese l applicazione ."}
{"sentidx":243670,"lemma":"sequestro","token":"sequestro","start":79,"end":88,"sent":"Piu avanti si permette che uficiali di polizia giudiziaria possano procedere a sequestro in caso di necessita e di urgenza , salvo taluni accorgimenti ."}
{"sentidx":325927,"lemma":"sequestro","token":"sequestro","start":326,"end":335,"sent":"D sottoscritto chiede di interpellare il Presidente del Consiglio dei Ministri Ministro ad inter im dell Africa italiana e i1 Ministro degli affari , esteri , per conossere quali passi abbia compiuto o intenda compiere per tutelare ei diritti egli interessi degli italiani della Cirenaica i cui beni sono ancora soit oblati a sequestro ed ai quali ."}
{"sentidx":316316,"lemma":"sequestro","token":"sequestri","start":49,"end":58,"sent":"Conseguenza di questo stato di cose sono stati i sequestri , noti a tutti voi , ."}
{"sentidx":232877,"lemma":"sequestro","token":"sequestri","start":104,"end":113,"sent":"Esiste un movimento unitario dei contadini che avanza e imporra l applicazione di questuanti none con j sequestri conservativi , con le manganellate o con gli arresti che fermerete questo movimento ; anzi , dal vostro atteggiamento , i lavoratori sono indotti a rafforzare , sviluppare e intensificare il loro movimento ."}
{"sentidx":172497,"lemma":"sequestro","token":"sequestro","start":571,"end":580,"sent":"11 192 BuRATO n I sottoscritti chiedono di interrogarle il ministro dell \u2019 interno , per conoscere , anche in relazione alle assicurazioni fornite dal Sottosegretario onofievole Bubbio nel corso della seduta notturna della Camera del 23 marzo 1953 se abbia aperto un \u2019 inchiesta a proposito dell \u2019 abuso di potere cui ha dato luogo il reggente la questura di Ragusa dottor Saggese sequestrando un foglio mura regolarmente autorizzato dal procuratore della Repubblica presso il tribunale di Ragusa Per conoscere se il Ministro ritenga seria e legittima la motivazione del sequestro , fondata sul affatto che un periodo del foglio accennato , periodo la cui pubblicazione non fu autorizzata dalla autorita giudiziaria , venne ricoperto con una striscia di carta , la cui presenza non era prevista dal provedimento di autorizzazione ."}
{"sentidx":276703,"lemma":"sequestro","token":"sequestro","start":811,"end":820,"sent":"industrie conserviera e canapiera della provincia di Salerno L interrogante fa presente , difatti , che molte aziende hanno gia sospeso la propria attivita , che altre la hanno ' di gran lunga ridotta ' e che anche per l avvenire , in aggiunta alle molte migliaia di operai e operaie ' gia licenziati , si prevede che ' ancora numerose maestranze debbano essere gettate sul lastrico , facendo cosi , in definitiva , la classe lavoratrice le maggiori spese della crisi in atto , che P imputabile soprattutto a determinati criteri della politica economica del Governo AMENDOLA PIETRO I1 sottoscritto chiede d interrogare il Ministro degli affari esteri , per conoscere se sia compatibile con i recenti accordi italo - francesi , e se in conseguenza rientri nello , spirito della rinnovata amicizia , l arbitrario sequestro ."}
{"sentidx":386270,"lemma":"sequestro","token":"sequestro","start":147,"end":156,"sent":"L articolo 21 della Costituzione pone un limite alla liberta di stampa , in quanto consente , se non quella censura preventiva che voi volete , il sequestro motivato in caso di delitti previsti e indicati espressamente da una legge sulla stampa ."}
{"sentidx":243680,"lemma":"sequestro","token":"sequestro","start":216,"end":225,"sent":"di determinati soggetti ( magistratura o polizia giudiziaria in caso di urgenza ) , p6r quei delitti per i quali la legge sulla stampa niella il provvedimento ( e potendo , certo , la legge sulla stampa prevedere il sequestro proprio per i reati contro il buon costume ) , non puo il legislatore parlare a titolo di ripetizione nell \u2019 ultimo comma dell \u2019 articolo di misure preventive che siano da identificare puramente e semplicemente con quel sequestro preventivo che e gia ed esaurientemente disciplinato nei commi precedenti ."}
{"sentidx":243680,"lemma":"sequestro","token":"sequestro","start":446,"end":455,"sent":"di determinati soggetti ( magistratura o polizia giudiziaria in caso di urgenza ) , p6r quei delitti per i quali la legge sulla stampa niella il provvedimento ( e potendo , certo , la legge sulla stampa prevedere il sequestro proprio per i reati contro il buon costume ) , non puo il legislatore parlare a titolo di ripetizione nell \u2019 ultimo comma dell \u2019 articolo di misure preventive che siano da identificare puramente e semplicemente con quel sequestro preventivo che e gia ed esaurientemente disciplinato nei commi precedenti ."}
{"sentidx":39187,"lemma":"sequestro","token":"sequestro","start":52,"end":61,"sent":"Inoltre ci e stato inferto u11 colpo gravissimo col sequestro di quei beni di quegli optanti che sono stati esclusi dal riacquisto della cittadinanza italiana ."}
{"sentidx":121278,"lemma":"sequestro","token":"sequestro","start":630,"end":639,"sent":"Questo e un rimedio di estrema semplicita , perche trattandosi di reati perseguibili di ufficio , senza bisogno cioe di alcuna querela di parte , cosi Come io da cittadino qualsiasi , posso denunciare al procuratore della Repubblica che in un determinato giornale , pubblicazione a stampa o albo vi sono dei disegni offensivi per la pubblica morale e simili , a maggior ragione potra farlo , all \u2019 ombra di quel ministero che fu gia della cultura popolare , un funzionario ( o due funzionari o una commissione ) appositamente adibito a segnalazioni di questo genere ; e sudi esse i magistrati provvederanno per quanto riguarda il sequestro ai sensi della Costituzione e per quanto riguarda il procedimento ai sensi dell \u2019 articolo 14 della legge sulla stampa , in relazione all \u2019 articolo 528 del codice penale ."}
{"sentidx":2626,"lemma":"sequestro","token":"sequestro","start":141,"end":150,"sent":"Anche ora dopo lo scandalo , l amministrazione ha compiuto tutto il suo dovere , mandando immediatamente un ispettore centrale a porre sotto sequestro tutti gli atti scolastici del ( Toniolo I L interrogante potra essere sicuro che i responsabili - tutti i responsabili - che emergeranno dall \u2019 inchiesta in ."}
{"sentidx":392592,"lemma":"sequestro","token":"sequestri","start":75,"end":84,"sent":"Essi suonano inoltre quasi sanatoria delle confische , nazionalizzazioni e sequestri operati illegalmente dalla Jugoslavia dietro i quali celano tanti insabbiamenti dietro i quali si celano tante torture ."}
{"sentidx":130681,"lemma":"sequestro","token":"sequestro","start":252,"end":261,"sent":"( 2051 SAMMARTINO n I1 sottoscritto chiMe d interrogare il Ministro dell interno , per sapere se egli sia a conoscenza della grave violazione della liberta di stampa commessa nella notte sul 16 gennaio 1951 dai funzionari della questura di Roma con il sequestro del giornale murale della Camera del lavoro , periodico fatture registrato presso la Procura della Repubblica e quali misure egli intenda prendere per ristabilire immediatamente il pieno esercizio della liberta di stampa ."}
{"sentidx":243662,"lemma":"sequestro","token":"sequestro","start":66,"end":75,"sent":"Rispondiamo che il sistema del controllo preventivo , mediante il sequestro ad opera della magistratura o in caso di urgenza , ad opera della polizia giudiziaria , non e un mezzo adeguato per rapidita e severita ad operare cosi come si \u2019 desidera , e tenuto conto anche della congerie di lavoro al quale la magistratura e chiamata ."}
{"sentidx":332641,"lemma":"sequestro","token":"sequestro","start":45,"end":54,"sent":"Quando si tra t ta di emettere un mandato di sequestro , bisogna esprimere un giudizio : su questa o su quella parola , su questa o su quella frase , SII questo o su quel disegno ; di modo che esiste sempre una sorta di garanzia per chi ha eseguito il prodotto , esiste sempre la possilditk di appellarsi e cTi discutere su qualche cosa di concreto ."}
{"sentidx":231729,"lemma":"sequestro","token":"sequestro","start":651,"end":660,"sent":"La revisione del diktat , cosi come 6 stata annunciata e definita dal Presidente del Consiglio non mi pare possa , neppure in termini giuridici , definirsi una vera e riappropriazione emi pare possa definirsi , anche in termini giuridici , come l effetto della naturale estinzione ael trattato di pace , in quanto , se , come il Presidente del Consiglio annunzia , le clausole territoriali non possono essere rimesse in discussione neppure nelle trattati \\ e bilaterali di cui si e parlato e costituiscono pertanto un fatto compiuto , e sed \u2019 altra parte le stesse clausole economiche , le clausole reattive alle riparazioni , le clausole relative al sequestro dei beni , le clausole relative agli impegni contrattuali ( come dice 11 Presidente del Consiglio che noi abbiamo giB assunto non possono essere r messe in discussione neppure nelle trattative bilaterali che sono state annunziate , 6 evidente che abrogazione del trattato di pace significa ."}
{"sentidx":383548,"lemma":"sequestro","token":"sequestro","start":535,"end":544,"sent":"Faccio notare che l argomento addotto i dall onorevole Manzini che vie la legge sulla stampa che sta per disciplinare questa materia , e un argomento che si ritorce , perche queste sono sanzioni cosi gravi politicamente , e cosi imprecise dal punto di vista dell \u2019 inquadramento tecnico - giuridico e della formulazione legislativa , che sarebbe opportuno attendere che la legge sulla stampa si occupi di queste pene accessorie , dopo che e stato gia provveduto , con le norme finora approvate , a quello che era piu urgente , cioe al sequestro delle pubblicazidni ed alla punizione dei responsabili ."}
{"sentidx":243669,"lemma":"sequestro","token":"sequestri","start":314,"end":323,"sent":"Vi una afferniaiione di principio di carattere generale secondo la quale u tutti hanno diritto di manifestare liberamente il proprio pensiero ) notate : pensiero - ( con la parola , lo scritto e ogni altro mezzo di diffusione ) I Si accenna , - poi , per escludere alle autorizzazioni o censire e poi si parla dei sequestri i quali possono seguire ( soltanto per atto motivato dell \u2019 autorita giudiziaria nel caso di delitti \u2019 1 previsti come passibili di sequestro dalla legge sulla stampa o nel caso di violazione di norme amministrative ."}
{"sentidx":243669,"lemma":"sequestro","token":"sequestro","start":456,"end":465,"sent":"Vi una afferniaiione di principio di carattere generale secondo la quale u tutti hanno diritto di manifestare liberamente il proprio pensiero ) notate : pensiero - ( con la parola , lo scritto e ogni altro mezzo di diffusione ) I Si accenna , - poi , per escludere alle autorizzazioni o censire e poi si parla dei sequestri i quali possono seguire ( soltanto per atto motivato dell \u2019 autorita giudiziaria nel caso di delitti \u2019 1 previsti come passibili di sequestro dalla legge sulla stampa o nel caso di violazione di norme amministrative ."}
{"sentidx":209277,"lemma":"sequestro","token":"sequestro","start":98,"end":107,"sent":"D Il sottoscritto smetto d intcrrogaiAc i ministri di grazia e giustizia c dell interrogai no sul sequestro da parte del prcfctto di MaCCrliLta in violazione della vigente legge sulla stukas e della Costituzione della Repubblica di un giornale murale , demente registrato ; del locale Comitato provinciale dei partigiani della pace ."}
{"sentidx":90868,"lemma":"sequestro","token":"sequestro","start":68,"end":77,"sent":"In tutto questo mese di ottobre , si registra una recrudescenza nel sequestro dei motopescherecci italiani ."}
{"sentidx":208165,"lemma":"sequestro","token":"sequestro","start":291,"end":300,"sent":"sottoscritto chiede d interrogareil Ministro degli affari esteri , per conoscere quale azione ha svolto od intende svolgere presso il Governo del Lussemburgo affinche questi restituisca ai cittadini italiani , residenti nel Granducato le somme pagate da loro per ottenere la liberazione dal sequestro acui furono sottoposti i loro beni in virtu della legge ' del 10 gennaio 1947 emanata dal Gperno granducale , e per sapere se , ove questa restituzione da parte del Governo del Lussemburgo non fosse possibile , il Governo italiano intenda impegnarsi al rimborso di dette somme ."}
{"sentidx":383375,"lemma":"sequestro","token":"sequestro","start":113,"end":122,"sent":"Quindi dal momento che il Rostro codice di procedura penale e gia c0s i completo nel disciplinare la materia del sequestro e della confisca , che cosa potrebbe aggiungere l emendamento della Conimissione o quello del Governo se non un elemento di confusione ?"}
{"sentidx":309109,"lemma":"sequestro","token":"sequestro","start":119,"end":128,"sent":"Cioe noi con il secondo comma , affermiamo che l azione di rivendica presso il commissario degli usi civici opera come sequestro dell \u2019 indennizzo fino a che non viene decisa la causa ed accertato il diritto della comunita , e quindi l importo che spetter alla comunita medesima ."}
{"sentidx":294383,"lemma":"sequestro","token":"sequestro","start":267,"end":276,"sent":"( 4514 BOTTAI k I1 sottoscritto chiede d interrogare il Governo per sapere quali siano le informazioni in suo possesso circa le vicende della petroliera Rose Mary ampiamente riportate dalla stampa , e quali siano le incidenze degli interessi nazionali conseguenti al sequestro ordinato dalle autorita britanniche ."}
{"sentidx":90598,"lemma":"sequestro","token":"sequestro","start":72,"end":81,"sent":"Quando sono avvenuti i dolorosi fatti del Tergeste che hanno portato al sequestro dei due marinai , tu t ta la pubblica opinione si e commossa ; si e gridato contro la salinita del Governo sie apertamente accusato il ministro degli esteri di acquiescenza ."}
{"sentidx":98278,"lemma":"sequestro","token":"sequestro","start":195,"end":204,"sent":"E lo stesso onorevole Brusasca al Senato ha riconosciuto che qui in sostanza si tratta di una liquidazione di \u2019 danni di guerra : e il Governo italiano che liquida i danni di guerra derivati dal sequestro dei beni ai propri cittadini in Brasile Al Senato il Governo sie giustificato con un ragionamento del seguente tenore : e vero che il Governo italiano si assume un onere equivalente presso a poco ai valore dei beni che il Brasile deve restituire , ma tale onere pesa sulle casse dello Stato se e fino a quando non verranno sottoscritte dai privati o daIla societa i 300 milioni necessari per costituire il capitale della compagnia di colonizzatrice Ma quale misura - domando io ha preso il Governo per impegnare in qualche modo i cittadini italiani e le compagnie italiane di assicurazione residenti in Brasile a versare la somma suddetta , in considerazione del fatto che essi sono gli unici beneficiari dell \u2019 accordo ?"}
{"sentidx":106817,"lemma":"sequestro","token":"sequestri","start":270,"end":279,"sent":"( v d l abitudine di mandarle cifrate , per tradizione , perche sono atti interni ) , gliela posso leggere , onorevole Di Vittorio In occasione recente sciopero generale cosi la circolare 17 luglio - sono stati compiuti reati di particolare gravita con efferati delitti sequestri persone blocchi stradali attentati alla liberta di lavoro e di stampa nonche alla circolazione ferroviaria che devono essere risolutamente puniti nel pubblico e generale interesse ."}
{"sentidx":170523,"lemma":"sequestro","token":"sequestro","start":158,"end":167,"sent":"Ma non sarebbe stato possibile ad una societa come la Sici niet tere in pericolo la vita di 300 mila cittadini ed operare in un terreno comunale sottoposto a sequestro , se questa societa non fosse stata protetta in alto , molto in alto ."}
{"sentidx":410101,"lemma":"sequestro","token":"sequestri","start":74,"end":83,"sent":"Quando nello sviluppo delle vertenze si manifestano episodi di violenza e sequestri di persona e attentati alla liberta di lavoro e appropriazioni indebite , l intervento delle forze di polizia diventa fatalmente necessario , trattandosi di specifiche violazioni di ixornie penali ."}
{"sentidx":318152,"lemma":"sequestro","token":"sequestri","start":119,"end":128,"sent":"Nel corso di questa azione di protesta , che ci porto a contatti con l autorita giudiziaria , potemmo constatare che i sequestri erano stati effettuati dal maresciallo dei carabinieri di suo arbitrio , senza che ricorresse l estremo dell \u2019 urgenza , con un disinvolto spregio di uno dei diritti costituzionali fondamentali : di quello che inerisce alla liberta della stampa , onorevole - sottosegretario ; e tale la cosa apparve e risulto agli stessi magistrati , che , in ordine ai reati di stampa , hanno emesso ampie sentenze di assoluzione , arrivando a definire , archiviandola , l ultima denuncia pienamente infondata , come ella ha detto : , Quel che e interessante notare e che il maresciallo incomincio col sequestrare il giornale murale perche diceva che esso non aveva avuto l autorizzazione della \u2019 pubblica sicurezza , e noi dovemmo sudare sette camicie per convincerli che di autorizzazione Atti Parlamentari 34592 Camera dei"}
{"sentidx":345519,"lemma":"sequestro","token":"sequestro","start":214,"end":223,"sent":"a Camera considerata la grave situazione di incerCezza e di rischio nella quale trovandosi la nostra marineria da pesca in tutto il Mediterraneo e segnatamente nelle acque adriatiche ; rilevati i frequenti atti di sequestro di nostri motopescherecci , che vengono depredati delle attrezzature e di tutto il pescato , anche se colti al di fuori delle acque territoriali ; ritenuto necessario ed urgente evitare il , pericolo ."}
{"sentidx":98436,"lemma":"sequestro","token":"sequestro","start":54,"end":63,"sent":"A I terzo gruppo appartiene il J3ra sile Questo paese sequestro i honi italiani esistenti nel suo territorio e li ha tenuti i r i garanzia dei suoi diritti ."}
{"sentidx":66721,"lemma":"sequestro","token":"sequestro","start":164,"end":173,"sent":"Lacly Chatterley di Lawrence possono essere letti dai critici , o dagli adiilti in genere , e io non vorrei affatto condannare gli editori , e sarei prontissimo al sequestro di questi volumi , sebbene in Inghilterra e in America lo abbiano fatto ."}
{"sentidx":154824,"lemma":"sequestro","token":"sequestri","start":292,"end":301,"sent":"i signori della Edison Piu sintomatico ancora e quanto troviamo scritto nella relazione all \u2019 assemblea generale della Snia Viscosa del 31 marzo 1949 dove con grande finezza , si dice : ( In questi tempi si e molto parlato della necessita di accertamenti fiscali , di controlli , talvolta di sequestri , dovendo prevenire frodi ed evasioni ."}
{"sentidx":376001,"lemma":"sequestro","token":"sequestro","start":183,"end":192,"sent":"Quest o appunto pcr non cadere , nel caso delle leggi razziali , sottto il rigore di quelle leggi ; e nel caso dei sudditi delle Nazioni Alleaie per non cadere sotto la confisca , il sequestro , ecc ."}
{"sentidx":383368,"lemma":"sequestro","token":"sequestro","start":144,"end":153,"sent":"Sottosegretario di Stato ullu Presidenza del Consiglio Non e necessario che intervenga una sentenza dell \u2019 autorita giudiziaria per ordinare il sequestro , in quanto l articolo 21 della Costituzione dice chesi puo provvedere al sequestro soltanto per atto motivato dall \u2019 autorita giudiziaria nel caso di delitti per i quali la legge sulla stampa espressamente lo autorizzi D Taluni di questi casi sono previsti dal decreto legislativo del 1946 per gli stampati contrari al buon costume ; e io ritengo che nulla osti a chela Camera stabilisca in questa legge un altro caso nel quale l autorita giudiziaria abbia facolta ( riordinare il sequestro ."}
{"sentidx":383368,"lemma":"sequestro","token":"sequestro","start":636,"end":645,"sent":"Sottosegretario di Stato ullu Presidenza del Consiglio Non e necessario che intervenga una sentenza dell \u2019 autorita giudiziaria per ordinare il sequestro , in quanto l articolo 21 della Costituzione dice chesi puo provvedere al sequestro soltanto per atto motivato dall \u2019 autorita giudiziaria nel caso di delitti per i quali la legge sulla stampa espressamente lo autorizzi D Taluni di questi casi sono previsti dal decreto legislativo del 1946 per gli stampati contrari al buon costume ; e io ritengo che nulla osti a chela Camera stabilisca in questa legge un altro caso nel quale l autorita giudiziaria abbia facolta ( riordinare il sequestro ."}
{"sentidx":383368,"lemma":"sequestro","token":"sequestro","start":228,"end":237,"sent":"Sottosegretario di Stato ullu Presidenza del Consiglio Non e necessario che intervenga una sentenza dell \u2019 autorita giudiziaria per ordinare il sequestro , in quanto l articolo 21 della Costituzione dice chesi puo provvedere al sequestro soltanto per atto motivato dall \u2019 autorita giudiziaria nel caso di delitti per i quali la legge sulla stampa espressamente lo autorizzi D Taluni di questi casi sono previsti dal decreto legislativo del 1946 per gli stampati contrari al buon costume ; e io ritengo che nulla osti a chela Camera stabilisca in questa legge un altro caso nel quale l autorita giudiziaria abbia facolta ( riordinare il sequestro ."}
{"sentidx":160902,"lemma":"sequestro","token":"sequestro","start":77,"end":86,"sent":"L indulto deve essere quindi accompagnai dalla eliminazione o troncatura del sequestro della ( matricola - , ."}
{"sentidx":34688,"lemma":"sequestro","token":"sequestro","start":247,"end":256,"sent":"Nella notte tra il tre ed il quattro aprile 1949 cosi come nell interrogazione di cui trattasi , a Mazara del Vallo decedeva nella camera di sicurezza del nucleo mobile dei carabinieri l operaio La Rosa Francesco il quale , indiziato dei reati di sequestro di persona e di estorsione , era stato fermato il giorno prima , in ."}
{"sentidx":99672,"lemma":"sequestro","token":"sequestri","start":85,"end":94,"sent":"Ho preso atto % on piacere della comunicazione che il Governo ha colpito con multe e sequestri le frodi sulla produzione del vino e spero che questa azione sia intensificata , anche per il settore dello zucchero ."}
