{"sentidx":73972,"lemma":"prestazione","token":"prestazione","start":63,"end":74,"sent":"L abolizione dei minimi tariffari compromette la qualita della prestazione professionale ."}
{"sentidx":85532,"lemma":"prestazione","token":"prestazioni","start":85,"end":96,"sent":"Allora indichiamo il numero dei componenti in relazione alle necessita in termini di prestazioni professionali ."}
{"sentidx":80562,"lemma":"prestazione","token":"prestazioni","start":308,"end":319,"sent":"Nel ritenere che la mancata applicazione di un modello realmente federalista della gestione del settore sanitario sia la causa principale dei recenti reiterati gravi episodi di malasanita , sottolinea la necessita di attuare interventi strutturali idonei a raggiungere un livello qualitativamente elevato di prestazioni ."}
{"sentidx":80566,"lemma":"prestazione","token":"prestazioni","start":324,"end":335,"sent":"Verdi Nel ringraziare il Ministro perla dettagliata informativa resa , sottolinea che la vicenda evidenzia la necessita di superare una logica meramente economicistica nel settore sanitario , investendo sul miglioramento delle strutture e nella qualificazione del personale al fine di garantire l effettiva omogeneita delle prestazioni su tutto il territorio nazionale ."}
{"sentidx":111526,"lemma":"prestazione","token":"prestazione","start":213,"end":224,"sent":"Pertanto l Ordine ha assunto una posizione che risulta rispettosa tanto del diritto del medico che intenda avvalersi della clausola deontologica di coscienza , quanto del diritto del paziente a beneficiare di una prestazione riconosciutagli dal vigente ordinamento ."}
{"sentidx":43404,"lemma":"prestazione","token":"prestazioni","start":202,"end":213,"sent":"Tra gli emendamenti presentati al decreto - legge in esame vi sono nuove procedure per la trasmissione telematica di dati relativi a prodotti soggetti ad accise ; ulteriore acquisizione di contratti di prestazioni professionali degli atleti professionisti e dei pagamenti effettuati dalle assicurazioni a titolo di risarcimento di danni ; accollo integrale a carico dei contribuenti degli oneri di riscossione ; estensione dei poteri tipici della polizia tributaria agli agenti della riscossione ; obbligo a carico delle pubbliche amministrazioni e delle societa a prevalente partecipazione pubblica di non effettuare pagamenti nei confronti di soggetti che abbiano carichi tributari ."}
{"sentidx":14608,"lemma":"prestazione","token":"prestazioni","start":61,"end":72,"sent":"Occorre adeguarsi allo standard di sapere individuale e alle prestazioni appropriate , con l individuazione della quota pro capite per ogni studente ."}
{"sentidx":69920,"lemma":"prestazione","token":"prestazioni","start":72,"end":83,"sent":"Sappiamo che ci sono contenziosi aperti sulla introduzione o meno delle prestazioni di servizi nei depositi IVA e sappiamo che esiste una problematica relativa al beneficio fiscale , anche nei confronti delle attivita correlate ."}
{"sentidx":69974,"lemma":"prestazione","token":"prestazioni","start":61,"end":72,"sent":"Infatti il collega Leo con tale emendamento , ha inserito le prestazioni di servizi consistenti in manipolazioni usuali ."}
{"sentidx":114296,"lemma":"prestazione","token":"prestazioni","start":332,"end":343,"sent":"La particolarita delle societa cooperative e data proprio dal cosiddetto vantaggio mutualistico che e costituito da due precisi fattori essenziali : il primo consiste nella prestazione nei confronti del socio di beni o servizi da parte della societa ; il secondo nel vantaggio economico che il socio stesso ottiene usufruendo delle prestazioni delle societa oppure anche lavorando a favore della medesima ."}
{"sentidx":114296,"lemma":"prestazione","token":"prestazione","start":173,"end":184,"sent":"La particolarita delle societa cooperative e data proprio dal cosiddetto vantaggio mutualistico che e costituito da due precisi fattori essenziali : il primo consiste nella prestazione nei confronti del socio di beni o servizi da parte della societa ; il secondo nel vantaggio economico che il socio stesso ottiene usufruendo delle prestazioni delle societa oppure anche lavorando a favore della medesima ."}
{"sentidx":2257,"lemma":"prestazione","token":"prestazioni","start":141,"end":152,"sent":"il deputato ( il quale ritiene che il Governo debba farsi carico di una situazione che rischia di compromettere l erogazione di fondamentali prestazioni sanitarie ."}
{"sentidx":111239,"lemma":"prestazione","token":"prestazioni","start":121,"end":132,"sent":"L ordine del giorno in esame attiene al settore vitivinicolo , mentre il mio comprendeva tutti gli aspetti relativi alle prestazioni di opera temporanea nel settore dell \u2019 agricoltura ."}
{"sentidx":11598,"lemma":"prestazione","token":"prestazioni","start":91,"end":102,"sent":"Torniamo al principio di uguaglianza , perche gli abitanti di alcune regioni avranno delle prestazioni che altri non hanno ."}
{"sentidx":39816,"lemma":"prestazione","token":"prestazioni","start":201,"end":212,"sent":"Infine vogliamo anche sottolineare le profonde perplessita suscitate dalle modalita individuate per la copertura degli oneri derivanti dalla cancellazione della quota fissa sulla ricetta relativa alle prestazioni di specialistica ambulatoriale ."}
{"sentidx":39768,"lemma":"prestazione","token":"prestazioni","start":36,"end":47,"sent":"Voglio peraltro dire che per alcune prestazioni la misura introdotta ha persino reso piu conveniente ( mi riferisco ai meno complessi esami clinici di laboratorio ) il ricorso alle strutture private ."}
{"sentidx":19855,"lemma":"prestazione","token":"prestazioni","start":54,"end":65,"sent":"Non viene prevista alcuna retribuzione aggiuntiva per prestazioni orarie oltre la norma , ne ai dipendenti della Camera quale che sia il loro grado e responsabilita , sono riconosciuti benefit o valenze economiche , quali ad esempio luso di autovetture aziendali ."}
{"sentidx":96096,"lemma":"prestazione","token":"prestazioni","start":206,"end":217,"sent":"L informazione al pubblico deve riguardare , tra l altro , le condizioni di esercizio dell \u2019 attivita istituzionale e di quella agrituristica intramuraria , nonche i criteri che regolano l erogazione delle prestazioni e le priorita di accesso ."}
{"sentidx":19766,"lemma":"prestazione","token":"prestazioni","start":81,"end":92,"sent":"Voi che siete sostenitori della sanita pubblica paradossalmente avete messo , le prestazioni sanitarie pubbliche fuori mercato , tante vero che molti pazienti e cittadini hanno deciso , a ragione , di rivolgersi alle strutture private , proprio perche di gran lunga meno costose ."}
{"sentidx":44448,"lemma":"prestazione","token":"prestazioni","start":100,"end":111,"sent":"Infatti il deficit e creato da un aumento senza controllo della spesa farmaceutica che danneggia le prestazioni sanitarie che le regioni , per obbligo di legge , debbono assicurare ai cittadini ."}
{"sentidx":70832,"lemma":"prestazione","token":"prestazioni","start":332,"end":343,"sent":"Tuttavia oggi si vuole estendere a congiunti di vario grado ed a qualsiasi tipo di parentela la possibilita di far venire in Italia queste persone : probabilmente si tratta anche di anziani bisognosi di cure , quindi con costi che il sistema sanitario ed il welfare italiano difficilmente potranno sostenere , perche a fronte delle prestazioni che saranno necessarie non ci sono versamenti e contributi ."}
{"sentidx":17234,"lemma":"prestazione","token":"prestazioni","start":210,"end":221,"sent":"Letta in tale maniera questa potrebbe sembrare una posizione di buon senso , ma in realta noi vediamo in essa qualcosa di molto piu subdolo , ovverosia riscontriamo la confusione tra i livelli essenziali delle prestazioni delle scuole con gli obiettivi minimi specifici di apprendimento , mettendo appunto in pratica l idea delle competenze di soglia da garantire a tutti i cittadini ."}
{"sentidx":63285,"lemma":"prestazione","token":"prestazioni","start":312,"end":323,"sent":"Cio appare particolarmente significativo , in primo luogo sul piano del diritto , per la definizione dei livelli essenziali che cominciano a prendere concretezza ea delinearsi per quanto riguarda il cittadino nei confronti della pubblica amministrazione , ma anche perche vi e un carattere disomogeneo di talune prestazioni riscontrabile sul territorio nazionale , che spesso si trasforma in profonde diseguaglianze per l esigibilita dei diritti delle imprese , dei cittadini e degli operatori ."}
{"sentidx":96109,"lemma":"prestazione","token":"prestazioni","start":117,"end":128,"sent":"L articolo in esame prevede inoltre che la definizione da parte del contratto collettivo nazionale di comparto delle prestazioni aggiuntive non debba comportare maggiori oneri sul livello di finanziamento del contratto collettivo nazionale del comparto medesimo ."}
{"sentidx":39561,"lemma":"prestazione","token":"prestazioni","start":89,"end":100,"sent":"Cio che dovrebbe essere chiaro al consumatore sono due elementi finali : l insieme delle prestazioni offerte e il prezzo pagato ."}
{"sentidx":9146,"lemma":"prestazione","token":"prestazione","start":143,"end":154,"sent":"Sono stati messi in difficolta i lavoratori stessi che hanno visto leso il loro salario , il riconoscimento del valore del loro lavoro , della prestazione di un servizio pubblico essenziale per la vita delle grandi citta in cui sarebbe indispensabile che il servizio pubblico avesse , invece , uno spessore sempre maggiore ."}
{"sentidx":91039,"lemma":"prestazione","token":"prestazioni","start":281,"end":292,"sent":"Tuttavia vie la necessita di ricondurre ad un tuttuno il trattamento per dare trasparenza ed effettuare gli aggiornamenti che sono necessari , signor Presidente Non credo che le mie prestazioni alla Camera valgano meno di quelle che svolgo nella mia impresa e non credo che le mie prestazioni alla Camera signor Presidente il mio tempo e quindi , il mio carico di lavoro ed il mio disagio familiare valgano meno rispetto a qualsiasi altro professionista medio del nostro Paese Non mi faccio , dunque , prendere dai moralismi , ma affermo semplicemente , signor Presidente che dobbiamo esprimersi in modo chiaro , in quanto non e accettabile che si dica chiaramente che in Germania ed in Francia il trattamento economico complessivo dei parlamentari e superiore al nostro ."}
{"sentidx":91039,"lemma":"prestazione","token":"prestazioni","start":182,"end":193,"sent":"Tuttavia vie la necessita di ricondurre ad un tuttuno il trattamento per dare trasparenza ed effettuare gli aggiornamenti che sono necessari , signor Presidente Non credo che le mie prestazioni alla Camera valgano meno di quelle che svolgo nella mia impresa e non credo che le mie prestazioni alla Camera signor Presidente il mio tempo e quindi , il mio carico di lavoro ed il mio disagio familiare valgano meno rispetto a qualsiasi altro professionista medio del nostro Paese Non mi faccio , dunque , prendere dai moralismi , ma affermo semplicemente , signor Presidente che dobbiamo esprimersi in modo chiaro , in quanto non e accettabile che si dica chiaramente che in Germania ed in Francia il trattamento economico complessivo dei parlamentari e superiore al nostro ."}
{"sentidx":38791,"lemma":"prestazione","token":"prestazioni","start":334,"end":345,"sent":"In altri termini , come sottolineato anche nella relazione illustrativa , in caso di modificazioni degli importi tariffari in corso danno , se non intervengono appositi accordi integrativi , il limite di remunerazione massimo nei confronti delle strutture accreditate rimane invariato , con corrispondente variazione del volume delle prestazioni ."}
{"sentidx":46347,"lemma":"prestazione","token":"prestazioni","start":165,"end":176,"sent":"E da ultimo , i fatti risalenti a poche settimane fa : abbiamo scoperto quello che accade in alcune scuole italiane , dove alcune ragazzine sono costrette a fornire prestazioni sessuali , pena la pubblicazione su Internet di immagini della propria intimita rubate a loro insaputa ."}
{"sentidx":48540,"lemma":"prestazione","token":"prestazioni","start":106,"end":117,"sent":"Ulivo Si dichiara totalmenteinsoddisfatto della risposta , rilevando che le procedure di erogazione delle prestazioni a favore dei cittadini italiani residenti all \u2019 estero avrebbero dovuto essere predisposte per tempo"}
{"sentidx":11556,"lemma":"prestazione","token":"prestazioni","start":173,"end":184,"sent":"Create infatti , i presupposti di instabilita del sistema sanitario mettendo in crisi i fornitori del sistema stesso che , proprio per garantire la continuita delle proprie prestazioni , sono stati indotti dalla pubblica inadempienza a ricorrere sistematicamente al credito loro concesso , non solo sulla base delle rispettive e personali affidabilita , ma anche e soprattutto sulla base della convinzione della corretta applicazione delle norme vigenti e quindi sulla vigenza di uno Stato di diritto ."}
{"sentidx":118289,"lemma":"prestazione","token":"prestazione","start":254,"end":265,"sent":"Oggetto della normativa sono transazioni commerciali e per tali si intendono : i contratti , comunque nominati , tra imprese etra imprese e pubbliche amministrazioni che comportano , in via esclusiva o quanto meno , prevalente , la consegna di merci ola prestazione di servizi contro il pagamento di un prezzo ."}
{"sentidx":58491,"lemma":"prestazione","token":"prestazioni","start":525,"end":536,"sent":"Signor Presidente vorrei segnalare all \u2019 attenzione della Camera un episodio veramente increscioso e preoccupante verificato ieri il presidente del gruppo Popolari Udeur Mauro Fabris e un componente della Commissione giustizia , Gino Capotosti hanno presentato un \u2019 interrogazione , chiedendo al Ministro della giustizia di sapere se corrisponda al vero che il dottor Genchi consulente tecnico d ufficio del dottor De Magistris abbia percepito compensi particolarmente ingenti e significativi per il compimento delle proprie prestazioni ."}
{"sentidx":82998,"lemma":"prestazione","token":"prestazione","start":581,"end":592,"sent":"Ma ora che il Governo ha definito la sua strategia , non puo non fare proprie le preoccupazioni che sono pervenute dai mondi interessati e in particolare , dal mondo dei professionisti , che non sono solo dei potenziali evasori ( Commenti del deputato Armani ma vogliono contribuire allo sviluppo e sono pronti a raccogliere la sfida della modernizzazione ea porsi sul mercato con nuove modalita , pero hanno anche il timore di vedere i propri giovani ancora piu esclusi dal mondo del lavoro e sono convinti che l abolizione dei minimi tariffari possa incidere sulla qualita della prestazione , specie nei confronti degli enti pubblici ."}
{"sentidx":38793,"lemma":"prestazione","token":"prestazioni","start":165,"end":176,"sent":"A seguito della formulazione operata dal comma 3 dell articolo in commento , si prevede inoltre che l aggiornamento delle tariffe massime per la remunerazione delle prestazioni assistenziali e effettuato con cadenza triennale anziche biennale , anche attraverso la valutazione comparativa delle tariffe regionali ."}
{"sentidx":114415,"lemma":"prestazione","token":"prestazioni","start":167,"end":178,"sent":"Vorrei citare , soltanto , la commistione che in troppe realta esiste fra questo sistema e quello degli enti locali ela insufficiente garanzia in materia di appalti , prestazioni di lavori e conferimento di opere pubbliche : anch essi sono fatti evidenti agli occhi di tutti ."}
{"sentidx":11424,"lemma":"prestazione","token":"prestazioni","start":116,"end":127,"sent":"Rilevato che il Governo aveva il dovere di intervenire per garantire a tutti i cittadini i livelli essenziali delle prestazioni sanitarie , ricorda che l Esecutivo ha mostrato , durante l iter del provvedimento d urgenza , piena disponibilita a recepire le proposte di modifica dei punti piu controversi del testo in esame , di cui ribadisce l efficacia ela natura di atto dovuto ."}
{"sentidx":103586,"lemma":"prestazione","token":"prestazioni","start":129,"end":140,"sent":"E stato avviato un processo che garantira la sostenibilita finanziaria del sistema pensionistico , assicurando allo stesso tempo prestazioni adeguate alle attuali generazioni di giovani , chiamate , a causa del mutamento demografico in atto , a farsi carico degli oneri connessi al processo di invecchiamento della popolazione ."}
{"sentidx":9203,"lemma":"prestazione","token":"prestazione","start":198,"end":209,"sent":"Vorrei innanzitutto , apporre la mia firma a questo articolo aggiuntivo a nome del gruppo della Lega Nord Riteniamo che il pagamento con assegno , bonifico , con carta di credito o bancomat di ogni prestazione superiore ai cento euro sia uno dei tanti simboli negativi che questo Governo sta dando della lotta all \u2019 evasione ."}
{"sentidx":12608,"lemma":"prestazione","token":"prestazioni","start":223,"end":234,"sent":"Pop Udeur Richiamati gli sconcertanti dati sugli errori in campo sanitario , sottolinea la necessita di istituire una Commissione parlamentare di inchiesta , con il compito , tra l altro , di verificare l adeguatezza delle prestazioni ospedaliere e le condizioni amministrative e gestionali sottese ai disavanzi sanitari regionali ; dichiara quindi il voto favorevole del suo gruppo sul documento in esame ."}
{"sentidx":83852,"lemma":"prestazione","token":"prestazioni","start":3,"end":14,"sent":"Le prestazioni dei nostri edifici sono molto basse evi e un grande campo di intervento ."}
{"sentidx":57449,"lemma":"prestazione","token":"prestazioni","start":95,"end":106,"sent":"Il primo e piu importante ordine di benefici consiste nella possibilita di garantire servizi e prestazioni qualitativamente sempre piu elevati : la ridefinizione gestionale ed organizzativa delle strutture deputate al welfare rappresenta un \u2019 occasione irripetibile per avviare sinergie indispensabili sul piano dello snellimento delle procedure e del miglioramento delle prestazioni ."}
{"sentidx":57449,"lemma":"prestazione","token":"prestazioni","start":372,"end":383,"sent":"Il primo e piu importante ordine di benefici consiste nella possibilita di garantire servizi e prestazioni qualitativamente sempre piu elevati : la ridefinizione gestionale ed organizzativa delle strutture deputate al welfare rappresenta un \u2019 occasione irripetibile per avviare sinergie indispensabili sul piano dello snellimento delle procedure e del miglioramento delle prestazioni ."}
{"sentidx":104045,"lemma":"prestazione","token":"prestazione","start":233,"end":244,"sent":"Non e assolutamente cos\u0131 infatti , chi andava da un professionista e si faceva rilasciare una ricevuta , agiva in questo modo perche otteneva il recupero del rimborso rispetto alla copertura assicurativa personale di una determinata prestazione sanitaria , non certo perche voleva contrastare l evasione fiscale ."}
{"sentidx":30077,"lemma":"prestazione","token":"prestazioni","start":491,"end":502,"sent":"Inoltre esse prevedono la facolta di adottare provvedimenti di questo genere anche per gli istituti di ricovero e cura a carattere scientifico , nel limiti delle risorse finanziarie connesse alle vacanze di organico , di cui alla programmazione triennale ; previa autorizzazione regionale , le aziende sanitarie ospedaliere , le residenze sanitarie per anziani , gli istituti di riabilitazione , gli istituti di ricovero e cura a carattere scientifico e le case di riposo possono remunerare prestazioni onorarie aggiuntive , rese al di fuori degli impegni di servizio dagli infermieri dipendenti in possesso di specifici requisiti ."}
{"sentidx":39945,"lemma":"prestazione","token":"prestazioni","start":295,"end":306,"sent":"Relatore perla V Commissione Signor Presidente mi pare di poter dire che il dibattito che si e svolto oggi sul provvedimento in esame ha innanzitutto confermato il sostanziale consenso che esiste in Assemblea sulla misura che ha portato all \u2019 eliminazione della quota fissa sulla ricetta per le prestazioni ."}
{"sentidx":53357,"lemma":"prestazione","token":"prestazione","start":83,"end":94,"sent":"In particolare , in materia fiscale sono obbligati ad emettere fattura per la loro prestazione artistica , analogamente ai liberi professionisti , ma devono pagare i contributi egli oneri previdenziali come i lavoratori dipendenti , senza avere la possibilita di detrarre i costi legati alle attivita ."}
{"sentidx":55557,"lemma":"prestazione","token":"prestazione","start":230,"end":241,"sent":"Innanzitutto i titolari degli esercizi , se vorranno tenerli aperti il lunedi saranno costretti a impiegare nuovo personale poiche , pur essendoci in questo settore numerosi apprendisti , non potranno chiedere a questi ultimi una prestazione di straordinario , che non puo essere richiesta ."}
{"sentidx":73947,"lemma":"prestazione","token":"prestazione","start":270,"end":281,"sent":"Difatti se puo sembrare un effettivo atto di liberalizzazione a favore del cittadino utente l abolizione dei minimi tariffari , ancorche accompagnata da una postilla secondo la quale sono salvaguardati sul piano della giurisdizione domestica i livelli qualitativi della prestazione offerta , qualche perplessita nasce spontaneamente , tenuto conto di come funzionano di norma le giurisdizioni domestiche in questo paese ."}
{"sentidx":93124,"lemma":"prestazione","token":"prestazione","start":285,"end":296,"sent":"All articolo 1 gli emendamenti approvati in Commissione hanno chiarito che le nuove disposizioni hanno l obiettivo di garantire la concorrenza e il corretto funzionamento del mercato mediante la rimozione di vincoli ed ostacoli , non soltanto alle attivita commerciali , ma anche alla prestazione di servizi ."}
{"sentidx":6060,"lemma":"prestazione","token":"prestazioni","start":47,"end":58,"sent":"Quando si tratta di far pagare maggiormente le prestazioni sanitarie con il ticket sui ricoveri al pronto soccorso , non si pone problemi , ma , invece , quando si tratta di individuare sacche di privilegio presenti nel nostro paese , non vi e nessuno che abbia la forza di combattere veramente ."}
{"sentidx":9196,"lemma":"prestazione","token":"prestazione","start":243,"end":254,"sent":"Chi evade commette un peccato , soprattutto nei confronti degli altri contribuenti prima ancora che nei confronti dello Stato tuttavia voglio capire perche il cittadino deve avere un onere aggiuntivo rispetto agli euro che deve pagare per una prestazione !"}
{"sentidx":82913,"lemma":"prestazione","token":"prestazioni","start":321,"end":332,"sent":"E assolutamente imbarazzante e curioso leggere all \u2019 interno di tale articolo che si fa riferimento in modo specifico , come competenza e motivazione di intervento da parte del Governo alle lettere e ed m utilizzando sostanzialmente la tutela della concorrenza e il riferimento alle garanzie dei livelli essenziali delle prestazioni concernenti addirittura i diritti civili da garantire sull \u2019 intero territorio nazionale ."}
{"sentidx":53276,"lemma":"prestazione","token":"prestazioni","start":206,"end":217,"sent":"Poi nel emendamento presentato oggi dal relatore , abbiamo visto che sostanzialmente la formulazione e piu estesa , considerando in generale il trasporto pubblico locale e comprendendo anche le attivita di prestazioni di servizi di taxi e di noleggio con conducente ."}
{"sentidx":113144,"lemma":"prestazione","token":"prestazioni","start":117,"end":128,"sent":"Sottolinea la contraddittorieta delle posizioni sostenute dalla maggioranza in tema di partecipazione al costo delle prestazioni sanitarie ."}
{"sentidx":94656,"lemma":"prestazione","token":"prestazioni","start":66,"end":77,"sent":"Il meccanismo dei ticket e un odioso strumento di selezione delle prestazioni sanitarie offerte dal servizio pubblico , perche scarica sul piu debole , sul cittadino malato nel momento del bisogno , l inefficienza complessiva del sistema sanitario , che non e in grado di selezionare con la dovuta cura l adeguatezza delle prestazioni erogate ."}
{"sentidx":94656,"lemma":"prestazione","token":"prestazioni","start":323,"end":334,"sent":"Il meccanismo dei ticket e un odioso strumento di selezione delle prestazioni sanitarie offerte dal servizio pubblico , perche scarica sul piu debole , sul cittadino malato nel momento del bisogno , l inefficienza complessiva del sistema sanitario , che non e in grado di selezionare con la dovuta cura l adeguatezza delle prestazioni erogate ."}
{"sentidx":59066,"lemma":"prestazione","token":"prestazioni","start":134,"end":145,"sent":"Noi non abbiamo chiesto tagli indiscriminati nel settore sanitario pubblico , noi non abbiamo neppure richiesto una diminuzione delle prestazioni pubbliche a favore dei cittadini ."}
{"sentidx":60821,"lemma":"prestazione","token":"prestazione","start":118,"end":129,"sent":"Tramite questo documento si comunicano informazioni oggettive , certificate , confrontabili e credibili relative alla prestazione ambientale di prodotti e servizi ."}
{"sentidx":45720,"lemma":"prestazione","token":"prestazioni","start":288,"end":299,"sent":"Richiamati i dati egli studi di settore sugli errori in campo sanitario , peraltro enfatizzati in modo eccessivo dai mezzi di informazione , sottolinea l opportunita di istituire una Commissione monocamerale di inchiesta , con il compito , tra l altro , di verificare l adeguatezza delle prestazioni ospedaliere , il reale funzionamento dei distretti socio - sanitari e le condizioni politiche , amministrative e gestionali sottese ai disavanzi sanitari regionali , ricordando altresi di aver presentato , in qualita di relatore di minoranza , un testo alternativo ."}
{"sentidx":2719,"lemma":"prestazione","token":"prestazioni","start":112,"end":123,"sent":"E vero che questo e un problema che riguarda le regioni , ma quando e messa in discussione la possibilita delle prestazioni sanitarie a favore dei cittadini vi e un problema di carattere complessivo generale e penso che il Governo sene debba fare carico , tenendo altresi conto che la regione Campania ha ulteriori elementi di negativita : el \u2019 unica regione ad avere avuto una ASL sciolta per infiltrazioni camorristiche ; el \u2019 unica regione ad avere un \u2019 altra ASL anch essa della provincia di Napoli messa sotto monitoraggio dal Ministero sempre per infiltrazioni camorristiche ; ed e anche una regione che ha elaborato un programma di pagamento dei debiti attraverso la creazione di una societa che e ancora al vaglio , per quanto io sappia , della legittimita sia del Ministero dell economia e delle finanze sia del Ministero della salute ."}
{"sentidx":9084,"lemma":"prestazione","token":"prestazioni","start":115,"end":126,"sent":"Invita il Governo a fornire chiarimenti sulla questione dell \u2019 obbligo per i cittadini di pagare i compensi per le prestazioni professionali con modalita che comportano costi aggiuntivi ."}
{"sentidx":70787,"lemma":"prestazione","token":"prestazioni","start":256,"end":267,"sent":"In attesa della realizzazione del nuovo centro , viene posta la massima attenzione al potenziamento delle condizioni di vivibilita dell \u2019 attuale struttura , attraverso la realizzazione di continui interventi migliorativi volti ad elevare la qualita delle prestazioni e dei servizi agli ospiti della confraternita Misericordie d Italia ente che gestisce il centro ."}
{"sentidx":57768,"lemma":"prestazione","token":"prestazioni","start":93,"end":104,"sent":"Infatti parlare di diritto a lavorare e non di diritto al lavoro odi diritto di accesso alle prestazioni della sicurezza sociale e dei servizi sociali , anziche di diritto alla protezione sociale , puo lasciare campo libero a interpretazioni riduttive ."}
{"sentidx":106981,"lemma":"prestazione","token":"prestazioni","start":106,"end":117,"sent":"Credo che non possa piu continuare il tacito scambio che vi e stato fino ad oggi tra bassi salari e basse prestazioni ."}
{"sentidx":63117,"lemma":"prestazione","token":"prestazioni","start":422,"end":433,"sent":"Del resto , sono cos\u0131 numerosi i fattori che incidono sulla qualita e sull efficienza della pubblica amministrazione che se solo si prova ad elencare qualcuno lo si dimentica di certo : dalla qualita della politica ai sistemi organizzativi , dalla reale distinzione tra politica e gestione alla responsabilita dirigenziale , dalla formazione ai contratti di lavoro , dai sistemi di controllo a quelli di valutazione delle prestazioni , dall \u2019 innovazione tecnologica al ruolo dei cittadini , degli utenti e dei consumatori ."}
{"sentidx":44447,"lemma":"prestazione","token":"prestazioni","start":106,"end":117,"sent":"Cio significa che quelle regioni registreranno un aumento del proprio deficit sanitario , a scapito delle prestazioni sanitarie da rendere alla cittadinanza ."}
{"sentidx":108562,"lemma":"prestazione","token":"prestazioni","start":281,"end":292,"sent":"Spendere meglio e raggiungere l efficienza della pubblica amministrazione che , oltre alla realizzazione del memorandum sottoscritto tra il Governo e le organizzazioni sindacali in occasione del rinnovo contrattuale dei pubblici dipendenti \u2013 che lega sempre di piu il salario alle prestazioni \u2013 consiste nel superare le procedure autorizzative sovrabbondanti , che rendono il cittadino suddito rispetto alla burocrazia e che rappresentano il vero costo della politica da abbattere ."}
{"sentidx":38739,"lemma":"prestazione","token":"prestazioni","start":458,"end":469,"sent":"Il clima di confronto ha consentito di entrare nel merito delle numerose previsioni , tra le quali \u2013 oltre a quelle gia segnalate \u2013 vorrei ricordare : la proroga dei termini per l adeguamento delle strutture ricettive turistico - alberghiere alle misure di prevenzione incendi e quella per usufruire dei contributi da parte dei locali aperti al pubblico in materia di abbattimento delle barriere architettoniche ; la norma volta ad evitare il fenomeno delle prestazioni budget da parte delle strutture private convenzionate con il Servizio sanitario nazionale ; la trasformazione in Agenzia dell Autorita nazionale per la sicurezza alimentare ela fissazione della sua sede in Foggia la proroga del termine per la definizione dei nuovi canoni per l utilizzo della rete ferroviaria nazionale ; la proroga dell \u2019 utilizzo"}
{"sentidx":46049,"lemma":"prestazione","token":"prestazioni","start":168,"end":179,"sent":"Cio consentirebbe alle persone che ne soffrono ( in termini numerici , circa settantamila - ottantamila cittadini italiani ) di ottenere l esenzione per i farmaci e le prestazioni di riabilitazione , che sono molto costose e che debbono essere fatte in maniera perpetua e continua , per poter vivere una vita autonoma e decente ."}
{"sentidx":114300,"lemma":"prestazione","token":"prestazioni","start":162,"end":173,"sent":"Esse infatti , svolgono la loro attivita prevalentemente in favore dei soci consumatori o utenti di beni e servizi ( cooperative di consumo ) osi avvalgono delle prestazioni lavorative dei soci ( cooperative di lavoro ) oppure utilizzano gli apporti di beni o servizi da parte dei soci ( cooperative di produzione ) ."}
{"sentidx":48448,"lemma":"prestazione","token":"prestazioni","start":123,"end":134,"sent":"Con il mio ordine del giorno , desidero richiamare il Governo sulla possibilita di organizzare un sistema di erogazione di prestazioni di medicina veterinaria di base , erogate in regime di convenzione ."}
{"sentidx":58886,"lemma":"prestazione","token":"prestazioni","start":224,"end":235,"sent":"Ulivo Dichiara che il suo gruppo votera convintamente la fiducia al Governo preannunziando altresi voto favorevole sul disegno di legge di conversione di un provvedimento d urgenza la cui finalita , oltre a garantire che le prestazioni sanitarie siano uguali per tutti i cittadini , e quella di coprire i disavanzi prodotti in gran parte da amministrazioni di centrodestra ."}
{"sentidx":9166,"lemma":"prestazione","token":"prestazioni","start":135,"end":146,"sent":"La finalita dell \u2019 articolo aggiuntivo in esame e dunque quella di eliminare il problema dei compensi in denaro per il pagamento delle prestazioni professionali ."}
{"sentidx":64687,"lemma":"prestazione","token":"prestazioni","start":310,"end":321,"sent":"In relazione al funzionamento , una recente indagine internazionale ha messo a confronto i sistemi sanitari di vari paesi europei , rivelando che l 80 per cento degli italiani si dichiara insoddisfatto della qualita delle prestazioni sanitarie e giudica inaccettabili i tempi di attesa per accedere ad esami e prestazioni specialistiche , mentre il 64 per cento degli italiani ritiene che il sistema sanitario italiano abbia bisogno di una riforma urgente ."}
{"sentidx":64687,"lemma":"prestazione","token":"prestazioni","start":222,"end":233,"sent":"In relazione al funzionamento , una recente indagine internazionale ha messo a confronto i sistemi sanitari di vari paesi europei , rivelando che l 80 per cento degli italiani si dichiara insoddisfatto della qualita delle prestazioni sanitarie e giudica inaccettabili i tempi di attesa per accedere ad esami e prestazioni specialistiche , mentre il 64 per cento degli italiani ritiene che il sistema sanitario italiano abbia bisogno di una riforma urgente ."}
{"sentidx":30078,"lemma":"prestazione","token":"prestazioni","start":5,"end":16,"sent":"Tali prestazioni sono svolte in regime libero professionale e sono assimilate al lavoro subordinato ai fini fiscali contributivi ."}
{"sentidx":110855,"lemma":"prestazione","token":"prestazione","start":126,"end":137,"sent":"Esprime assoluta insoddisfazione per l assenza nel provvedimento in esame di misure a favore delle Forze dell ordine , la cui prestazione lavorativa rientra , senza alcun dubbio , nell \u2019 ambito dei lavori usuranti ."}
{"sentidx":3026,"lemma":"prestazione","token":"prestazioni","start":183,"end":194,"sent":"Le regioni e le province autonome , attraverso le ASL le strutture ospedaliere e le sedi del 118 o settorialmente competenti , effettuano la verifica ed il controllo di qualita delle prestazioni anche mediante l istituzione di un apposito registro di soccorritori ."}
{"sentidx":9163,"lemma":"prestazione","token":"prestazioni","start":785,"end":796,"sent":"Signor Presidente l articolo aggiuntivo ( Al momento dell \u2019 ingresso in aula dei deputati dell \u2019 opposizione , applausi ironici dei deputati dei gruppi L Ulivo e Rifondazione ComunistaSinistra Europea Ringraziamo i colleghi della maggioranza ma , visto l orario , riteniamo sia necessario , soprattutto da parte della maggioranza , garantire il numero legale , in considerazione dell \u2019 atteggiamento di assoluta responsabilita manifestato dall \u2019 opposizione ( Commenti dei deputati dei gruppi L Ulivo e Rifondazione Comunista Sinistra Europea Dicevo che ci troviamo di fronte ad un articolo aggiuntivo che punta sostanzialmente a riconsiderare un tema gia affrontato nel decreto fiscale e che rappresenta un ulteriore grave onere per i cittadini relativamente alla compensazione delle prestazioni professionali ; in particolare , si vincolano i cittadini all \u2019 utilizzo di conti correnti odi assegni bancari , determinando un \u2019 attivita molto piu complessa e burocratica ."}
{"sentidx":80949,"lemma":"prestazione","token":"prestazione","start":313,"end":324,"sent":"L auspicio ricorrente , quando si parla di malasanita , e rivolto all \u2019 introduzione di nuovi meccanismi di risk management , interpretati come una sorta di correttivo di sistema atto a fornire una risposta definitiva al problema del legittimo affidamento dei pazienti nei confronti dell \u2019 esito favorevole della prestazione medica ."}
{"sentidx":69855,"lemma":"prestazione","token":"prestazioni","start":54,"end":65,"sent":"L emendamento in oggetto riguarda l ipotesi in cui le prestazioni di servizi , che vengono rese negli ambiti dei depositi doganali , vengano effettuate non all \u2019 interno stesso del deposito IVA ma nelle aree limitrofe ."}
{"sentidx":60845,"lemma":"prestazione","token":"prestazione","start":205,"end":216,"sent":"Le liberalizzazioni rappresentano l esplicazione piu ampia , nei diversi settori , del principio di liberta , ma la liberta deve poi tramutarsi in competizione , che assegna al valore del mercato ( cioe , prestazione di servizio con remunerazione ) o anche , al merito , la possibilita di essere esaltata ."}
{"sentidx":25244,"lemma":"prestazione","token":"prestazioni","start":257,"end":268,"sent":"Esistono infatti nell \u2019 albo del Ministero della giustizia una serie di comunita terapeutiche che non hanno soprattutto i requisiti di personale , ma anche di strutture , richiesti dal Servizio sanitario nazionale per assicurare il valore terapeutico delle prestazioni che in esse vengono erogate ."}
{"sentidx":44597,"lemma":"prestazione","token":"prestazioni","start":228,"end":239,"sent":"Voi accettando di fatto tutte le richieste che verranno presentate , farete non un servizio a questo paese , ma un servizio a chi oggi verra chiamato a lavorare in questo paese , abbassando progressivamente nei prossimi anni le prestazioni , i salari , gli stipendi ."}
{"sentidx":80557,"lemma":"prestazione","token":"prestazioni","start":223,"end":234,"sent":"Nel rivolgere un ringraziamento al Ministro Turco perla puntuale informativa resa , sottolinea la necessita che su tutto il territorio nazionale insistano centri di eccellenza che garantiscano pari qualita ed efficienza di prestazioni a tutti i cittadini ."}
{"sentidx":2712,"lemma":"prestazione","token":"prestazioni","start":250,"end":261,"sent":"In questo momento , nell \u2019 ambito del protocollo firmato dal ministro dell \u2019 economia e delle finanze , dal ministro della salute e dalle regioni e province autonome , si sta negoziando un obiettivo per migliorare l efficienza el \u2019 adeguatezza delle prestazioni sanitarie , riconducendo la dinamica della spesa entro i vincoli della finanza pubblica ."}
{"sentidx":59188,"lemma":"prestazione","token":"prestazioni","start":490,"end":501,"sent":"Al collega Crosetto del quale ho letto l intervento ) , che affermava di dover chiedere formalmente ai rappresentanti del Governo perche i cittadini non siano tutti uguali ( ponendo il problema dell \u2019 intervento sulle regioni che presentano un determinato deficit ) , vorrei rispondere che questo provvedimento vuole proprio ribadire che tutti i cittadini italiani sono uguali ( Applausi dei deputati del gruppo L Ulivo Non potevamo permetterci di vedere il declino el \u2019 abbassamento delle prestazioni sanitarie in cinque regioni del nostro Paese Altra cosa sono le responsabilita degli amministratori !"}
{"sentidx":64474,"lemma":"prestazione","token":"prestazioni","start":180,"end":191,"sent":"E molto semplice : non e accettabile che vi siano dei cittadini che pagano le tasse e che chiedono ai propri governatori stabilita di bilancio e assistenza sociale , attraverso le prestazioni delle ASL quando poi ci accorgiamo che i debiti pregressi vengono affrontati , ancora una volta , con un provvedimento in virtu del quale lo Stato centrale risana i debiti delle regioni , invece di adottare misure a livello locale ."}
{"sentidx":80804,"lemma":"prestazione","token":"prestazioni","start":230,"end":241,"sent":"Dobbiamo promuovere , pertanto , la consapevolezza della necessita di una gestione integrata del rischio , la sola che puo portare a cambiamenti nella pratica clinica , che ad un tempo migliorino la qualita el \u2019 adeguatezza delle prestazioni sanitarie , ne riducano i costi e garantiscano strutture sanitarie sicure ed efficienti ."}
{"sentidx":58969,"lemma":"prestazione","token":"prestazioni","start":65,"end":76,"sent":"Il primo punto riguarda l abolizione del ticket di 10 euro perle prestazioni specialistiche , contro il quale ci eravamo inutilmente battuti durante l esame della legge finanziaria e di bilancio ."}
{"sentidx":96092,"lemma":"prestazione","token":"prestazioni","start":1860,"end":1871,"sent":"Le regioni e le province autonome devono comunque garantire che le aziende sanitarie , le aziende ospedaliere , le aziende ospedaliere universitarie , i policlinici a gestione diretta egli istituti di ricovero a carattere scientifico di diritto pubblico gestiscano , con integrale responsabilita propria , l attivita libero - professionale intramuraria assicurando il corretto esercizio nel rispetto delle seguenti modalita : affidamento , senza oneri aggiuntivi , a personale aziendale del servizio di prenotazione delle prestazioni da eseguire in sede e con tempi diversi \u2013 per ovvi motivi \u2013 rispetto a quelli istituzionali , al fine di consentire il controllo dei volumi complessivi delle medesime prestazioni , che non devono superare quelli eseguiti nell \u2019 orario di lavoro ( per tali ragioni , giustamente quello che andiamo a disciplinare e un servizio aggiuntivo , e non sostitutivo , di quello preesistente ) ; riscossione degli onorari relativi alle prestazioni erogate non sotto la responsabilita del Atti Parlamentari 18 Camera dei Deputati XV LEGISLATURA DISCUSSIONI SEDUTA DEL 2 AGOSTO 2007 N 200 medico ma sotto quella delle aziende , dei policlinici e degli istituti interessati ; determinazione , in accordo con i professionisti , di un tariffario idoneo ad assicurare l integrale e totale copertura dei costi correlati alla gestione dell \u2019 attivita libero - professionale , ivi compresi quelli connessi alle attivita di prenotazione e riscossione degli onorari , al fine di non fare incidere sulla ASL il costo dell \u2019 operazione ; monitoraggio aziendale dei tempi di attesa delle prestazioni erogate nell \u2019 ambito dell \u2019 attivita istituzionale , al fine di assicurare il rispetto dei tempi medi fissati dalla normativa vigente , nonche attivazione di meccanismi di riduzione di tali tempi ed erogazione , entro 72 ore dalla richiesta , delle prestazioni dichiarate urgenti e non differibili ; prevenzione delle situazioni che possono determinare conflitto di interesse o forme di concorrenza sleale e determinazione delle sanzioni disciplinari e dei rimedi per le violazioni , anche con riferimento alla responsabilita dei direttori generali per omessa vigilanza ; adeguamento dei provvedimenti adottati al fine di assicurare che l attivita libero - professionale intramuraria sia esercitata nel rispetto delle prescrizioni sopra riportate relative alla prenotazione delle prestazioni , alla riscossione degli onorari e alla definizione del tariffario , anche nel periodo di operativita transitoria delle convenzioni finalizzate all \u2019 acquisizione degli spazi e fermo restando il termine del 31 luglio 2009 allineamento dei tempi di erogazione delle prestazioni nell \u2019 ambito dell \u2019 attivita istituzionale ai tempi medi di quelle rese in regime di libera professione intramuraria ( tale previsione e finalizzata a garantire che il ricorso alle prestazioni intra intramoenia sia determinato dalla libera scelta dell \u2019 utenza e non dalle carenze organizzative dell \u2019 attivita istituzionale : a tale riguardo il Ministero della salute e tenuto annualmente a presentare una relazione al Parlamento Le disposizioni di cui al comma 4 esplicitano anche alcune modalita , ricavabili dal complesso della disciplina vigente in materia ."}
{"sentidx":96092,"lemma":"prestazione","token":"prestazioni","start":1598,"end":1609,"sent":"Le regioni e le province autonome devono comunque garantire che le aziende sanitarie , le aziende ospedaliere , le aziende ospedaliere universitarie , i policlinici a gestione diretta egli istituti di ricovero a carattere scientifico di diritto pubblico gestiscano , con integrale responsabilita propria , l attivita libero - professionale intramuraria assicurando il corretto esercizio nel rispetto delle seguenti modalita : affidamento , senza oneri aggiuntivi , a personale aziendale del servizio di prenotazione delle prestazioni da eseguire in sede e con tempi diversi \u2013 per ovvi motivi \u2013 rispetto a quelli istituzionali , al fine di consentire il controllo dei volumi complessivi delle medesime prestazioni , che non devono superare quelli eseguiti nell \u2019 orario di lavoro ( per tali ragioni , giustamente quello che andiamo a disciplinare e un servizio aggiuntivo , e non sostitutivo , di quello preesistente ) ; riscossione degli onorari relativi alle prestazioni erogate non sotto la responsabilita del Atti Parlamentari 18 Camera dei Deputati XV LEGISLATURA DISCUSSIONI SEDUTA DEL 2 AGOSTO 2007 N 200 medico ma sotto quella delle aziende , dei policlinici e degli istituti interessati ; determinazione , in accordo con i professionisti , di un tariffario idoneo ad assicurare l integrale e totale copertura dei costi correlati alla gestione dell \u2019 attivita libero - professionale , ivi compresi quelli connessi alle attivita di prenotazione e riscossione degli onorari , al fine di non fare incidere sulla ASL il costo dell \u2019 operazione ; monitoraggio aziendale dei tempi di attesa delle prestazioni erogate nell \u2019 ambito dell \u2019 attivita istituzionale , al fine di assicurare il rispetto dei tempi medi fissati dalla normativa vigente , nonche attivazione di meccanismi di riduzione di tali tempi ed erogazione , entro 72 ore dalla richiesta , delle prestazioni dichiarate urgenti e non differibili ; prevenzione delle situazioni che possono determinare conflitto di interesse o forme di concorrenza sleale e determinazione delle sanzioni disciplinari e dei rimedi per le violazioni , anche con riferimento alla responsabilita dei direttori generali per omessa vigilanza ; adeguamento dei provvedimenti adottati al fine di assicurare che l attivita libero - professionale intramuraria sia esercitata nel rispetto delle prescrizioni sopra riportate relative alla prenotazione delle prestazioni , alla riscossione degli onorari e alla definizione del tariffario , anche nel periodo di operativita transitoria delle convenzioni finalizzate all \u2019 acquisizione degli spazi e fermo restando il termine del 31 luglio 2009 allineamento dei tempi di erogazione delle prestazioni nell \u2019 ambito dell \u2019 attivita istituzionale ai tempi medi di quelle rese in regime di libera professione intramuraria ( tale previsione e finalizzata a garantire che il ricorso alle prestazioni intra intramoenia sia determinato dalla libera scelta dell \u2019 utenza e non dalle carenze organizzative dell \u2019 attivita istituzionale : a tale riguardo il Ministero della salute e tenuto annualmente a presentare una relazione al Parlamento Le disposizioni di cui al comma 4 esplicitano anche alcune modalita , ricavabili dal complesso della disciplina vigente in materia ."}
{"sentidx":96092,"lemma":"prestazione","token":"prestazioni","start":2391,"end":2402,"sent":"Le regioni e le province autonome devono comunque garantire che le aziende sanitarie , le aziende ospedaliere , le aziende ospedaliere universitarie , i policlinici a gestione diretta egli istituti di ricovero a carattere scientifico di diritto pubblico gestiscano , con integrale responsabilita propria , l attivita libero - professionale intramuraria assicurando il corretto esercizio nel rispetto delle seguenti modalita : affidamento , senza oneri aggiuntivi , a personale aziendale del servizio di prenotazione delle prestazioni da eseguire in sede e con tempi diversi \u2013 per ovvi motivi \u2013 rispetto a quelli istituzionali , al fine di consentire il controllo dei volumi complessivi delle medesime prestazioni , che non devono superare quelli eseguiti nell \u2019 orario di lavoro ( per tali ragioni , giustamente quello che andiamo a disciplinare e un servizio aggiuntivo , e non sostitutivo , di quello preesistente ) ; riscossione degli onorari relativi alle prestazioni erogate non sotto la responsabilita del Atti Parlamentari 18 Camera dei Deputati XV LEGISLATURA DISCUSSIONI SEDUTA DEL 2 AGOSTO 2007 N 200 medico ma sotto quella delle aziende , dei policlinici e degli istituti interessati ; determinazione , in accordo con i professionisti , di un tariffario idoneo ad assicurare l integrale e totale copertura dei costi correlati alla gestione dell \u2019 attivita libero - professionale , ivi compresi quelli connessi alle attivita di prenotazione e riscossione degli onorari , al fine di non fare incidere sulla ASL il costo dell \u2019 operazione ; monitoraggio aziendale dei tempi di attesa delle prestazioni erogate nell \u2019 ambito dell \u2019 attivita istituzionale , al fine di assicurare il rispetto dei tempi medi fissati dalla normativa vigente , nonche attivazione di meccanismi di riduzione di tali tempi ed erogazione , entro 72 ore dalla richiesta , delle prestazioni dichiarate urgenti e non differibili ; prevenzione delle situazioni che possono determinare conflitto di interesse o forme di concorrenza sleale e determinazione delle sanzioni disciplinari e dei rimedi per le violazioni , anche con riferimento alla responsabilita dei direttori generali per omessa vigilanza ; adeguamento dei provvedimenti adottati al fine di assicurare che l attivita libero - professionale intramuraria sia esercitata nel rispetto delle prescrizioni sopra riportate relative alla prenotazione delle prestazioni , alla riscossione degli onorari e alla definizione del tariffario , anche nel periodo di operativita transitoria delle convenzioni finalizzate all \u2019 acquisizione degli spazi e fermo restando il termine del 31 luglio 2009 allineamento dei tempi di erogazione delle prestazioni nell \u2019 ambito dell \u2019 attivita istituzionale ai tempi medi di quelle rese in regime di libera professione intramuraria ( tale previsione e finalizzata a garantire che il ricorso alle prestazioni intra intramoenia sia determinato dalla libera scelta dell \u2019 utenza e non dalle carenze organizzative dell \u2019 attivita istituzionale : a tale riguardo il Ministero della salute e tenuto annualmente a presentare una relazione al Parlamento Le disposizioni di cui al comma 4 esplicitano anche alcune modalita , ricavabili dal complesso della disciplina vigente in materia ."}
{"sentidx":96092,"lemma":"prestazione","token":"prestazioni","start":2668,"end":2679,"sent":"Le regioni e le province autonome devono comunque garantire che le aziende sanitarie , le aziende ospedaliere , le aziende ospedaliere universitarie , i policlinici a gestione diretta egli istituti di ricovero a carattere scientifico di diritto pubblico gestiscano , con integrale responsabilita propria , l attivita libero - professionale intramuraria assicurando il corretto esercizio nel rispetto delle seguenti modalita : affidamento , senza oneri aggiuntivi , a personale aziendale del servizio di prenotazione delle prestazioni da eseguire in sede e con tempi diversi \u2013 per ovvi motivi \u2013 rispetto a quelli istituzionali , al fine di consentire il controllo dei volumi complessivi delle medesime prestazioni , che non devono superare quelli eseguiti nell \u2019 orario di lavoro ( per tali ragioni , giustamente quello che andiamo a disciplinare e un servizio aggiuntivo , e non sostitutivo , di quello preesistente ) ; riscossione degli onorari relativi alle prestazioni erogate non sotto la responsabilita del Atti Parlamentari 18 Camera dei Deputati XV LEGISLATURA DISCUSSIONI SEDUTA DEL 2 AGOSTO 2007 N 200 medico ma sotto quella delle aziende , dei policlinici e degli istituti interessati ; determinazione , in accordo con i professionisti , di un tariffario idoneo ad assicurare l integrale e totale copertura dei costi correlati alla gestione dell \u2019 attivita libero - professionale , ivi compresi quelli connessi alle attivita di prenotazione e riscossione degli onorari , al fine di non fare incidere sulla ASL il costo dell \u2019 operazione ; monitoraggio aziendale dei tempi di attesa delle prestazioni erogate nell \u2019 ambito dell \u2019 attivita istituzionale , al fine di assicurare il rispetto dei tempi medi fissati dalla normativa vigente , nonche attivazione di meccanismi di riduzione di tali tempi ed erogazione , entro 72 ore dalla richiesta , delle prestazioni dichiarate urgenti e non differibili ; prevenzione delle situazioni che possono determinare conflitto di interesse o forme di concorrenza sleale e determinazione delle sanzioni disciplinari e dei rimedi per le violazioni , anche con riferimento alla responsabilita dei direttori generali per omessa vigilanza ; adeguamento dei provvedimenti adottati al fine di assicurare che l attivita libero - professionale intramuraria sia esercitata nel rispetto delle prescrizioni sopra riportate relative alla prenotazione delle prestazioni , alla riscossione degli onorari e alla definizione del tariffario , anche nel periodo di operativita transitoria delle convenzioni finalizzate all \u2019 acquisizione degli spazi e fermo restando il termine del 31 luglio 2009 allineamento dei tempi di erogazione delle prestazioni nell \u2019 ambito dell \u2019 attivita istituzionale ai tempi medi di quelle rese in regime di libera professione intramuraria ( tale previsione e finalizzata a garantire che il ricorso alle prestazioni intra intramoenia sia determinato dalla libera scelta dell \u2019 utenza e non dalle carenze organizzative dell \u2019 attivita istituzionale : a tale riguardo il Ministero della salute e tenuto annualmente a presentare una relazione al Parlamento Le disposizioni di cui al comma 4 esplicitano anche alcune modalita , ricavabili dal complesso della disciplina vigente in materia ."}
{"sentidx":96092,"lemma":"prestazione","token":"prestazioni","start":2862,"end":2873,"sent":"Le regioni e le province autonome devono comunque garantire che le aziende sanitarie , le aziende ospedaliere , le aziende ospedaliere universitarie , i policlinici a gestione diretta egli istituti di ricovero a carattere scientifico di diritto pubblico gestiscano , con integrale responsabilita propria , l attivita libero - professionale intramuraria assicurando il corretto esercizio nel rispetto delle seguenti modalita : affidamento , senza oneri aggiuntivi , a personale aziendale del servizio di prenotazione delle prestazioni da eseguire in sede e con tempi diversi \u2013 per ovvi motivi \u2013 rispetto a quelli istituzionali , al fine di consentire il controllo dei volumi complessivi delle medesime prestazioni , che non devono superare quelli eseguiti nell \u2019 orario di lavoro ( per tali ragioni , giustamente quello che andiamo a disciplinare e un servizio aggiuntivo , e non sostitutivo , di quello preesistente ) ; riscossione degli onorari relativi alle prestazioni erogate non sotto la responsabilita del Atti Parlamentari 18 Camera dei Deputati XV LEGISLATURA DISCUSSIONI SEDUTA DEL 2 AGOSTO 2007 N 200 medico ma sotto quella delle aziende , dei policlinici e degli istituti interessati ; determinazione , in accordo con i professionisti , di un tariffario idoneo ad assicurare l integrale e totale copertura dei costi correlati alla gestione dell \u2019 attivita libero - professionale , ivi compresi quelli connessi alle attivita di prenotazione e riscossione degli onorari , al fine di non fare incidere sulla ASL il costo dell \u2019 operazione ; monitoraggio aziendale dei tempi di attesa delle prestazioni erogate nell \u2019 ambito dell \u2019 attivita istituzionale , al fine di assicurare il rispetto dei tempi medi fissati dalla normativa vigente , nonche attivazione di meccanismi di riduzione di tali tempi ed erogazione , entro 72 ore dalla richiesta , delle prestazioni dichiarate urgenti e non differibili ; prevenzione delle situazioni che possono determinare conflitto di interesse o forme di concorrenza sleale e determinazione delle sanzioni disciplinari e dei rimedi per le violazioni , anche con riferimento alla responsabilita dei direttori generali per omessa vigilanza ; adeguamento dei provvedimenti adottati al fine di assicurare che l attivita libero - professionale intramuraria sia esercitata nel rispetto delle prescrizioni sopra riportate relative alla prenotazione delle prestazioni , alla riscossione degli onorari e alla definizione del tariffario , anche nel periodo di operativita transitoria delle convenzioni finalizzate all \u2019 acquisizione degli spazi e fermo restando il termine del 31 luglio 2009 allineamento dei tempi di erogazione delle prestazioni nell \u2019 ambito dell \u2019 attivita istituzionale ai tempi medi di quelle rese in regime di libera professione intramuraria ( tale previsione e finalizzata a garantire che il ricorso alle prestazioni intra intramoenia sia determinato dalla libera scelta dell \u2019 utenza e non dalle carenze organizzative dell \u2019 attivita istituzionale : a tale riguardo il Ministero della salute e tenuto annualmente a presentare una relazione al Parlamento Le disposizioni di cui al comma 4 esplicitano anche alcune modalita , ricavabili dal complesso della disciplina vigente in materia ."}
{"sentidx":96092,"lemma":"prestazione","token":"prestazioni","start":960,"end":971,"sent":"Le regioni e le province autonome devono comunque garantire che le aziende sanitarie , le aziende ospedaliere , le aziende ospedaliere universitarie , i policlinici a gestione diretta egli istituti di ricovero a carattere scientifico di diritto pubblico gestiscano , con integrale responsabilita propria , l attivita libero - professionale intramuraria assicurando il corretto esercizio nel rispetto delle seguenti modalita : affidamento , senza oneri aggiuntivi , a personale aziendale del servizio di prenotazione delle prestazioni da eseguire in sede e con tempi diversi \u2013 per ovvi motivi \u2013 rispetto a quelli istituzionali , al fine di consentire il controllo dei volumi complessivi delle medesime prestazioni , che non devono superare quelli eseguiti nell \u2019 orario di lavoro ( per tali ragioni , giustamente quello che andiamo a disciplinare e un servizio aggiuntivo , e non sostitutivo , di quello preesistente ) ; riscossione degli onorari relativi alle prestazioni erogate non sotto la responsabilita del Atti Parlamentari 18 Camera dei Deputati XV LEGISLATURA DISCUSSIONI SEDUTA DEL 2 AGOSTO 2007 N 200 medico ma sotto quella delle aziende , dei policlinici e degli istituti interessati ; determinazione , in accordo con i professionisti , di un tariffario idoneo ad assicurare l integrale e totale copertura dei costi correlati alla gestione dell \u2019 attivita libero - professionale , ivi compresi quelli connessi alle attivita di prenotazione e riscossione degli onorari , al fine di non fare incidere sulla ASL il costo dell \u2019 operazione ; monitoraggio aziendale dei tempi di attesa delle prestazioni erogate nell \u2019 ambito dell \u2019 attivita istituzionale , al fine di assicurare il rispetto dei tempi medi fissati dalla normativa vigente , nonche attivazione di meccanismi di riduzione di tali tempi ed erogazione , entro 72 ore dalla richiesta , delle prestazioni dichiarate urgenti e non differibili ; prevenzione delle situazioni che possono determinare conflitto di interesse o forme di concorrenza sleale e determinazione delle sanzioni disciplinari e dei rimedi per le violazioni , anche con riferimento alla responsabilita dei direttori generali per omessa vigilanza ; adeguamento dei provvedimenti adottati al fine di assicurare che l attivita libero - professionale intramuraria sia esercitata nel rispetto delle prescrizioni sopra riportate relative alla prenotazione delle prestazioni , alla riscossione degli onorari e alla definizione del tariffario , anche nel periodo di operativita transitoria delle convenzioni finalizzate all \u2019 acquisizione degli spazi e fermo restando il termine del 31 luglio 2009 allineamento dei tempi di erogazione delle prestazioni nell \u2019 ambito dell \u2019 attivita istituzionale ai tempi medi di quelle rese in regime di libera professione intramuraria ( tale previsione e finalizzata a garantire che il ricorso alle prestazioni intra intramoenia sia determinato dalla libera scelta dell \u2019 utenza e non dalle carenze organizzative dell \u2019 attivita istituzionale : a tale riguardo il Ministero della salute e tenuto annualmente a presentare una relazione al Parlamento Le disposizioni di cui al comma 4 esplicitano anche alcune modalita , ricavabili dal complesso della disciplina vigente in materia ."}
{"sentidx":96092,"lemma":"prestazione","token":"prestazioni","start":701,"end":712,"sent":"Le regioni e le province autonome devono comunque garantire che le aziende sanitarie , le aziende ospedaliere , le aziende ospedaliere universitarie , i policlinici a gestione diretta egli istituti di ricovero a carattere scientifico di diritto pubblico gestiscano , con integrale responsabilita propria , l attivita libero - professionale intramuraria assicurando il corretto esercizio nel rispetto delle seguenti modalita : affidamento , senza oneri aggiuntivi , a personale aziendale del servizio di prenotazione delle prestazioni da eseguire in sede e con tempi diversi \u2013 per ovvi motivi \u2013 rispetto a quelli istituzionali , al fine di consentire il controllo dei volumi complessivi delle medesime prestazioni , che non devono superare quelli eseguiti nell \u2019 orario di lavoro ( per tali ragioni , giustamente quello che andiamo a disciplinare e un servizio aggiuntivo , e non sostitutivo , di quello preesistente ) ; riscossione degli onorari relativi alle prestazioni erogate non sotto la responsabilita del Atti Parlamentari 18 Camera dei Deputati XV LEGISLATURA DISCUSSIONI SEDUTA DEL 2 AGOSTO 2007 N 200 medico ma sotto quella delle aziende , dei policlinici e degli istituti interessati ; determinazione , in accordo con i professionisti , di un tariffario idoneo ad assicurare l integrale e totale copertura dei costi correlati alla gestione dell \u2019 attivita libero - professionale , ivi compresi quelli connessi alle attivita di prenotazione e riscossione degli onorari , al fine di non fare incidere sulla ASL il costo dell \u2019 operazione ; monitoraggio aziendale dei tempi di attesa delle prestazioni erogate nell \u2019 ambito dell \u2019 attivita istituzionale , al fine di assicurare il rispetto dei tempi medi fissati dalla normativa vigente , nonche attivazione di meccanismi di riduzione di tali tempi ed erogazione , entro 72 ore dalla richiesta , delle prestazioni dichiarate urgenti e non differibili ; prevenzione delle situazioni che possono determinare conflitto di interesse o forme di concorrenza sleale e determinazione delle sanzioni disciplinari e dei rimedi per le violazioni , anche con riferimento alla responsabilita dei direttori generali per omessa vigilanza ; adeguamento dei provvedimenti adottati al fine di assicurare che l attivita libero - professionale intramuraria sia esercitata nel rispetto delle prescrizioni sopra riportate relative alla prenotazione delle prestazioni , alla riscossione degli onorari e alla definizione del tariffario , anche nel periodo di operativita transitoria delle convenzioni finalizzate all \u2019 acquisizione degli spazi e fermo restando il termine del 31 luglio 2009 allineamento dei tempi di erogazione delle prestazioni nell \u2019 ambito dell \u2019 attivita istituzionale ai tempi medi di quelle rese in regime di libera professione intramuraria ( tale previsione e finalizzata a garantire che il ricorso alle prestazioni intra intramoenia sia determinato dalla libera scelta dell \u2019 utenza e non dalle carenze organizzative dell \u2019 attivita istituzionale : a tale riguardo il Ministero della salute e tenuto annualmente a presentare una relazione al Parlamento Le disposizioni di cui al comma 4 esplicitano anche alcune modalita , ricavabili dal complesso della disciplina vigente in materia ."}
{"sentidx":96092,"lemma":"prestazione","token":"prestazioni","start":522,"end":533,"sent":"Le regioni e le province autonome devono comunque garantire che le aziende sanitarie , le aziende ospedaliere , le aziende ospedaliere universitarie , i policlinici a gestione diretta egli istituti di ricovero a carattere scientifico di diritto pubblico gestiscano , con integrale responsabilita propria , l attivita libero - professionale intramuraria assicurando il corretto esercizio nel rispetto delle seguenti modalita : affidamento , senza oneri aggiuntivi , a personale aziendale del servizio di prenotazione delle prestazioni da eseguire in sede e con tempi diversi \u2013 per ovvi motivi \u2013 rispetto a quelli istituzionali , al fine di consentire il controllo dei volumi complessivi delle medesime prestazioni , che non devono superare quelli eseguiti nell \u2019 orario di lavoro ( per tali ragioni , giustamente quello che andiamo a disciplinare e un servizio aggiuntivo , e non sostitutivo , di quello preesistente ) ; riscossione degli onorari relativi alle prestazioni erogate non sotto la responsabilita del Atti Parlamentari 18 Camera dei Deputati XV LEGISLATURA DISCUSSIONI SEDUTA DEL 2 AGOSTO 2007 N 200 medico ma sotto quella delle aziende , dei policlinici e degli istituti interessati ; determinazione , in accordo con i professionisti , di un tariffario idoneo ad assicurare l integrale e totale copertura dei costi correlati alla gestione dell \u2019 attivita libero - professionale , ivi compresi quelli connessi alle attivita di prenotazione e riscossione degli onorari , al fine di non fare incidere sulla ASL il costo dell \u2019 operazione ; monitoraggio aziendale dei tempi di attesa delle prestazioni erogate nell \u2019 ambito dell \u2019 attivita istituzionale , al fine di assicurare il rispetto dei tempi medi fissati dalla normativa vigente , nonche attivazione di meccanismi di riduzione di tali tempi ed erogazione , entro 72 ore dalla richiesta , delle prestazioni dichiarate urgenti e non differibili ; prevenzione delle situazioni che possono determinare conflitto di interesse o forme di concorrenza sleale e determinazione delle sanzioni disciplinari e dei rimedi per le violazioni , anche con riferimento alla responsabilita dei direttori generali per omessa vigilanza ; adeguamento dei provvedimenti adottati al fine di assicurare che l attivita libero - professionale intramuraria sia esercitata nel rispetto delle prescrizioni sopra riportate relative alla prenotazione delle prestazioni , alla riscossione degli onorari e alla definizione del tariffario , anche nel periodo di operativita transitoria delle convenzioni finalizzate all \u2019 acquisizione degli spazi e fermo restando il termine del 31 luglio 2009 allineamento dei tempi di erogazione delle prestazioni nell \u2019 ambito dell \u2019 attivita istituzionale ai tempi medi di quelle rese in regime di libera professione intramuraria ( tale previsione e finalizzata a garantire che il ricorso alle prestazioni intra intramoenia sia determinato dalla libera scelta dell \u2019 utenza e non dalle carenze organizzative dell \u2019 attivita istituzionale : a tale riguardo il Ministero della salute e tenuto annualmente a presentare una relazione al Parlamento Le disposizioni di cui al comma 4 esplicitano anche alcune modalita , ricavabili dal complesso della disciplina vigente in materia ."}
