{"sentidx":43628,"lemma":"rosso","token":"rosso","start":19,"end":24,"sent":"Pensa al triangolo rosso ( Commenti dei deputati dei gruppi L Ulivo Comunisti Italiani e Rifondazione Comunista Sinistra"}
{"sentidx":8988,"lemma":"rosso","token":"rosso","start":40,"end":45,"sent":"Stragi di matrice fascista e terrorismo rosso hanno insanguinato l Italia e avvelenato un \u2019 intera generazione ."}
{"sentidx":93743,"lemma":"rosso","token":"rosse","start":139,"end":144,"sent":"Signor Presidente desidero intervenire soltanto per ricordare che , cinque anni fa , Marco Biagi veniva assassinato per mano delle Brigate rosse ."}
{"sentidx":6912,"lemma":"rosso","token":"rosse","start":183,"end":188,"sent":"Inoltre mi preme sottolineare che i servizi di sicurezza , nella loro relazione al Parlamento hanno affermato che in Toscana si registra un processo di riorganizzazione delle brigate rosse ."}
{"sentidx":93417,"lemma":"rosso","token":"rosse","start":98,"end":103,"sent":"Nel ricordare la figura di Marco Biagi caduto vittima di un vile attentato ad opera delle Brigate rosse , chiede che la Presidenza assuma le opportune iniziative commemorative ."}
{"sentidx":87105,"lemma":"rosso","token":"rosse","start":135,"end":140,"sent":"Chiudo dicendo che non possiamo continuare in questo Parlamento a fare gli interessi dei grandi gruppi capitalisti , delle cooperative rosse , delle grandi banche che ormai vi tengono in ostaggio come hanno ."}
{"sentidx":101650,"lemma":"rosso","token":"rosse","start":136,"end":141,"sent":"Affermando il contrario , lei continua l opera di demonizzazione che ha certamente contribuito ad offrire Biagi al mirino delle Brigate rosse ( Applausi dei deputati dei gruppi di Forza Italia e di Alleanza Nazionale Al Ministero dell ambiente abbiamo un nemico giurato dei cantieri e del buonsenso ."}
{"sentidx":28189,"lemma":"rosso","token":"rosse","start":74,"end":79,"sent":"Vorrei fare una provocazione : non ci vorrete mica portare le cooperative rosse a svolgere questo servizio ( Commenti dei deputati del gruppo L"}
{"sentidx":6913,"lemma":"rosso","token":"rosse","start":232,"end":237,"sent":"Pertanto signor sottosegretario , le chiedo come le brigate rosse siano organizzate in Toscana se le stesse sono state rafforzate in uomini e mezzi e se il Governo ha svolto una valutazione per cercare di capire come mai le brigate rosse trovino un terreno estremamente fertile in Toscana Signor sottosegretario , attendo le sue risposte emi riservo di intervenire in sede di replica ."}
{"sentidx":6913,"lemma":"rosso","token":"rosse","start":60,"end":65,"sent":"Pertanto signor sottosegretario , le chiedo come le brigate rosse siano organizzate in Toscana se le stesse sono state rafforzate in uomini e mezzi e se il Governo ha svolto una valutazione per cercare di capire come mai le brigate rosse trovino un terreno estremamente fertile in Toscana Signor sottosegretario , attendo le sue risposte emi riservo di intervenire in sede di replica ."}
{"sentidx":88536,"lemma":"rosso","token":"rossa","start":85,"end":90,"sent":"Le persone evacuate sono state inizialmente assistite ed ospitate a cura della Croce rossa italiana e del comune di Pavia e successivamente riallocate in sistemazioni alternative nel frattempo reperite , anche attraverso provvedimenti straordinari di requisizione presso i comuni di Pavia Albuzzano e Pieve Porto Morone I provvedimenti adottati per la sistemazione delle persone sgomberate hanno incontrato proteste e resistenze nelle comunita locali interessate , poi parzialmente attenuate a seguito del volontario trasferimento di diversi nuclei familiari verso altri siti anche al di fuori della provincia di Pavia Al momento , comunque , la situazione e ancora in evoluzione ."}
{"sentidx":70324,"lemma":"rosso","token":"rossa","start":102,"end":107,"sent":"Il Protocollo ha un grande valore politico e simbolico , in quanto crea le premesse affinche la Croce rossa , la Mezzaluna rossa e lo Scudo di David rosso possano svolgere i loro altissimi compiti umanitari senza alcuna restrizione ."}
{"sentidx":70324,"lemma":"rosso","token":"rosso","start":149,"end":154,"sent":"Il Protocollo ha un grande valore politico e simbolico , in quanto crea le premesse affinche la Croce rossa , la Mezzaluna rossa e lo Scudo di David rosso possano svolgere i loro altissimi compiti umanitari senza alcuna restrizione ."}
{"sentidx":70324,"lemma":"rosso","token":"rossa","start":123,"end":128,"sent":"Il Protocollo ha un grande valore politico e simbolico , in quanto crea le premesse affinche la Croce rossa , la Mezzaluna rossa e lo Scudo di David rosso possano svolgere i loro altissimi compiti umanitari senza alcuna restrizione ."}
{"sentidx":115447,"lemma":"rosso","token":"rosse","start":303,"end":308,"sent":"Noi stiamo qui a cavillare sulla possibilita di risparmi all \u2019 interno di gare pubbliche , che sono tutti da dimostrare , ameno che il Ministro Bersani dato che none nuovo a queste iniziative , non abbia agito per un calcolo politico perche in molti consorzi non sono presenti le cosiddette cooperative rosse ."}
{"sentidx":10697,"lemma":"rosso","token":"rosse","start":241,"end":246,"sent":"Sotto le argomentazioni , sovente speciose , che abbiamo sentito anche in questa Assemblea emerge una pseudocultura reazionaria e priva di senso dello Stato che pensa alla pena solo come vendetta e dimostra di non aver capito che le Brigate rosse sono state definitivamente sconfitte da almeno vent anni Cosa vorrebbero i novelli soloni che oggi approfittano di un caso isolato , soffiando sul fuoco di una demagogia pericolosa e immaginano di poter risolvere ogni problema solo con il carcere ?"}
{"sentidx":58642,"lemma":"rosso","token":"rosse","start":156,"end":161,"sent":"Mi limito solamente a citare i titoli di alcuni quotidiani come il Giornale il Corriere della sera ela Repubblica secondo i quali in Emilia Romagna le coop rosse vincono un appalto su quattro in un determinato settore , due su tre in quello sanitario ."}
{"sentidx":62470,"lemma":"rosso","token":"rosse","start":83,"end":88,"sent":"La prima preoccupazione riguarda il fatto che questa nuova struttura delle Brigate rosse terroriste e diffusa soprattutto nell \u2019 area del nord , da Torino a Trieste passando per Milano e Padova soprattutto allarma la circostanza che , come lei ha detto , non si tratta di un \u2019 ala militarista , ma di una realta che tenta di infiltrarsi nel tessuto sociale , coinvolgendo i giovani e il mondo della scuola ."}
{"sentidx":113994,"lemma":"rosso","token":"rosso","start":113,"end":118,"sent":"Non abbiamo condiviso queste misure per la semplice ragione che non e vero che i conti della previdenza siano in rosso ."}
{"sentidx":73204,"lemma":"rosso","token":"rosse","start":230,"end":235,"sent":"Dico questo perche credo che gli amici dell \u2019 Ulivo che nella precedente legislatura facevano opposizione , mi comprenderanno : non passava giorno o settimana che su fatti assolutamente irrilevanti rispetto a questo delle Brigate rosse , non venisse richiesta la presenza di qualche ministro del Governo Berlusconi in Assemblea Se questo valeva quando l Ulivo o l Unione era all opposizione , a maggior ragione deve valere oggi che e in maggioranza ."}
{"sentidx":14052,"lemma":"rosso","token":"rossa","start":118,"end":123,"sent":"Criticare la legge finanziaria e ormai una attivita che provoca fastidio e mette a disagio , come sparare sulla Croce rossa o uccidere un uomo gia morto ."}
{"sentidx":55571,"lemma":"rosso","token":"rosso","start":230,"end":235,"sent":"Serve una volonta politica , ma serve , ancora prima , qualcosa di piu profondo : alle liberalizzazioni si puo credere se si ha una cultura delle liberalizzazioni , che non puo appartenere a questa sinistra , di colore piu o meno rosso antico , che , in attesa di entrare a far parte del partito democratico , pensa di potersi scolorire nelle sue espressioni esteriori , ma che rimane fondamentalmente statalista nelle sue vere realizzazioni , quali quelle che il procedimento legislativo , ad esempio , ha messo in evidenza ."}
{"sentidx":96539,"lemma":"rosso","token":"rosso","start":30,"end":35,"sent":"Si puo invece sottolineare in rosso che si tratta di una rinuncia a investire nel futuro ."}
{"sentidx":62323,"lemma":"rosso","token":"rosse","start":313,"end":318,"sent":"Si tratta di materiale in parte manoscritto el \u2019 analisi grafologica consente di attribuire per l appunto , al Davanzo Quei documenti contengono le tesi che poi troviamo sviluppate nel giornale L Aurora Cio quindi , sottolinea il ruolo che aveva Davanzo in questo raggruppamento , Seconda posizione delle Brigate rosse ."}
{"sentidx":52857,"lemma":"rosso","token":"rossa","start":9,"end":14,"sent":"La Croce rossa afferma che la situazione e migliorata ( lo sostiene anche Amnesty internal mail Fronte impallidiscono continua a denunciare arresti , limitazioni della liberta fondamentale ."}
{"sentidx":12854,"lemma":"rosso","token":"rossa","start":333,"end":338,"sent":"Mastella e Di Pietro ogni giorno litigano come due comari : Di Pietro dice a Mastella di stare attento alla Costituzione Mastella di rimando , invita Di Pietro a stare attento al buonsenso ; e ancora , Di Pietro afferma che a Mastella mancano i fondamentali del diritto e continuare ad infierire su di lui e come sparare sulla Croce rossa , mentre Mastella dichiara che Di Pietro e devastante per il Governo ola smette o lui sene va ."}
{"sentidx":42031,"lemma":"rosso","token":"rosse","start":336,"end":341,"sent":"Tali aggressioni noi le abbiamo sofferte sulla nostra pelle : oggi abbiamo addirittura pensato se fosse il caso o meno ene abbiamo parlato anche con il collega interessato \u2013 di rilevare che un membro del nostro Governo il senatore Sacconi e stato fatto oggetto addirittura di piani concreti per il suo assassinio da parte delle Brigate rosse ."}
{"sentidx":62490,"lemma":"rosso","token":"rosse","start":137,"end":142,"sent":"Tuttavia pongo una domanda ela rivolgo prima di tutto a me stesso : ma , davvero , ce una profonda diversita rispetto alle prime Brigate rosse ?"}
{"sentidx":4668,"lemma":"rosso","token":"rossa","start":134,"end":139,"sent":"Ed ecco i punti salienti della manovra con cui si reagisce a tale situazione : riportiamo definitivamente i conti pubblici dalla zona rossa alla zona di sicurezza , condizione necessaria per far ripartire la crescita dell \u2019 Italia la spesa pubblica viene qualificata , attraverso i tagli necessari per renderla piu efficiente e produttiva , e viene indirizzata verso sentieri di sviluppo e di equita ; recuperiamo il terreno in termini di equita ( l Italia e il paese delle grandi e drammatiche differenze : il ceto medio guadagnera e le famiglie avranno piu reddito disponibile a fine mese si redistribuisce il carico fiscale ; si mettono in campo azioni concrete di contrasto ai fenomeni di evasione e di elusione fiscale ."}
{"sentidx":64796,"lemma":"rosso","token":"rosso","start":87,"end":92,"sent":"Vi voglio raccontare cosa vi succede , perche un minimo di vergogna possa disegnare di rosso le gote degli amici della sinistra , che pontificano sempre di grande rinnovamento , di aderenza ai grandi temi morali del Paese e poi crollano di fronte ai grandi e puntuali appuntamenti della storia amministrativa ."}
{"sentidx":22922,"lemma":"rosso","token":"rosse","start":159,"end":164,"sent":"Va segnalato che questa Repubblica e stata in grado di affrontare percorsi difficili ( si pensi alla lotta al terrorismo , a vicende come quelle delle Brigate rosse o addirittura , al sequestro Moro senza mai fare ricorso a leggi speciali , cioe senza mai mettere in discussione le garanzie costituzionali primigenie della persona , riuscendo , allo stesso tempo , a dare una risposta di democrazia , di sicurezza e di collegialita ."}
{"sentidx":11187,"lemma":"rosso","token":"rossa","start":170,"end":175,"sent":"E un altra forma di sfruttamento dell \u2019 Italia meridionale , perche , sapientemente , la regione Campania ha avviato in molte regioni del nord , tra cui l Emilia Romagna rossa in testa , lo smaltimento dei rifiuti che , viceversa , in attuazione del piano regionale previsto dieci anni fa dall \u2019 allora presidente Rastrelli si potevano smaltire nei depuratori che invece , non sono stati costruiti ."}
{"sentidx":87485,"lemma":"rosso","token":"rossa","start":63,"end":68,"sent":"A volte , sembra trattarsi di un mezzo per sparare sulla Croce rossa ."}
{"sentidx":114275,"lemma":"rosso","token":"rosse","start":112,"end":117,"sent":"Se avessimo esteso l orizzonte del nostro dibattito non solo all \u2019 Emilia Romagna o alle cooperative cosiddette rosse , ma per esempio ad una regione importante come la Lombardia ed ai rapporti con la Compagnia delle opere o ad altre regioni del Paese e ai rapporti con altri settori del mondo imprenditoriale , forse avremmo svolto un dibattito meno parziale , meno viziato da partigianeria , come quello che ha preso le mosse dal famoso libro Falce e carrello del signor Caprotti e avremmo impostato una discussione piu costruttiva ."}
{"sentidx":68287,"lemma":"rosso","token":"rosse","start":167,"end":172,"sent":"Abbiamo sentito l intervento del ministro Minniti Devo dire a commento di quell \u2019 intervento che il dato che emerge e quello di un nuovo terrorismo , di nuove Brigate rosse , che sostanzialmente hanno allargato i bacini potenziali di influenza ."}
{"sentidx":12369,"lemma":"rosso","token":"rosso","start":111,"end":116,"sent":"Quando al Governo c erano i riformisti , quelli che hanno questo fiore ( Il deputato Barani mostra un garofano rosso ) , il garofano rosso , cio non succedeva !"}
{"sentidx":12369,"lemma":"rosso","token":"rosso","start":133,"end":138,"sent":"Quando al Governo c erano i riformisti , quelli che hanno questo fiore ( Il deputato Barani mostra un garofano rosso ) , il garofano rosso , cio non succedeva !"}
{"sentidx":62505,"lemma":"rosso","token":"rosse","start":211,"end":216,"sent":"La scoperta di frange terroristiche attive puo evitare un duplice errore di valutazione : da un lato , l errore di valorizzare la presunta limitatezza della loro potenza di fuoco ; magari non saranno le Brigate rosse che recarono terrore e misero a rischio , anni fa , le istituzioni democratiche ."}
{"sentidx":107757,"lemma":"rosso","token":"rosso","start":136,"end":141,"sent":"Signor Presidente non posso nascondere qualche difficolta nel mettere insieme il lutto per Garibaldi nella cerimonia di ieri , il fiore rosso el \u2019 apprezzamento dell \u2019 onorevole Barani perla sua figura e le esibizioni viste poco fa , che dimostrano un certo variegato polimorfismo culturale della coalizione di centrodestra ."}
{"sentidx":114362,"lemma":"rosso","token":"rossa","start":246,"end":251,"sent":"Basterebbe leggere alcuni testi anche di recente pubblicazione come quello di Caprotti titolare dell \u2019 Esselunga per accorgersi di quali , quanti e di quale entita siano stati gli interventi delle cooperative , soprattutto di quelle di \u00ab matrice rossa \u00bb , sul mercato e di quanto e difficile per un impresa privata che agisce in condizione normali riuscire a sopravvivere se la competizione e distorta dal potere politico e degli enormi privilegi di cui le grandi cooperative godono su quello che dovrebbe essere il mercato regolamentato ."}
{"sentidx":90172,"lemma":"rosso","token":"rosse","start":141,"end":146,"sent":"Il maggiore gettito che abbiamo constatato proviene dagli italiani onesti che stanno pagando le tasse , non proviene certo dalle cooperative rosse ."}
{"sentidx":74654,"lemma":"rosso","token":"rosso","start":78,"end":83,"sent":"Infatti sappiamo , purtroppo , che il torturatore tante volte e il brigatista rosso , il quale magari ha torturato barbaramente Moro tanto per riaprire una pagina dolorosa della nostra storia !"}
{"sentidx":110076,"lemma":"rosso","token":"rosso","start":417,"end":422,"sent":"Come possiamo non votare contro , con amarezza e indignazione per l esproprio del Parlamento Perche se la Casa delle liberta vive ore febbrili alla ricerca di uno sbocco , la temperatura della maggioranza e torrida come quella di un ammalato gravissimo , altro che \u00ab cagionevole salute di ferro \u00bb , Ministro Damiano Mostrate agli italiani la faccia di questo Governo e pallida , tremendamente pallida , nonostante il rosso con il quale la sinistra massimalista vorrebbe dipingere gli italiani e le riforme , salvo poi arrendersi ai colori pastello imposti dal senatore Dini Quello della Lega Nord e un voto contrario che piu contrario non si puo ( Applausi dei deputati dei gruppi Lega Nord Padania e DCA Democrazia Cristiana perle Autonomie Partito Socialista Nuovo PSI"}
{"sentidx":73197,"lemma":"rosso","token":"rosse","start":144,"end":149,"sent":"Abbiamo visto cio che sta succedendo nel nord d Italia anche nella democratica Toscana Infatti ci sono dei segnali che ci dicono che le Brigate rosse ed elementi sovversivi ed eversivi si stanno ben organizzando , anche con l appoggio di strutture sindacali , ed anche di forze politiche che spalleggiano e coprono questi personaggi ."}
{"sentidx":55861,"lemma":"rosso","token":"rosse","start":534,"end":539,"sent":"Un po come e avvenuto nel primo decreto - legge Bersani sulle cosiddette ( ma non vere ) liberalizzazioni , dove chi aveva magari una piccola attivita commerciale , come il farmacista in un paese , a causa della sfrenata concorrenza delle grandi catene di distribuzione che possono applicare prezzi molto piu bassi ed avere ammortamenti piu facili sui costi di gestione , oggi non l ha piue magari e dipendente o commesso nella grande catena di distribuzione , il piu delle volte , ( come a voi fa piacere che sia ) nelle cooperative rosse ."}
{"sentidx":9060,"lemma":"rosso","token":"rosse","start":235,"end":240,"sent":"La scelta compiuta al termine del dibattito svoltasi nella Commissione permanente affari costituzionali prima del Senato e poi della Camera ovvero quella del 9 maggio ( anniversario dell \u2019 uccisione di Aldo Moro da parte delle Brigate rosse ) , per noi Popolari Udeur e condivisibile ela sosteniamo con estremo favore ."}
{"sentidx":79662,"lemma":"rosso","token":"rosse","start":138,"end":143,"sent":"Se pensiamo all \u2019 agricoltura , tema abusato , il problema del pomodorino ciliegino di Pachino dell ortofrutta di Vittoria o delle arance rosse di Catania e quello della transitabilita dello stretto in dieci minuti di meno o quello della conquista dei mercati di Roma piuttosto che di Milano di Londra e di Parigi nello stesso tempo che impiega un pomodoro , un \u2019 arancia o un frutto prodotto in Tunisia in Marocco o in Algeria Dobbiamo cominciare a considerare lo sviluppo produttivo della Sicilia e del Mezzogiorno nel Mediterraneo nel cui ambito sono collocati questi territori , anche in termini di conquista e di competitivita dei mercati , in una visione del tutto nuova ."}
{"sentidx":62317,"lemma":"rosso","token":"rosse","start":200,"end":205,"sent":"Gli arrestati sono militanti di una organizzazione terroristica , il Partito comunista politico - militare , attestata ideologicamente sulle posizioni della cosiddetta Seconda posizione delle Brigate rosse \u2013 tornero dopo su questo \u2013 , strutturata tra Milano Padova e Torino principalmente : nuclei attivi non solo a Torino Milano e Padova ma anche a Roma doppio livello occulto e palese ; attitudini \u2013 gia illustrate dalla stampa in questi due giorni \u2013 a comportamenti tipici di eversori segreti ; programmazione con largo anticipo degli incontri sia in Italia che all estero ; orari e giorni prefissati ; comunicazione attraverso Internet piuttosto che attraverso altri mezzi di comunicazione ."}
{"sentidx":65805,"lemma":"rosso","token":"rossa","start":939,"end":944,"sent":"Ad ogni modo mai il centrosinistra ha strumentalizzato tali situazioni , anche quando , come nel caso del rilascio di Giuliana Sgrena e stato ucciso , ad opera degli alleati americani , un eroico servitore dello Stato italiano come Nicola Calipari Ben venga , allora , per porre fine a polemiche strumentali e pretestuose , l istituzione , come lei ha proposto , signor ministro , di una Commissione d inchiesta su tutti i sequestri avvenuti in Afghanistan ed in Iraq di un organismo parlamentare che verifichi tutte le procedure seguite nei rapimenti che , dal 2001 ad oggi gli italiani hanno dovuto affrontare : penso al rapimento , in Iraq di Salvatore Stefio Umberto Cupertino Maurizio Agliana e Fabrizio Quattrocchi che vide quest \u2019 ultimo trucidato barbaramente ; penso al sequestro , sempre in Iraq del giornalista Enzo Baldoni anche lui ucciso nonostante la trattativa condotta dal Governo Berlusconi e dal commissario della Croce rossa , Maurizio Scelli ancora , penso , infine , ai sequestri di Simona Pari e Simona Torretta quando fu la Croce rossa , non lo Stato ad intervenire , di Clementina Cantoni di Giuliana Sgrena e di Gabriele Torsello In tutti questi casi , l obiettivo delle trattative e stato lo stesso : fare di tutto pur di salvare la vita di un nostro connazionale ."}
{"sentidx":65805,"lemma":"rosso","token":"rossa","start":1054,"end":1059,"sent":"Ad ogni modo mai il centrosinistra ha strumentalizzato tali situazioni , anche quando , come nel caso del rilascio di Giuliana Sgrena e stato ucciso , ad opera degli alleati americani , un eroico servitore dello Stato italiano come Nicola Calipari Ben venga , allora , per porre fine a polemiche strumentali e pretestuose , l istituzione , come lei ha proposto , signor ministro , di una Commissione d inchiesta su tutti i sequestri avvenuti in Afghanistan ed in Iraq di un organismo parlamentare che verifichi tutte le procedure seguite nei rapimenti che , dal 2001 ad oggi gli italiani hanno dovuto affrontare : penso al rapimento , in Iraq di Salvatore Stefio Umberto Cupertino Maurizio Agliana e Fabrizio Quattrocchi che vide quest \u2019 ultimo trucidato barbaramente ; penso al sequestro , sempre in Iraq del giornalista Enzo Baldoni anche lui ucciso nonostante la trattativa condotta dal Governo Berlusconi e dal commissario della Croce rossa , Maurizio Scelli ancora , penso , infine , ai sequestri di Simona Pari e Simona Torretta quando fu la Croce rossa , non lo Stato ad intervenire , di Clementina Cantoni di Giuliana Sgrena e di Gabriele Torsello In tutti questi casi , l obiettivo delle trattative e stato lo stesso : fare di tutto pur di salvare la vita di un nostro connazionale ."}
{"sentidx":68289,"lemma":"rosso","token":"rosse","start":87,"end":92,"sent":"Si deve anche tener conto , peraltro , dell \u2019 oggettiva difficolta delle nuove Brigate rosse di orientare il proprio interesse sulle tematiche collegate al lavoro quando , oggi , l insidia ai diritti dei lavoratori proviene proprio da Stati comunisti come la Cina Fatta tale doverosa precisazione , vi e comunque una nuova attenzione , per l innanzi mai prodottasi nei confronti della Chiesa Quindi si tratta di una campagna che viene mossa da una spinta anticlericale in un contesto di forte e senza precedenti contrapposizione sulle politiche per la famiglia tra Chiesa Governo e maggioranza che lo sostiene ."}
{"sentidx":87991,"lemma":"rosso","token":"rosso","start":243,"end":248,"sent":"Certamente le condizioni della compagnia non lasciano molto spazio alla fantasia : mentre i principali vettori europei migliorano i profitti ed espandono la flotta , Alitalia non compra aeromobili e mantiene inalterato il suo volo in profondo rosso ."}
{"sentidx":10705,"lemma":"rosso","token":"rosso","start":14,"end":19,"sent":"Il terrorismo rosso , in Italia e stato sconfitto prima sul piano politico e poi su quello giudiziario , perche si e trovato di fronte e contro il piu grande partito comunista di occidente , il sindacato , i lavoratori el \u2019 intera sinistra ."}
{"sentidx":114337,"lemma":"rosso","token":"rosse","start":666,"end":671,"sent":"Vogliamo pero evidenziare la notevole diversita tra due situazioni : da un lato la grande importanza del settore cooperativo quando si caratterizza per la mutualita prevalente ( penso anche al settore agricolo ) , dall \u2019 altro la nostra forte contrarieta al settore cooperativo quando invece si pone come contraltare rispetto al settore privato , al settore imprenditoriale , arrivando anche a creare concorrenza ea mettere in difficolta lo stesso settore privato , grazie anche alle agevolazioni fiscali , laddove esso arrivi a controllare tutta l economia del territorio , anche con caratterizzazione di tipo politico , come molto spesso accade in certe \u00ab regioni rosse \u00bb del nostro"}
{"sentidx":8998,"lemma":"rosso","token":"rosse","start":92,"end":97,"sent":"Il sindacato e sempre stato , e lo e tuttora , oggetto di attenzione da parte delle brigate rosse con subdoli motivi di infiltrazione , ma ha combattuto la sua battaglia a fianco dello Stato e ha pagato i sui prezzi : per questo merita sostegno e solidarieta ."}
{"sentidx":62533,"lemma":"rosso","token":"rosse","start":592,"end":597,"sent":"Signor Presidente signor ministro , colleghi e colleghe , italiane e italiani che ci ascoltate da casa , desidero innanzitutto ringraziare il ministro dell \u2019 interno per la relazione che ha svolto questa mattina , perche ci ha dimostrato come ci sia una straordinaria capacita da parte delle forze di polizia , della magistratura e dei nostri servizi di portare avanti nel tempo , con grande intelligenza e capacita , un \u2019 indagine cos\u0131 complessa , che e riuscita a portare alla cattura di alcuni pericolosi soggetti , che stavano riorganizzando la lotta armata el \u2019 iniziativa delle Brigate rosse nel nostro paese ."}
{"sentidx":28910,"lemma":"rosso","token":"rosse","start":215,"end":220,"sent":"E tale situazione avviene mentre la Polonia dei gemelli Kaczynski minaccia il veto ad ogni ipotesi di accordo , se non si cambia il metodo della doppia maggioranza , e mentre l Inghilterra di Blair annuncia \u00ab linee rosse \u00bb oltre le quali non intende andare di rifiuto di qualsiasi condizionamento della politica estera , di rigetto di ogni ipotesi di maggioranze qualificate su tassazione , benefici fiscali e politiche sociali ."}
{"sentidx":88620,"lemma":"rosso","token":"rossa","start":185,"end":190,"sent":"In attesa che le persone sgomberate provvedessero autonomamente alla ricerca di soluzioni abitative e stato inizialmente offerto loro un servizio di prima assistenza a cura della Croce rossa italiana e della struttura di protezione civile del comune di Pavia coadiuvato dal comune di Milano L amministrazione del capoluogo , in particolare , si e fatta carico di dare ospitalita ai soggetti in condizione di particolare disagio ( disabili , donne in stato di gravidanza ) presso propri locali , mentre le altre persone sono state inizialmente ospitate presso una struttura sportiva comunale , dove hanno sostato due giorni ."}
{"sentidx":112065,"lemma":"rosso","token":"rosse","start":318,"end":323,"sent":"Questo episodio ha rievocato un altro caso avvenuto un anno prima , sempre all \u2019 Universita statale di Milano all interno della facolta di scienze politiche , dove uno dei ragazzi aggressori , sempre di sinistra , e stato poi arrestato nell \u2019 ambito di un \u2019 operazione volta a sgominare le nuove cellule delle Brigate rosse ."}
{"sentidx":62421,"lemma":"rosso","token":"rosse","start":185,"end":190,"sent":"Per passare a fatti piu recenti , caro ministro Amato ci risulta che anche oggi il centro sociale Vittoria di Milano abbia espresso solidarieta agli arrestati appartenenti alle Brigate rosse , alcuni dei quali si sono definiti \u00ab prigionieri politici \u00bb ."}
{"sentidx":18980,"lemma":"rosso","token":"rossa","start":29,"end":34,"sent":"Si dice chela cooperazione e rossa \u00bb e si operano distinguo , ma alla fine si tende a colpire il movimento cooperativo italiano : noi rimandiamo al mittente tali accuse ."}
{"sentidx":10703,"lemma":"rosso","token":"rosso","start":82,"end":87,"sent":"Per quanto riguarda il pericolo di un \u2019 eventuale nuova insorgenza del terrorismo rosso , vorrei spendere solo poche parole ."}
{"sentidx":7093,"lemma":"rosso","token":"rosse","start":720,"end":725,"sent":"Sono sicuro che i ciechi politicamente vedono molto di piu di Prodi di questo Governo e dello stesso Ministro Chiti Alla scenetta mancava un soggetto importante : il cane , il nobile cane per i ciechi ; ebbene , improvvisamente il miracolo : il cane entra veramente e si affianca al Ministro Chiti Non si tratta , pero , del prezioso animale accompagnatore e amico dei disabili e dei non vedenti , ma del pitt bull ingannatore cattivo e feroce divoratore di liberi professionisti , artigiani , commercianti , cittadini dediti alle arti e ai mestieri , lavoratori , impiegati e pensionati : era il Viceministro Visco notoriamente amico \u00ab speciale \u00bb della Guardia di finanza , dell \u2019 economia creativa , delle cooperative rosse , dell \u2019 Unipol delle banche , dei bancari e dei banchieri e in particolare , di tutti quelli del Monte dei Paschi di Siena e di certi industriali simili a Luca Cordero di Montezemolo che pretenderebbero ancora di dividere gli utili e socializzare le perdite ."}
{"sentidx":93747,"lemma":"rosso","token":"rossa","start":326,"end":331,"sent":"Ritengo signor Presidente che aldi la delle opinioni che si possano nutrire circa la sua legge , egli debba diventare patrimonio di tutti , a maggior ragione in conseguenza del fatto che , proprio recentemente , indagini di polizia e di intelligence hanno condotto alla scoperta di nuovi nuclei di terroristi di ispirazione \u00ab rossa \u00bb che hanno preoccupato l opinione pubblica e sui quali , mi sembra , sia stata resa anche un \u2019 informativa del Governo al Parlamento Volevo intervenire solo per rilevare cio e per sollecitare la Presidenza a far s\u0131 chesi pongano in essere iniziative opportune per ricordare , come gia detto , una figura che ritengo sia ormai un patrimonio comune della nazione ."}
{"sentidx":32156,"lemma":"rosso","token":"Rossa","start":228,"end":233,"sent":"Come dicevo , gli abitanti isolati sono 500 Immediatamente sono partite le operazioni di soccorso , portate avanti dalla Protezione civile , dai Vigili del fuoco , dai volontari della Misericordia della Croce Bianca della Croce Rossa circa 30 persone ancora oggi sono sotto la frana per assicurare un monitoraggio continuo ."}
{"sentidx":48387,"lemma":"rosso","token":"rossa","start":423,"end":428,"sent":"Il pagamento di 168 euro di tasse di concessione governativa una tantum , un pagamento di cinquanta euro ogni anno di diritto a domanda di iscrizione , un obbligo di iscrizione alla Camera di commercio , un obbligo di utilizzare macchine e mezzi rispettosi delle norme in materia di trasporto e sicurezza , un obbligo di rispettare norme in materia di trasporto dei rifiuti esibendo una targa con sfondo giallo ela scritta rossa con una \u00ab r obbligo di usare i contenitori a norma ."}
{"sentidx":8677,"lemma":"rosso","token":"rosse","start":541,"end":546,"sent":"Nell auspicare che l istituzione di un giorno della memoria delle vittime del terrorismo induca il Governo a riconsiderare la politica attuata in materia di immigrazione , anche al fine di contrastare efficacemente eventuali azioni terroristiche di matrice islamica , riterrebbe opportuno individuare nel 26 marzo il giorno dell \u2019 istituenda celebrazione , in coincidenza con l anniversario dell \u2019 uccisione di un comune cittadino , Alessandro Floris nel corso di una rapina che avrebbe dovuto finanziare il nascente movimento delle Brigate rosse ."}
{"sentidx":43524,"lemma":"rosso","token":"rosso","start":515,"end":520,"sent":"Accanto all errore dei comunisti ci fu quello dell \u2019 Occidente Francia e Inghilterra ne approfittarono per fare il loro intervento a Suez l America fece finta di non guardare , Yalta imperava e solo migliaia e migliaia di italiani , fra i quali ricordo Mirko Tremaglia che ando in Ungheria a portare la man forte di tanti giovani che volevano partecipare a quella battaglia di liberta , sfilarono in Italia per testimoniare che cera qualcuno che non si arrendeva di fronte a quello che chiamavamo il brutale \u00ab orso rosso \u00bb ."}
{"sentidx":38052,"lemma":"rosso","token":"rossa","start":29,"end":34,"sent":"Il primo riguardava la Croce rossa , il secondo la subsidenza nel nord est ed il terzo il Vajont Vi erano , quindi , queste tre questioni , ne abbiamo discusso e sono stati risolti anche tali problemi ."}
{"sentidx":109505,"lemma":"rosso","token":"rosse","start":141,"end":146,"sent":"Guarda casose si va a vedere , le sessanta cause che il Governo richiama nella sua relazione fanno capo quasi tutte a cooperative cosiddette rosse e in maniera particolare , al Consorzio cooperative costruzioni !"}
{"sentidx":62481,"lemma":"rosso","token":"rosse","start":72,"end":77,"sent":"Sono stati ricordati alcuni esponenti sindacali trucidati dalle Brigate rosse , come Guido Rossa Ma non ce dubbio che in tutti questi anni \u2013 e non solo oggi anche qui ce stata una mancanza di controllo , ce stata su una strizzata d occhio , qualche volta , nei confronti di questi esponenti ."}
{"sentidx":58692,"lemma":"rosso","token":"rosse","start":80,"end":85,"sent":"Ad esempio , provo un certo fastidio nell \u2019 ascoltare spesso l espressione Coop rosse , in quanto non si tratta dell \u2019 unica fonte di cooperazione nel Paese Vorrei ricordare , ad esempio , che nella regione da cui provengo \u2013 la stessa da cui proviene lei , signor Presidente e il collega Garagnani vie una rete fitta di negozi che operano nel settore della media distribuzione ( piu che in quello della grande distribuzione ) ."}
{"sentidx":114334,"lemma":"rosso","token":"rosse","start":88,"end":93,"sent":"Per altro verso pero , notiamo che in determinate zone d Italia le cosiddette \u00ab regioni rosse \u00bb \u2013 non possiamo giudicare la presenza della cooperazione solo in termini positivi , ma spesso anche in termini negativi , perche l esistenza delle cooperative di grande distribuzione fa concorrenza anche ai settori privati ."}
{"sentidx":62471,"lemma":"rosso","token":"rosse","start":80,"end":85,"sent":"Si tratta quindi di un pericolo piu grave di quello rappresentato dalle Brigate rosse , che hanno colpito cos\u0131 duramente negli anni passati , un pericolo che riguarda il mondo del lavoro , il mondo produttivo , le piccole e le grandi imprese e le aree dismesse ."}
{"sentidx":6927,"lemma":"rosso","token":"rosse","start":170,"end":175,"sent":"Inducono a questa conclusione sia la forma estremamente elementare dello scritto sia la mancanza di alcuni elementi caratteristici e costanti dei documenti delle brigate rosse , quali , in particolare , le consuete analisi , in chiave marxista - leninista , degli scenari di politica interna e internazionale ."}
{"sentidx":8997,"lemma":"rosso","token":"rosse","start":403,"end":408,"sent":"Dopo l uccisione di Aldo Moro un altro evento che segno una lacerazione fortissima per la classe lavoratrice , avvenne il 24 gennaio 1979 quando fu colpito al cuore il sindacalista \u2013 e quindi il sindacato tutto con l uccisione di un suo delegato \u2013 Guido Rossa Guido Rossa sapeva di rischiare la vita nel momento in cui aveva denunciato un operaio scoperto a lasciare in fabbrica volantini delle brigate rosse , ma non esito a compiere il suo dovere perche aveva gia capito che le Brigate rosse erano nemiche dei lavoratori e del sindacato ."}
{"sentidx":8997,"lemma":"rosso","token":"rosse","start":488,"end":493,"sent":"Dopo l uccisione di Aldo Moro un altro evento che segno una lacerazione fortissima per la classe lavoratrice , avvenne il 24 gennaio 1979 quando fu colpito al cuore il sindacalista \u2013 e quindi il sindacato tutto con l uccisione di un suo delegato \u2013 Guido Rossa Guido Rossa sapeva di rischiare la vita nel momento in cui aveva denunciato un operaio scoperto a lasciare in fabbrica volantini delle brigate rosse , ma non esito a compiere il suo dovere perche aveva gia capito che le Brigate rosse erano nemiche dei lavoratori e del sindacato ."}
{"sentidx":9064,"lemma":"rosso","token":"rosse","start":327,"end":332,"sent":"Cio nonostante , siamo piu favorevoli a quella del 9 maggio , perche rappresenta un avvenimento di grande importanza nella storia repubblicana , un momento in cui tutti gli italiani , tutti i partiti politici si sono ritrovati uniti nel condannare il terrorismo , di fronte alla punta massima dell \u2019 aggressivita delle Brigate rosse ."}
{"sentidx":68294,"lemma":"rosso","token":"rosse","start":337,"end":342,"sent":"Vorrei pero ricordare al riguardo che una caratteristica dei rapporti tra politica e terrorismo negli anni di piombo risiede proprio nell \u2019 essere riusciti a costruire un muro contro il terrorismo , ingaggiando una lotta unitaria in quanto la sinistra ed i sindacati presero incondizionatamente le distanze dalle posizioni delle Brigate rosse ."}
{"sentidx":9010,"lemma":"rosso","token":"rossa","start":826,"end":831,"sent":"Non e certamente cos\u0131 per il fenomeno terroristico in Italia per il quale e possibile indicare un preciso punto di svolta , una data che condizionera il suo emergere ed il suo drammatico imporsi sulla scena politica del Paese il 12 dicembre 1969 giorno della strage di piazza Fontana a Milano cui puo farsi risalire storicamente la svolta del fenomeno terroristico in Italia Il culmine , pero , della triste stagione delle stragi , che , in alcuni momenti , hanno fatto addirittura vacillare lo Stato democratico , e rappresentato senz altro dal rapimento e dall uccisione di Aldo Moro avvenuta il 9 maggio del 1978 Da allora sono passati 29 anni poco piu che una generazione , un periodo di tempo che ha progressivamente caricato , in Italia e nel mondo , la parola terrorismo di altri significati , sostituendo alle matrici rossa onera le matrici islamica o internazionale e riproponendo nel Paese una matrice interna che molti speravano superata , ma che i gravissimi episodi di questi ultimi anni , e direi anche di questi ultimi giorni , rivelano come ancora presente , pericolosa e pertanto ancora da combattere e sconfiggere , non prima , pero , di averla conosciuta ed emarginata da qualsiasi contesto sociale , politico e culturale del nostro Paese In questa evoluzione , che copre ormai cinquant anni della nostra storia repubblicana , caratterizzata da processi di trasformazione del fenomeno terroristico , ma non ancora dalla sua definitiva scomparsa , e impossibile non giungere al 9 maggio 1978 e non ripartire da questa stessa data ."}
{"sentidx":257,"lemma":"rosso","token":"rosso","start":253,"end":258,"sent":"Esprimero con decisione voto contrario su questo emendamento sia perche costituisce una alterazione dell \u2019 orientamento sul quale l Assemblea si stava esprimendo nella giornata di ieri , sia perche non mi piacciono queste manovre generali di \u00ab soccorso rosso \u00bb che intervengono per salvare la sinistra quando e un po in imbarazzo ."}
{"sentidx":73193,"lemma":"rosso","token":"rosse","start":87,"end":92,"sent":"Si tratta di sovversione collaterale \u2013 che poi puo degenerare ad esempio nelle Brigate rosse \u2013 , in una manifestazione organizzata da Alleanza Nazionale Quindi dovremmo chiedere al ministro Amato come mai none intervenuto tempestivamente , come avrebbe dovuto fare nella sua veste di ministro del Governo per riferire alle Camere anche quando succedono questi spiacevoli inconvenienti ."}
{"sentidx":62319,"lemma":"rosso","token":"rosse","start":46,"end":51,"sent":"Questo secondo spezzone delle vecchie Brigate rosse dette origine , inizialmente , all \u2019 Unione dei comunisti combattenti che , negli anni 1986 1987 si rese responsabile del ferimento di Antonio Da Empoli prima , e dell uccisione del generale Giorgeri dopo Successivamente essa venne smembrata , ma , anche grazie alla latitanza in Francia di alcuni dei suoi militanti , continuo ad operare brandendo sino ad oltre la meta degli anni Novanta dando vita , a quel punto , alla cellula per la costituzione del Partito comunista combattente , che pubblicava l opuscolo Per il Partito che in qualche modo , e il progenitore de L Aurora di cui parlero tra poco , una pubblicazione alla quale gli apparati che fanno capo al Ministero dell interno hanno dedicato , in questi anni , una particolare ed accentuata attenzione , proprio perche quanto l\u0131 pubblicato era espressivo dell \u2019 orientamento che caratterizza la Seconda posizione e chela spinge , non solo a distinguersi dalla Prima ma anche a criticare Di questa area , particolarmente insediata a Parigi faceva parte Alfredo Davanzo il leader ideologico del gruppo sgominato con gli arresti dell \u2019 altro ieri ."}
{"sentidx":8934,"lemma":"rosso","token":"rosse","start":53,"end":58,"sent":"D altra parte il fenomeno terroristico delle Brigate rosse , purtroppo , ancora sopravvive ."}
{"sentidx":58625,"lemma":"rosso","token":"rosse","start":402,"end":407,"sent":"Del resto , questo e stato sottolineato dalla documentazione preAtti Parlamentari 3 Camera dei Deputati XV LEGISLATURA DISCUSSIONI SEDUTA DEL 12 NOVEMBRE 2007 N 240 sente nel libro di Caprotti titolare del marchio Esselunga il quale non ha fatto altro che evidenziare la punta dell \u2019 iceberg di un disagio che e conosciuto da tutta l opinione pubblica emiliano - romagnola : lo scambio fra cooperative rosse ed enti locali ; la disinvolta partecipazione oil disinvolto passaggio di amministratori delle une nei ruoli degli altri , a livello di sindaci o assessori ; gli appalti , che danno adito a qualche dubbio quanto a regolarita ; piu in generale , un monopolio di potere di fatto per cui spesso questi giganti , nei settori edilizio , distributivo e sanitario fanno la parte del leone , comprimendo la gia scarsa autonomia economica dei singoli che e presente nella nostra realta ."}
{"sentidx":61390,"lemma":"rosso","token":"rosse","start":144,"end":149,"sent":"Il primo grande partito - azienda nel nostro Paese e stato il Partito Comunista Italiano ed oggi lo sono i DS con le derivate delle cooperative rosse , dell \u2019 Unipol ricordate la battuta famosa : \u00ab abbiamo una banca ?"}
{"sentidx":101575,"lemma":"rosso","token":"rosso","start":244,"end":249,"sent":"Puntuale e patetico , a questo punto , lo sconcerto delle grandi firme del giornalismo nostrano , avvilite dall \u2019 inaspettata caduta di stile e modicamente preoccupate ( dovranno pure scusarsi con i loro lettori ) per il colore prevalente ( il rosso ) , che si fa apprezzare a prima vista in questo esecutivo ."}
{"sentidx":82047,"lemma":"rosso","token":"rossa","start":111,"end":116,"sent":"Ebbene la regione che mi esprime elettoralmente , l Umbria che puree governata dalla sinistra rosa , da quella rossa e da quella ultrarossa , per non parlare di quella bianca , questa piccola regione , a nostra vergogna , e in testa nelle graduatorie nazionali per infortuni , anche mortali , sul lavoro ."}
{"sentidx":115873,"lemma":"rosso","token":"rossa","start":223,"end":228,"sent":"Il decreto - legge sulla sicurezza sarebbe stato di per se gia inficiato dal ritardo cronico con cui si puo misurare la sensibilita che questo Governo dimostra agli italiani , se non fosse stato per la classica \u00ab ciliegina rossa \u00bb che lo ha reso anche ridicolo !"}
{"sentidx":114335,"lemma":"rosso","token":"rosse","start":272,"end":277,"sent":"In questo caso poniamo in dubbio l aspetto della mutualita prevalente , l aspetto specifico delle caratteristiche della cooperazione , anche per l unione ela collusione che vi e oggettivamente , con il mondo politico , in determinate regioni ( ci riferiamo alle \u00ab regioni rosse \u00bb , dove lo spirito cooperativo viene utilizzato non solo per un aspetto sociale ed economico , ma anche per altri aspetti , che sono poco sociali e anche poco economici ) ."}
{"sentidx":77915,"lemma":"rosso","token":"rosso","start":479,"end":484,"sent":"E di certo anche un problema di misure specifiche \u2013 cui accennero fra breve \u2013 , ma non si comprenderebbe quanto sta accadendo , cioe un \u2019 ondata di infortuni e di morti , se prescindessimo da qualsiasi considerazione generale sulla condizione del lavoro oggi in Italia e in tutta Europa Quando si discute dei cosiddetti costi del lavoro , dei contratti e della produttivita , temi su cui si battera con fervore nelle prossime settimane , bisogna tenere presente che vi e un filo rosso \u2013 talvolta , anche di sangue \u2013 che lega il tema degli infortuni sul lavoro all \u2019 esasperata tensione alla riduzione dei costi , dettata da una concezione dell \u2019 attivita imprenditoriale che subordina ogni bene ed ogni valore alla ricerca immediata del massimo profitto ."}
{"sentidx":2767,"lemma":"rosso","token":"rossa","start":452,"end":457,"sent":"Infine quanto al punto relativo agli enti locali , faccio presente che la situazione a Napoli nel corso di questi dieci anni e solo peggiorata e che l annunciato \u00ab Rinascimento napoletano e stata solo propaganda per coprire il piu violento , arrogante e protervo sistema di potere clientelare che mai si sia riscontrato a Napoli e in Campania Il sistema della sinistra \u00bb ha fatto s\u0131 che oggi Napoli ela Campania siano diventati peggio di una regione \u00ab rossa \u00bb , dove non si lavora , non si guadagna , non si vincono appalti e non si entra nelle ASL se non si appartiene a quel sistema di potere clientelare ."}
{"sentidx":62472,"lemma":"rosso","token":"rosso","start":216,"end":221,"sent":"Questa preoccupazione e cos\u0131 forte che noi crediamo che lei e il Governo dobbiate compiere uno sforzo altissimo per evitare che si ritorni all \u2019 esperienza di molti anni fa , con quella saldatura tra il \u00ab brigatismo rosso \u00bb ed esponenti della cultura che ha generato la stagione di sangue che tutti noi conosciamo ."}
{"sentidx":72567,"lemma":"rosso","token":"rosso","start":91,"end":96,"sent":"Quando eravamo bambini , se andavamo fuori tema , i professori apponevano un segno rosso , rosso - blu o peggio ancora , blu ."}
{"sentidx":72567,"lemma":"rosso","token":"rosso","start":83,"end":88,"sent":"Quando eravamo bambini , se andavamo fuori tema , i professori apponevano un segno rosso , rosso - blu o peggio ancora , blu ."}
{"sentidx":62353,"lemma":"rosso","token":"rosse","start":108,"end":113,"sent":"Siamo ben lontani da quella rete indefinita di nascosti consensi e di nascoste complicita di cui le brigate rosse usufruirono prima dell \u2019 assassinio di Aldo Moro che rappresento la fine delle solidarieta attorno a loro ma di sicuro ce qualcosa di piu dell \u2019 isolamento nell \u2019 azione militare dell \u2019 ala militarista della Lioce quella degli assassini di D Antona e di Biagi Quindi qui ce una rete , non particolarmente estesa , della quale noi dobbiamo tenere conto ."}
{"sentidx":117044,"lemma":"rosso","token":"rossa","start":217,"end":222,"sent":"Dal momento che si fa riferimento all \u2019 Europa a Rostock ce stato un meeting del G8 Non faccio commenti sull \u2019 avvenimento in se ; ci sono state , pero , sentenze dei tribunali che hanno chiesto di togliere la \u00ab zona rossa \u00bb a sei chilometri di distanza , si sono fatti accordi per far arrivare tutti i manifestanti , ci sono state azioni della polizia , assolutamente circoscritte e comunque criticate da tutta la stampa tedesca come eccessive , che sulla base della nostra esperienza a me sono sembrate normali ."}
{"sentidx":62477,"lemma":"rosso","token":"rosse","start":71,"end":76,"sent":"E lecito supporre che quelle che si presentavano come le nuove Brigate rosse , eredi dei leader dell \u2019 ultima leva , non siano che un gruppo molto ridotto , senza legami sociali , in grado solo di compiere omicidi isolati \u00bb ( sottolineo l espressione \u00ab omicidi isolati \u00bb ) ."}
{"sentidx":6946,"lemma":"rosso","token":"rosse","start":309,"end":314,"sent":"Quindi anche il famoso discorso sulla stella a cinque punte ela diversita , nel volantino , di quella rivendicazione possono essere giustificati se li si considerino come dei gruppi \u2013 questo dovrebbe metterci ancora piu in allarme \u2013 che vogliono qualificarsi ed essere inseriti successivamente tra le brigate rosse stesse ."}
{"sentidx":62436,"lemma":"rosso","token":"rosse","start":110,"end":115,"sent":"Ancora Sergio Segio su Il Corriere della Sera afferma che negli anni Settanta si parlava di brigate sedicenti rosse , di fascisti rossi ."}
