{"sentidx":21614,"lemma":"comunista","token":"comunista","start":31,"end":40,"sent":"Signor Presidente Rifondazione comunista votera favorevolmente sul provvedimento in esame che sana ingiustizie riguardanti alcune categorie ."}
{"sentidx":116755,"lemma":"comunista","token":"comunista","start":79,"end":88,"sent":"Signor Presidente intervengo per dichiarare il voto favorevole di Rifondazione comunista sul provvedimento ."}
{"sentidx":154001,"lemma":"comunista","token":"comunista","start":31,"end":40,"sent":"Signor Presidente Rifondazione comunista votera contro il Governo con molta convinzione e determinazione ."}
{"sentidx":163471,"lemma":"comunista","token":"comunista","start":46,"end":55,"sent":"Vorrei rispondere ai deputati di Rifondazione comunista ."}
{"sentidx":257413,"lemma":"comunista","token":"comunista","start":31,"end":40,"sent":"Signor Presidente Rifondazione comunista esprimera un voto contrario sul provvedimento in esame ."}
{"sentidx":66150,"lemma":"comunista","token":"comunista","start":26,"end":35,"sent":"Il gruppo di Rifondazione comunista votera con convinzione contro questo provvedimento ."}
{"sentidx":241122,"lemma":"comunista","token":"comunista","start":44,"end":53,"sent":"Signor Presidente il gruppo di Rifondazione comunista e contrario alla proposta di disciplina giuridica ed economica del personale militare impiegato in missioni internazionali ."}
{"sentidx":138148,"lemma":"comunista","token":"comunista","start":65,"end":74,"sent":"Signor Presidente onorevoli colleghi , il gruppo di Rifondazione comunista esprimera voto contrario su questo provvedimento ."}
{"sentidx":257345,"lemma":"comunista","token":"comunista","start":89,"end":98,"sent":"Signor Presidente intervengo per annunciare il voto contrario del gruppo di Rifondazione comunista ."}
{"sentidx":327725,"lemma":"comunista","token":"comunista","start":44,"end":53,"sent":"Signor Presidente il gruppo di Rifondazione comunista esprimera un voto contrario su questo provvedimento ."}
{"sentidx":47252,"lemma":"comunista","token":"comunista","start":88,"end":97,"sent":"Signor Presidente vorrei motivare la posizione di astensione del gruppo di Rifondazione comunista ."}
{"sentidx":133679,"lemma":"comunista","token":"comunista","start":76,"end":85,"sent":"Signor Presidente preannuncio il voto favorevole del gruppo di Rifondazione comunista sul provvedimento in esame ."}
{"sentidx":301039,"lemma":"comunista","token":"comunista","start":53,"end":62,"sent":"Parlo di operazione distributiva perche Rifondazione comunista intende contrastare ogni tentativo , diretto o mascherato , di riduzione della spesa sanitaria pubblica ."}
{"sentidx":56426,"lemma":"comunista","token":"comunista","start":84,"end":93,"sent":"Come potra testimoniare il Presidente della Camera Casini il gruppo di Rifondazione comunista non voleva in calendario questo provvedimento neanche questa settimana ."}
{"sentidx":181025,"lemma":"comunista","token":"comunista","start":56,"end":65,"sent":"Signor Presidente i deputati del gruppo di Rifondazione comunista voteranno naturalmente contro questo disegno di legge ."}
{"sentidx":306472,"lemma":"comunista","token":"comunista","start":74,"end":83,"sent":"nel dichiarare il voto favorevole dei deputati del gruppo di Rifondazione comunista , sottolinea la particolare limitatezza delle ulteriori modificazioni apportate dal Senato ela larga convergenza parlamentare registrata sul merito della proposta di legge ."}
{"sentidx":127590,"lemma":"comunista","token":"comunista","start":223,"end":232,"sent":"giudicata prioritaria l esigenza di favorire la partecipazione dei cittadini alla vita politica ed istituzionale del Paese segnatamente alle consultazioni elettorali , dichiara il voto favorevole del gruppo di Rifondazione comunista ."}
{"sentidx":100982,"lemma":"comunista","token":"comunista","start":107,"end":116,"sent":"Vorrei rispondere adesso al collega Volonte il quale ha precedentemente accusato il gruppo di Rifondazione comunista di non essere sufficientemente grato del piccolo miglioramento che verrebbe introdotto eliminando la competenza esclusiva delle regioni nelle materie della sanita e dell istruzione ."}
{"sentidx":45112,"lemma":"comunista","token":"comunista","start":44,"end":53,"sent":"Signor Presidente il gruppo di Rifondazione comunista si asterra su questo provvedimento ."}
{"sentidx":246154,"lemma":"comunista","token":"comunista","start":77,"end":86,"sent":"Dichiara quindi , il voto favorevole dei deputati del gruppo di Rifondazione comunista sulla questione pregiudiziale Violante n"}
{"sentidx":27541,"lemma":"comunista","token":"comunista","start":13,"end":22,"sent":"Rifondazione comunista intende contrastare ogni tentativo , diretto o mascherato , di riduzione della spesa sanitaria pubblica ."}
{"sentidx":218596,"lemma":"comunista","token":"comunisti","start":7,"end":16,"sent":"Sono i comunisti della"}
{"sentidx":292705,"lemma":"comunista","token":"comunista","start":85,"end":94,"sent":"Signor Presidente annuncio il voto contrario dei deputati del gruppo di Rifondazione comunista ."}
{"sentidx":19049,"lemma":"comunista","token":"comunista","start":63,"end":72,"sent":"Naturalmente non si possono imputare al gruppo di Rifondazione comunista i precedenti passaggi ."}
{"sentidx":275221,"lemma":"comunista","token":"comunista","start":56,"end":65,"sent":"Signor Presidente i deputati del gruppo di Rifondazione comunista voteranno contro il provvedimento in esame ."}
{"sentidx":182365,"lemma":"comunista","token":"comunista","start":59,"end":68,"sent":"Signor Presidente preannunzio cheil gruppo di Rifondazione comunista votera contro il disegno di legge recante queste modifiche costituzionali , poiche esse riguardano la parte II della Costituzione ma incideranno sulla prima , contenente i diritti fondamentali ."}
{"sentidx":287368,"lemma":"comunista","token":"comunista","start":73,"end":82,"sent":"Signor Presidente signori del Governo forse ricorderete che Rifondazione comunista vi aveva sfidato su questo tema ."}
{"sentidx":307368,"lemma":"comunista","token":"comunista","start":24,"end":33,"sent":"Per questo Rifondazione comunista esprimera in modo convinto un voto contrario ."}
{"sentidx":135214,"lemma":"comunista","token":"comunista","start":112,"end":121,"sent":"Invece abbiamo assistito alla presentazione di una sola relazione minoranza da parte del gruppo di Rifondazione comunista ."}
{"sentidx":262391,"lemma":"comunista","token":"comunista","start":20,"end":29,"sent":"Noi di Rifondazione comunista ne dubitiamo ."}
{"sentidx":164412,"lemma":"comunista","token":"comunista","start":54,"end":63,"sent":"dichiara il voto contrario del gruppo di Rifondazione comunista ."}
{"sentidx":101217,"lemma":"comunista","token":"comunista","start":51,"end":60,"sent":"dichiara che i deputati del gruppo di Rifondazione comunista confermano la loro profonda sfiducia nei confronti del Governo sulla cui politica economica esprime un giudizio fortemente critico ."}
{"sentidx":85325,"lemma":"comunista","token":"comunista","start":68,"end":77,"sent":"Dichiara il voto favorevole dei deputati del gruppo di Rifondazione comunista ."}
{"sentidx":21709,"lemma":"comunista","token":"comunista","start":232,"end":241,"sent":"Ma si sostiene anche che quel pubblico ministero avrebbe perseguito il presidente Confalonieri peri finanziamenti erogati al Partito socialista , mentre non avrebbe fatto altrettanto per i finanziamenti erogati a favore del Partito comunista ."}
{"sentidx":53991,"lemma":"comunista","token":"comunista","start":44,"end":53,"sent":"Signor Presidente il gruppo di Rifondazione comunista esprimera un voto contrario , fortemente motivato , sulla questione di fiducia relativa a questo provvedimento ."}
{"sentidx":258434,"lemma":"comunista","token":"comunista","start":176,"end":185,"sent":"sottolineata l estrema rilevanza della disciplina in esame , che avrebbe potuto essere ulteriormente migliorata , dichiara l astensione dei deputati del gruppo di Rifondazione comunista ."}
{"sentidx":210016,"lemma":"comunista","token":"comunista","start":188,"end":197,"sent":"espresso apprezzamento per il testo predisposto dalla I Commissione e perla qualita del dibattito svoltasi in Assemblea dichiara il voto favorevole dei deputati del gruppo di Rifondazione comunista ."}
{"sentidx":86730,"lemma":"comunista","token":"comunista","start":44,"end":53,"sent":"Signor Presidente il gruppo di Rifondazione comunista esprimera un voto contrario al provvedimento al nostro esame , sostanzialmente , perche riteniamo che il cosiddetto collegato verde alla finanziaria sia un \u2019 occasione perduta ."}
{"sentidx":55324,"lemma":"comunista","token":"comunista","start":86,"end":95,"sent":"Signor Presidente intervengo solo per preannunciare il voto contrario di Rifondazione comunista per i motivi gia illustrati nel corso del dibattito ."}
{"sentidx":164650,"lemma":"comunista","token":"comunista","start":78,"end":87,"sent":"Signor Presidente per dichiarare il voto contrario del gruppo di Rifondazione comunista , potrei fare riferimento alle argomentazioni gia proposte nel corso della discussione del presente disegno di legge ."}
{"sentidx":113513,"lemma":"comunista","token":"comunista","start":54,"end":63,"sent":"dichiara il voto contrario del gruppo di Rifondazione comunista sul testo alternativo del relatore di minoranza Cima La Camera con votazione nominale elettronica , respinge il testo alternativo del relatore di minoranza"}
{"sentidx":246409,"lemma":"comunista","token":"comunista","start":63,"end":72,"sent":"Ecco le ragioni del voto favorevole del gruppo di Rifondazione comunista sulla questione pregiudiziale di costituzionalita presentata dal collega Violante ed altri ( Applausi dei deputati del gruppo di Rifondazione comunista ) ."}
{"sentidx":246409,"lemma":"comunista","token":"comunista","start":215,"end":224,"sent":"Ecco le ragioni del voto favorevole del gruppo di Rifondazione comunista sulla questione pregiudiziale di costituzionalita presentata dal collega Violante ed altri ( Applausi dei deputati del gruppo di Rifondazione comunista ) ."}
{"sentidx":180805,"lemma":"comunista","token":"comunista","start":194,"end":203,"sent":"nel lamentare il fatto che non risultano chiaramente definiti gli obiettivi delle operazioni militari internazionali attualmente in corso , dichiara il voto contrario del gruppo di Rifondazione comunista sul disegno di legge di conversione ."}
{"sentidx":69055,"lemma":"comunista","token":"comunista","start":44,"end":53,"sent":"Signor Presidente il gruppo di Rifondazione comunista votera in modo convinto a favore della questione pregiudiziale in esame ."}
{"sentidx":162981,"lemma":"comunista","token":"comunista","start":67,"end":76,"sent":"dichiara il voto contrario dei deputati del gruppo di Rifondazione comunista ."}
{"sentidx":276882,"lemma":"comunista","token":"comunista","start":67,"end":76,"sent":"dichiara il voto contrario dei deputati del gruppo di Rifondazione comunista ."}
{"sentidx":231390,"lemma":"comunista","token":"comunista","start":67,"end":76,"sent":"dichiara il voto contrario dei deputati del gruppo di Rifondazione comunista ."}
{"sentidx":183462,"lemma":"comunista","token":"comunista","start":67,"end":76,"sent":"dichiara il voto contrario dei deputati del gruppo di Rifondazione comunista ."}
{"sentidx":6677,"lemma":"comunista","token":"comunista","start":228,"end":237,"sent":"Osservato altresi che l inserimento nel testo in esame del riferimento alla parita di accesso alle cariche pubbliche avrebbe garantito una situazione di uguaglianza sostanziale , dichiara l astensione del gruppo di Rifondazione comunista ."}
{"sentidx":273826,"lemma":"comunista","token":"comunista","start":24,"end":33,"sent":"Ancora ieri il giornale comunista Financial financial irrideva delle posizioni solitarie e singolari in Europa del Governo Berlusconi Perche questa ela tragica ironia della sorte che riservate al nostro paese ."}
{"sentidx":141084,"lemma":"comunista","token":"comunista","start":138,"end":147,"sent":"Per questi motivi , poiche condividiamo il contenuto della questione pregiudiziale in esame , annuncio il voto favorevole di Rifondazione comunista ."}
{"sentidx":236719,"lemma":"comunista","token":"comunista","start":92,"end":101,"sent":"Signor Presidente intervengo per preannunziare il voto contrario del gruppo di Rifondazione comunista sul disegno di legge in esame ."}
{"sentidx":32480,"lemma":"comunista","token":"comunista","start":49,"end":58,"sent":"dichiara l astensione del gruppo di Rifondazione comunista sul disegno di legge di conversione , sottolineando , in particolare , le modifiche apportate al testo del provvedimento d urgenza relativamente alla composizione del consiglio di amministrazione e del"}
{"sentidx":205859,"lemma":"comunista","token":"comunista","start":44,"end":53,"sent":"Signor Presidente il gruppo di Rifondazione comunista si appresta a votare contro questo decreto ."}
{"sentidx":83174,"lemma":"comunista","token":"comunista","start":170,"end":179,"sent":"Credo che questo problema debba essere affrontato dalla Presidenza della Camera con maggiore nettezza e determinazione ( Applausi dei deputati del gruppo di Rifondazione comunista ) ."}
{"sentidx":120364,"lemma":"comunista","token":"comunista","start":74,"end":83,"sent":"Dichiara pertanto , il convinto voto contrario del gruppo di Rifondazione comunista ."}
{"sentidx":276837,"lemma":"comunista","token":"comunista","start":54,"end":63,"sent":"dichiara il voto contrario del gruppo di Rifondazione comunista alla conversione in legge di un provvedimento d urgenza eterogeneo nei contenuti ."}
{"sentidx":312031,"lemma":"comunista","token":"comunista","start":30,"end":39,"sent":"Per il gruppo di Rifondazione comunista cio lascia molte perplessita ."}
{"sentidx":51299,"lemma":"comunista","token":"comunista","start":73,"end":82,"sent":"nel dichiarare il voto contrario dei deputati del gruppo di Rifondazione comunista , manifesta preoccupazione , in particolare , per i rischi derivanti dalla commistione fra interessi pubblici e privati nella gestione della ricerca scientifica e dell assistenza sanitaria ."}
{"sentidx":264431,"lemma":"comunista","token":"comunista","start":63,"end":72,"sent":"Credo che non debba meravigliare che il gruppo di Rifondazione comunista , notoriamente molto critico rispetto agli immensi e poco chiari profitti dell \u2019 industria farmaceutica , nutra alcune riserve su questo provvedimento ."}
{"sentidx":326069,"lemma":"comunista","token":"comunista","start":74,"end":83,"sent":"nel dichiarare il voto favorevole dei deputati del gruppo di Rifondazione comunista , osserva che la politica attuata dal Governo in materia ambientale e palesemente in contraddizione con la condivisibile Convenzione in esame ."}
{"sentidx":192362,"lemma":"comunista","token":"comunista","start":244,"end":253,"sent":"Ribadisce inoltre la necessita che il Governo si impegni a sostituire i vertici delle forze dell \u2019 ordine e chiede ai deputati della sinistra democratica di sottoscrivere la mozione di sfiducia individuale presentata dal gruppo di Rifondazione comunista ."}
{"sentidx":336791,"lemma":"comunista","token":"comunista","start":100,"end":109,"sent":"Tale legge venne approvata a maggioranza pressoche totale , ad eccezione del gruppo di Rifondazione comunista che si e sempre coerentemente dichiarato contrario al numero chiuso ."}
{"sentidx":317722,"lemma":"comunista","token":"comunista","start":75,"end":84,"sent":"manifesta l orientamento contrario dei deputati del gruppo di Rifondazione comunista alla ratifica di una Costituzione europea che ritiene espressione di un non condivisibile modello economico - sociale che non tiene nella dovuta considerazione l esigenza di tutelare i diritti civili e sociali dei cittadini , ai quali peraltro si sarebbe dovuta garantire l opportunita di esprimersi attraverso un referendum ."}
{"sentidx":266586,"lemma":"comunista","token":"comunista","start":120,"end":129,"sent":"E un principio fondamentale della parte migliore della storia del Novecento none un principio socialista , ne tantomeno comunista ."}
{"sentidx":312214,"lemma":"comunista","token":"comunista","start":49,"end":58,"sent":"dichiara l astensione del gruppo di Rifondazione comunista sul disegno di legge di conversione ."}
{"sentidx":2304,"lemma":"comunista","token":"comunista","start":207,"end":216,"sent":"Contro ogni provocazione solo la mobilitazione democratica di massa potra determinare una svolta reale e una scelta di partecipazione critica e consapevole ( Applausi dei deputati del gruppo di Rifondazione comunista ) ."}
{"sentidx":47824,"lemma":"comunista","token":"comunista","start":87,"end":96,"sent":"Peraltro la questione dei finanziamenti provenienti dall \u2019 Unione sovietica al partito comunista italiano era gia stato elemento di approfondimento e di indagine da parte della Commissione stragi , che aveva affidato questo compito ad uno storico ."}
{"sentidx":67226,"lemma":"comunista","token":"comunista","start":193,"end":202,"sent":"Queste ultime considerazioni non fanno che avvalorare ulteriormente la nostra scelta di esprimere sul provvedimento in esame un voto negativo ( Applausi dei deputati del gruppo di Rifondazione comunista ) ."}
{"sentidx":314743,"lemma":"comunista","token":"comunista","start":69,"end":78,"sent":"Questi sono i motivi fondamentali dell \u2019 opposizione di Rifondazione comunista ( Applausi dei deputati dei gruppi di Rifondazione comunista e dei Democratici di sinistra - L"}
{"sentidx":314743,"lemma":"comunista","token":"comunista","start":130,"end":139,"sent":"Questi sono i motivi fondamentali dell \u2019 opposizione di Rifondazione comunista ( Applausi dei deputati dei gruppi di Rifondazione comunista e dei Democratici di sinistra - L"}
{"sentidx":80361,"lemma":"comunista","token":"comunista","start":50,"end":59,"sent":"Ministro Frattini questo l ha detto un pericoloso comunista , Lord Brittan per dieci anni ministro dei governi Thatcher membro e Vicepresidente della Commissione europea ."}
{"sentidx":101172,"lemma":"comunista","token":"comunista","start":187,"end":196,"sent":"Per questi motivi , insistiamo nel dire che questo concetto degli obblighi internazionali deve rimanere nel nostro testo costituzionale ( Applausi dei deputati del gruppo di Rifondazione comunista ) ."}
{"sentidx":151965,"lemma":"comunista","token":"comunista","start":54,"end":63,"sent":"dichiara il voto contrario del gruppo di Rifondazione comunista sul disegno di legge di conversione , che ritiene celi l intendimento del Governo di procedere ad una progressiva privatizzazione del servizio sanitario ."}
{"sentidx":173406,"lemma":"comunista","token":"comunista","start":56,"end":65,"sent":"Grazie Applausi dei deputati dei gruppi di Rifondazione comunista e Misto Verdi l"}
{"sentidx":59811,"lemma":"comunista","token":"comunista","start":189,"end":198,"sent":"I suoi interventi , onorevole Tabacci non vi possono assolvere dalla pesante responsabilita che porterete insieme alla vostra maggioranza ( Applausi dei deputati dei gruppi di Rifondazione comunista e dei Democratici di sinistra - L"}
{"sentidx":172231,"lemma":"comunista","token":"comunista","start":44,"end":53,"sent":"Signor Presidente il gruppo di Rifondazione comunista si asterra dal voto sul provvedimento in esame ."}
{"sentidx":147282,"lemma":"comunista","token":"comunista","start":29,"end":38,"sent":"La polemica con Rifondazione comunista l abbiamo fatta per cinque anni durante la scorsa legislatura !"}
{"sentidx":307356,"lemma":"comunista","token":"comunista","start":165,"end":174,"sent":"Signor Presidente il poco tempo a mia disposizione mi costringe ad esporre soltanto due problemi in questa dichiarazione di voto che vede i deputati di Rifondazione comunista assumere una posizione decisamente contraria al presente disegno di legge ."}
{"sentidx":90666,"lemma":"comunista","token":"comunista","start":57,"end":66,"sent":"E quella che ricorda i Lenin ei Gramsci che Rifondazione comunista ha giustamente cancellato dal suo patrimonio politico ."}
{"sentidx":231265,"lemma":"comunista","token":"comunisti","start":27,"end":36,"sent":"Perche tanto scandalo se i comunisti italiani ripropongono oggi un identico ordine del giorno ?"}
{"sentidx":315139,"lemma":"comunista","token":"comunista","start":78,"end":87,"sent":"Dichiara pertanto , il voto contrario dei deputati del gruppo di Rifondazione comunista sul provvedimento in esame ."}
{"sentidx":44312,"lemma":"comunista","token":"comunisti","start":91,"end":100,"sent":"Signor Presidente sentire un rappresentante del partito popolare alleato con i due partiti comunisti presenti in questo Parlamento Commenti dei deputati dei gruppi dei Democratici di Sinistra L Ulivo e Misto Comunisti italiani ) ."}
{"sentidx":164609,"lemma":"comunista","token":"comunista","start":56,"end":65,"sent":"Grazie Applausi dei deputati del gruppo di Rifondazione comunista ) ."}
{"sentidx":336833,"lemma":"comunista","token":"comunista","start":52,"end":61,"sent":"Sbagliate anche voi , cari colleghi di Rifondazione comunista e dell"}
{"sentidx":117881,"lemma":"comunista","token":"comunista","start":78,"end":87,"sent":"Dichiara pertanto , il voto contrario dei deputati del gruppo di Rifondazione comunista ."}
{"sentidx":43709,"lemma":"comunista","token":"comunista","start":67,"end":76,"sent":"dichiara il voto contrario dei deputati del gruppo di Rifondazione comunista su un disegno di legge che , anche in ragione del conferimento al Governo di una delega legislativa eccessivamente ampia , appare gravemente lesivo delle prerogative parlamentari ."}
{"sentidx":328616,"lemma":"comunista","token":"comunista","start":193,"end":202,"sent":"Esprime altresi soddisfazione per la presentazione , in una logica bipartisan , di un documento di indirizzo unitario , sottoscritto da tutti i gruppi parlamentari ad eccezione di Rifondazione comunista ."}
{"sentidx":226468,"lemma":"comunista","token":"comunista","start":51,"end":60,"sent":"( Applausi dei deputati del gruppo di Rifondazione comunista ) ."}
{"sentidx":41012,"lemma":"comunista","token":"comunista","start":51,"end":60,"sent":"( Applausi dei deputati del gruppo di Rifondazione comunista ) ."}
{"sentidx":246890,"lemma":"comunista","token":"comunista","start":51,"end":60,"sent":"( Applausi dei deputati del gruppo di Rifondazione comunista ) ."}
{"sentidx":121282,"lemma":"comunista","token":"comunisti","start":22,"end":31,"sent":"Onorevole Buontempo i comunisti hanno scritto la Costituzione Voi non c eravate !"}
{"sentidx":179787,"lemma":"comunista","token":"comunista","start":51,"end":60,"sent":"( Applausi dei deputati del gruppo di Rifondazione comunista ) ."}
{"sentidx":266841,"lemma":"comunista","token":"comunista","start":131,"end":140,"sent":"Invitiamo pertanto , l Assemblea ad approvare il nostro emendamento soppressivo ( Applausi dei deputati del gruppo di Rifondazione comunista ) ."}
{"sentidx":317172,"lemma":"comunista","token":"comunista","start":54,"end":63,"sent":"dichiara il voto contrario del gruppo di Rifondazione comunista sul disegno di legge di conversione ."}
{"sentidx":270475,"lemma":"comunista","token":"comunista","start":67,"end":76,"sent":"dichiara il voto contrario dei deputati del gruppo di Rifondazione comunista sul disegno di legge di conversione ."}
{"sentidx":303072,"lemma":"comunista","token":"comunista","start":31,"end":40,"sent":"Signor Presidente Rifondazione comunista esprimera un voto contrario sulla conversione in legge del decreto al nostro esame per ragioni di testo e di contesto ."}
{"sentidx":217210,"lemma":"comunista","token":"comunista","start":129,"end":138,"sent":"Effettivamente questo non e sopportabile in un sistema di democrazia liberale ( Applausi dei deputati del gruppo di Rifondazione comunista ) ."}
{"sentidx":124298,"lemma":"comunista","token":"comunista","start":81,"end":90,"sent":"Interveniamo su questo articolo per dichiarare il voto contrario di Rifondazione comunista ( peraltro contraria a tutti gli altri articoli ) ."}
