{"sentidx":32004,"lemma":"destra","token":"destra","start":25,"end":31,"sent":"Onorevoli colleghi della destra , voi spesso invocate riconciliazioni storiche e politiche , ma invece state provocando profonde fratture ."}
{"sentidx":301210,"lemma":"destra","token":"destra","start":194,"end":200,"sent":"Sottolinea altresi che in situazioni analoghe , nel passato , furono adottate misure repressive in occasione di manifestazioni pacifiche organizzate da giovani appartenenti a forze politiche di destra ."}
{"sentidx":56465,"lemma":"destra","token":"destra","start":28,"end":34,"sent":"In una situazione normale , destra e sinistra sarebbero concordi nel ritenere certe situazioni di evidente incompatibilita per conflitto di interessi ."}
{"sentidx":838,"lemma":"destra","token":"destra","start":43,"end":49,"sent":"Smettiamo di ragionare come conservatori a destra ea sinistra ."}
{"sentidx":7949,"lemma":"destra","token":"destra","start":96,"end":102,"sent":"Tale forte attenzione si sviluppa anche su temi che caratterizzano da sempre le battaglie della destra politica italiana ."}
{"sentidx":327961,"lemma":"destra","token":"destra","start":61,"end":67,"sent":"Paradossalmente oggi gli scenari sono cambiati : allora , la destra era sostenitrice del proporzionale e poi divenne sostenitrice di un sistema maggioritario adesso e di nuovo sostenitrice di un pessimo proporzionale ."}
{"sentidx":42647,"lemma":"destra","token":"destra","start":174,"end":180,"sent":"Le osservazioni di Giachetti sono veramente fuori luogo , non risolvono assolutamente il problema e non possono essere considerate come lezioni di morale nei confronti della destra ."}
{"sentidx":6913,"lemma":"destra","token":"destra","start":86,"end":92,"sent":"Signor Presidente ho ascoltato con molto interesse le osservazioni dei colleghi della destra , alcune delle quali anche serie ."}
{"sentidx":223359,"lemma":"destra","token":"destra","start":5,"end":11,"sent":"Come destra di Governo abbiamo un solo interesse , presidente Chiti che a Firenze non accada assolutamente niente di sconveniente rispetto alla tenuta dell \u2019 ordine pubblico ."}
{"sentidx":35245,"lemma":"destra","token":"destra","start":21,"end":27,"sent":"Esso appartiene alla destra piu conservatrice e per altro verso , alla storia del totalitarismo comunista ."}
{"sentidx":121916,"lemma":"destra","token":"destra","start":11,"end":17,"sent":"Sinistra e destra , centrosinistra e centrodestra dovrebbero porsi l obiettivo di avere un \u2019 altra politica mediterranea , una politica di amicizia !"}
{"sentidx":245192,"lemma":"destra","token":"destra","start":64,"end":70,"sent":"Diciamo la verita : ce una paradossale contraddizione in questa destra ; infatti , ce chi vuole imporre il revisionismo contro il Risorgimento mae curiosamente alleato di chi vuole imporre il revisionismo contro la Resistenza uno piccona il Risorgimento l altro piccona la Resistenza e si tengono incredibilmente a braccetto ."}
{"sentidx":336449,"lemma":"destra","token":"destra","start":55,"end":61,"sent":"Vorrei infatti , capire come i parlamentari del centro destra possano oggi votare il provvedimento in esame etra due settimane approvare uno che va in direzione esattamente opposta ."}
{"sentidx":196955,"lemma":"destra","token":"destra","start":135,"end":141,"sent":"Faccio qui una brevissima digressione , non senza registrare una condizione nuova , che sembra attraversare questo nostro Stato con la destra al Governo una condizione del tutto schizoide ."}
{"sentidx":306546,"lemma":"destra","token":"destra","start":23,"end":29,"sent":"Adesso una parte della destra divide la maggioranza con la retorica della durezza per nascondere il suo fallimento ."}
{"sentidx":273942,"lemma":"destra","token":"destra","start":91,"end":97,"sent":"Signor Presidente signor rappresentante del Governo onorevoli colleghi , la maggioranza di destra e impegnata in una corsa senza freni per mostrare quanto e bravo il Governo Berlusconi a praticare la politica del fare ."}
{"sentidx":3393,"lemma":"destra","token":"destra","start":133,"end":139,"sent":"Signor Presidente ho ascoltato con ammirazione la dotta lezione che la collega Alberta De Simone ha voluto rivolgere ai banchi della destra ."}
{"sentidx":87847,"lemma":"destra","token":"destra","start":31,"end":37,"sent":"Ebbene quale questa cultura di destra ?"}
{"sentidx":35146,"lemma":"destra","token":"destra","start":137,"end":143,"sent":"Diceva Barry Goldwater che era un candidato repubblicano alle elezioni presidenziali americane degli anni sessanta , che il dramma della destra e quello di prevedere con dieci anni di anticipo quello che accadra dieci anni dopo ."}
{"sentidx":154805,"lemma":"destra","token":"destra","start":377,"end":383,"sent":"A tale proposito , credo non possa sfuggire ad alcuno che il risultato elettorale che oggi tutti stiamo analizzando rechi in se un apprezzabile livello di censura politica nei confronti del Presidente del Consiglio e del partito da lui presieduto , pesantemente penalizzato in termini di calo percentuale pur all \u2019 interno di una flessione complessiva contenuta nell \u2019 area di destra ."}
{"sentidx":281483,"lemma":"destra","token":"destra","start":209,"end":215,"sent":"Vogliamo essere credibili nel condannare gli eccessi di oggi della politica contro la magistratura ma , per esserci dobbiamo condannare gli eccessi di ieri della magistratura contro la politica ; vogliamo una destra ed una sinistra normali , che non facciano guerre civili sul tema della giustizia ."}
{"sentidx":91506,"lemma":"destra","token":"destra","start":148,"end":154,"sent":"Guardi meglio il collega professore che ci propina una tardiva lezione circa i pericoli che corrono le istituzioni democratiche , a causa di questa destra eversiva !"}
{"sentidx":125269,"lemma":"destra","token":"destra","start":78,"end":84,"sent":"In precedenza ho citato Lester Thurow masi potrebbe citare anche un autore di destra , magari divertendo o stupendo qualcuno e comunque , per ricordare che proprio nessuno che abbia spessore giuridico puo dare ragione al Governo sul problema relativo al conflitto di interessi ."}
{"sentidx":261725,"lemma":"destra","token":"destra","start":113,"end":119,"sent":"La questione e estremamente delicata , perche quando ci si oppone a questa riforma la propaganda populista della destra urla subito alla conservazione e alla volonta di non voler modernizzare il paese ."}
{"sentidx":59794,"lemma":"destra","token":"destra","start":311,"end":317,"sent":"Il superamento di quella situazione non e dovuto alla nuova Costituzione bensi alle nuove condizioni politiche , perche nessuna Costituzione al mondo vi imporrebbe di accettare la collaborazione con un partito erede della storia del Novecento se lo stesso partito non fosse cambiato nei suoi fondamenti , sia a destra che a sinistra ."}
{"sentidx":180985,"lemma":"destra","token":"destra","start":62,"end":68,"sent":"Il paese ha infatti bisogno che nella maggioranza prevalga la destra moderata e moderna su quella estrema ."}
{"sentidx":4403,"lemma":"destra","token":"destra","start":27,"end":33,"sent":"Questo none un problema di destra odi sinistra , di centrodestra odi centrosinistra , qui stiamo parlando dei diritti dei cittadini , di qualunque colore politico odi nessun colore politico ."}
{"sentidx":272296,"lemma":"destra","token":"destra","start":80,"end":86,"sent":"Infatti sesi vuole considerare il problema da lontano , si puo affermare che la destra storica , a differenza della sinistra storica , abbandono sostanzialmente il primo avvio delle ferrovie nel nostro paese ."}
{"sentidx":35332,"lemma":"destra","token":"destra","start":84,"end":90,"sent":"La normalizzazione del sistema politico italiano e per alcuni aspetti speculare , a destra come a sinistra : auna destra normale corrisponde una sinistra normale , e viceversa ."}
{"sentidx":29203,"lemma":"destra","token":"destra","start":22,"end":28,"sent":"Soprattutto invito la destra a farla finita con personaggi come Signorelli Applausi dei deputati dei gruppi dei Democratici di sinistra - L Ulivo e Misto Comunisti italiani ) !"}
{"sentidx":273892,"lemma":"destra","token":"destra","start":112,"end":118,"sent":"Cio che poteva essere un \u2019 impressione ormai diventa certezza e sostanza , ossia le prime leggi approvate dalla destra vanno in quella direzione ."}
{"sentidx":15647,"lemma":"destra","token":"destra","start":3,"end":9,"sent":"La destra italiana el \u2019 unica destra europea che non si riconosce pienamente nei valori della Resistenza l unica !"}
{"sentidx":15647,"lemma":"destra","token":"destra","start":30,"end":36,"sent":"La destra italiana el \u2019 unica destra europea che non si riconosce pienamente nei valori della Resistenza l unica !"}
{"sentidx":120260,"lemma":"destra","token":"destra","start":39,"end":45,"sent":"Oggi anche da parte di esponenti della destra , sento affermare cose gia dette , qualora fossero state ascoltate da esponenti economici di livello mondiale ."}
{"sentidx":92365,"lemma":"destra","token":"destra","start":172,"end":178,"sent":"Avverra proprio il contrario : avremo l islamizzazione dell \u2019 Europa che non si chiamera piu Europa ma Eurabia Cio nonostante , abbiamo ascoltato interventi convergenti da destra e da sinistra ed abbiamo sentito l onorevole Spini l onorevole Cima e molti altri manifestare il loro stupore per il tempo che staremmo perdendo !"}
{"sentidx":218377,"lemma":"destra","token":"destra","start":183,"end":189,"sent":"si dichiara insoddisfatto ; nel giudicare inadeguato l intervento delle autorita competenti nei confronti degli aggressori , presumibilmente appartenenti ad organizzazioni di estrema destra , ritiene che i richiamati episodi di violenza dimostrino l incapacita del Governo di garantire il controllo del territorio ed , in particolare , il diritto dei cittadini di manifestare liberamente il proprio pensiero ."}
{"sentidx":257890,"lemma":"destra","token":"destra","start":25,"end":31,"sent":"Ho ascoltato critiche da destra e da sinistra e queste ultime non mi sembrano coerenti con un comportamento serio e responsabile ."}
{"sentidx":334768,"lemma":"destra","token":"destra","start":86,"end":92,"sent":"Vi invito auna riflessione : non si tratta di un emendamento della sinistra contro la destra , del centrosinistra contro il centrodestra ."}
{"sentidx":325415,"lemma":"destra","token":"destra","start":51,"end":57,"sent":"Voi colleghi della destra , avete fondato la nuova destra italiana ; non era questa la missione storica della Democrazia cristiana , questa ela vostra missione storica ."}
{"sentidx":325415,"lemma":"destra","token":"destra","start":19,"end":25,"sent":"Voi colleghi della destra , avete fondato la nuova destra italiana ; non era questa la missione storica della Democrazia cristiana , questa ela vostra missione storica ."}
{"sentidx":90161,"lemma":"destra","token":"destra","start":43,"end":49,"sent":"Ho l impressione che voi siate una vecchia destra premoderna ."}
{"sentidx":266149,"lemma":"destra","token":"destra","start":158,"end":164,"sent":"Le dichiarazioni rese a Buenos Aires sono gravi ed indicative di un modo di pensare che facilmente si potrebbe bollare come ispirato ad opinioni politiche di destra , a scelte conservatrici ."}
{"sentidx":320818,"lemma":"destra","token":"destra","start":143,"end":149,"sent":"Tenemmo una conferenza stampa che creo molto clamore , perche vedeva insieme forze della sinistra e forze dell \u2019 opposizione di allora , della destra ."}
{"sentidx":90675,"lemma":"destra","token":"destra","start":93,"end":99,"sent":"Sicuramente ce un disagio e tuttavia questo disagio va accettato , sperando che realmente la destra italiana abbandoni il suo passato e guardi al futuro ."}
{"sentidx":238981,"lemma":"destra","token":"destra","start":48,"end":54,"sent":"Signor Presidente credo sia molto chiaro che la destra ha fatto uno scivolone enorme ."}
{"sentidx":107561,"lemma":"destra","token":"destra","start":215,"end":221,"sent":"Proprio in questi giorni stiamo parlando , con grande sperpero di inchiostro tipografico , del miracolo spagnolo : abbiamo riscoperto una grande passione per il popolo spagnolo e perla sua classe dirigente che , da destra e da sinistra , come scrive qualcuno oggi sul Corriere della Sera pensa alla Spagna piuttosto che alle posizioni politiche ."}
{"sentidx":303179,"lemma":"destra","token":"destra","start":71,"end":77,"sent":"Il Presidente del Consiglio dei ministri , onorevole Berlusconi dice a destra ea manca , di aver rispettato integralmente il programma sottoscritto davanti a Bruno Vespa ed anche quello presentato , in modo piu ridotto , dinanzi a questo Parlamento Credo che occorra credere alle cose che dice il Presidente del Consiglio E vero e stato applicato integralmente il programma della Casa delle liberta e del Governo Berlusconi ed i risultati sono quelli che abbiamo di fronte nel paese ."}
{"sentidx":87846,"lemma":"destra","token":"destra","start":114,"end":120,"sent":"Allora bisogna prendere atto di una maggioranza a proposito della quale la collega Bindi ha parlato di cultura di destra ."}
{"sentidx":15800,"lemma":"destra","token":"destra","start":26,"end":32,"sent":"Fa quindi , piacere che a destra si provi a realizzare qualcosa di simile a quanto positivamente gia avviato nel centrosinistra ."}
{"sentidx":217086,"lemma":"destra","token":"destra","start":51,"end":57,"sent":"Chi vuole , nella politica , a sinistra ma anche a destra , credere nella sua funzione ne e francamente umiliato ( Applausi dei deputati dei gruppi Misto socialisti democratici italiani e dei Democratici di sinistra - L Ulivo Applausi polemici dei deputati del gruppo della Lega Nord Federazione"}
{"sentidx":325417,"lemma":"destra","token":"destra","start":66,"end":72,"sent":"Dicevo quindi , che questa ela vostra missione storica ; a questa destra avete dato consapevolezza , cultura , relazioni internazionali ; in questo senso siete una novita politica ."}
{"sentidx":332724,"lemma":"destra","token":"destra","start":120,"end":126,"sent":"Non ela rivendicazione di una sorta di primogenitura , ma e il giusto riconoscimento all \u2019 azione politica svolta dalla destra in questi anni al fianco di tutta l emittenza locale , sia quella televisiva sia quella radiofonica ."}
{"sentidx":125287,"lemma":"destra","token":"destra","start":97,"end":103,"sent":"Spero che una sinistra equilibrata , liberale e pragmatica , la prossima volta vincera contro la destra ."}
{"sentidx":14805,"lemma":"destra","token":"destra","start":59,"end":65,"sent":"Signor Presidente guardi la sesta fila del primo settore a destra !"}
{"sentidx":131204,"lemma":"destra","token":"destra","start":151,"end":157,"sent":"Ho sessantaquattro anni e ho vissuto in prima persona quel periodo , direttamente , facendo politica in un \u2019 organizzazione giovanile di un partito di destra , nelle scuole e nell universita ."}
{"sentidx":271371,"lemma":"destra","token":"destra","start":30,"end":36,"sent":"La parte piu aggressiva della destra non sopporta una componente storica della sinistra : cio e normale e non crea problemi politici ."}
{"sentidx":273764,"lemma":"destra","token":"destra","start":120,"end":126,"sent":"Pero in tutto questo vi e una logica assolutamente coerente con la filosofia generale che sembra ispirare il Governo di destra in carica ."}
{"sentidx":80430,"lemma":"destra","token":"destra","start":30,"end":36,"sent":"Tant e che ci troviamo con la destra nella maggioranza che propone questo testo per noi inaccettabile e risibile ."}
{"sentidx":19529,"lemma":"destra","token":"destra","start":102,"end":108,"sent":"L Italia oggi finalmente , batte moneta europea , grazie agli sforzi congiunti della sinistra e della destra ."}
{"sentidx":101308,"lemma":"destra","token":"destra","start":36,"end":42,"sent":"Questo hanno fatto tutti paesi , di destra odi sinistra : manovre sui consumi , sugli investimenti , sostegno intelligente ai settori chiave che fanno la competitivita di un paese moderno ."}
{"sentidx":273706,"lemma":"destra","token":"destra","start":59,"end":65,"sent":"Questa ela sostanza ed e cioche interessa al Governo della destra nel nostro paese ."}
{"sentidx":293563,"lemma":"destra","token":"destra","start":99,"end":105,"sent":"La realta e drammaticamente diversa : i danni prodotti in questi tre anni e mezzo di Governo della destra in campo ambientale sono ormai innumerevoli e profondi ."}
{"sentidx":278918,"lemma":"destra","token":"destra","start":158,"end":164,"sent":"Il miracolo sembrava dovesse farlo la Tremonti bis il cui disegno di legge , ancor prima di essere presentato e discusso in Parlamento veniva sponsorizzato a destra ed a manca con i potenti mezzi a disposizione della Casa delle liberta !"}
{"sentidx":272295,"lemma":"destra","token":"destra","start":63,"end":69,"sent":"Forse in materia vi e una responsabilita antica , quella della destra storica del nostro paese ."}
{"sentidx":99873,"lemma":"destra","token":"destra","start":40,"end":46,"sent":"Questa ela scuola dei governi di centro destra !"}
{"sentidx":35330,"lemma":"destra","token":"destra","start":88,"end":94,"sent":"Avere una normale destra di governo e infatti interesse dell \u2019 Italia e interesse della destra stessa , ed e anche interesse nostro ."}
{"sentidx":35330,"lemma":"destra","token":"destra","start":18,"end":24,"sent":"Avere una normale destra di governo e infatti interesse dell \u2019 Italia e interesse della destra stessa , ed e anche interesse nostro ."}
{"sentidx":178380,"lemma":"destra","token":"destra","start":126,"end":132,"sent":"Ci fa piacere andare alle elezioni chiarendo bene chi e favorevole echi e contrario , e ci dispiace , ovviamente , non che la destra , ma la parte centrale della Casa delle liberta abbia preso una posizione per noi sbagliata e contraddittoria nei confronti del nostro programma elettorale , che puntava sulla sicurezza dei cittadini ."}
{"sentidx":35305,"lemma":"destra","token":"destra","start":242,"end":248,"sent":"Signor Presidente onorevoli colleghi , la coalizione al Governo in Italia ha tre caratteristiche uniche , che costituiscono la palla al piede sua e dell Italia In nessun paese al mondo governa un partito ex fascista , neppure quando vinca la destra ."}
{"sentidx":249335,"lemma":"destra","token":"destra","start":27,"end":33,"sent":"Questo none un concetto di destra e semi permettete , neanche della Lega perche al sud ce ne accorgiamo continuamente ."}
{"sentidx":70235,"lemma":"destra","token":"destra","start":135,"end":141,"sent":"Ma anche per cio che riguarda la Gran Bretagna vogliamo ricordare l efficacia degli interventi del Governo di centrodestra , anzi , di destra della Gran Bretagna E il vostro punto di riferimento ?"}
{"sentidx":87662,"lemma":"destra","token":"destra","start":180,"end":186,"sent":"E questo il limite vero : non si puo perdere Mancuso non si puo abbandonare Mancuso in una grande battaglia , perche Mancuso e un simbolo , che la sinistra oggi accoglie perche la destra lo ha coscientemente perduto e voluto perdere ( Commenti del deputato Saponara Applausi del deputato Landi di Chiavenna E questo il vero problema , onorevole Nitto Palma Perdere Mancuso significa perdere valori e ideali !"}
{"sentidx":142525,"lemma":"destra","token":"destra","start":163,"end":169,"sent":"E un avvocato che visita le carceri sa benissimo che le misure alternative sono state lo strumento attraverso il quale la situazione carceraria del nostro paese , destra o sinistra , ha fatto un salto di qualita enorme e straordinario ."}
{"sentidx":19523,"lemma":"destra","token":"destra","start":146,"end":152,"sent":"Di qui parte la grande , pacifica e amichevole competizione tra Europa e Stati Uniti Questa ela semplificazione che aiuta a capire lo scontro tra destra e sinistra ."}
{"sentidx":20896,"lemma":"destra","token":"destra","start":115,"end":121,"sent":"stigmatizzato latto di violenza richiamato dal deputato Ascierto osserva che talvolta anche i giovani militanti di destra si sono resi responsabili di comportamenti connotati da intolleranza politica ."}
{"sentidx":149117,"lemma":"destra","token":"destra","start":82,"end":88,"sent":"A tal proposito sono stati introdotti molti strumenti a favore delle regioni , di destra e di sinistra , per fornire delle risposte ; sono stati introdotti tetti per evitare gli sprechi ; sono state introdotte sperimentazioni gestionali e nuovi sistemi di acquisto dei beni , per risparmiare risorse ; sono state introdotte cose che voi non conoscete , come ad esempio l informatizzazione per monitorizzare la spesa e poter intervenire , in tempo reale , per correggere qualsiasi danno ( Applausi dei deputati del gruppo di Forza Italia Avevate la possibilita di farlo , ma non l avete fatto !"}
{"sentidx":202772,"lemma":"destra","token":"destra","start":22,"end":28,"sent":"Quarta fila ultimo di destra !"}
{"sentidx":35306,"lemma":"destra","token":"destra","start":3,"end":9,"sent":"La destra francese , ad esempio , e stata fondata dal capo della resistenza antifascista ."}
{"sentidx":332097,"lemma":"destra","token":"destra","start":62,"end":68,"sent":"La regione di Genova e retta da una amministrazione di centro destra ; il comune di Napoli e retto da una amministrazione di centrosinistra ."}
{"sentidx":6985,"lemma":"destra","token":"destra","start":186,"end":192,"sent":"Signor Presidente la prego di controllare l onorevole Susini appartenente allo schieramento di centrosinistra , il quale ha espresso due voti : uno per se ed uno per il collega alla sua destra ."}
{"sentidx":250842,"lemma":"destra","token":"destra","start":58,"end":64,"sent":"Ma la malattia giustizialista ha allarmato , in Europa la destra come la sinistra ."}
{"sentidx":125256,"lemma":"destra","token":"destra","start":175,"end":181,"sent":"La delegittimazione della politica , che i girotondi di questi giorni celebrano in modo dissennato , porta in finale di partita alla vittoria non della sinistra , bensi della destra , come insegna l abc della politica ."}
{"sentidx":101607,"lemma":"destra","token":"destra","start":16,"end":22,"sent":"Ne cito uno una destra come la vostra , che si dice liberale ma sappiamo che lo e solamente a chiacchiere , cambia radicalmente la natura della Cassa depositi e prestiti che una volta era finalizzata al sostegno finanziario degli enti locali ed oggi diventa una banca privata d affari del ministro dell \u2019 economia e delle finanze , sottratta sia al controllo dell \u2019 Unione europea sia alla vigilanza del sistema bancario : uno scandalo ."}
{"sentidx":183212,"lemma":"destra","token":"destra","start":133,"end":139,"sent":"Il risultato e veramente drammatico : l equilibrio fra liberismo e populismo , che aveva tenuto insieme la campagna elettorale della destra , si e rotto ."}
{"sentidx":142255,"lemma":"destra","token":"destra","start":151,"end":157,"sent":"lamenta l atteggiamento del Governo che sembra essere indifferente ai gravi problemi del Mezzogiorno rilevando che la politica perseguita dal centro - destra ha determinato un rallentamento dello sviluppo economico del sud del"}
{"sentidx":201547,"lemma":"destra","token":"destra","start":197,"end":203,"sent":"Tale esigenza , peraltro , e stata affrontata e risolta con tempismo in tutto il mondo , sia in paesi governati da coalizioni di sinistra odi centrosinistra sia in paesi governati da coalizioni di destra ."}
{"sentidx":38296,"lemma":"destra","token":"destra","start":280,"end":286,"sent":"Dunque e sotto gli occhi di tutti la differenza abissale sussistente tra la Francia ed il nostro paese : in Francia sie svolto un dibattito politico profondo , difficile , arduo , che ha scavato solchi profondi all \u2019 interno degli schieramenti ( nel partito socialista come nella destra ) ."}
{"sentidx":221522,"lemma":"destra","token":"destra","start":371,"end":377,"sent":"Nell illustrare tali nostre proposte emendative riferite all \u2019 articolo 2 vorrei far notare che questo Governo di centrodestra non ha provveduto a rinnovare il piano generale dei trasporti e della logistica , approvato dal Governo di centrosinistra , quando l allora ministro dei trasporti era il collega Bersani Il Governo di destra , sostenuto da questa maggioranza di destra , non fa altro che criticare questo piano generale dei trasporti , senza offrire alcuna visione costruttiva al riguardo ."}
{"sentidx":221522,"lemma":"destra","token":"destra","start":327,"end":333,"sent":"Nell illustrare tali nostre proposte emendative riferite all \u2019 articolo 2 vorrei far notare che questo Governo di centrodestra non ha provveduto a rinnovare il piano generale dei trasporti e della logistica , approvato dal Governo di centrosinistra , quando l allora ministro dei trasporti era il collega Bersani Il Governo di destra , sostenuto da questa maggioranza di destra , non fa altro che criticare questo piano generale dei trasporti , senza offrire alcuna visione costruttiva al riguardo ."}
{"sentidx":7923,"lemma":"destra","token":"destra","start":141,"end":147,"sent":"Per questo , signor Presidente questo voto segna , in qualche modo , l epilogo di questa legislatura , il punto conclusivo del Governo della destra in questa fase della politica italiana ."}
{"sentidx":870,"lemma":"destra","token":"destra","start":155,"end":161,"sent":"Nella RAI del bipolarismo non ce mai piu stato altrettanto pluralismo come allora : ce stato invece piu settarismo e piu prevaricazione , da sinistra e da destra ."}
{"sentidx":283907,"lemma":"destra","token":"destra","start":41,"end":47,"sent":"L onorevole Violante cari colleghi della destra , per il suo ruolo , per la sua personalita e per quello che , a viso aperto , ha fatto contro il terrorismo , la criminalita organizzata ela mafia non delegittima le istituzioni : e stato un grande Presidente della Camera ed e un leader politico che credo susciti fiducia nei confronti delle istituzioni democratiche ."}
{"sentidx":90674,"lemma":"destra","token":"destra","start":62,"end":68,"sent":"Certo che abbiamo una destra anomala , in Europa E ovvio : la destra europea ha come miti i De Gaulle ei Churchill ovvero l antifascismo e none ne l erede ne l alleata di una storia fascista come avviene in Italia Queste sono le conseguenze della criminalizzazione della prima Repubblica nata dalla resistenza !"}
{"sentidx":90674,"lemma":"destra","token":"destra","start":22,"end":28,"sent":"Certo che abbiamo una destra anomala , in Europa E ovvio : la destra europea ha come miti i De Gaulle ei Churchill ovvero l antifascismo e none ne l erede ne l alleata di una storia fascista come avviene in Italia Queste sono le conseguenze della criminalizzazione della prima Repubblica nata dalla resistenza !"}
{"sentidx":92381,"lemma":"destra","token":"destra","start":15,"end":21,"sent":"Su questo , la destra ela sinistra si sono trovate perfettamente d accordo ."}
{"sentidx":310540,"lemma":"destra","token":"destra","start":55,"end":61,"sent":"Mi sembra che su questo tema vi sia una convergenza da destra , da sinistra , dalla Lega nord Padania assolutamente importante ."}
{"sentidx":245195,"lemma":"destra","token":"destra","start":110,"end":116,"sent":"La disgregazione localista e esattamente l obiettivo di una parte della maggioranza ; direi , peggio , che la destra italiana ha una linea unica ."}
{"sentidx":85895,"lemma":"destra","token":"destra","start":175,"end":181,"sent":"Signor Presidente premetto che oggi , durante la discussione di questo provvedimento , non sono riuscito ancora a comprendere da quale parte io stia , se alla sinistra o alla destra ; veda lei dove"}
{"sentidx":6809,"lemma":"destra","token":"destra","start":62,"end":68,"sent":"E un sistema , onorevole Acquarone che per quanto riguarda la destra politica italiana , non ci appartiene ( Applausi dei deputati del gruppo di Alleanza nazionale ) , ne in termini politici ne in termini culturali ."}
{"sentidx":164127,"lemma":"destra","token":"destra","start":22,"end":28,"sent":"Oggi un presidente di destra si oppone all \u2019 avventura di Bush figlio ."}
