{"sentidx":181184,"lemma":"discriminazione","token":"discriminazione","start":7,"end":22,"sent":"Perche discriminazione ?"}
{"sentidx":164727,"lemma":"discriminazione","token":"discriminazione","start":12,"end":27,"sent":"Oggi questa discriminazione e intollerabile !"}
{"sentidx":177181,"lemma":"discriminazione","token":"discriminazioni","start":29,"end":44,"sent":"Mi riferisco alle cosiddette discriminazioni a rovescio , concetto di elaborazione giurisprudenziale ."}
{"sentidx":166165,"lemma":"discriminazione","token":"discriminazione","start":33,"end":48,"sent":"Ci sembra questa una grandissima discriminazione ."}
{"sentidx":286843,"lemma":"discriminazione","token":"discriminazioni","start":16,"end":31,"sent":"Evitiamo queste discriminazioni che hanno sapore di ingiustizia ."}
{"sentidx":149672,"lemma":"discriminazione","token":"discriminazioni","start":13,"end":28,"sent":"Eliminare le discriminazioni indirette significa porre mano alla questione dei servizi ."}
{"sentidx":134388,"lemma":"discriminazione","token":"discriminazione","start":15,"end":30,"sent":"E una evidente discriminazione !"}
{"sentidx":193306,"lemma":"discriminazione","token":"discriminazione","start":143,"end":158,"sent":"Non tutti avranno la possibilita di accedere a queste tecniche : cancellando anche tali assicurazioni introducete evidentemente un \u2019 ulteriore discriminazione di carattere sociale ."}
{"sentidx":155443,"lemma":"discriminazione","token":"discriminazioni","start":69,"end":84,"sent":"In quella sessione la questione delle violazioni dei diritti e delle discriminazioni nei confronti delle donne sara specificatamente considerata ."}
{"sentidx":268287,"lemma":"discriminazione","token":"discriminazione","start":31,"end":46,"sent":"Pertanto eventuali problemi di discriminazione nei confronti di altri cittadini dell \u2019 Unione europea non sono assolutamente in questione ."}
{"sentidx":180160,"lemma":"discriminazione","token":"discriminazione","start":23,"end":38,"sent":"Ancora una volta , una discriminazione inconcepibile ed inspiegabile ."}
{"sentidx":70656,"lemma":"discriminazione","token":"discriminazione","start":64,"end":79,"sent":"Il conflitto mediorientale palestinese non c entra nulla con la discriminazione !"}
{"sentidx":193430,"lemma":"discriminazione","token":"discriminazioni","start":43,"end":58,"sent":"Perche attraverso la legge , dovremmo fare discriminazioni ?"}
{"sentidx":105882,"lemma":"discriminazione","token":"discriminazione","start":18,"end":33,"sent":"Parlare quindi di discriminazione e quanto meno prematuro ."}
{"sentidx":30754,"lemma":"discriminazione","token":"discriminazione","start":109,"end":124,"sent":"Questo disegno di legge e vergognoso perche fondamentalmente ispirato dalla xenofobia , dal razzismo , dalla discriminazione razziale e dall intolleranza ."}
{"sentidx":160784,"lemma":"discriminazione","token":"discriminazione","start":35,"end":50,"sent":"Questo crea una palese ed evidente discriminazione nei nostri confronti ."}
{"sentidx":147376,"lemma":"discriminazione","token":"discriminazioni","start":5,"end":20,"sent":"Crea discriminazioni perche pone sul medesimo piano i regolari egli irregolari ."}
{"sentidx":328026,"lemma":"discriminazione","token":"discriminazione","start":97,"end":112,"sent":"In questo momento , a campagna elettorale avviata , la situazione dei telegiornali evidenzia una discriminazione fortissima nei confronti di alcune forze politiche ."}
{"sentidx":193826,"lemma":"discriminazione","token":"discriminazioni","start":154,"end":169,"sent":"Sottolinea la necessita di ripensare la politica relativa ai farmaci partendo dal presupposto che il diritto alla salute deve essere tutelato senza nuove discriminazioni di ordine economico ."}
{"sentidx":331606,"lemma":"discriminazione","token":"discriminazioni","start":159,"end":174,"sent":"Nonostante l innegabile rilevanza di tali dichiarazioni di principio contenute nel provvedimento in esame , va comunque rilevato che ancora oggi si verificano discriminazioni di ogni tipo nella vita quotidiana delle persone disabili ."}
{"sentidx":180158,"lemma":"discriminazione","token":"discriminazione","start":42,"end":57,"sent":"Signor Presidente si tratta di un \u2019 altra discriminazione a sfavore degli impianti di macellazione avicoli ."}
{"sentidx":155441,"lemma":"discriminazione","token":"discriminazione","start":107,"end":122,"sent":"La risoluzione sollecita dunque l Authority a ratificare la Convenzione sull eliminazione di ogni forma di discriminazione contro le donne ."}
{"sentidx":277226,"lemma":"discriminazione","token":"discriminazione","start":41,"end":56,"sent":"Chi e che stabilisce se vi sia stata una discriminazione oggettivamente realizzata ?"}
{"sentidx":282673,"lemma":"discriminazione","token":"discriminazioni","start":100,"end":115,"sent":"deputato ( che invita il ministro ad intervenire presso il competente Dicastero per porre fine alle discriminazioni nei confronti delle persone disabili ."}
{"sentidx":164722,"lemma":"discriminazione","token":"discriminazione","start":131,"end":146,"sent":"Infatti la situazione che si verrebbe a determinare non accogliendo questo emendamento sarebbe , davvero , di grande ingiustizia e discriminazione ."}
{"sentidx":128522,"lemma":"discriminazione","token":"discriminazioni","start":109,"end":124,"sent":"raccomanda pertanto l approvazione degli identici emendamenti in esame , al fine di evitare diseguaglianze e discriminazioni tra i docenti ."}
{"sentidx":250730,"lemma":"discriminazione","token":"discriminazioni","start":153,"end":168,"sent":"Presidente della V Commissione ricorda che la V Commissione ha ritenuto di introdurre sostanziali modifiche al testo approvato dal Senato per non creare discriminazioni tra le diverse categorie di lavoratori che versano in situazioni di difficolta ."}
{"sentidx":277204,"lemma":"discriminazione","token":"discriminazioni","start":95,"end":110,"sent":"Signor Presidente stiamo dando attuazione ad un indirizzo dell \u2019 Unione europea sul tema delle discriminazioni , in particolare modo quando queste siano connesse a molestie di carattere sessuale ."}
{"sentidx":88376,"lemma":"discriminazione","token":"discriminazioni","start":124,"end":139,"sent":"Quindi in questo caso , facciamo un \u2019 importante sottolineatura per cio che riguarda il tema delle assicurazioni rispetto a discriminazioni relative a motivi razziali , patologici etnici eccetera ."}
{"sentidx":166159,"lemma":"discriminazione","token":"discriminazione","start":52,"end":67,"sent":"Oltre alle donne , subiranno ovviamente una pesante discriminazione i giovani che decidano di aderire al servizio civile nazionale ."}
{"sentidx":215334,"lemma":"discriminazione","token":"discriminazioni","start":228,"end":243,"sent":"Con riferimento alla questione del contributo unificato e della disciplina giuridica che l accompagna , torno a chiedere massima attenzione su presupposti , ambito ed efficacia delle norme , affinche non si creino ingiustizie o discriminazioni in termini di conseguenze giuridiche prodotte o determinate ."}
{"sentidx":277242,"lemma":"discriminazione","token":"discriminazione","start":212,"end":227,"sent":"Continuo il mio intervento per sottolineare che si sta facendo riferimento non a casi di discriminazione individuale bensi alla facolta di entrata in giudizio di possibili associazioni legata a casi e vicende di discriminazione collettiva ."}
{"sentidx":277242,"lemma":"discriminazione","token":"discriminazione","start":89,"end":104,"sent":"Continuo il mio intervento per sottolineare che si sta facendo riferimento non a casi di discriminazione individuale bensi alla facolta di entrata in giudizio di possibili associazioni legata a casi e vicende di discriminazione collettiva ."}
{"sentidx":215216,"lemma":"discriminazione","token":"discriminazioni","start":99,"end":114,"sent":"Si tratta delle misure per la tutela giudiziaria delle persone con disabilita che siano vittime di discriminazioni ."}
{"sentidx":317718,"lemma":"discriminazione","token":"discriminazioni","start":118,"end":133,"sent":"ricordato che nei decenni scorsi il processo di integrazione europea ha consentito di superare divergenze politiche e discriminazioni razziali e religiose , dichiara voto favorevole sul disegno di legge di ratifica in esame ."}
{"sentidx":176912,"lemma":"discriminazione","token":"discriminazioni","start":100,"end":115,"sent":"esprime soddisfazione per il recepimento nel testo in esame di un suo emendamento volto ad impedire discriminazioni in danno dei cittadini di uno Stato membro odi una impresa come effetto indiretto dell \u2019 applicazione di direttive comunitarie ."}
{"sentidx":88375,"lemma":"discriminazione","token":"discriminazioni","start":92,"end":107,"sent":"Esso infatti , va ad escludere dalla brevettazione gli screening che possono dare motivo di discriminazioni ."}
{"sentidx":207500,"lemma":"discriminazione","token":"discriminazioni","start":151,"end":166,"sent":"Rileva inoltre che il Dipartimento perle pari opportunita ha istituito un gruppo di studio con il compito di analizzare le problematiche connesse alle discriminazioni in relazione alle tendenze sessuali e di elaborare proposte volte a rimuovere le cause ."}
{"sentidx":51924,"lemma":"discriminazione","token":"discriminazione","start":209,"end":224,"sent":"Da una parte , dunque , si introducono requisiti che non offrono alcuna garanzia rispetto alla rappresentanza territoriale e dall altra , proprio attraverso questi requisiti , si introducono degli elementi di discriminazione rispetto al concetto di eguaglianza dei cittadini e quindi , in palese contrasto con questi principi fondamentali ."}
{"sentidx":40649,"lemma":"discriminazione","token":"discriminazioni","start":166,"end":181,"sent":"nel lamentare quindi il fatto che in Italia non sie data concreta attuazione al principio delle pari opportunita , rileva che i dati disponibili evidenziano le gravi discriminazioni subite , segnatamente nel Meridione dalle donne lavoratrici ."}
{"sentidx":82382,"lemma":"discriminazione","token":"discriminazione","start":30,"end":45,"sent":"Ritengo sia davvero odiosa la discriminazione che si opera tra i lavoratori delle piccolissime aziende e quelli delle grandi aziende ."}
{"sentidx":286161,"lemma":"discriminazione","token":"discriminazione","start":17,"end":32,"sent":"Si tratta di una discriminazione orrenda ed odiosa tra diverse patologie ."}
{"sentidx":58233,"lemma":"discriminazione","token":"discriminazioni","start":106,"end":121,"sent":"Mi sembra che lo stesso relatore l abbia richiamata in maniera estremamente precisa e proprio per evitare discriminazioni , abbiamo scelto questa strada ."}
{"sentidx":191542,"lemma":"discriminazione","token":"discriminazione","start":272,"end":287,"sent":"Ministro peri rapporti con il Parlamento La presenza delle forze di pace in Bosnia unitamente all \u2019 attivita dell \u2019 Alto rappresentante dell \u2019 Unione europea e dei paesi alleati , ha contribuito ad evitare , direttamente o attraverso iniziative da essi promosse , atti di discriminazione nei confronti della popolazione cattolica del paese odi altra confessione religiosa ."}
{"sentidx":331638,"lemma":"discriminazione","token":"discriminazioni","start":229,"end":244,"sent":"Sarebbe una figura in grado di svolgere il ruolo di garante effettivo del rispetto di tutto il complesso giuridico - normativo presente nella nostra legislazione a tutela delle persone diversamente abili e anche per prevenire le discriminazioni ."}
{"sentidx":209707,"lemma":"discriminazione","token":"discriminazione","start":113,"end":128,"sent":"Questa situazione ci preoccupa perche non sottoporre a trapianti i pazienti affetti da HIV significa attuare una discriminazione tra i cittadini , preoccupante sotto il profondo etico e anche da punto di vista costituzionale ."}
{"sentidx":92897,"lemma":"discriminazione","token":"discriminazioni","start":42,"end":57,"sent":"Non ce settore della vita civile che veda discriminazioni sotto questo profilo ."}
{"sentidx":58449,"lemma":"discriminazione","token":"discriminazione","start":284,"end":299,"sent":"Signor Presidente onorevoli colleghi , signor rappresentante del Governo oggi la Camera e chiamata ad esaminare un decreto - legge che vorrebbe rispondere ad una sentenza della Corte di giustizia europea , adita dalla Commissione europea , perche nel nostro paese si e verificata una discriminazione tra lavoratori appartenenti agli Stati membri dell \u2019 Unione europea ."}
{"sentidx":252813,"lemma":"discriminazione","token":"discriminazione","start":97,"end":112,"sent":"Potrebbero essere citati a questo riguardo molti esempi ; comunque , tutto cio produce una forte discriminazione fra il trattamento in caso di filiazione legittima rispetto al trattamento in caso di filiazione naturale ."}
{"sentidx":44752,"lemma":"discriminazione","token":"discriminazione","start":244,"end":259,"sent":"dichiara l astensione dei deputati del gruppo di Rifondazione comunista sul disegno di legge di ratifica in esame , esprimendo perplessita su taluni aspetti dell \u2019 Accordo con la Repubblica di Croazia nata come entita statale sulla base di una discriminazione etnica nei confronti delle minoranze presenti sul suo territorio ."}
{"sentidx":164726,"lemma":"discriminazione","token":"discriminazione","start":26,"end":41,"sent":"Non vi deve essere alcuna discriminazione per gli amministratori che , oggettivamente , hanno operato bene ."}
{"sentidx":277875,"lemma":"discriminazione","token":"discriminazioni","start":91,"end":106,"sent":"Quest ultimo equivale ad un invito a commettere determinati atti , nella fattispecie delle discriminazioni per motivi razziali , etnici , nazionali o religiosi ."}
{"sentidx":110375,"lemma":"discriminazione","token":"discriminazione","start":38,"end":53,"sent":"Ebbene in questo caso si tratta della discriminazione circa la possibilita di accesso ad una prova concorsuale ."}
{"sentidx":58519,"lemma":"discriminazione","token":"discriminazioni","start":157,"end":172,"sent":"Relatore Signor Presidente come i colleghi dell \u2019 opposizione sanno , vi e stata una preoccupazione del relatore e del Governo sulla necessita di non creare discriminazioni tra le varie figure nelle varie universita italiane ."}
{"sentidx":249485,"lemma":"discriminazione","token":"discriminazione","start":108,"end":123,"sent":"si dichiara profondamente insoddisfatto ed invita il Governo a porre rimedio ad una forma di vera e propria discriminazione ."}
{"sentidx":215217,"lemma":"discriminazione","token":"discriminazione","start":123,"end":138,"sent":"Opportunamente il disegno di legge delimita finalita ed ambito di applicazione dell \u2019 intervento , introduce la nozione di discriminazione nei confronti delle persone con disabilita e nel dettare disposizioni relative alla tutela giurisdizionale , riconosce la legittimazione ad agire in giudizio alle associazioni ed agli enti esponenzialmente rappresentativi degli interessi offesi delle persone disabili ."}
{"sentidx":331577,"lemma":"discriminazione","token":"discriminazione","start":362,"end":377,"sent":"Il provvedimento in esame e finalizzato , quindi , a garantire alle persone disabili una piena parita di trattamento in ogni situazione e settore della vita sociale , in coerenza con i principi stabiliti dalla Costituzione e dalle recenti direttive comunitarie in materia di uguaglianza sostanziale in favore dei disabili , prevedendo garanzie anche nei casi di discriminazione indiretta ."}
{"sentidx":249484,"lemma":"discriminazione","token":"discriminazione","start":84,"end":99,"sent":"dichiara di non potersi ritenere soddisfatta ; lamenta , in particolare , la palese discriminazione operata a danno dei dottori in scienze dell \u2019 informazione e in informatica , che rischia di ingenerare confusione e di rallentare lo sviluppo tecnologico del"}
{"sentidx":327916,"lemma":"discriminazione","token":"discriminazione","start":203,"end":218,"sent":"Misto RosanelPugno Osserva chela sperimentazione del voto elettronico in alcune circoscrizioni elettorali suscita perplessita circa il necessario controllo democratico del risultato ; lamenta altresi la discriminazione in atto da parte dei media nei confronti di alcune forze politiche che presentano proprie liste alle prossime elezioni politiche ."}
{"sentidx":30482,"lemma":"discriminazione","token":"discriminazioni","start":161,"end":176,"sent":"Gli oratori oggi sono in prima linea nella difesa della promozione di un impegno civile che va dritto ai bisogni della gente , senza mediazioni , senza guardare discriminazioni oltretutto senza aver mai chiesto uno specifico mandato politico per svolgere questa funzione sociale ."}
{"sentidx":154112,"lemma":"discriminazione","token":"discriminazione","start":146,"end":161,"sent":"Cio dovrebbe essere oggetto di particolare attenzione : un indirizzo forte da parte del Governo perla tolleranza , contro il razzismo e contro la discriminazione ."}
{"sentidx":215221,"lemma":"discriminazione","token":"discriminazione","start":175,"end":190,"sent":"Credo sia importantissimo stabilire che le associazioni egli enti di tutela delle persone disabili abbiano legittimazione ad agire ogni qualvolta vedano messa in forse da una discriminazione , di tipo diretto o indiretto , l uguaglianza dei diritti di tutti i cittadini ."}
{"sentidx":44055,"lemma":"discriminazione","token":"discriminazione","start":140,"end":155,"sent":"ritiene che i rilievi aerofotogrammetrici ai quali peraltro si fa ricorso anche in altri paesi , non costituiscono di per se un elemento di discriminazione nei confronti degli stranieri ."}
{"sentidx":47521,"lemma":"discriminazione","token":"discriminazione","start":85,"end":100,"sent":"Personalmente penso che non si tratti di sola improvvisazione ma anche di una voluta discriminazione da parte del Governo che avrebbe dovuto affrontare in maniera piu organica l intera materia del riordino delle carriere dei vari dipendenti delle Forze armate e delle Forze di polizia ."}
{"sentidx":200440,"lemma":"discriminazione","token":"discriminazione","start":158,"end":173,"sent":"Se in una Commissione il provvedimento lo ha seguito il deputato Tizio deve essere intervistato quel deputato e non un altro , perche altrimenti si opera una discriminazione intollerabile nei confronti della persona e del gruppo !"}
{"sentidx":166513,"lemma":"discriminazione","token":"discriminazioni","start":91,"end":106,"sent":"Si tratta anche in questo caso di un servizio particolare allo Stato e non possiamo creare discriminazioni ."}
{"sentidx":73279,"lemma":"discriminazione","token":"discriminazione","start":161,"end":176,"sent":"Il punto debole di tutta l operazione posta in essere con il provvedimento in esame risiede proprio nella disciplina per l affidamento di servizi , che crea una discriminazione evidente tra le associazioni ambientalistiche e quelle che si occupano di altri settori ."}
{"sentidx":59627,"lemma":"discriminazione","token":"discriminazione","start":78,"end":93,"sent":"Le nostre proposte emendative fanno cadere anche l assurda e incostituzionale discriminazione fra deputati di serie A e di serie B Ritenete che sia possibile presentare una mozione di sfiducia solo se i deputati della maggioranza , in numero superiore alla meta piu uno dei componenti della Camera la sottoscrivano ?"}
{"sentidx":36439,"lemma":"discriminazione","token":"discriminazione","start":76,"end":91,"sent":"Questo e un principio che voi volete negare e introducete anche una pesante discriminazione tra la madre che diventa tale in virtu delle tecniche di procreazione assistita ela madre che lo diventa con la procreazione naturale ."}
{"sentidx":331658,"lemma":"discriminazione","token":"discriminazioni","start":168,"end":183,"sent":"In pratica , viene ampliato l ambito delle tutele gia previste per i disabili in campo lavorativo , estendendo anche quei meccanismi rapidi ed incisivi di difesa dalle discriminazioni ."}
{"sentidx":57818,"lemma":"discriminazione","token":"discriminazioni","start":43,"end":58,"sent":"Queste misure tendono cioe a correggere le discriminazioni esistenti , per tutto il periodo in cui tali discriminazioni dal punto di vista economico e sociale permangono , a giudizio della cultura di una fase , determinando svantaggi per taluni soggetti ."}
{"sentidx":57818,"lemma":"discriminazione","token":"discriminazioni","start":104,"end":119,"sent":"Queste misure tendono cioe a correggere le discriminazioni esistenti , per tutto il periodo in cui tali discriminazioni dal punto di vista economico e sociale permangono , a giudizio della cultura di una fase , determinando svantaggi per taluni soggetti ."}
{"sentidx":277870,"lemma":"discriminazione","token":"discriminazione","start":34,"end":49,"sent":"Anzitutto in relazione a forme di discriminazione o odio razziale , si vuole sostituire il concetto di diffusione con quello di propaganda ."}
{"sentidx":259324,"lemma":"discriminazione","token":"discriminazione","start":42,"end":57,"sent":"E stata richiamata la direttiva sulla non discriminazione e contro la stessa nei luoghi di lavoro : si tratta di una questione di cui sono particolarmente soddisfatto e credo che la Commissione abbia agito con grandissimo equilibrio ."}
{"sentidx":120539,"lemma":"discriminazione","token":"discriminazione","start":59,"end":74,"sent":"Non capiamo per quale motivo debba essere praticata questa discriminazione che , francamente , non e sostenibile se non con la giustificazione di un mero errore materiale ."}
{"sentidx":286333,"lemma":"discriminazione","token":"discriminazione","start":219,"end":234,"sent":"Avremmo voluto indagare su tante questioni , sul fatto , ad esempio , che la riproduzione possa diventare produzione e nel mercato si possa immettere una inedita forza biologica produttiva , anche con grandi scenari di discriminazione , di disuguaglianze ."}
{"sentidx":159098,"lemma":"discriminazione","token":"discriminazione","start":137,"end":152,"sent":"U Ricordata la serieta delle ragioni che hanno ispirato l adozione del decreto - legge in esame , lamenta tuttavia , in particolare , la discriminazione perpetrata a danno dei movimenti politici socialisti e radicali circa la modalita di presentazione delle liste elettorali ; dichiara pertanto voto contrario sul disegno di legge di conversione in esame ."}
{"sentidx":215197,"lemma":"discriminazione","token":"discriminazioni","start":227,"end":242,"sent":"E necessario , quindi , introdurre strumenti giuridici idonei a garantire l effettiva parita di trattamento e promuovere la pari opportunita per le persone disabili qualora si trovino a subire , a causa della loro disabilita , discriminazioni anche in ambiti di vita diversi da quella lavorativa ."}
{"sentidx":175609,"lemma":"discriminazione","token":"discriminazione","start":90,"end":105,"sent":"Non esiste alcuna differenza , ma voi avete accettato di scrivere una norma che opera una discriminazione priva di ogni fondamento ."}
{"sentidx":297809,"lemma":"discriminazione","token":"discriminazione","start":307,"end":322,"sent":"L articolo aggiuntivo cercava di raggiungere questo obiettivo non considerando come reato la mera diffusione in qualsiasi modo di idee fondate sulla superiorita o sull odio razziale o etnico , ma solamente la condotta di chi incita all \u2019 odio razziale o etnico ovvero incita a commettere o commette atti di discriminazione per motivi razziali , etnici , nazionali o religiosi ."}
{"sentidx":145542,"lemma":"discriminazione","token":"discriminazione","start":164,"end":179,"sent":"Se e giusto superare una situazione di discriminazione a danno di aziende private , non capisco perche ora sia necessario ribaltare la situazione ed introdurre una discriminazione a danno delle aziende pubbliche , discriminazione che , secondo me , potrebbe essere impugnata sia in sede di antitrust sia in sede di Unione europea ."}
{"sentidx":145542,"lemma":"discriminazione","token":"discriminazione","start":39,"end":54,"sent":"Se e giusto superare una situazione di discriminazione a danno di aziende private , non capisco perche ora sia necessario ribaltare la situazione ed introdurre una discriminazione a danno delle aziende pubbliche , discriminazione che , secondo me , potrebbe essere impugnata sia in sede di antitrust sia in sede di Unione europea ."}
{"sentidx":145542,"lemma":"discriminazione","token":"discriminazione","start":214,"end":229,"sent":"Se e giusto superare una situazione di discriminazione a danno di aziende private , non capisco perche ora sia necessario ribaltare la situazione ed introdurre una discriminazione a danno delle aziende pubbliche , discriminazione che , secondo me , potrebbe essere impugnata sia in sede di antitrust sia in sede di Unione europea ."}
{"sentidx":251691,"lemma":"discriminazione","token":"discriminazione","start":297,"end":312,"sent":"La Costituzione quindi , ci permette di non giudicare alcuna cultura per discriminare sul piano giuridico , ma impone , quale criterio giuridico , il riconoscimento delle culture , delle loro forme associative , dei loro costumi tradizionali , delle loro credenze collettive , lo sviluppo ela non discriminazione delle condizioni di dignita , di liberta e di potenzialita dei singoli ."}
{"sentidx":235387,"lemma":"discriminazione","token":"discriminazione","start":233,"end":248,"sent":"Lo abbiamo fatto a prescindere da qualche divergenza di opinione tra me e il ministro Prestigiacomo su questioni peraltro importanti ) perche abbiamo ritenuto , in questo modo , di rafforzare un momento importante di lotta contro la discriminazione , che e un punto qualificante della nostra azione ."}
{"sentidx":149656,"lemma":"discriminazione","token":"discriminazioni","start":317,"end":332,"sent":"Signor Presidente intervengo brevemente in merito a questo articolo , su cui gia alla Camera dei deputati ebbe luogo una discussione piuttosto accesa , che , a mio avviso , e stato nuovamente modificato dal Senato in maniera non conforme a quanto era gia stato deciso nella precedente legge comunitaria in materia di discriminazioni razziali ."}
{"sentidx":218572,"lemma":"discriminazione","token":"discriminazione","start":586,"end":601,"sent":"Sulla questione degli esuli replico con le parole del sottosegretario di Stato per gli affari esteri Antonione un concittadino dell \u2019 onorevole Menia Il sottosegretario riguardo il problema specifico relativo alle rivendicazioni degli esuli italiani rispondendo ad una mia precisa interrogazione ha scritto che potra trovare una sua definitiva soluzione proprio nel contesto della piena integrazione della Slovenia nell Unione europea e dell adeguamento della legislazione slovena ai principi ispiratori del diritto comunitario , i quali non lasciano alcun margine a qualsiasi forma di discriminazione fondata sulla nazionalita ."}
{"sentidx":259188,"lemma":"discriminazione","token":"discriminazioni","start":369,"end":384,"sent":"Un particolare rilievo , a mio avviso , assume in questo articolo l istituzione , presso il dipartimento per le pari opportunita della Presidenza del Consiglio dei ministri , di un ufficio di controllo e di garanzia della parita di trattamento e della operativita degli strumenti di garanzia , con compiti di promozione della parita di trattamento e di rimozione delle discriminazioni fondate sulla razza o sull origine etnica ."}
{"sentidx":192720,"lemma":"discriminazione","token":"discriminazioni","start":220,"end":235,"sent":"Abbiamo cercato , in queste giornate , di far comprendere le ragioni dell \u2019 opposizione , mosse dalla consapevolezza di cio che questo decreto - legge avrebbe prodotto nelle scuole pubbliche e soprattutto , dalle enormi discriminazioni che i docenti che hanno lavorato per anni ed anni nella scuola pubblica si troveranno a subire ."}
{"sentidx":137158,"lemma":"discriminazione","token":"discriminazione","start":157,"end":172,"sent":"Tutto questo e avvertito nel Meridione in particolare in Puglia come una partita giocata sulla testa del Mezzogiorno Questo provvedimento non solo opera una discriminazione inaccettabile fra i cittadini e le imprese che in questi anni hanno rispettato le regole echi non lo ha fatto , ma soprattutto introduce una discriminazione grave tra il nord e il sud del paese ."}
{"sentidx":137158,"lemma":"discriminazione","token":"discriminazione","start":314,"end":329,"sent":"Tutto questo e avvertito nel Meridione in particolare in Puglia come una partita giocata sulla testa del Mezzogiorno Questo provvedimento non solo opera una discriminazione inaccettabile fra i cittadini e le imprese che in questi anni hanno rispettato le regole echi non lo ha fatto , ma soprattutto introduce una discriminazione grave tra il nord e il sud del paese ."}
{"sentidx":255868,"lemma":"discriminazione","token":"discriminazione","start":102,"end":117,"sent":"Non solo si interviene esclusivamente sui magistrati ordinari , ma tra questi viene operata anche una discriminazione tra coloro che hanno dodici anni di anzianita e coloro che non li hanno ."}
{"sentidx":213844,"lemma":"discriminazione","token":"discriminazioni","start":45,"end":60,"sent":"Si tratta di un problema che determina gravi discriminazioni : infatti , le zone del piano regolatore spesso abbracciano l intera citta ."}
{"sentidx":133748,"lemma":"discriminazione","token":"discriminazione","start":286,"end":301,"sent":"Quindi dobbiamo assolutamente riconoscere questo diritto e per questo io chiedo al Governo di rivedere la sua posizione a partire da questo problema cui ci troviamo di fronte per le giovani professioniste , per poi estendere man mano che affrontiamo i temi anche per un discorso di non discriminazione dei cittadini in base al sesso ."}
{"sentidx":134385,"lemma":"discriminazione","token":"discriminazione","start":81,"end":96,"sent":"Nella seconda parte del mio intervento , vorrei segnalare che non capisco questa discriminazione per la quale alcuni colleghi possono parlare per un minuto e noi invece , per venti secondi ."}
{"sentidx":290844,"lemma":"discriminazione","token":"discriminazioni","start":591,"end":606,"sent":"Inoltre e concludo signor Presidente valorizzare il ruolo degli oratori significa per Alleanza nazionale restituire nuova linfa alla tradizione culturale umanistica del nostro paese , culla del cristianesimo , una cultura che una certa sinistra ideologizzata ha cercato in tutti i modi di disconoscere e stravolgere , una cultura che , invece , e sempre viva e radicata ed e un valore da difendere e preservare per i nostri figli e le future generazioni , affinche possano crescere consapevoli e responsabili , in grado di leggere il mondo con gli occhi dell \u2019 amore per il prossimo , senza discriminazioni di razza odi religione , ma anche con il convincimento di essere portatori di una cultura millenaria che rappresenta le radici ideali e profonde del nostro popolo ."}
{"sentidx":331569,"lemma":"discriminazione","token":"discriminazioni","start":103,"end":118,"sent":"Le rilevazioni statistiche mettono in luce come ancora oggi i disabili siano vittime di vere e proprie discriminazioni , soprattutto sui luoghi di lavoro , oltre che nella societa in senso lato ."}
{"sentidx":193764,"lemma":"discriminazione","token":"discriminazione","start":56,"end":71,"sent":"Tra l altro , questo decreto - legge compie una pesante discriminazione tra gli inquilini residenti nelle varie parti del paese ."}
{"sentidx":124800,"lemma":"discriminazione","token":"discriminazione","start":194,"end":209,"sent":"Le capacita economiche ed imprenditoriali di Radio Subasio che hanno contribuito indubbiamente a rafforzare la presenza sul territorio , non costituiscono tuttavia un elemento di preferenza odi discriminazione da parte dell \u2019 amministrazione ."}
{"sentidx":277175,"lemma":"discriminazione","token":"discriminazione","start":57,"end":72,"sent":"Prima di tutto , quando si parla della nozione stessa di discriminazione e si distingue fra diretta ed indiretta , si perde di vista un punto fondamentale ( i giuristi sanno quanto sia stata ampia la discussione su questo punto ) : la legge ela politica legislativa europee devono tenere conto dei principi costituzionali fondamentali di ogni singolo Stato o arretrare rispetto ad essi ?"}
