{"sentidx":162979,"lemma":"pace","token":"pace","start":107,"end":111,"sent":"sottolinea la necessita che sia garantita la copertura finanziaria delle future missioni internazionali di pace ."}
{"sentidx":120365,"lemma":"pace","token":"pace","start":51,"end":55,"sent":"manifesta consenso alle missioni internazionali di pace e fermo dissenso rispetto alle operazioni di guerra ."}
{"sentidx":206381,"lemma":"pace","token":"pace","start":46,"end":50,"sent":"sottolineato che l attribuzione al giudice di pace della competenza relativa alla convalida dei provvedimenti di espulsione appare priva di fondamento giuridico , ritiene necessario garantire agli immigrati la possibilita di avvalersi di un interprete ."}
{"sentidx":149868,"lemma":"pace","token":"pace","start":139,"end":143,"sent":"sottolineata l importanza del provvedimento d urgenza , esprime apprezzamento nei confronti dei militari italiani impegnati in missioni di pace ."}
{"sentidx":206376,"lemma":"pace","token":"pace","start":41,"end":45,"sent":"ritiene che l attribuzione al giudice di pace della competenza ad adottare la convalida del provvedimento di espulsione non determini alcun vulnus costituzionale ."}
{"sentidx":317751,"lemma":"pace","token":"pace","start":171,"end":175,"sent":"Dunque con lungimiranza , i nostri costituenti intuirono l esigenza di trascendere la pretesa assolutezza della sovranita degli Stati nazionali quale condizione evia alla pace , alla cooperazione , alla giustizia internazionale ."}
{"sentidx":98787,"lemma":"pace","token":"pace","start":322,"end":326,"sent":"sottolineata l opportunita di una piu incisiva politica estera da parte dell \u2019 Unione europea , ritiene inadeguato il previsto termine di proroga della partecipazione militare italiana ad operazioni internazionali , anche in considerazione della necessita di approvare una normativa organica che disciplini le missioni di pace ."}
{"sentidx":323787,"lemma":"pace","token":"pace","start":106,"end":110,"sent":"Oggi esistono dei conflitti territoriali , esiste la necessita di intervenire per il raggiungimento della pace a livello territoriale ."}
{"sentidx":190385,"lemma":"pace","token":"pace","start":117,"end":121,"sent":"Questo ovviamente , significa contribuire direttamente alle operazioni per il ristabilimento e il mantenimento della pace e della sicurezza tra le nazioni ."}
{"sentidx":284289,"lemma":"pace","token":"pace","start":54,"end":58,"sent":"Lamenta in particolare , l attribuzione al giudice di pace della competenza relativa alla convalida dei provvedimenti di espulsione ."}
{"sentidx":208097,"lemma":"pace","token":"pace","start":132,"end":136,"sent":"Obiettivo della nuova disciplina e il tentativo di far fronte alle necessita derivanti dalle reintrodotte competenze dei giudici di pace , in attesa delle revisioni delle relative dotazioni organiche ."}
{"sentidx":172003,"lemma":"pace","token":"pace","start":138,"end":142,"sent":"dichiara il voto favorevole dei deputati del gruppo di Alleanza nazionale , esprimendo solidarieta ai militari impegnati in operazioni di pace ed apprezzamento per il lavoro svolto dalle Forze armate italiane , nonche per lo stanziamento di risorse finanziarie destinate alla realizzazione di uno studio epidemiologico a fini di prevenzione sanitaria ."}
{"sentidx":21438,"lemma":"pace","token":"pace","start":95,"end":99,"sent":"Auspica altresi l impegno dell \u2019 Italia perla convocazione di una conferenza internazionale di pace con l obiettivo della sostituzione delle forze di occupazione con forze multinazionali sotto l egida dell \u2019"}
{"sentidx":22015,"lemma":"pace","token":"pace","start":182,"end":186,"sent":"Sottosegretario di Stato perla difesa , premesso che il concetto strategico dell \u2019 Alleanza atlantica stabilisce che scopo prioritario delle forze nucleari e quello di preservare la pace e prevenire qualsiasi forma di coercizione odi guerra ,"}
{"sentidx":188725,"lemma":"pace","token":"pace","start":95,"end":99,"sent":"ritiene improprio definire , come ha recentemente fatto il Presidente della Camera missione di pace quella nella quale e impegnato il contingente italiano in"}
{"sentidx":162983,"lemma":"pace","token":"pace","start":81,"end":85,"sent":"Relatore perla Commissione sottolinea l utilita delle missioni internazionali di pace al fine di evitare atti di barbarie ."}
{"sentidx":295481,"lemma":"pace","token":"pace","start":219,"end":223,"sent":"Signor Presidente onorevole sottosegretario , presidente Selva onorevoli colleghi , la ratifica del trattato in discussione e il primo qualificante atto di quella grande Europa della liberta , della solidarieta e della pace che abbiamo sempre sognato ."}
{"sentidx":84762,"lemma":"pace","token":"pace","start":102,"end":106,"sent":"Giudicata altresi pienamente legittima l azione militare intrapresa dagli Stati Uniti in difesa della pace , della liberta e del progresso sociale , esprime consenso alla partecipazione di un contingente italiano all \u2019 azione contro il terrorismo internazionale condotta da una vasta coalizione , che comprende anche paesi quali la Cina ela"}
{"sentidx":153392,"lemma":"pace","token":"pace","start":103,"end":107,"sent":"Sottolinea infine , la necessita di preparare adeguatamente l auspicabile Conferenza internazionale di pace per il Medio Oriente che l Italia sie resa disponibile ad ospitare ."}
{"sentidx":153396,"lemma":"pace","token":"pace","start":73,"end":77,"sent":"Nel dare conto delle forze militari italiane impiegate nelle missioni di pace in Afghanistan assicura che al nostro Paese non sono stati richiesti ulteriori impegni militari ."}
{"sentidx":180650,"lemma":"pace","token":"pace","start":202,"end":206,"sent":"Con questo accordo viene riaffermato non solo il sostegno al Governo palestinese di Abu Mazen la cui credibilita internazionale e una componente importante ed essenziale per la riuscita del processo di pace , ma anche l importanza della diplomazia del dialogo e dell incontro che dovrebbe caratterizzare l azione politica europea nel contesto internazionale , soprattutto nel bacino del Mediterraneo Quindi questo accordo , sensibilmente siglato quasi contemporaneamente a quello concluso con Israele e forse il primo di un paese europeo nell \u2019 ambito della cooperazione culturale e scientifica con l Autorita palestinese e testimonia quindi l importanza di una strategia di politica culturale che senza dubbio rimane uno strumento privilegiato per il nostro paese ."}
{"sentidx":166003,"lemma":"pace","token":"pace","start":162,"end":166,"sent":"rilevato che la sospensione della leva obbligatoria rappresenta una svolta epocale , ritiene necessario esaltare il nuovo ruolo delle Forze armate a difesa della pace ."}
{"sentidx":287930,"lemma":"pace","token":"pace","start":57,"end":61,"sent":"Certo la condizione necessaria e il raggiungimento della pace , come ha ricordato una delle colleghe intervenute nel dibattito ."}
{"sentidx":191542,"lemma":"pace","token":"pace","start":68,"end":72,"sent":"Ministro peri rapporti con il Parlamento La presenza delle forze di pace in Bosnia unitamente all \u2019 attivita dell \u2019 Alto rappresentante dell \u2019 Unione europea e dei paesi alleati , ha contribuito ad evitare , direttamente o attraverso iniziative da essi promosse , atti di discriminazione nei confronti della popolazione cattolica del paese odi altra confessione religiosa ."}
{"sentidx":219714,"lemma":"pace","token":"pace","start":143,"end":147,"sent":"Ricordiamo che oggi sullo scenario internazionale molti contingenti di militari stanno operando e contribuendo in modo efficace a mantenere la pace ea ricostruire lo strato sociale , giuridico e di sicurezza di diversi paesi ."}
{"sentidx":161110,"lemma":"pace","token":"pace","start":51,"end":55,"sent":"Tuttavia siccome nel cilindro del prestigiatore la pace si trasforma in guerra ."}
{"sentidx":267037,"lemma":"pace","token":"pace","start":71,"end":75,"sent":"Tocca anche a noi essere protagonisti di alcune iniziative positive di pace e di disarmo internazionali : con gli ordini del giorno riproporremo un pronunciamento unitario del Parlamento in tale direzione ."}
{"sentidx":52490,"lemma":"pace","token":"pace","start":229,"end":233,"sent":"rileva che il Presidente del Consiglio richiamando la posizione di non belligeranza assunta dall \u2019 Italia abbia saputo interpretare , piu di quanto abbiano fatto i Governi di centrosinistra , le tanto proclamate aspirazioni alla pace ."}
{"sentidx":163896,"lemma":"pace","token":"pace","start":255,"end":259,"sent":"nel sottolineare il carattere menzognero delle ragioni addotte dall \u2019 amministrazione Bush per giustificare il conflitto armato contro l Iraq osserva che la missione militare denominata Antica Babilonia non si configura , in alcun modo , come missione di pace ."}
{"sentidx":190353,"lemma":"pace","token":"pace","start":433,"end":437,"sent":"manifestato apprezzamento per loperato dei militari italiani impegnati in operazioni internazionali , giudica di stampo burocratico l impostazione del provvedimento in discussione , sul quale esprime comunque un orientamento favorevole ; nel dichiarare , peraltro , di non condividere il ricorso all \u2019 uso della forza per imporre democrazia e liberta , sottolinea l opportunita di promuovere , sotto l egida dell \u2019 ONU iniziative di pace e perla salvaguardia dei diritti umani ."}
{"sentidx":318519,"lemma":"pace","token":"pace","start":114,"end":118,"sent":"Auspica pertanto , un concreto impegno unitario delle forze politiche in vista del raggiungimento di obiettivi di pace ."}
{"sentidx":161123,"lemma":"pace","token":"pace","start":52,"end":56,"sent":"Invece le disposizioni del nuovo codice militare di pace peggiorano sensibilmente le condizioni di vita dei militari puntando su un \u2019 ulteriore separazione tra Forze armate e societa civile , in aperta controtendenza rispetto a decenni di evoluzione giuridica che ha teso a restituire al cittadino militare diritti civili a lungo negati ."}
{"sentidx":59097,"lemma":"pace","token":"pace","start":18,"end":22,"sent":"La politica della pace e della guerra passera attraverso tale questione ."}
{"sentidx":291400,"lemma":"pace","token":"pace","start":157,"end":161,"sent":"Desidero aggiungere che il decreto - legge al nostro esame e volto ad assicurare la prosecuzione ela partecipazione italiana alle missioni internazionali di pace e di aiuto umanitario ."}
{"sentidx":219818,"lemma":"pace","token":"pace","start":106,"end":110,"sent":"In Commissione difesa e fermo il disegno di legge concernente la materia delle missioni internazionali di pace ."}
{"sentidx":5066,"lemma":"pace","token":"pace","start":87,"end":91,"sent":"nell auspicare l individuazione di una soluzione equa e condivisa , che garantisca una pace duratura nella regione mediorientale , sottolinea , in particolare , la necessita di un rafforzamento del ruolo internazionale dell \u2019 Unione europea ."}
{"sentidx":254588,"lemma":"pace","token":"pace","start":3,"end":7,"sent":"La pace assunta tra gli obiettivi , ovvero declassata nella sfera delle politiche , non assurge a parametro di valutazione delle decisioni degli Stati E potremmo continuare a proposito dei diritti giudiziari e delle garanzie individuali ."}
{"sentidx":129280,"lemma":"pace","token":"pace","start":137,"end":141,"sent":"nel manifestare gioia per la liberazione delle due volontarie italiane sequestrate in Iraq sottolinea che sono prevalse le logiche della pace e del dialogo con la parte migliore del mondo islamico , che ringrazia per il positivo contributo offerto alla soluzione della drammatica vicenda ."}
{"sentidx":231032,"lemma":"pace","token":"pace","start":126,"end":130,"sent":"Ancora una volta , cio conferma quanto sia importante la presenza delle forze multinazionali in quel territorio per garantire pace , sicurezza e democrazia contro il terrorismo ."}
{"sentidx":76036,"lemma":"pace","token":"pace","start":79,"end":83,"sent":"Il principio che ci differenzia da tanti gruppi parlamentari ela ricerca della pace in ogni contesto ela risoluzione dei conflitti non attraverso luso delle armi ."}
{"sentidx":121936,"lemma":"pace","token":"pace","start":131,"end":135,"sent":"Soprattutto in questo periodo abbiamo avuto la consapevolezza che la missione in Iraq none certo ipotizzabile come una missione di pace ."}
{"sentidx":332558,"lemma":"pace","token":"pace","start":38,"end":42,"sent":"Rilevato quindi , che non puo esservi pace senza liberta , sottolinea la necessita di promuovere efficaci aiuti umanitari nei confronti della popolazione irachena ; dichiara , pertanto , il convinto voto favorevole del gruppo di Alleanza nazionale sulla risoluzione Elio Vito n"}
{"sentidx":291765,"lemma":"pace","token":"pace","start":78,"end":82,"sent":"Solo queste ultime possono realmente consentire alla popolazione di vivere in pace e con un grado sufficiente di sicurezza ."}
{"sentidx":329364,"lemma":"pace","token":"pace","start":54,"end":58,"sent":"Peraltro questi sono dati medi rispetto ai giudici di pace esistenti sul territorio ."}
{"sentidx":54937,"lemma":"pace","token":"pace","start":53,"end":57,"sent":"Un ultima riflessione riguarda proprio il tema della pace ."}
{"sentidx":161165,"lemma":"pace","token":"pace","start":170,"end":174,"sent":"In tal modo viene meno il vincolo di alcune grandi Costituzioni europee e della Carta dell ONU ad agire attraverso la mediazione diplomatica ei tentativi di politiche di pace per dirimere le controversie internazionali ."}
{"sentidx":291439,"lemma":"pace","token":"pace","start":113,"end":117,"sent":"Naturalmente gli obiettivi teorici sono chiari : rimanere in quelle zone per rafforzare e favorire i processi di pace , affinche sia garantita la sicurezza delle missioni stesse e delle popolazioni coinvolte ."}
{"sentidx":329008,"lemma":"pace","token":"pace","start":215,"end":219,"sent":"Il decreto opera , in sostanza , rispetto alla normativa vigente , un decentramento degli uffici giudiziari ; appare altresi condivisibile la scelta compiuta dal Governo in tema di indennita spettanti al giudice di pace in materia penale , che rappresenta un primo passo verso una nuova disciplina delle remunerazioni della magistratura onoraria ."}
{"sentidx":139986,"lemma":"pace","token":"pace","start":40,"end":44,"sent":"Voi chiamate tali strategie missioni di pace ."}
{"sentidx":291407,"lemma":"pace","token":"pace","start":84,"end":88,"sent":"quella della E ormai consolidato che il nostro paese e impegnato nella difesa della pace e nella tutela della sicurezza internazionale ."}
{"sentidx":43769,"lemma":"pace","token":"pace","start":26,"end":30,"sent":"Non esiste possibilita di pace e coesistenza tra la religione islamica e le istituzioni sociali e politiche non islamiche ."}
{"sentidx":162605,"lemma":"pace","token":"pace","start":293,"end":297,"sent":"fare indagini su qualsiasi controversia o su qualsiasi situazione che possa portare ad un attrito internazionale o dar luogo ad una controversia , allo scopo di determinare se la continuazione della controversia o della situazione sia suscettibile di mettere in pericolo il mantenimento della pace e della sicurezza internazionale ( . )"}
{"sentidx":272995,"lemma":"pace","token":"pace","start":195,"end":199,"sent":"Misto Sottolinea l importanza della sottoscrizione di accordi di cooperazione culturale , scientifica e tecnologica , segnatamente con i paesi del Medio Oriente alfine di favorire il processo di pace in tale area ."}
{"sentidx":31148,"lemma":"pace","token":"pace","start":100,"end":104,"sent":"sottolinea , in particolare , la necessita di prevedere adeguate indennita in favore dei giudici di pace per taluni provvedimenti emessi in materia penale ."}
{"sentidx":212851,"lemma":"pace","token":"pace","start":289,"end":293,"sent":"Un paese che ha subito centinaia di bombardamenti , peraltro mai autorizzati da nessun Consiglio di sicurezza delle Nazioni Unite e portati avanti unilateralmente dalla Gran Bretagna e dagli Stati Uniti Noi non consideriamo Saddam Hussein un Hitler e non lo consideriamo un campione della pace ."}
{"sentidx":328983,"lemma":"pace","token":"pace","start":168,"end":172,"sent":"Si e addirittura accettato di associare lo Stato di Israele all Unione europea , senza porre nemmeno una minima condizione relativa alla possibilita che il processo di pace potesse avere degli sviluppi positivi ."}
{"sentidx":219867,"lemma":"pace","token":"pace","start":166,"end":170,"sent":"Cosa sie fatto per indurre Israele a far rispettare le risoluzioni delle Nazioni Unite e ad abbandonare i territori palestinesi occupati per costruire un percorso di pace con la parte piu consapevole e moderata dei palestinesi sulla base del principio fondamentale : due popoli , due Stati Nulla Anzi e cresciuta la vocazione militarista del Governo Sharon come insensata e illusoria risposta alla violenza cieca del terrorismo ."}
{"sentidx":155431,"lemma":"pace","token":"pace","start":264,"end":268,"sent":"Tale evento ha posto in rilievo che le politiche di aiuto , volte alla ricostruzione del paese , debbano valorizzare il ruolo delle donne e rafforzare la loro integrazione nel tessuto sociale quale elemento chiave nella stabilizzazione e nella ricostruzione della pace ."}
{"sentidx":161139,"lemma":"pace","token":"pace","start":109,"end":113,"sent":"Questa oggi e finalizzata non piu soltanto alla difesa del territorio nazionale , ma ai valori supremi della pace e della sicurezza internazionali ."}
{"sentidx":318183,"lemma":"pace","token":"pace","start":126,"end":130,"sent":"Credo chesi sia voluta perdere una grandissima occasione per fare del nostro continente una grande risorsa di democrazia , di pace , di giustizia sociale e di solidarieta internazionale ."}
{"sentidx":251848,"lemma":"pace","token":"pace","start":125,"end":129,"sent":"Dunque e necessario proseguire sul tema della Costituzione sul ruolo dell \u2019 ONU e sulla volonta di riprendere un processo di pace all \u2019 interno del Medio Oriente Se faremo questo , credo non mancheranno anche le legittime soddisfazioni politiche ."}
{"sentidx":83014,"lemma":"pace","token":"pace","start":95,"end":99,"sent":"Ministro peri rapporti con il Parlamento pur assicurando che le manifestazioni in favore della pace sono state seguite con la massima attenzione dalle forze dell \u2019 ordine , che hanno operato per la sicurezza dei cittadini garantendo nel contempo la liberta di manifestare , riconosce che si sono verificate alcune isolate forme di violenza ."}
{"sentidx":194685,"lemma":"pace","token":"pace","start":169,"end":173,"sent":"Pertanto spetta alle regioni la potesta legislativa , salvo che per la determinazione dei principi fondamentali riservata alla legislazione dello Stato Ebbene con buona pace del collega Bressa questa scelta , voluta dal centrosinistra , ha determinato notevoli problemi di funzionalita del sistema energetico , in considerazione della difficolta di ricondurre alle competenze delle regioni scelte di carattere strategico che in taluni casi hanno una dimensione sovranazionale ."}
{"sentidx":98777,"lemma":"pace","token":"pace","start":322,"end":326,"sent":"nel condividere le ragioni del ricorso alla decretazione d urgenza , ritiene che il decreto - legge in esame , del quale peraltro auspica una sollecita conversione in legge , non avrebbe potuto essere la sede idonea a delineare una normativa organica della partecipazione militare italiana ad operazioni internazionali di pace : ritiene che il Parlamento debba provvedere quanto prima ."}
{"sentidx":31622,"lemma":"pace","token":"pace","start":166,"end":170,"sent":"Avremmo voluto un esame piu sistematico di questa materie ed anche un riconoscimento economico piu adeguato al lavoro ed alle delicate funzioni svolte dai giudici di pace ."}
{"sentidx":237719,"lemma":"pace","token":"pace","start":148,"end":152,"sent":"Ricordo in proposito , che si svolgera domani a Roma una conferenza sul dialogo interculturale fattore di coesione sociale in Europa e strumento di pace nell \u2019 area mediterranea , che sara presieduta dal ministro Pisanu ed alla quale parteciperanno gli altri ministri dell \u2019 interno dell \u2019 Unione europea ."}
{"sentidx":44758,"lemma":"pace","token":"pace","start":360,"end":364,"sent":"Presidente della Commissione esprime un orientamento favorevole al disegno di legge di ratifica in esame , sottolineando la necessita di portare a compimento il processo di stabilizzazione e di associazione tra l Unione europea ela Repubblica di Croazia alla quale viene offerta l occasione per porre rimedio agli errori del passato in nome degli ideali della pace , della liberta e della democrazia ."}
{"sentidx":287677,"lemma":"pace","token":"pace","start":233,"end":237,"sent":"La terza linea di azione ovviamente e quella della cooperazione allo sviluppo , che ha subito un grande cambiamento di indirizzo relativo alle affermazioni precedentemente fatte , cioe alla necessita di creare prima le condizioni di pace per poi parlare di sviluppo economico e sociale ."}
{"sentidx":52481,"lemma":"pace","token":"pace","start":123,"end":127,"sent":"Sottolinea pertanto la necessita di promuovere , anche dopo l avvio delle operazioni belliche , iniziative in favore della pace ."}
{"sentidx":72139,"lemma":"pace","token":"pace","start":132,"end":136,"sent":"Quindi questo provvedimento , che viene approvato alla fine della legislatura , risulta necessario solamente per portare un po \u2019 di pace all \u2019 interno della Casa delle liberta ."}
{"sentidx":31605,"lemma":"pace","token":"pace","start":372,"end":376,"sent":"Presidente come ricordava opportunamente e giustamente Giuliano Pisapia affrontiamo l altra parte importante del decreto - legge al nostro esame ; essa si caratterizza per una scelta di fondo del Governo peraltro ( e giusto ricordarlo ) collegata ad un ordine del giorno di recente approvato unanimemente dall \u2019 Assemblea che pone la questione dei compensi del giudice di pace ."}
{"sentidx":317762,"lemma":"pace","token":"pace","start":128,"end":132,"sent":"Dunque l unificazione europea e stata un progetto eminentemente politico , che risponde essenzialmente in radice a un ideale di pace ."}
{"sentidx":27320,"lemma":"pace","token":"pace","start":49,"end":53,"sent":"Abbiamo vissuto un vero e proprio attentato alla pace , freddamente preparato e compiuto ."}
{"sentidx":262500,"lemma":"pace","token":"pace","start":192,"end":196,"sent":"Misto Com it Nel ritenere che la guerra sia uno strumento assolutamente inefficace per contrastare il terrorismo , lamenta l assenza di riferimenti , nelle strategie del Governo a percorsi di pace ; ribadisce quindi la necessita di ritirare il contingente militare italiano dall \u2019"}
{"sentidx":219826,"lemma":"pace","token":"pace","start":271,"end":275,"sent":"Apprezziamo invece , quanto dichiarato dal sottosegretario Cicu in Commissione anche questa sera , che confermano le caratteristiche di pace e non di guerra : testualmente , il sottosegretario ha affermato che si tratta di una missione che deve difendere le posizioni di pace raggiunte ."}
{"sentidx":219826,"lemma":"pace","token":"pace","start":136,"end":140,"sent":"Apprezziamo invece , quanto dichiarato dal sottosegretario Cicu in Commissione anche questa sera , che confermano le caratteristiche di pace e non di guerra : testualmente , il sottosegretario ha affermato che si tratta di una missione che deve difendere le posizioni di pace raggiunte ."}
{"sentidx":172002,"lemma":"pace","token":"pace","start":234,"end":238,"sent":"richiamati gli apprezzabili risultati conseguiti dalla missione internazionale Enduring Freedom nel processo di stabilizzazione dell \u2019 Afghanistan sottolinea l importanza di prorogare la partecipazione italiana anche alle missioni di pace nell \u2019 area balcanica : dichiara pertanto il voto favorevole dei deputati del gruppo dell \u2019 UDC sulla proposta di legge in esame ."}
{"sentidx":287888,"lemma":"pace","token":"pace","start":55,"end":59,"sent":"Le precondizioni per lo sviluppo dell \u2019 Africa sono la pace la sicurezza ed una crescita economica adeguata ."}
{"sentidx":37289,"lemma":"pace","token":"pace","start":75,"end":79,"sent":"Quasi facendosi tramite fattivo di questa operazione americana , contro la pace e ripeto , contro gli interessi nazionali del nostro paese ."}
{"sentidx":49792,"lemma":"pace","token":"pace","start":90,"end":94,"sent":"Signora sottosegretario , una parte importante del suo documento ha trattato i temi della pace e della sicurezza ."}
{"sentidx":15203,"lemma":"pace","token":"pace","start":275,"end":279,"sent":"Manifesta quindi , un orientamento contrario al disegno di legge di ratifica in esame , sottolineando , tra l altro , che il contributo dell \u2019 Italia alla pace nel mondo potrebbe piu opportunamente essere fornito attraverso strumenti realmente idonei a costruire processi di pace e di cooperazione ."}
{"sentidx":15203,"lemma":"pace","token":"pace","start":155,"end":159,"sent":"Manifesta quindi , un orientamento contrario al disegno di legge di ratifica in esame , sottolineando , tra l altro , che il contributo dell \u2019 Italia alla pace nel mondo potrebbe piu opportunamente essere fornito attraverso strumenti realmente idonei a costruire processi di pace e di cooperazione ."}
{"sentidx":104112,"lemma":"pace","token":"pace","start":44,"end":48,"sent":"ritiene non si possa imputare ai giudici di pace la responsabilita della situazione che si e venuta a determinare , dal momento che dovrebbe competere al Governo l individuazione di una soluzione condivisa ."}
{"sentidx":279692,"lemma":"pace","token":"pace","start":279,"end":283,"sent":"Credo che un concorso di idee permetterebbe di definire la migliore utilizzazione di tale patrimonio e di fare accanto alla tradizionale presenza militare italiana , che ha strutture formative di eccellenza da salvaguardare , di quello de La Maddalena un arcipelago logistico di pace e non di guerra ."}
{"sentidx":273337,"lemma":"pace","token":"pace","start":183,"end":187,"sent":"Si tratta di capire che , al contrario , la collaborazione e il rispetto vicendevole significano poter sviluppare insieme un comune impegno per perseguire i valori di tolleranza , di pace , di cooperazione internazionale ."}
{"sentidx":140003,"lemma":"pace","token":"pace","start":189,"end":193,"sent":"Non poteva crearsi un \u2019 ulteriore sperequazione e non si poteva non tenere in considerazione l esigenza fondamentale della difesa in un momento di grande sforzo operativo per assicurare la pace in molti paesi del mondo ."}
{"sentidx":31152,"lemma":"pace","token":"pace","start":96,"end":100,"sent":"sottolinea l urgenza di colmare il vuoto normativo in tema di indennita spettanti ai giudici di pace per l attivita svolta , con particolare riferimento alle competenze in materia penale ."}
{"sentidx":26450,"lemma":"pace","token":"pace","start":127,"end":131,"sent":"Potevano vantare meriti e proporre la ricostruzione di quello Stato cioche poi Zanella fece da Parigi durante la Conferenza di pace Essi furono uccisi per primi ."}
{"sentidx":205931,"lemma":"pace","token":"pace","start":185,"end":189,"sent":"Pur tuttavia , non possiamo ignorare che si svolgono in ambienti ostili ; non possono essere considerate di mero mantenimento della pace , ma sono impegnate ad instaurare condizioni di pace attraverso un uso controllato della forza ."}
{"sentidx":317511,"lemma":"pace","token":"pace","start":195,"end":199,"sent":"Ritengo questa sia veramente di fronte al paese , una mancanza di sensibilita rispetto ad un problema che sta effettivamente tormentando la nostra opinione pubblica e sulla quale la coscienza di pace del nostro paese e mobilitata ."}
{"sentidx":205931,"lemma":"pace","token":"pace","start":132,"end":136,"sent":"Pur tuttavia , non possiamo ignorare che si svolgono in ambienti ostili ; non possono essere considerate di mero mantenimento della pace , ma sono impegnate ad instaurare condizioni di pace attraverso un uso controllato della forza ."}
{"sentidx":188710,"lemma":"pace","token":"pace","start":101,"end":105,"sent":"osservato che la presenza italiana in Iraq e finalizzata alla cooperazione ed alla costruzione della pace e della legalita , lamenta il prevalere , in alcune frange della sinistra , di un malinteso pacifismo di stampo intimidatorio ."}
{"sentidx":164258,"lemma":"pace","token":"pace","start":87,"end":91,"sent":"C echi definisce la missione italiana una missione di guerra , anziche una missione di pace , come in effetti e Non intendiamo sollevare in questa sede argomenti che evidenziano le contraddizioni della sinistra italiana e del suo imbarazzo di fronte alle nobili tradizioni delle nostre forze armate ."}
{"sentidx":170417,"lemma":"pace","token":"pace","start":173,"end":177,"sent":"In conclusione , vogliamo esprimere la piu convinta gratitudine ai nostri ragazzi all \u2019 estero , impegnati in missioni pericolose , per garantire la pace in regioni dove la pace puo essere davvero assicurata soltanto con la nostra presenza ."}
{"sentidx":170417,"lemma":"pace","token":"pace","start":149,"end":153,"sent":"In conclusione , vogliamo esprimere la piu convinta gratitudine ai nostri ragazzi all \u2019 estero , impegnati in missioni pericolose , per garantire la pace in regioni dove la pace puo essere davvero assicurata soltanto con la nostra presenza ."}
{"sentidx":219524,"lemma":"pace","token":"pace","start":159,"end":163,"sent":"Relatore perla Commissione riconosciuta , inoltre , la pericolosita della missione denominata Enduring iraq sottolinea che essa e finalizzata ad assicurare la pace ela stabilita in Afghanistan al riguardo , auspica che anche i gruppi parlamentari di opposizione assumano una posizione autenticamente solidale nei confronti dei militari italiani impegnati all \u2019 estero ."}
{"sentidx":206011,"lemma":"pace","token":"pace","start":95,"end":99,"sent":"Dunque la presenza italiana nel contingente multinazionale ha questa funzione : ricostruire la pace , ricostruire le condizioni affinche possano affermarsi libere istituzioni e sia sostenuto il Governo provvisorio del presidente Karzai affinche vi siano i presupposti perche in Afghanistan possa sorgere una democrazia solida ."}
{"sentidx":118991,"lemma":"pace","token":"pace","start":76,"end":80,"sent":"Al contrario , costruiamo una vasta coalizione contro il terrorismo e perla pace ."}
{"sentidx":315670,"lemma":"pace","token":"pace","start":300,"end":304,"sent":"Sottosegretario di Stato per gli affari esteri , premesso che l Esecutivo ha sempre sostenuto qualsiasi iniziativa volta a favorire il dialogo tra le societa civili israeliana e palestinese , rileva che e stata avviata , insieme ai partner comunitari , un \u2019 approfondita discussione sul patto per la pace sottoscritto a Ginevra che tuttavia ritiene non possa essere considerato alternativo alla cosiddetta Road map unico strumento condiviso in ambito internazionale ed accettato dalle parti per la soluzione del conflitto mediorientale palestinese ."}
{"sentidx":38800,"lemma":"pace","token":"pace","start":158,"end":162,"sent":"Chiedo pertanto al Governo di assumere iniziative in tal senso e consentire all \u2019 Assemblea chesi trova ormai in un \u2019 impasse di natura politica , di mettere pace su evidenti valutazioni diverse tra Camera e"}
