{"sentidx":199608,"lemma":"attentato","token":"attentato","start":10,"end":19,"sent":"Sul grave attentato verificato questa mattina in"}
{"sentidx":199665,"lemma":"attentato","token":"attentato","start":89,"end":98,"sent":"Ringrazio anche il Ministro della difesa per la dettagliata ricostruzione del sanguinoso attentato ."}
{"sentidx":51505,"lemma":"attentato","token":"attentato","start":42,"end":51,"sent":"Informativa urgente del Governo sul grave attentato nel quale sono rimasti uccisi quattro militari italiani e sugli sviluppi della situazione in"}
{"sentidx":232508,"lemma":"attentato","token":"attentati","start":53,"end":62,"sent":"I talebani sono ancora li e programmano spettacolari attentati ."}
{"sentidx":115951,"lemma":"attentato","token":"attentato","start":42,"end":51,"sent":"Informativa urgente del Governo sul grave attentato in Afghanistan nel quale due militari italiani sono rimasti uccisi ed altri due feriti ."}
{"sentidx":139319,"lemma":"attentato","token":"attentato","start":67,"end":76,"sent":"Signor Presidente signor sottosegretario , ancora oggi ce stato un attentato a Baghdad dove sono state registrate piu di dieci vittime ; credo che il Parlamento italiano debba esprimere la solidarieta a queste vittime innocenti ."}
{"sentidx":237882,"lemma":"attentato","token":"attentato","start":84,"end":93,"sent":"I deputati in missione sono cinquecento Informativa urgente del Governo sul tragico attentato in Afghanistan che ha causato la morte del carabiniere scelto Manuele Braj e il ferimento di altri due militari ."}
{"sentidx":105913,"lemma":"attentato","token":"attentato","start":164,"end":173,"sent":"Su questo non abbiamo avuto posizioni diverse , onorevole Lupi La posizione dell \u2019 Italia dei Valori e sempre stata ferma e decisa nel respingere ogni tentativo di attentato ai principi costituzionali ."}
{"sentidx":264676,"lemma":"attentato","token":"attentato","start":180,"end":189,"sent":"Di fatto , con questo provvedimento , qualunque saranno gli emendamenti che verranno approvati , viene confermato l impianto complessivo e tale impianto complessivo rappresenta un attentato molto forte a diritti costituzionalmente garantiti : un attentato forte al diritto al lavoro , alla contrattazione collettiva e all uguale trattamento dei dipendenti con la costruzione di discriminazioni per cui , alla fine , avremo dipendenti di serie A e dipendenti di serie B e dipendenti piu o meno fortunati degli altri in funzione delle regioni di riferimento ."}
{"sentidx":264676,"lemma":"attentato","token":"attentato","start":246,"end":255,"sent":"Di fatto , con questo provvedimento , qualunque saranno gli emendamenti che verranno approvati , viene confermato l impianto complessivo e tale impianto complessivo rappresenta un attentato molto forte a diritti costituzionalmente garantiti : un attentato forte al diritto al lavoro , alla contrattazione collettiva e all uguale trattamento dei dipendenti con la costruzione di discriminazioni per cui , alla fine , avremo dipendenti di serie A e dipendenti di serie B e dipendenti piu o meno fortunati degli altri in funzione delle regioni di riferimento ."}
{"sentidx":81287,"lemma":"attentato","token":"attentato","start":438,"end":447,"sent":"\u00ab No ce anche troppa cattiveria in questo Paese Bisogna essere equi e determinati , soprattutto contro le organizzazioni criminali che sono dietro il traffico degli esseri umani e dei clandestini , contro le organizzazioni che operano nel Paese non scaricare sui magistrati le colpe ei limiti di questo Governo ad esempio impedendo le intercettazioni telefoniche , senza le quali non so come si potranno catturare i responsabili del vile attentato omicida di ieri a Castellammare di"}
{"sentidx":199610,"lemma":"attentato","token":"attentato","start":51,"end":60,"sent":"Riferisco quindi a nome del Governo sul gravissimo attentato avvenuto questa mattina in Afghanistan nel centro di Kabul con la conseguente morte di sei nostri soldati e il ferimento di altri quattro nostri militari ."}
{"sentidx":193485,"lemma":"attentato","token":"attentato","start":380,"end":389,"sent":"Mai il livello di aggressione della politica sulla magistratura era stato cosi infuocato , determinando quel clima di odio e di isolamento che in altri tempi e stato il terreno di coltura delle stragi di mafia : Livatino Chinnici Ciaccio Montalto Falcone Borsellino oltre che fedeli servitori della Polizia e dei carabinieri ( Applausi dei deputati del gruppo Italia dei Valori L attentato agli uffici della procura di Reggio Calabria e un segnale gravissimo , il richiamo ai plotoni di esecuzione evoca purtroppo anche tutto questo echi compie questo richiamo si assume una gravissima responsabilita per quello che potrebbe accadere ."}
{"sentidx":253040,"lemma":"attentato","token":"attentato","start":134,"end":143,"sent":"Signor Presidente perla prima volta in questa legislatura abbiamo trovato in casella un testo anonimo con accuse alla magistratura di attentato al Presidente del Consiglio e alla continuazione del suo Governo e questa mi sembra una svista grave da parte di chi ne ha autorizzato la distribuzione ."}
{"sentidx":67151,"lemma":"attentato","token":"attentati","start":17,"end":26,"sent":"Gli ultimi gravi attentati avvenuti contro le nostre Forze armate in Libano e in Afghanistan pongono con urgenza la necessita di una riflessione sul ruolo svolto dai nostri militari in quelle regioni ."}
{"sentidx":237889,"lemma":"attentato","token":"attentato","start":152,"end":161,"sent":"Espresso cordoglio ai familiari del carabinieri scelto Manuele Braj e rivolto un augurio di pronta guarigione agli altri militari rimasti feriti nell \u2019 attentato di ieri , manifesta dubbi sulla valenza sociopolitica della missione italiana in Afghanistan sottolineando la necessita di prevedere un disimpegno in quel territorio , anche alla luce del mutato contesto politico e strategico internazionale ."}
{"sentidx":123913,"lemma":"attentato","token":"attentato","start":83,"end":92,"sent":"Signor Presidente ci sono notizie di stampa di qualche minuto fa che parlano di un attentato contro un Lince italiano presso Shindand la base operativa avanzata ."}
{"sentidx":177947,"lemma":"attentato","token":"attentato","start":45,"end":54,"sent":"Cio che e avvenuto oggi non e che l ennesimo attentato nei confronti degli amministratori pubblici nella mia regione ,"}
{"sentidx":269012,"lemma":"attentato","token":"attentato","start":42,"end":51,"sent":"Signor Presidente e notizia di oggi che l attentato terroristico di Mumbai abbia avuto in Italia uno dei suoi protagonisti ."}
{"sentidx":140710,"lemma":"attentato","token":"attentato","start":143,"end":152,"sent":"Ricordo che nella scorsa legislatura , di fronte auna ventina di deleghe proposte dal Governo Prodi l opposizione alzo le barricate , parlo di attentato alla democrazia e disse che era inaccettabile un numero cosi rilevante di deleghe ."}
{"sentidx":220232,"lemma":"attentato","token":"attentato","start":135,"end":144,"sent":"Vorrei anche ricordare che quando parliamo di Gino Giugni parliamo di una persona che come Massimo D Antona e come Marco Biagi subi un attentato delle Brigate rosse , perche Gino Giugni era insieme agli altri nostri maestri , a questi eroi della Repubblica un punto di congiunzione fra lo studioso , la capacita di ricostruire il dialogo sociale ela capacita di credere nella soluzione dei problemi attraverso la concertazione ."}
{"sentidx":116131,"lemma":"attentato","token":"attentato","start":65,"end":74,"sent":"Ricorda la figura di Paolo Borsellino nell anniversario del vile attentato in cui perse la vita insieme agli agenti della sua scorta ."}
{"sentidx":277230,"lemma":"attentato","token":"attentato","start":221,"end":230,"sent":"Signor Presidente none stato per una ragione di difesa personale , ma per la tutela che ho sentito di dover fare delle Istituzioni perche mettere in discussione un procedimento parlamentare di formazione della legge e un attentato alla Costituzione Poi si puo anche dire : io difendo la"}
{"sentidx":199650,"lemma":"attentato","token":"attentato","start":26,"end":35,"sent":"Ancora una volta , questo attentato ha evidenziato un fatto : i rischi enormi collegati al terrorismo internazionale e il rischio internazionale di matrice islamica , rischi che non possiamo far finta di non vedere sia all \u2019 esterno , sia quando ragioniamo per la sicurezza del nostro territorio ."}
{"sentidx":159235,"lemma":"attentato","token":"attentati","start":111,"end":120,"sent":"Cambiano le modalita anche se non di molto : si registrano imboscate , esplodono ordigni artigianali , ci sono attentati suicidi e talvolta , anche tradimenti da parte di persone che , pur indossando uniformi delle forze di sicurezza afgane , aprono improvvisamente il fuoco contro i nostri militari proprio quando questi credono di trovarsi al riparo delle loro basi ."}
{"sentidx":261348,"lemma":"attentato","token":"attentato","start":65,"end":74,"sent":"A tale proposito , ricordo i dibattiti di sette anni fa , dopo l attentato alle torri gemelle , dove gia qualcuno comincio ad affermare che forse un Bin Laden piu avveduto avrebbe potuto arrecare danni molto superiori alle economie e alle politiche dell \u2019 Occidente intervenendo sui mercati finanziari , con qualche forma di terrorismo finanziario , invece di attaccare le torri gemelle ."}
{"sentidx":136466,"lemma":"attentato","token":"attentato","start":266,"end":275,"sent":"Signor Presidente signor Ministro ce qualcosa che non va in Italia se lei a distanza di pochi giorni , e dovuto venire qui in Parlamento ad illustrare ea relazionare su due gravi episodi di violenza politica che sono accaduti nel nostro Paese E fuor di dubbio che l attentato al Presidente del Consiglio e un attentato che si configura come un attentato terroristico e anche se non commesso da un terrorista , presenta delle finalita evidentemente terroristiche ."}
{"sentidx":136466,"lemma":"attentato","token":"attentato","start":309,"end":318,"sent":"Signor Presidente signor Ministro ce qualcosa che non va in Italia se lei a distanza di pochi giorni , e dovuto venire qui in Parlamento ad illustrare ea relazionare su due gravi episodi di violenza politica che sono accaduti nel nostro Paese E fuor di dubbio che l attentato al Presidente del Consiglio e un attentato che si configura come un attentato terroristico e anche se non commesso da un terrorista , presenta delle finalita evidentemente terroristiche ."}
{"sentidx":136466,"lemma":"attentato","token":"attentato","start":344,"end":353,"sent":"Signor Presidente signor Ministro ce qualcosa che non va in Italia se lei a distanza di pochi giorni , e dovuto venire qui in Parlamento ad illustrare ea relazionare su due gravi episodi di violenza politica che sono accaduti nel nostro Paese E fuor di dubbio che l attentato al Presidente del Consiglio e un attentato che si configura come un attentato terroristico e anche se non commesso da un terrorista , presenta delle finalita evidentemente terroristiche ."}
{"sentidx":132322,"lemma":"attentato","token":"attentato","start":289,"end":298,"sent":"Un intervento armato dei Paesi occidentali , certamente , non aiuta la stabilita ela pace di quella regione ( Applausi dei deputati del gruppo Lega Nord Padania E forse , purtroppo , a riprova della correttezza delle nostre preoccupazioni , proprio ieri , a Gerusalemme sie visto il primo attentato terroristico dopo cinque anni ."}
{"sentidx":51630,"lemma":"attentato","token":"attentato","start":203,"end":212,"sent":"Signor Presidente signori rappresentanti del Governo colleghi , innanzitutto voglio rinnovare da parte dell \u2019 Italia dei Valori il piu profondo cordoglio alle famiglie dei militari rimasti uccisi nell \u2019 attentato e rinnovare i nostri auguri di pronta guarigione al soldato rimasto gravemente ferito ."}
{"sentidx":238033,"lemma":"attentato","token":"attentati","start":57,"end":66,"sent":"Molte volte questo Stato sie indignato ed ha sacrato gli attentati che hanno portato vittime , salvo poi dimenticar un minuto dopo ( Applausi dei deputati del gruppo Popolo e"}
{"sentidx":215835,"lemma":"attentato","token":"attentato","start":24,"end":33,"sent":"La vicenda del presunto attentato all \u2019 allora sindaco Scopelliti none mai stata chiarita , mentre le cronache giudiziarie , nonche espliciti reportage giornalistici mai contestati , evidenzierebbero rapporti e legami di amicizia tra lo stesso ed alcuni esponenti della criminalita organizzata ."}
{"sentidx":197426,"lemma":"attentato","token":"attentato","start":115,"end":124,"sent":"Ancora qualche giorno fa , prima di domenica scorsa , per l ennesima volta , sempre ad Orissa e stato procurato un attentato mortale nei confronti del partito fondamentalista indu ."}
{"sentidx":142955,"lemma":"attentato","token":"attentato","start":97,"end":106,"sent":"Il caporalmaggiore Andrea Tomasello e uno di questi militari : e rimasto gravemente ferito in un attentato , insieme ad altri due commilitoni , nel momento stesso in cui viaggiava su un blindato , per portare aiuti alla popolazione locale ."}
{"sentidx":201054,"lemma":"attentato","token":"attentato","start":356,"end":365,"sent":"Ma a proposito dei nostri alleati , questa azione dell \u2019 Italia verso la Libia fu accompagnata dal consenso e dall incoraggiamento dei nostri alleati , anche perche l Italia con molta fermezza , chiese alla Libia del colonnello Gheddafi di adempiere alle richieste delle Nazioni Unite di accettare cioe un processo internazionale ai libici indiziati per l attentato di Lockerbie cosa chele Libia fece con mediazione italiana e poi con il riconoscimento del Consiglio di sicurezza , che libero la Libia dalle sanzioni , aprendo la strada ad una normalizzazione dei rapporti diplomatici tra la Libia ei Paesi della comunita internazionale ."}
{"sentidx":299438,"lemma":"attentato","token":"attentati","start":33,"end":42,"sent":"Da febbraio ad oggi oltre ai tre attentati presso il locale Qube si sono registrati otto atti di violenza omissivi e transgenici trai quali un omicidio ."}
{"sentidx":112972,"lemma":"attentato","token":"attentato","start":337,"end":346,"sent":"Di recente , dalle dichiarazioni di vari collaboratori di giustizia , e emerso un intento vendicativo di La Torre nei confronti del magistrato che ha richiesto la revoca del programma di protezione , il dottor Raffaele Cantone attualmente in servizio in Cassazione ed e emerso anche il tentativo di organizzare , da parte di La Torre un attentato ai danni di Cantone cosi come pure di un ulteriore magistrato della DDA di Napoli la dottoressa Antonietta Troncone attualmente procuratore aggiunto a Nola Si e appurato , tra l altro , che il detenuto , ovvero La Torre avrebbe ottenuto notizie sulla vita privata non soltanto dei due magistrati citati , ma anche dei loro familiari e anche che avrebbe intenzione di effettuare una ritorsione proprio contro i familiari dei magistrati , essendo loro piu a rischio , dal momento che non sono sottoposti a misure di tutela ."}
{"sentidx":264491,"lemma":"attentato","token":"attentato","start":118,"end":127,"sent":"Queste persone casualmente si sono svegliate e hanno evitato il peggio , pero l attentato e molto grave , perche e un attentato incendiario in cui due persone rischiavano di essere coinvolte in tale incendio , e quindi"}
{"sentidx":264491,"lemma":"attentato","token":"attentato","start":80,"end":89,"sent":"Queste persone casualmente si sono svegliate e hanno evitato il peggio , pero l attentato e molto grave , perche e un attentato incendiario in cui due persone rischiavano di essere coinvolte in tale incendio , e quindi"}
{"sentidx":34061,"lemma":"attentato","token":"attentato","start":182,"end":191,"sent":"L attentatore era sul nostro territorio da circa cinque anni e se fino all altro ieri era considerato un moderato , ieri ha manifestato il suo vero sentire di fondamentalista con un attentato ."}
{"sentidx":226470,"lemma":"attentato","token":"attentati","start":270,"end":279,"sent":"Azioni anticristiane in Nigeria in Algeria in Medio Oriente in Turchia in Pakistan in India e in Iraq ei cristiani del Maghreb dell Africa australe del Medio Oriente dell Estremo Oriente scompaiono in una lenta emorragia , sono vittime di un crescente cristianesimo Gli attentati di questi giorni in Egitto contro la comunita cristiana copta sono attacchi in cui i cristiani di tutte le confessioni diventano bersagli nei Paesi a maggioranza religiosa diversa ."}
{"sentidx":115747,"lemma":"attentato","token":"attentato","start":362,"end":371,"sent":"Signor Presidente signori Ministri mentre l Italia e occupata e milioni di italiani sono preoccupati per le loro condizioni sociali , perche la disoccupazione si diffonde , perche molte imprese devono chiudere , mentre aumenta l incertezza per il futuro , mentre purtroppo per la prima volta il nostro Paese e stato oggetto nelle scorse ore di un vero e proprio attentato di matrice islamica , fatto gravissimo , che desta molta preoccupazione , abbiamo letto negli stessi giorni su organi di stampa che il Presidente del Consiglio onorevole Berlusconi avrebbe affermato di essere stato messo in guardia dai nostri servizi di sicurezza circa la possibilita di essere oggetto di un attentato ."}
{"sentidx":115747,"lemma":"attentato","token":"attentato","start":681,"end":690,"sent":"Signor Presidente signori Ministri mentre l Italia e occupata e milioni di italiani sono preoccupati per le loro condizioni sociali , perche la disoccupazione si diffonde , perche molte imprese devono chiudere , mentre aumenta l incertezza per il futuro , mentre purtroppo per la prima volta il nostro Paese e stato oggetto nelle scorse ore di un vero e proprio attentato di matrice islamica , fatto gravissimo , che desta molta preoccupazione , abbiamo letto negli stessi giorni su organi di stampa che il Presidente del Consiglio onorevole Berlusconi avrebbe affermato di essere stato messo in guardia dai nostri servizi di sicurezza circa la possibilita di essere oggetto di un attentato ."}
{"sentidx":237887,"lemma":"attentato","token":"attentato","start":476,"end":485,"sent":"PdL Nel giudicare importante che l Esecutivo fornisca una programmazione precisa circa la missione in Afghanistan atteso che non si puo procrastinare oltre una presenza che ha gia raggiunto rilevanti obiettivi in termini di sicurezza e di ricostruzione del Paese esprime , anche a nome del suo gruppo , sentimenti di vicinanza ai familiari del carabiniere scelto Manuele Braj che deve essere ricordato come un vero e proprio eroe , e agli altri militari rimasti feriti nell \u2019 attentato terroristico di ieri ."}
{"sentidx":155133,"lemma":"attentato","token":"attentato","start":241,"end":250,"sent":"Signora Presidente vorrei prendere le mosse per il mio intervento associandomi alle espressioni di cordoglio che i colleghi hanno voluto pronunciare per la morte del funzionario italiano Pietro Antonio Colazzo ucciso a Kabul nel corso di un attentato , nel quale peraltro hanno incontrato la morte numerosi civili ."}
{"sentidx":236196,"lemma":"attentato","token":"attentato","start":6,"end":15,"sent":"Fu un attentato vile ed incomprensibile , che ha portato al mondo solo ulteriori lutti e tragedie ."}
{"sentidx":206787,"lemma":"attentato","token":"attentato","start":16,"end":25,"sent":"Questo efferato attentato , in presenza dei militari stanziati sul territorio in Campania una presenza voluta da questo Governo dopo la strage di Castel Volturno deve a nostro parere , far riflettere sulla utilita di una presenza militare che distoglie risorse che invece andrebbero destinate alle forze di polizia che stanno sul territorio per meglio poter incidere su una realta , che chiaramente i giovani militari che fanno il loro dovere non possono conoscere fino in fondo ."}
{"sentidx":226742,"lemma":"attentato","token":"attentato","start":144,"end":153,"sent":"Sempre in Asia pensiamo al Pakistan dove donne e bambini sono oggetto di violenze e di stupri perche cristiani , o all Indonesia all Iraq e all attentato di Baghdad di poche settimane fa o in Africa alla Nigeria dovevi e una condizione spaventosa e sembra essere esplosa una guerra di religione che miete vittime soprattutto tra i cristiani che sono , tra l altro , la fascia piu povera del Paese Ecco a fronte di tali pericolose dinamiche di violazione di quello che pure e un fondamentale e riconosciuto diritto umano , almeno in teoria , non e ammissibile il silenzio delle istituzioni , siano esse nazionali , europee o internazionali , soprattutto se avviene nel sottosviluppato mondo occidentale , ci tengo a dirlo ."}
{"sentidx":9493,"lemma":"attentato","token":"attentato","start":193,"end":202,"sent":"La proposta di legge , in realta , prevede anche molti altri reati la cui struttura e importante , tra cui l associazione con finalita di terrorismo , l eversione dell \u2019 ordine democratico , l attentato per finalita terroristiche odi eversione , il sequestro di persona a scopo di terrorismo odi eversione , l associazione di tipo mafioso ela strage ."}
{"sentidx":251337,"lemma":"attentato","token":"attentati","start":291,"end":300,"sent":"Entrambe le manifestazioni , come noto , hanno visto la partecipazione di centinaia di migliaia di persone , molte delle quali provenienti da Paesi che hanno sottoscritto il Trattato In ambito europeo si e fatto ricorso a tale misura ugualmente per periodi di tempo limitati in occasione di attentati terroristici odi particolari eventi di carattere politico o sportivo ."}
{"sentidx":294120,"lemma":"attentato","token":"attentato","start":20,"end":29,"sent":"Vi e stato anche un attentato nelle ultime settimane a un concerto e quindi la situazione e difficile ."}
{"sentidx":16602,"lemma":"attentato","token":"attentato","start":110,"end":119,"sent":"Ecco allora , che mettere mano alla legge elettorale , con l introduzione di una soglia di accesso , non e un attentato alla democrazia , non e una trovata per salvare qualche partito , ma e un esigenza irrinunciabile e non rinviabile per dare anche all \u2019 Italia una legge elettorale di stampo europeo , che garantisca una rappresentanza nazionale piu qualificata e piu capace di svolgere un ruolo da protagonista in Europa La soglia di accesso non impedisce di concorrere e anche le norme che garantiscono la possibilita di presentare le liste alle elezioni europee avendo la presenza di un parlamentare eletto nel nostro Parlamento europeo e una clausola che garantisce a chiunque la possibilita di concorrere ."}
{"sentidx":34123,"lemma":"attentato","token":"attentato","start":361,"end":370,"sent":"Quello che chiediamo al Governo e di mantenere alta l attenzione ela guardia e di tenere costantemente informato il Parlamento ovviamente con il rispetto delle diverse competenze , sugli sviluppi delle indagini e delle inchieste e soprattutto , vedere se si riesce davvero a individuare non solo l attentatore , ma il nucleo che pare essere stato dietro questo attentato , perche e importante che vi sia una corretta informazione sull \u2019 accaduto ( Applausi dei deputati del gruppo Italia dei"}
{"sentidx":192854,"lemma":"attentato","token":"attentati","start":87,"end":96,"sent":"Sottosegretario di Stato per l ambiente ela tutela del territorio e del mare Eh no Gli attentati sono cose serie !"}
{"sentidx":68379,"lemma":"attentato","token":"attentati","start":87,"end":96,"sent":"Non hanno fucili neppure per difendersi e quindi , non ce ragione che siano oggetto di attentati ."}
{"sentidx":185317,"lemma":"attentato","token":"attentato","start":64,"end":73,"sent":"Ricordiamo tutti cio che era accaduto nei giorni precedenti : l attentato di Capaci dove persero la vita il giudice Falcone la sua scorta ela moglie , nonche l agguato a Paolo Borsellino successivo di due mesi ."}
{"sentidx":152084,"lemma":"attentato","token":"attentati","start":67,"end":76,"sent":"E probabilmente , negli intenti di coloro che hanno pensato questi attentati cosi devastanti vi era anche , in qualche modo , l idea che uccidendo , si possa contestare , frenare , arrestare un processo quale e quello della globalizzazione che , puntando sempre di piu a rendere interdipendente il mondo , supera barriere , abbatte muri , determina quella reciproca contaminazione culturale , religiosa e identitaria che e necessaria perche il mondo della globalizzazione sia un mondo fondato sulla tolleranza e non sul fanatismo e sull integralismo ."}
{"sentidx":292946,"lemma":"attentato","token":"attentato","start":100,"end":109,"sent":"Si tratta di dichiarazioni inaccettabili , tanto piu perche pronunciate in occasione del gravissimo attentato in Afghanistan in cui ha perso la vita l alpino Massimo Ranzani Questo ha spinto il PdL ad assumere un atteggiamento di disimpegno su questo provvedimento tradotto nelle dimissioni del relatore , che , pure fino a quel momento , aveva lealmente svolto l incarico di portare avanti due proposte di legge , entrambe dell \u2019 opposizione ."}
{"sentidx":34077,"lemma":"attentato","token":"attentato","start":164,"end":173,"sent":"Ho appena sentito una spiegazione , una teoria dalla collega Molteni della Lega su quanto accaduto che , se non vado errato , dice sostanzialmente questo : anche l attentato di ieri e figlio di una politica troppo lassista nei confronti dell \u2019 immigrazione clandestina enei confronti della scelta di permettere la realizzazione ela costruzione di moschee nelle nostre citta per l esercizio del culto , della professione di fede islamica ."}
{"sentidx":237891,"lemma":"attentato","token":"attentati","start":85,"end":94,"sent":"FLpTP Sottolineata la retorica sottesa al ripetersi di informative rese a seguito di attentati perpetrati nei confronti di militari italiani impegnati all \u2019 estero , esprime orgoglio per essere rappresentato da Forze armate che con lealta e onore svolgono il loro ruolo nei complessi scenari internazionali , manifestando peraltro perplessita sulla scarsa presenza della classe politica registrata nel corso del dibattito ."}
{"sentidx":139497,"lemma":"attentato","token":"attentato","start":205,"end":214,"sent":"Non ce dubbio infatti che il nostro movimento sia sensibile ai sacrifici richiesti ai nostri soldati ed e sincera l attenzione che il nostro segretario ha voluto manifestare anche successivamente al grave attentato costato la vita a ben sei militari italiani nella capitale afghana ."}
{"sentidx":156827,"lemma":"attentato","token":"attentati","start":206,"end":215,"sent":"Per troppi anni Alitalia ha giustificato i conti in rosso ola mancanza di risultati positivi e quindi , la propria inefficienza imputando questo dissesto ad una serie di tragici eventi internazionali ( gli attentati terroristici , la crisi petrolifera , eccetera ) senza mai riconoscere con serieta che tra le principali cause della crisi vi e sempre stata la mancanza di una valida strategia industriale , commerciale e occupazionale ( Applausi dei deputati del gruppo Lega Nord Padania La ridotta produttivita , la mancanza di strategie , il costo del lavoro e il prevalere di politiche impostate sulla posizione dominante e non sulla cultura del prodotto sono tra i principali fattori negativi che hanno concorso al dissesto finanziario ."}
{"sentidx":68370,"lemma":"attentato","token":"attentato","start":27,"end":36,"sent":"Puo accadere che vi sia un attentato di queste dimensioni e che non vi sia una voce del Governo ad esprimere deplorazione ."}
{"sentidx":251256,"lemma":"attentato","token":"attentati","start":279,"end":288,"sent":"Mi riferisco a personaggi riconducibili al cartello dei casalesi , al clan Esposito di Sessa Aurunca ai Belforte di Marcianise e ai Di Lauro di Secondigliano Ai tentativi di penetrazione che si registrano nel tessuto economico e al fenomeno delle estorsioni perpetrate anche con attentati dinamitardi in danno di imprenditori e commercianti della provincia , molti dei quali di origine campana , si aggiungono gli interessi delle consorterie camorristiche in materia di smaltimento dei rifiuti , di prestiti finanziari usurari a piccole e medie imprese in crisi , di truffe in danno di istituti di credito , di riciclaggio e di tentativi di infiltrazione in opere e servizi pubblici ."}
{"sentidx":61360,"lemma":"attentato","token":"attentato","start":15,"end":24,"sent":"Il piu recente attentato ai danni di una pattuglia di cinque bersaglieri italiani nella zona di Shindand a sud di Herat rimasti fortunatamente quasi illesi , conferma che la prima sfida in Afghanistan resta quella della sicurezza immediata , seguita da quella dello sviluppo economico e della lotta alla corruzione ."}
{"sentidx":134390,"lemma":"attentato","token":"attentato","start":48,"end":57,"sent":"Signor Presidente questamattina a seguito di un attentato in Afghanistan e deceduto Massimo Ranzani un alpino impiegato in Afghanistan e altri quattro colleghi sono rimasti feriti , a quanto sembra , almeno sotto questo punto di vista fortunatamente , non in condizioni gravi e drammatiche ."}
{"sentidx":48384,"lemma":"attentato","token":"attentati","start":13,"end":22,"sent":"Si tratta di attentati ed atti intimidatori che , purtroppo , ancora oggi , tornano alla ribalta ."}
{"sentidx":283935,"lemma":"attentato","token":"attentato","start":98,"end":107,"sent":"Signor Presidente nel ringraziare il signor Ministro perla ricostruzione dei fatti relativi all \u2019 attentato del 3 gennaio alla procura generale di Reggio Calabria e per l esposizione dei primi risultati delle attivita investigative ancora in corso , desidero innanzitutto esprimere la solidarieta del Partito Democratico ai magistrati e alle forze dell \u2019 ordine del distretto di Reggio Calabria Applausi dei deputati del gruppo Partito Democratico e del deputato Angela Napoli E fondamentale al piu presto capire perche la bomba e stata messa davanti alla procura generale e soprattutto capire perche in questo momento , e inoltre comprendere e fare piena luce su tutte quelle dinamiche , signor Ministro che continuano a legare imprenditoria , criminalita , massoneria e politica ."}
{"sentidx":112992,"lemma":"attentato","token":"attentati","start":70,"end":79,"sent":"Sul presunto coinvolgimento in attivita preordinate ad un progetto di attentati in danno di magistrati , poiche da dichiarazioni di collaboratori di giustizia ce un richiamo in tal senso , si tratta di materia attualmente oggetto di indagini e in quanto tale coperta da segreto investigativo ."}
{"sentidx":268748,"lemma":"attentato","token":"attentati","start":388,"end":397,"sent":"Signor Presidente e davvero singolare il fatto che noi ci troviamo oggi a dibattere di questo secondo rifinanziamento per questo anno delle missioni internazionali ; missioni che ci vedono coinvolti in giro per il mondo , nello stesso giorno in cui si e aperta , e in corso la Conferenza di Kabul Si tratta di una Conferenza purtroppo , caratterizzata ( era prevedibile ) da una serie di attentati : uno ha causato oggi tre feriti gravi , etra l altro si registra anche un proiettile di mortaio esploso in un rudimentale campo da calcio a nord della capitale afgana poco prima dell \u2019 inizio dei lavori acui partecipano Ministri fra cui il nostro Ministro degli affari esteri ) e rappresentanti di settanta Paesi e organismi internazionali e regionali ."}
{"sentidx":249801,"lemma":"attentato","token":"attentati","start":120,"end":129,"sent":"La testimonianza di cio l abbiamo avuta proprio oggi , nelle ore della mattinata , con una serie di tremendi attacchi e attentati suicidi che si sono registrati a Kabul e che sembrano , in realta , essere un chiaro messaggio dei talebani proprio nel gi"}
{"sentidx":12267,"lemma":"attentato","token":"attentati","start":126,"end":135,"sent":"Non un euro non un dollaro a chi in qualche modo , direttamente o indirettamente si rende complice di questi atti e di questi attentati contro la liberta dei cristiani nel mondo , ma anche contro la nostra ( Applausi dei deputati dei gruppi Lega Nord Padania e Popolo della"}
{"sentidx":184428,"lemma":"attentato","token":"attentato","start":214,"end":223,"sent":"Erano li su mandato e per volonta del Parlamento Quei militari , carabinieri e civili sono diventati il simbolo di una Nazione colpita al cuore nei suoi valori piu profondi , ma che , proprio di fronte a quel vile attentato , ha saputo dare una straordinaria risposta di coesione e di maturita ."}
{"sentidx":6309,"lemma":"attentato","token":"attentato","start":25,"end":34,"sent":"Quello in corso non e un attentato della magistratura , non e un golpe : la giustizia faccia il suo corso , tuttavia ci si assuma la responsabilita dei fatti e degli accadimenti , di quello che succede in Italia e fuori dall \u2019 Italia a prescindere dalle vicende giudiziarie ."}
{"sentidx":34049,"lemma":"attentato","token":"attentato","start":170,"end":179,"sent":"Signor Presidente vorrei intervenire oggi su un fatto gravissimo che si e verificato ieri a Milano l attentato alla caserma \u00ab Santa Barbara di piazzale Perrucchetti E un attentato che solleva una situazione molto preoccupante legata alla questione del terrorismo di matrice islamica ; e un fatto preoccupante di una gravita assoluta e se non ce scappato il morto dobbiamo ringraziare i militari di quella caserma , ai quali esprimo tutta la mia solidarieta , so che uno di loro si e ferito emi auguro che guarisca a breve ."}
{"sentidx":34049,"lemma":"attentato","token":"attentato","start":101,"end":110,"sent":"Signor Presidente vorrei intervenire oggi su un fatto gravissimo che si e verificato ieri a Milano l attentato alla caserma \u00ab Santa Barbara di piazzale Perrucchetti E un attentato che solleva una situazione molto preoccupante legata alla questione del terrorismo di matrice islamica ; e un fatto preoccupante di una gravita assoluta e se non ce scappato il morto dobbiamo ringraziare i militari di quella caserma , ai quali esprimo tutta la mia solidarieta , so che uno di loro si e ferito emi auguro che guarisca a breve ."}
{"sentidx":203190,"lemma":"attentato","token":"attentato","start":284,"end":293,"sent":"Se una persona volesse , sintetizzare questo meccanismo , direbbe : il Presidente della Repubblica peri reati bagatellari dispone della sospensione , per i reati funzionali ( che non siano alto tradimento ) dispone dell \u2019 irresponsabilita , mentre per i reati di alto tradimento e di attentato alla Costituzione non dispone della sospensione ; il Presidente del Consiglio peri reati non ministeriali ( cosiddetti comuni ) dispone della sospensione , mentre per i reati ministeriali non gode della sospensione ( quindi abbiamo una vistosa disarmonia ) ; i Presidenti di Camera e Senato hanno sempre la sospensione del processo , quindi sono i soggetti in assoluto piu protetti : e pur essendo meno l eccezione che li riguarda , sono i piu protetti perche la sospensione e concessa sia per i reati funzionali sia per quelli bagatellari Ne risulta una disciplina che fa a pugni con il sistema costituzionale ."}
{"sentidx":33104,"lemma":"attentato","token":"attentato","start":647,"end":656,"sent":"Signor Presidente signor Ministro onorevoli colleghi , vorrei in promessa ringraziare l opposizione , perche anche questa volta ha dimostrato , comunque , un attaccamento ai soldati ea quello che sta realizzando il Governo Questo e importante , perche di norma , molto spesso , l opposizione non segue quello che viene realizzato dalla maggioranza e dal Governo mentre ritengo che , almeno quando si parla dei nostri soldati , bisognerebbe farlo con un \u2019 unica voce , anche perche il Governo precedente insegna che sistematicamente tutte le volte che arrivava in Aula il provvedimento sul rifinanziamento delle missioni all \u2019 estero ci scappava l attentato oil morto ."}
{"sentidx":215809,"lemma":"attentato","token":"attentati","start":39,"end":48,"sent":"A chi sono utili queste bombe e questi attentati ?"}
{"sentidx":71912,"lemma":"attentato","token":"attentato","start":252,"end":261,"sent":"Vorrei soltanto ampliare lo spettro della discussione , ricordando che diamo delle cose per scontate ma , per motivi comunque collegati anche a queste situazioni , non piu tardi della scorsa settimana a Kampala sessanta persone sono state uccise in un attentato solo perche l Uganda e attualmente in Somalia con una forza di interposizione di pace ."}
{"sentidx":146466,"lemma":"attentato","token":"attentato","start":155,"end":164,"sent":"Signor Presidente e di queste ore lanotizia dell \u2019 arresto di un terrorista marocchino , a Brescia che aveva un progetto gia dettagliato e definito per un attentato dinamitardo alla sinagoga della comunita ebraica di Milano Mi permetta da questo microfono di esprimere la preoccupazione per questo arresto , per l evidenza che il pericolo terrorista islamico in questo Paese sussiste ancora , ela mia solidarieta alla comunita ebraica di Milano Applausi dei deputati del gruppo Partito"}
{"sentidx":264490,"lemma":"attentato","token":"attentato","start":44,"end":53,"sent":"Il tema della mia interpellanza riguarda un attentato molto grave , che fortunatamente non ha avuto quei danni che poteva provocare anche in termini di vittime , visto che si tratta di un attentato incendiario fatto probabilmente non sapendo che dentro all \u2019 edificio c erano delle persone che stavano dormendo ."}
{"sentidx":264490,"lemma":"attentato","token":"attentato","start":188,"end":197,"sent":"Il tema della mia interpellanza riguarda un attentato molto grave , che fortunatamente non ha avuto quei danni che poteva provocare anche in termini di vittime , visto che si tratta di un attentato incendiario fatto probabilmente non sapendo che dentro all \u2019 edificio c erano delle persone che stavano dormendo ."}
{"sentidx":48383,"lemma":"attentato","token":"attentati","start":346,"end":355,"sent":"Il mio intervento , innanzitutto , e rivolto quale sincero ringraziamento al Governo tutto , perche con il disegno di legge che oggi stiamo esaminando sta mantenendo un impegno forse dimenticato da tutti , ma che l intero Governo ha assunto durante una riunione straordinaria che si e svolta nella citta di Reggio Calabria in seguito ai numerosi attentati che , in quella citta , si erano verificati contro la magistratura ."}
{"sentidx":157347,"lemma":"attentato","token":"attentato","start":246,"end":255,"sent":"Condividiamo i sentimenti del popolo italiano che si riconoscono come non mai nel Presidente del Consiglio e nelle istituzioni e hanno manifestato sdegno per la vicenda di Milano Berlusconi ha subito , anche se non commesso da un terrorista , un attentato terroristico per le finalita , un tentativo di omicidio e sie salvato per pura fatalita ."}
{"sentidx":199647,"lemma":"attentato","token":"attentato","start":185,"end":194,"sent":"Signor Presidente e colleghi, innanzitutto vorrei esprimere in quest \u2019 Aula come hanno fatto i miei colleghi , il cordoglio del gruppo della Lega Nord perle vittime di questo vigliacco attentato , la vicinanza alle famiglie ed anche la vicinanza alle nostre unita che sono presenti in quel contesto cosi difficile ."}
{"sentidx":21476,"lemma":"attentato","token":"attentato","start":151,"end":160,"sent":"E invece il frutto di un malessere profondo , nel quale si era inserito in modo contraddittorio per un verso , e ancor piu pericoloso per un altro , l attentato di Alessandria d Egitto contro i copti , quasi a voler determinare le condizioni di una esplosione piu generale ."}
{"sentidx":112629,"lemma":"attentato","token":"attentato","start":256,"end":265,"sent":"Lei alla fine del suo intervento ha detto che una familiare ha avuto un atteggiamento che ha definito con un termine che ora mi sfugge , ma comunque come non comprensibile ; ebbene , credo che in situazioni come queste , quando una persona e vittima di un attentato terroristico in un Paese straniero , i familiari , quali essi siano , siano preoccupati e che dunque dobbiamo capire il loro stato d animo ."}
{"sentidx":226399,"lemma":"attentato","token":"attentati","start":305,"end":314,"sent":"E una malattia che si diffonde con il fanatismo e con l odio E apprezzabile il desiderio di organizzare per i prossimi giorni a Beirut una conferenza dei leader religiosi arabi nel corso della quale sara deliberato un decreto religioso che equipara gli attacchi contro i cristiani e contro la chiesa agli attentati contro i musulmani e contro le moschee ."}
{"sentidx":159232,"lemma":"attentato","token":"attentato","start":163,"end":172,"sent":"Signor Presidente onorevoli colleghi , signor Ministro ringraziamo il Governo perla sollecitudine con la quale aggiorna quest \u2019 Aula sulle circostanze del tragico attentato che e costato la vita al capitano Massimo Ranzani originario di Santa Maria Maddalena nel comune di Occhiobello in provincia di Rovigo e il ferimento di altri quattro militari cui vanno i nostri auguri di pronta e completa guarigione ."}
{"sentidx":152114,"lemma":"attentato","token":"attentato","start":238,"end":247,"sent":"Signor Presidente anche noi dell \u2019 Italia dei Valori esprimiamo sentimenti di solidarieta nei confronti di chi e stato coinvolto , della famiglia De Lorenzo ma anche dei tanti americani , inglesi ed indiani coinvolti in questo gravissimo attentato , che ha tutte le sembianze di un \u2019 azione militare ."}
{"sentidx":272136,"lemma":"attentato","token":"attentati","start":118,"end":127,"sent":"Mi riferisco a quanto sta avvenendo in Calabria in particolare a Reggio Calabria dove abbiamo avuto un susseguirsi di attentati e di intimidazioni ai danni di magistrati , ai danni di persone che in prima linea si occupano di contrastare la criminalita , persone che hanno dedicato la loro vita a questa attivita importante per la sicurezza di tutti noi ."}
{"sentidx":13187,"lemma":"attentato","token":"attentati","start":415,"end":424,"sent":"Che cosa sta facendo questo Governo chesi gloria di risultati contro la criminalita organizzata che sono invece ottenuti proprio dalla magistratura e dalle forze dell \u2019 ordine e non certo dal Ministro Maroni Che cosa sta facendo il Ministro Maroni per combattere efficacemente la criminalita organizzata in Calabria Vorremmo sapere dal Ministro Maroni se quegli allarmi che lui lancia in generale per il rischio di attentati non siano fortemente aggravati per quanto riguarda i magistrati , dal comportamento indegno , indecente ed eversivo che mantiene il Presidente del cattivo \u00bb Consiglio L ho detto tre volte perche non sfugga ne ai presenti in Aula ne a chi cista ascoltando ."}
{"sentidx":1321,"lemma":"attentato","token":"attentato","start":313,"end":322,"sent":"Le mafie non sono piu un problema legato soltanto a poche realta del sud d Italia ma sono sempre piu presenti ed attive anche nei Paesi dell Unione europea , come la Germania el \u2019 Olanda L arresto di Strangio di poche settimane fa e esemplare di come un calabrese sia stato arrestato in Olanda dopo aver fatto un attentato cosi drammatico in Germania e un esempio eclatante di come si possa arrivare ad una lotta concreta contro la criminalita organizzata soltanto nella misura in cui si predispongono degli strumenti di collaborazione a livello internazionale che consentano di fare una lotta concreta ."}
{"sentidx":152082,"lemma":"attentato","token":"attentati","start":161,"end":170,"sent":"Proprio per questo , penso che lo sgomento el \u2019 angoscia non possano , pero , tradursi in rassegnazione o in passivita ; al contrario , direi che quanto piu gli attentati diventano devastanti , tanto piu dobbiamo essere consapevoli della necessita di mettere in campo una reazione adeguata , perche difendere la vita , difendere la convivenza civile , difendere la possibilita per ogni persona di guardare alla vita quotidiana propria e della propria famiglia senza paura , senza angoscia e senza ansia ela condizione prima per garantire al mondo quelle fondamentali condizioni di convivenza , di liberta e di tolleranza che sono necessarie affinche ogni nazione ed ogni comunita possano affrontare adeguatamente i propri problemi e governare meglio il proprio destino ."}
{"sentidx":142905,"lemma":"attentato","token":"attentato","start":154,"end":163,"sent":"Signor Presidente onorevoli colleghi , vengo a riferire a nome del Governo in particolare a nome del Ministro della difesa , onorevole La Russa sul grave attentato avvenuto nella mattina del 15 maggio scorso in Afghanistan con il conseguente ferimento di un nostro militare che , a seguito delle lesioni riportate agli arti inferiori , ha subito l amputazione del piede destro ."}
{"sentidx":68351,"lemma":"attentato","token":"attentati","start":345,"end":354,"sent":"Gli attentati e le violenze dello scorso febbraio in Iraq alle quali l interpellanza fa riferimento , hanno riacceso il dibattito che e in corso nella comunita internazionale sulla condizione di vulnerabilita in cui versa la minoranza cristiana in Iraq in particolare in un \u2019 area molto specifica che e quella proprio di Mosul Una parte di tali attentati e chiaramente attribuibile ad Al Qaeda o comunque al fanatismo estremista salafita ."}
{"sentidx":68351,"lemma":"attentato","token":"attentati","start":4,"end":13,"sent":"Gli attentati e le violenze dello scorso febbraio in Iraq alle quali l interpellanza fa riferimento , hanno riacceso il dibattito che e in corso nella comunita internazionale sulla condizione di vulnerabilita in cui versa la minoranza cristiana in Iraq in particolare in un \u2019 area molto specifica che e quella proprio di Mosul Una parte di tali attentati e chiaramente attribuibile ad Al Qaeda o comunque al fanatismo estremista salafita ."}
{"sentidx":112625,"lemma":"attentato","token":"attentato","start":71,"end":80,"sent":"Questa vicenda , che ovviamente e nata male non tanto e non solo per l attentato terroristico , ma soprattutto per il modo in cui all \u2019 inizio , e peraltro poi anche nel prosieguo , sono andati avanti i fatti ( che e il motivo per cui ho presentato questa interrogazione ) diciamo che e finita bene per quanto riguarda il suo aspetto piu importante ."}
