{"sentidx":188511,"lemma":"clima","token":"clima","start":3,"end":8,"sent":"Il clima di sfiducia dell \u2019 industria alimentare misurato attraverso"}
{"sentidx":48575,"lemma":"clima","token":"clima","start":386,"end":391,"sent":"2 00485 In entrambi gli atti in discussione l onorevole interpellante , facendo specifico riferimento alla situazione della scuola a Bologna segnala che una parte dei docenti e alcuni dirigenti scolastici avrebbero talora tenuto un pregiudiziale comportamento di avversione ai provvedimenti di politica scolastica promossi dal Governo generando nelle scuole in cui prestano servizio un clima di politicizzazione pernicioso per l ordinato funzionamento delle istituzioni scolastiche ."}
{"sentidx":165553,"lemma":"clima","token":"clima","start":191,"end":196,"sent":"Questa prima osservazione deve essere accompagnata da una seconda premessa , anch essa non strumentale : francamente per una riforma tanto impegnativa non vediamo il sufficiente e necessario clima costituzionale ."}
{"sentidx":94167,"lemma":"clima","token":"clima","start":104,"end":109,"sent":"Signor Presidente intervengo a titolo personale per una precisazione e una correzione fraterna visto il clima post natalizio ."}
{"sentidx":278052,"lemma":"clima","token":"clima","start":131,"end":136,"sent":"Concludo signor Presidente Tutto questo mi sembra grave perche in relazione al provvedimento in esame sarebbe stato auspicabile un clima diverso ."}
{"sentidx":259627,"lemma":"clima","token":"clima","start":3,"end":8,"sent":"Il clima politico del Paese non consente di valorizzare adeguatamente questa riflessione , sicche la domanda resta senza risposta ."}
{"sentidx":262948,"lemma":"clima","token":"clima","start":20,"end":25,"sent":"In questo rinnovato clima politico , bisogna affrontare con determinazione questi nodi e quindi avere il coraggio di discutere di soluzioni concrete e innovative ."}
{"sentidx":112051,"lemma":"clima","token":"clima","start":364,"end":369,"sent":"Gli obblighi assunti dal nostro Paese in sede internazionale impongono infatti la realizzazione di obiettivi di tutela ambientale , che determinano la necessita di politiche coerenti nei settori dei cambiamenti climatici e dell inquinamento atmosferico , conformemente con gli accordi del Protocollo di Kyoto e con gli obiettivi comunitari in materia di energia e clima ."}
{"sentidx":125593,"lemma":"clima","token":"clima","start":102,"end":107,"sent":"Improvvisamente ce molta polemica , un attacco senza precedenti del Governo italiano al pacchetto sul clima dell \u2019 Unione europea ."}
{"sentidx":192605,"lemma":"clima","token":"clima","start":336,"end":341,"sent":"Il Presidente del Consiglio Mario Monti nei giorni scorsi a Bari ha dichiarato , in modo del tutto condivisibile , che il Mezzogiorno e centrale per lo sviluppo del Paese ma proprio queste situazioni locali , quali quella della Calabria rischiano di compromettere seriamente l intero sistema economico nazionale in quanto alimentano un clima di assoluta incertezza per le imprese circa l evolvere delle condizioni del mercato , determinando un forte ridimensionamento della credibilita in termini di effettiva e complessiva capacita di ripresa , con conseguente contrazione degli investimenti e rallentamento dell \u2019 attivita produttiva nel suo complesso ."}
{"sentidx":121220,"lemma":"clima","token":"clima","start":246,"end":251,"sent":"Concludo signor Presidente Questi sono fondi indispensabili per mettere in sicurezza le scuole e per ammodernare Riteniamo che vada rilanciato un patto per la sicurezza dell \u2019 edilizia scolastica tra Stato regioni e province per definire , in un clima di leale collaborazione tra istituzioni diverse , investimenti e competenze ."}
{"sentidx":160270,"lemma":"clima","token":"clima","start":18,"end":23,"sent":"Invece oggi in un clima di sospetto e ambiguita discutiamo sul nuovo decreto urgente che delegittima le regioni egli enti locali , che sappiamo tutti hanno potere legislativo e amministrativo con la competenza specifica di curare gli interessi pubblici della collettivita ."}
{"sentidx":183460,"lemma":"clima","token":"clima","start":65,"end":70,"sent":"Migliorare il territorio , migliorare l ambiente e migliorare il clima vuol dire creare opportunita nuove anche per avere nuove persone che portino denaro liquido in questo"}
{"sentidx":290310,"lemma":"clima","token":"clima","start":166,"end":171,"sent":"L esame in Commissione e stato proficuo e ha impegnato tutti i rappresentanti dei gruppi parlamentari , che hanno lavorato insieme per trovare soluzioni idonee in un clima costruttivo , modificando sensibilmente il testo originario ."}
{"sentidx":248249,"lemma":"clima","token":"clima","start":228,"end":233,"sent":"Signor Presidente non possiamo accogliere la formulazione di questo emendamento perche essa costituisce la prova della volonta della maggioranza e del Governo di non voler instaurare , quanto meno sulla giustizia civile , alcun clima di dialogo ."}
{"sentidx":299140,"lemma":"clima","token":"clima","start":48,"end":53,"sent":"Per tali ragioni questo provvedimento merita il clima che si sta registrando questa sera ( Applausi dei deputati del gruppo Partito"}
{"sentidx":238166,"lemma":"clima","token":"clima","start":96,"end":101,"sent":"Signor Presidente ancora una volta il Consiglio europeo si riunisce questo fine settimana in un clima di forte tensione sui mercati finanziari ."}
{"sentidx":126189,"lemma":"clima","token":"clima","start":147,"end":152,"sent":"Ritengo chesi sia creata nelle popolazioni di quel territorio , di Civitavecchia innanzitutto , ma soprattutto del nord della provincia di Roma un clima incandescente e soprattutto un clima di forte preoccupazione per la salute dei cittadini ."}
{"sentidx":126189,"lemma":"clima","token":"clima","start":184,"end":189,"sent":"Ritengo chesi sia creata nelle popolazioni di quel territorio , di Civitavecchia innanzitutto , ma soprattutto del nord della provincia di Roma un clima incandescente e soprattutto un clima di forte preoccupazione per la salute dei cittadini ."}
{"sentidx":196843,"lemma":"clima","token":"clima","start":117,"end":122,"sent":"Direi anche che questa mozione e stata scritta e depositata prima delle elezioni e quindi , risentimenti risente del clima preelettorale ."}
{"sentidx":204069,"lemma":"clima","token":"clima","start":33,"end":38,"sent":"Vi e qualcosa di torbido in quel clima che ovviamente non favorisce un fisiologico svolgimento delle attivita ."}
{"sentidx":36412,"lemma":"clima","token":"clima","start":38,"end":43,"sent":"Un inasprimento seppur strategico del clima pre elettorale puo causare una pericolosa instabilita , sia in termini sociali che meramente politici , ela congiuntura economica entro la quale tutto questo avviene non aiuta , senza dubbio ."}
{"sentidx":98402,"lemma":"clima","token":"clima","start":248,"end":253,"sent":"Noi riteniamo che non vi sia nessuna incompatibilita di funzione tra l azione che stanno portando avanti i ministri ela loro presenza in Parlamento E per questa ragione che noi del gruppo di Iniziativa Responsabile invitiamo ad andare avanti in un clima sicuramente piu sereno ea limitare la discussione al merito del provvedimento ( Applausi dei deputati dei gruppi Iniziativa Responsabile e Popolo della"}
{"sentidx":7354,"lemma":"clima","token":"clima","start":18,"end":23,"sent":"Per favorire quel clima e necessario abbassare i toni della polemica ed eseguire la sentenza , consentendo agli assistenti sociali e ai medici di fare il proprio mestiere per far superare al bambino questa drammatica situazione ( Applausi dei deputati del gruppo Partito"}
{"sentidx":37513,"lemma":"clima","token":"clima","start":169,"end":174,"sent":"Questa straordinaria infrastruttura , questa consapevolezza , deve servire a far superare il declino all \u2019 Italia ma per contrastare questo declino serve anche un nuovo clima politico , al quale lei oggi , Presidente Berlusconi ha dato un contributo importante ."}
{"sentidx":220294,"lemma":"clima","token":"clima","start":220,"end":225,"sent":"Inoltre vorrei semplicemente dire che il valore delle parole della collega Argentin dovrebbero far riflettere tutti molto , a prescindere dalla parte in cui si sta , invece di utilizzare ogni occasione per avvelenare il clima politico ( Applausi dei deputati del gruppo Partito"}
{"sentidx":153699,"lemma":"clima","token":"clima","start":81,"end":86,"sent":"Giustizia per Cecchin E un manifesto inquietante , che alimenta un inaccettabile clima di odio e di aggressione personale ."}
{"sentidx":153701,"lemma":"clima","token":"clima","start":232,"end":237,"sent":"Premetto che l intitolazione del giardino a Francesco Cecchin e assolutamente condivisibile e sacrosanta , quanto quella effettuata per giovani militanti di sinistra , come ad esempio , Walter Rossi per sottolineare l inaccettabile clima di violenza che stronco la vita di molti ragazzi in quegli anni ."}
{"sentidx":104299,"lemma":"clima","token":"clima","start":149,"end":154,"sent":"Occorre piuttosto sostenere l impegno forte e tempestivo messo in campo dal Governo dagli enti locali e dalle parti sociali , accompagnandolo con un clima di condivisione e di solidarieta nazionale ."}
{"sentidx":202744,"lemma":"clima","token":"clima","start":146,"end":151,"sent":"Posso aggiungere che , come componente della IV Commissione difesa , ai lavori della quale chiaramente mi onoro di partecipare , ce finalmente un clima di condivisione , nelle diversita tra maggioranza e opposizione , nel percorso di valutazione e approfondimento nei confronti delle Forze armate ."}
{"sentidx":2003,"lemma":"clima","token":"clima","start":172,"end":177,"sent":"Ritengo che sotto questa decisione , vi sia la non esprimibile volonta di creare difficolta rispetto al fatto che questo referendum elettorale possa essere celebrato in un clima di normalita e regolarita ."}
{"sentidx":170412,"lemma":"clima","token":"clima","start":87,"end":92,"sent":"Non ve dubbio che la ratifica di questo Accordo va nella giusta direzione , creando un clima normativo favorevole allo sviluppo dei rapporti commerciali ."}
{"sentidx":68687,"lemma":"clima","token":"clima","start":217,"end":222,"sent":"Ma anche l onorevole Vignali che puree stato impegnato ed ha senza dubbio una competenza che gli deriva dalla sua storia professionale , non sarebbe stato in grado di contribuire ad ottenere questo risultato senza il clima di civile confronto che esiste nella Commissione attivita produttive ."}
{"sentidx":147474,"lemma":"clima","token":"clima","start":264,"end":269,"sent":"Ecco allora perche credo che dobbiamo accentuare il nostro ragionare sulla criminalita , sulla illegalita e sulla sicurezza guardando a questo problema come un problema vero del Paese Ma la ricerca della sicurezza non puo essere vissuta collocata sempre dentro un clima di stato di eccezione ."}
{"sentidx":217759,"lemma":"clima","token":"clima","start":144,"end":149,"sent":"PdL Nel richiamare il carattere sistemico ela rilevanza del provvedimento di riforma in discussione , frutto di un proficuo lavoro svolto in un clima di costruttivo confronto tra le forze politiche , rileva che nel corso del prolungato iter al Senato none stato sostanzialmente modificato l impianto di un testo unificato che potenzia il ruolo del Parlamento nazionale e velocizza , nella fase di recepimento delle norme comunitarie , il processo di riduzione della procedure di infrazione ."}
{"sentidx":269953,"lemma":"clima","token":"clima","start":44,"end":49,"sent":"Le popolazioni del sud sono stanche , ce un clima sociale ormai prossimo a fenomeni di ribellione e dobbiamo intervenire soprattutto per dare una nuova speranza ai giovani meridionali ."}
{"sentidx":168401,"lemma":"clima","token":"clima","start":97,"end":102,"sent":"Infatti il Governo di Alvaro Uribe nasce proprio con un consenso popolare che punta a rompere il clima di compromesso e di negoziazione che il Presidente precedente Pastrana aveva con"}
{"sentidx":193485,"lemma":"clima","token":"clima","start":109,"end":114,"sent":"Mai il livello di aggressione della politica sulla magistratura era stato cosi infuocato , determinando quel clima di odio e di isolamento che in altri tempi e stato il terreno di coltura delle stragi di mafia : Livatino Chinnici Ciaccio Montalto Falcone Borsellino oltre che fedeli servitori della Polizia e dei carabinieri ( Applausi dei deputati del gruppo Italia dei Valori L attentato agli uffici della procura di Reggio Calabria e un segnale gravissimo , il richiamo ai plotoni di esecuzione evoca purtroppo anche tutto questo echi compie questo richiamo si assume una gravissima responsabilita per quello che potrebbe accadere ."}
{"sentidx":19627,"lemma":"clima","token":"clima","start":105,"end":110,"sent":"Questa e una legislatura ancora lunga , perche sia fruttuosa e non sia dannosa , e importante che questo clima di confronto costituzionale , alla luce di quanto affermato dal Presidente Napolitano diventi patrimonio e consapevolezza di tutti ."}
{"sentidx":37381,"lemma":"clima","token":"clima","start":71,"end":76,"sent":"Per quanto riguarda il lavoro , lei puo certamente contare anche su un clima positivo nelle relazioni industriali ."}
{"sentidx":186377,"lemma":"clima","token":"clima","start":239,"end":244,"sent":"Si tratta di modelli vincenti , dal potenziale effetto moltiplicatore altissimo Tuttavia solo un circuito virtuoso che faccia leva sulla fiducia puo allargare il successo e rafforzare la capacita competitiva di sistema , poiche solo in un clima di fiducia e possibile creare le premesse per lo sviluppo ."}
{"sentidx":61961,"lemma":"clima","token":"clima","start":467,"end":472,"sent":"Manifestato altresi apprezzamento per la politica di rigore e di risanamento attuata dal Governo che a suo avviso , ha consentito all \u2019 Italia di recuperare la credibilita internazionale persa con il precedente Esecutivo stigmatizza l atteggiamento assunto dal Popolo della Liberta Sottolineata quindi l opportunita di assumere concrete iniziative volte a promuovere la crescita el \u2019 equita , considera prioritario evitare che il Presidente del Consiglio operi in un clima di continui ricatti parlamentari ."}
{"sentidx":112010,"lemma":"clima","token":"clima","start":125,"end":130,"sent":"Quindi questo provvedimento contiene dei limiti e pero e un provvedimento parziale anche perche purtroppo si inserisce in un clima di dibattito su queste materie , nel quale sostanzialmente non si vuole affrontare per le corna il problema del governo del territorio nel nostro Paese e nelle nostre regioni ."}
{"sentidx":80328,"lemma":"clima","token":"clima","start":41,"end":46,"sent":"Questo promemoria serve per ricordare il clima certamente conflittuale tra i due che colloca l episodio in quello che e ormai un confronto politico , anche parlamentare ."}
{"sentidx":269497,"lemma":"clima","token":"clima","start":134,"end":139,"sent":"Allora facciamo uscire questi fantasmi e cominciamo adire che , per decenza , per assunzione di responsabilita e anche per placare il clima di diffidenza che ce a Napoli tra la popolazione , la magistratura , ma anche le istituzioni , dovrebbero dimettersi Antonio Bassolino Rosa Russo Jervolino e dovrebbe emergere un altro super responsabile , Pecoraro Scanio che e stato Ministro Applausi dei deputati del gruppo Popolo della Liberta altrimenti , sembra che nessuno sia responsabile !"}
{"sentidx":136473,"lemma":"clima","token":"clima","start":10,"end":15,"sent":"Allora il clima che viviamo e difficile e richiede una grande attenzione e sensibilita ."}
{"sentidx":95845,"lemma":"clima","token":"clima","start":10,"end":15,"sent":"In questo clima il bipolarismo non puo che reggersi su voti di fiducia e blindature : bisogna insomma sprangare le porte per evitare che il malcontento si manifesti definitivamente ."}
{"sentidx":116806,"lemma":"clima","token":"clima","start":26,"end":31,"sent":"Anche questo fa parte del clima democratico , della qualita della democrazia e del confronto civile che questo nostro Paese merita di avere ( Applausi dei deputati del gruppo Partito"}
{"sentidx":70546,"lemma":"clima","token":"clima","start":309,"end":314,"sent":"Dunque occorre garantire ai cittadini la possibilita di un controllo ex post delle principali componenti ambientali che vengono ad essere interessate dalla realizzazione di impianti di discariche odi depurazione Si tratta , certamente , di una di quelle misure che puo rendere piu sereno e piu costruttivo il clima e allo stesso tempo , puo servire a rendere piu facile e piu concreta la realizzazione di tutto quel complesso sistema di impianti necessari a chiudere il ciclo integrato dei rifiuti ."}
{"sentidx":120825,"lemma":"clima","token":"clima","start":84,"end":89,"sent":"Per questa stessa ragione , quindi , inviterei a ritirare gli emendamenti e in quel clima di collaborazione che si e creato , eventualmente a tradurre alcuni problemi che il Partito Democratico volesse ancora registrare in relazione a questo provvedimento con un ordine del giorno ."}
{"sentidx":51092,"lemma":"clima","token":"clima","start":76,"end":81,"sent":"Quindi in una fase cosi drammatica di crisi economica e sociale , in questo clima , e facile alimentare anche populismo e demagogia , che potrebbero rischiare di travolgere il senso stesso della democrazia ela funzione della politica , dei partiti e delle istituzioni democratiche ."}
{"sentidx":245156,"lemma":"clima","token":"clima","start":93,"end":98,"sent":"Credo che ognuno di noi , che svolge funzioni pubbliche , debba contribuire a svelenire tale clima ea riportare serenita ( Applausi dei deputati del gruppo Partito"}
{"sentidx":196243,"lemma":"clima","token":"clima","start":277,"end":282,"sent":"Presidente credo che possa arrivare una richiesta dal Parlamento e dal Governo al Governo pakistano per intervenire e spezzare questa catena di ingiustizia e di persecuzione che tanto farebbe bene alla liberta religiosa e tanto farebbe bene , credo , alla pace del mondo ea un clima piu disteso all \u2019 interno delle minoranze in Pakistan Applausi dei deputati del gruppo Lega Nord Padania e del deputato Renato"}
{"sentidx":177804,"lemma":"clima","token":"clima","start":127,"end":132,"sent":"Il modo peggiore ritengo sia quello che e avvenuto questa mattina , perche compromettere i lavori parlamentari , esasperare un clima , dare l idea che anche il Parlamento diventi oggetto di violenta contestazione , significa alimentare un clima di eversione all \u2019 interno del nostro Paese che e assolutamente pericoloso ( Applausi dei deputati dei gruppi Misto Noi Sud Lega Sud Ausonia Popolo della Liberta e Lega Nord"}
{"sentidx":177804,"lemma":"clima","token":"clima","start":239,"end":244,"sent":"Il modo peggiore ritengo sia quello che e avvenuto questa mattina , perche compromettere i lavori parlamentari , esasperare un clima , dare l idea che anche il Parlamento diventi oggetto di violenta contestazione , significa alimentare un clima di eversione all \u2019 interno del nostro Paese che e assolutamente pericoloso ( Applausi dei deputati dei gruppi Misto Noi Sud Lega Sud Ausonia Popolo della Liberta e Lega Nord"}
{"sentidx":187901,"lemma":"clima","token":"clima","start":91,"end":96,"sent":"Non dia l impressione di voler prevaricare perche , se lo fa , rischia di compromettere un clima politico di corretto rapporto tra maggioranza e opposizione di cui il Paese ha bisogno e anche quelli che vogliono essere giudici sereni saranno inevitabilmente costretti a votare contro ( Applausi dei deputati dei gruppi Unione di Centro e Partito"}
{"sentidx":99509,"lemma":"clima","token":"clima","start":90,"end":95,"sent":"In quest \u2019 ottica quindi assumono fondamentale importanza la qualita delle relazioni , il clima scolastico e le diverse modalita con cui si vive la scuola ."}
{"sentidx":217749,"lemma":"clima","token":"clima","start":33,"end":38,"sent":"IdV Manifestato rammarico per il clima di sostanziale disinteresse nel quale si affrontano questioni di particolare rilevanza come quelle attinenti ai diritti dei bambini , ritiene inaccettabili talune modifiche introdotte durante l iter al Senato imputando a quest \u2019 ultimo l eventuale impossibilita di migliorare il testo del provvedimento in esame ."}
{"sentidx":276287,"lemma":"clima","token":"clima","start":64,"end":69,"sent":"Signor Presidente perla verita non contavo di intervenire in un clima di questo genere , ma mi sembrava doveroso riprendere il discorso su Gioia Tauro soprattutto se a sentire sono non solo i colleghi ma anche il Ministro dell interno ei sottosegretari presenti ."}
{"sentidx":177806,"lemma":"clima","token":"clima","start":363,"end":368,"sent":"Signor Presidente intervengo per esprimere la solidarieta nei confronti dei lavoratori , ma anche per stigmatizzare ogni forma di autorizzazione a chela disperazione possa trasformarsi in atti di violenza e di non rispetto istituzionale ( Commenti dei deputati del gruppo Partito Democratico Questo none possibile e none corretto , perche significa esasperare il clima del Paese Commenti della deputata Bellanova che puo portare degli squilibrati , in alcuni casi , a fare azioni di violenza nei confronti di chi rappresenta le istituzioni enei confronti di chi cerca di difendere con i fatti i lavoratori ela dignita dei lavoratori stessi ( Applausi dei deputati dei gruppi Popolo della Liberta e Lega Nord Padania Commenti dei deputati del gruppo Partito"}
{"sentidx":122378,"lemma":"clima","token":"clima","start":72,"end":77,"sent":"E essenziale per condividere un piano di risanamento , per mantenere un clima di coesione sociale ."}
{"sentidx":235503,"lemma":"clima","token":"clima","start":176,"end":181,"sent":"La citta di Napoli non ha un Governo Molti consiglieri comunali della maggioranza per restare in aula durante le sedute consiliari chiedono qualcosa al sindaco Jervolino in un clima di ricatti e di miserie umane ."}
{"sentidx":263632,"lemma":"clima","token":"clima","start":12,"end":17,"sent":"Dunque e un clima senz altro favorevole , con qualche meritata attenzione ed astensione che , certamente , non condividiamo ."}
{"sentidx":116575,"lemma":"clima","token":"clima","start":15,"end":20,"sent":"Allora in quel clima di trionfalismo ci vendettero la teoria secondo cui con i tassi di interesse ridotti , di cui potevamo beneficiare con il nostro debito pubblico cosi massiccio , avremmo generato un periodo positivo per l economia italiana ."}
{"sentidx":183475,"lemma":"clima","token":"clima","start":155,"end":160,"sent":"Invece il rischio e molto forte : lo vediamo da infiniti indicatori anche appartenenti alla nostra quotidianita , pensiamo ai ghiacciai che arretrano , al clima che cambia ."}
{"sentidx":172258,"lemma":"clima","token":"clima","start":12,"end":17,"sent":"Anche in un clima di confronto aspro e serrato , che il Governo ela maggioranza hanno creato , resta , dunque , da parte nostra un atteggiamento responsabile e costruttivo come dimostra questo ordine del giorno che punta ad impegnare il Governo a porre una maggiore attenzione e disponibilita sul merito dei problemi del nostro sistema giudiziario ."}
{"sentidx":106476,"lemma":"clima","token":"clima","start":140,"end":145,"sent":"Quindi un po piu di attenzione anche nel dettaglio , su articoli minori , a proposte che vi abbiamo presentato , sarebbe stata utile per il clima di condivisione ma soprattutto vi avrebbe consentito a volte di raccogliere dettagli che avrebbero reso la norma piu efficiente , come nel caso che ha prima segnalato l onorevole Paola Binetti relativamente ai requisiti della formazione ."}
{"sentidx":113766,"lemma":"clima","token":"clima","start":87,"end":92,"sent":"Ma li ormai e quasi ordinario , perche questo tipo di politica sta determinando questo clima inquinato ."}
{"sentidx":278013,"lemma":"clima","token":"clima","start":117,"end":122,"sent":"Ebbene vorrei dire in apertura che la legislazione di questa maggioranza e di questo Governo risente molto di questo clima e di questo contesto da cui sembra quasi che la maggioranza poi si voglia distinguere e distaccare ."}
{"sentidx":65443,"lemma":"clima","token":"clima","start":109,"end":114,"sent":"Ritengo gravissimo che ci sia qualcuno che , in questa delicata fase politica , si permette di avvelenare il clima , di creare delle tensioni sociali quando non vi e nulla di illegale , perche eventualmente puo esserci qualche irregolarita formale , ma sicuramente non sostanziale ."}
{"sentidx":159542,"lemma":"clima","token":"clima","start":37,"end":42,"sent":"Vi interessa cercare di sfruttare un clima di polemiche che deriva da vicissitudini che nulla hanno a che vedere con la politica , e il terzo segretario del Partito Democratico ne ha dato un ulteriore testimonianza nel suo intervento in Aula pochi minuti fa ( Applausi dei deputati dei gruppi Popolo della Liberta e Lega Nord Padania Lo dimostra il lavoro della Commissione bicamerale per il federalismo ."}
{"sentidx":221729,"lemma":"clima","token":"clima","start":54,"end":59,"sent":"Signor Presidente intervengo per sottolineare come il clima di apertura con il quale si e aperta la nuova legislatura si sia dimostrato immediatamente , a tutti noi , una grande e clamorosa menzogna ."}
{"sentidx":50957,"lemma":"clima","token":"clima","start":105,"end":110,"sent":"La relatrice , la collega Fiamma Nirenstein ha chiesto un rinvio per approdare ad una approvazione in un clima di maggiore serenita ."}
{"sentidx":85102,"lemma":"clima","token":"clima","start":118,"end":123,"sent":"Mi preme sottolineare che l Accordo aldi la del suo specifico contenuto , testimonia del significativo cambiamento di clima tra l Italia e San Marino chesta contribuendo a creare un \u2019 aria di fiducia dopo talune tensioni e incomprensioni degli anni precedenti ; un nuovo corso positivo e dinamico che anche l iniziativa el \u2019 attenzione della Commissione Affari esteri della Camera ha favorito attraverso il dialogo diretto con la rappresentanza parlamentare sammarinese ."}
{"sentidx":65082,"lemma":"clima","token":"clima","start":106,"end":111,"sent":"Quindi e chiaro che il successivo confronto in seno al Comitato dei nove ha consentito di ripristinare un clima di normalita ."}
{"sentidx":127749,"lemma":"clima","token":"clima","start":32,"end":37,"sent":"Abbiamo la crisi , il pacchetto clima , i cambiamenti climatici e le sfide sulla solidarieta e sulla sussidiarieta ."}
{"sentidx":145864,"lemma":"clima","token":"clima","start":100,"end":105,"sent":"Sappiamo che questo e uno dei problemi della lungaggine delle autorizzazioni in questo Paese con il clima che ce ."}
{"sentidx":63516,"lemma":"clima","token":"clima","start":334,"end":339,"sent":"Signor Presidente signorMinistro nei giorni scorsi il consiglio provinciale di Bolzano ha approvato un disegno di legge che punta alla cancellazione della toponomastica di lingua italiana dalla provincia di Bolzano Chi le parla e un convinto sostenitore dell \u2019 autonomia dell \u2019 Alto Adige chesi e sviluppata in questi anni creando un clima di pacifica convivenza , passando sopra anni di diffidenza reciproca ."}
{"sentidx":267639,"lemma":"clima","token":"clima","start":98,"end":103,"sent":"L informazione ela condivisione delle scelte contribuiranno in maniera determinante a creare quel clima di collaborazione , affinche le politiche energetiche possano trovare concreta attuazione sui territori e nelle comunita ."}
{"sentidx":181063,"lemma":"clima","token":"clima","start":334,"end":339,"sent":"Infatti diciotto lettere , alcuni eventi che sono successi nel nostro territorio , ad Arezzo e particolarmente in Valdarno non isolati rispetto alle lettere , come quelli di mettere dei manichini con la testa nera impiccati sotto il loggiato del palazzo del municipio di Montevarchi prima delle feste natalizie , danno il senso di un clima che si vuole creare ."}
{"sentidx":60810,"lemma":"clima","token":"clima","start":26,"end":31,"sent":"Sempre per alleggerire il clima , si potrebbero definire le rocce patriottiche e fedeli nei secoli , a differenza della neve che si squaglia molto piu facilmente ."}
{"sentidx":280517,"lemma":"clima","token":"clima","start":71,"end":76,"sent":"In questo momento e in corso a Durban la Conferenza internazionale sul clima ."}
{"sentidx":290715,"lemma":"clima","token":"clima","start":512,"end":517,"sent":"Ad ogni modo il Ministero degli affari esteri ha stabilito fin da subito una piena collaborazione con le autorita britanniche per la piena tutela dei lavoratori italiani distaccati presso la raffineria di Grimsby nel Lincolnshire attraverso la nostra ambasciata a Londra e il nostro consolato a Manchester ed in continuo contatto con l ambasciata di Gran Bretagna a Roma I sentimenti che animano i manifestanti inglesi sono umanamente comprensibili , proprio perche , come accennavo , essi sono il risultato del clima di grave incertezza generato dalla crisi economica ."}
{"sentidx":188260,"lemma":"clima","token":"clima","start":93,"end":98,"sent":"Pertanto se dobbiamo fare polemica e basta , questo significa , purtroppo , anche rompere un clima costruttivo e tecnico sul tema indicato ."}
{"sentidx":36109,"lemma":"clima","token":"clima","start":19,"end":24,"sent":"Si e instaurato un clima di intimidazione , di autocensura , di consigli a non occuparsi di alcune questioni che possano essere rischiose ."}
{"sentidx":269500,"lemma":"clima","token":"clima","start":35,"end":40,"sent":"Dunque visto che volete placare il clima e che ognuno si assuma le proprie responsabilita , fate dimettere Jervolino e Bassolino cosi vedrete che l azione potra ripartire con molta piu calma e serenita ."}
{"sentidx":147745,"lemma":"clima","token":"clima","start":121,"end":126,"sent":"Tuttavia il ragionamento piu complessivo che si e fatto in questi mesi sulla questione sicurezza ( cercando di creare un clima nel Paese aldi la degli interventi sostanziali , piu di immagine che di sostanza ) ci pone un dubbio su tutto quello che complessivamente il Governo sta portando avanti esta cercando di offrire ai cittadini ."}
{"sentidx":212783,"lemma":"clima","token":"clima","start":59,"end":64,"sent":"I giornali sono pieni di inviti e di solleciti a creare un clima di confronto politico ed istituzionale su temi molto delicati , come quelli che attengono all \u2019 attuale crisi economico - finanziaria ."}
{"sentidx":39561,"lemma":"clima","token":"clima","start":98,"end":103,"sent":"Il tavolo tecnico che e stato aperto presso il Ministero dell ambiente sta lavorando bene e in un clima di generale disponibilita ."}
{"sentidx":77341,"lemma":"clima","token":"clima","start":11,"end":16,"sent":"Con questo clima ci si dispone alla disperazione e all abbandono ."}
{"sentidx":63068,"lemma":"clima","token":"clima","start":53,"end":58,"sent":"Non puo essere a nessuno consentito di ricreare tale clima ."}
{"sentidx":10127,"lemma":"clima","token":"clima","start":21,"end":26,"sent":"Pero attenzione : il clima sta cominciando a cambiare ."}
{"sentidx":107503,"lemma":"clima","token":"clima","start":70,"end":75,"sent":"Le attivita previste mirano , inoltre , a favorire la creazione di un clima relazionale positivo volto al rispetto e alla tutela della persona e delle diversita ."}
{"sentidx":98619,"lemma":"clima","token":"clima","start":72,"end":77,"sent":"In questa maniera noi avremmo avuto l occasione di potere stemperare il clima , di riaggiornare nella seduta di martedi , magari valutando l ipotesi di iniziare i nostri lavori con un altro provvedimento , che poteva essere il conflitto di attribuzione , per il quale ce gia stata una richiesta esplicita da parte dell \u2019 opposizione di una diretta televisiva ."}
{"sentidx":16760,"lemma":"clima","token":"clima","start":93,"end":98,"sent":"Eppure in questo Parlamento abbiamo avuto tanti argomenti che avrebbero dovuto registrare un clima di solidarieta nazionale , di incontro , di confronto e di verifica , ma cio non e accaduto ."}
{"sentidx":36472,"lemma":"clima","token":"clima","start":59,"end":64,"sent":"Vorrei sottolineare anche io questo aspetto perche , in un clima in cui la semplificazione giornalistica puo trarre in inganno , e bene che resti una traccia corretta di questo lavoro ."}
{"sentidx":37068,"lemma":"clima","token":"clima","start":20,"end":25,"sent":"Si respira un nuovo clima , che si esprime nella nuova composizione delle Camere chiamate oggi qui a discutere della fiducia al Governo La parte maggiore dell \u2019 opposizione ha creato un suo strumento di osservazione e di interlocuzione con il Governo il gabinetto ombra della tradizione anglosassone , che puo essere di aiuto nel fissare i termini della discussione , del dissenso e delle eventuali convergenze parlamentari , in particolare sulle urgenti e ben note modifiche da apportare al funzionamento del sistema politico e costituzionale ."}
{"sentidx":291502,"lemma":"clima","token":"clima","start":271,"end":276,"sent":"Noi sappiamo che il Governo soffre di difficolta e si tratta di difficolta interne al partito di maggioranza ; ma qualcuno dalle parti del Governo e noi pensiamo che possa essere lei , signor Ministro assuma l iniziativa politica di coinvolgere tutto il Parlamento in un clima di unita nazionale ed in riforme che possano essere decisive per il nostro futuro !"}
{"sentidx":248644,"lemma":"clima","token":"clima","start":112,"end":117,"sent":"Infine per quanto riguarda le privatizzazioni , lei ha di fronte la possibilita di dimostrare che e cambiato il clima ."}
{"sentidx":127973,"lemma":"clima","token":"clima","start":58,"end":63,"sent":"Anche l esame delle proposte emendative si e svolto in un clima di grande collaborazione , poiche la maggior parte degli emendamenti approvati , con il parere favorevole del relatore , porta la firma di deputati di minoranza ."}
