{"sentidx":101455,"lemma":"comunista","token":"comunista","start":15,"end":24,"sent":"Sono diventato comunista ?"}
{"sentidx":260236,"lemma":"comunista","token":"comunisti","start":151,"end":160,"sent":"A maggioranza , dopo ripetuti ed appassionati interventi di Rodano viene approvata la mozione favorevole allo scioglimento del movimento dei cattolici comunisti firmata da Franco Rodano Felice Balbo Luciano Barca Gabriele De Rosa Mario Motta Filippo Sacconi Ognuno scegliera il futuro secondo coscienza ."}
{"sentidx":75506,"lemma":"comunista","token":"Comunista","start":145,"end":154,"sent":"Vorrei soprattutto ricordare Ugo Spagnoli intellettuale , avvocato , lavoratore della conoscenza , dirigente politico di un partito , il Partito Comunista Italiano e parlamentare ."}
{"sentidx":252626,"lemma":"comunista","token":"comunista","start":15,"end":24,"sent":"Per il Partito comunista italiano , la Democrazia cristiana , il Partito socialista italiano uno di questi momenti e rappresentato dalla Resistenza dalla ricostruzione ."}
{"sentidx":256276,"lemma":"comunista","token":"comunisti","start":166,"end":175,"sent":"E credo sia giusto e opportuno , pur ricordando l impegno dei partigiani nella lotta al nazifascismo , riconoscere in questa sede che lo spirito con cui i partigiani comunisti combatterono giustamente il nazifascismo era profondamente diverso dallo spirito con cui i partigiani cattolici , liberali e socialisti combattevano l occupazione tedesca ( Commenti di deputati dei gruppo Partito Democratico Gli uni infatti , volevano instaurare un regime comunista , analogo"}
{"sentidx":256276,"lemma":"comunista","token":"comunista","start":449,"end":458,"sent":"E credo sia giusto e opportuno , pur ricordando l impegno dei partigiani nella lotta al nazifascismo , riconoscere in questa sede che lo spirito con cui i partigiani comunisti combatterono giustamente il nazifascismo era profondamente diverso dallo spirito con cui i partigiani cattolici , liberali e socialisti combattevano l occupazione tedesca ( Commenti di deputati dei gruppo Partito Democratico Gli uni infatti , volevano instaurare un regime comunista , analogo"}
{"sentidx":55406,"lemma":"comunista","token":"comunista","start":194,"end":203,"sent":"Intercettazioni telefoniche e bavaglio all \u2019 informazione , processo breve per tagliare i tempi , riforma del Consiglio superiore della magistratura e della Corte costituzionale perche e troppo comunista , secondo le parole del Presidente Avevate previsto di rilanciare il Mezzogiorno Che cosa prevede questo decreto - legge decretone Avete trovato dentro a questo decreto - legge decretone l uovo di Colombo con l aiuto della Lega Nord consentire a Poste Italiane Spa di acquistare partecipazioni di controllo nel capitale delle banche ."}
{"sentidx":217481,"lemma":"comunista","token":"comunista","start":189,"end":198,"sent":"Concludo signor Presidente vi furono anni , nella storia del nostro Paese in cui guerra di liberazione dal fascismo , appartenenza al campo occidentale e comprensibile contrasto del blocco comunista , servizi alleati , hanno intrecciato trame e relazioni politiche ."}
{"sentidx":186180,"lemma":"comunista","token":"Comunista","start":92,"end":101,"sent":"La Lega su questo argomento , e piu indietro della posizione che aveva assunto Rifondazione Comunista nella coalizione guidata da Prodi Non condividiamo il meccanismo sbrigativo e indifferenziato dei tagli lineari di spesa , che gia in passato non hanno prodotto i risultati previsti ."}
{"sentidx":72188,"lemma":"comunista","token":"comunista","start":224,"end":233,"sent":"L integrazione europea della Serbia e un passaggio obbligato per la stabilizzazione di tutta la regione dei Balcani occidentali e un doveroso riconoscimento per un popolo che ha sofferto gli errori della classe dirigente ex comunista e che oggi aspira ad essere parte attiva della grande famiglia europea ."}
{"sentidx":280080,"lemma":"comunista","token":"comunista","start":138,"end":147,"sent":"In una sinistra che era minoranza ha rappresentato una minoranza radicale , tentando fino alla fine di preservare il cuore della speranza comunista , anche dopo che l esperienza storica e politica del comunismo era terminata , schiacciata dal crollo dell \u2019 impero sovietico ."}
{"sentidx":280066,"lemma":"comunista","token":"Comunista","start":195,"end":204,"sent":"Lucio Magri none stato soltanto un intellettuale , ma anche un uomo politico impegnato a tutto campo che ha influenzato e caratterizzato con la sua storia , intrecciata con la storia del Partito Comunista Italiano tutto il secondo dopoguerra del secolo scorso ."}
{"sentidx":140687,"lemma":"comunista","token":"comunista","start":253,"end":262,"sent":"Il pensiero di Gramsci sie misurato , in un frangente decisivo e drammatico della storia d Italia con il tema del rapporto fecondo tra socialismo e liberalismo e con il valore universale della democrazia , fino a condurre la tradizione rivoluzionaria e comunista del movimento operaio a farei conti con la democrazia politica e con il parlamentarismo ."}
{"sentidx":142691,"lemma":"comunista","token":"Comunista","start":67,"end":76,"sent":"Il Governo era costretto a trattare gli emendamenti con il Partito Comunista e il Partito Comunista otteneva quello che chiedeva , ma alla fine votava contro , perche il voto contrario era l alibi necessario a tenere nei confronti del proprio elettorato una dignita politica ."}
{"sentidx":142691,"lemma":"comunista","token":"Comunista","start":90,"end":99,"sent":"Il Governo era costretto a trattare gli emendamenti con il Partito Comunista e il Partito Comunista otteneva quello che chiedeva , ma alla fine votava contro , perche il voto contrario era l alibi necessario a tenere nei confronti del proprio elettorato una dignita politica ."}
{"sentidx":171917,"lemma":"comunista","token":"comunista","start":342,"end":351,"sent":"Il crollo del sistema sovietico e dei Paesi satellite del socialismo reale , di cui ricorre tra un anno il ventesimo anniversario , ha determinato la necessita impellente per i Paesi dell Europa che avevano gradualmente , nell \u2019 arco di decenni , costruito l identita comune , di allargare la partecipazione a Paesi confratelli del blocco ex comunista che erano altrimenti destinati ad una deriva i cui esiti e le cui conseguenze sarebbero stati imprevedibili ."}
{"sentidx":277092,"lemma":"comunista","token":"Comunista","start":147,"end":156,"sent":"Le bandiere di Rifondazione Comunista non le portiamo certo noi ai presidi ; non blocchiamo certo noi l autostrada con le bandiere di Rifondazione Comunista e con qualche bandiera dei Verdi dietro ino TAV E ancora oggi ce questa situazione ."}
{"sentidx":277092,"lemma":"comunista","token":"Comunista","start":28,"end":37,"sent":"Le bandiere di Rifondazione Comunista non le portiamo certo noi ai presidi ; non blocchiamo certo noi l autostrada con le bandiere di Rifondazione Comunista e con qualche bandiera dei Verdi dietro ino TAV E ancora oggi ce questa situazione ."}
{"sentidx":178733,"lemma":"comunista","token":"comunista","start":224,"end":233,"sent":"Concludo con un ultima considerazione , signor Presidente Si tratta di un processo che noi abbiamo favorito e che ha un illustre precedente , a proposito di contenzioso storico , quello della Jugoslavia di Tito un dittatore comunista che non avevo molto rispetto per i diritti umani ."}
{"sentidx":125262,"lemma":"comunista","token":"comunista","start":217,"end":226,"sent":"Valladares ci descriveva allora ( ma sono ormai oltre venti anni ) condizioni inimmaginabili per la societa occidentale , una societa che era vissuta forse in una sorta di mito di quello che poteva essere l ideologia comunista cubana ."}
{"sentidx":226659,"lemma":"comunista","token":"comunisti","start":186,"end":195,"sent":"Si tratta nella maggior parte dei casi di Paesi a maggioranza musulmana come l Iran l Arabia Saudita la Somalia le Maldive l Afghanistan lo Yemen la Mauritania ma anche di alcuni regimi comunisti , come il Laos ola Corea del Nord in cui ogni manifestazione religiosa e considerata manifestazione di dissenso ."}
{"sentidx":94154,"lemma":"comunista","token":"comunista","start":488,"end":497,"sent":"Anche in questo caso , la valutazione e positiva per la tipologia di provvedimento , quindi per il merito , ma e giusto svolgere alcune considerazioni anche sulla situazione di questo Paese La Repubblica di Moldova e un Paese con il quale l Italia ha sempre maggiori rapporti soprattutto per via dei tanti cittadini di tale Repubblica che vivono e lavorano in Italia Inoltre e da sottolineare che la Repubblica di Moldova sta portando avanti in modo positivo una transizione da un regime comunista , dall \u2019 Unione Sovietica ad un regime democratico ."}
{"sentidx":196605,"lemma":"comunista","token":"comunista","start":275,"end":284,"sent":"La condanna dell \u2019 avvocato Mills e il coinvolgimento del Presidente del Consiglio cosi come il suo rifiuto di rinunciare al lodo Alfano hanno avuto un enorme rilievo internazionale : li sono attenti , la stampa non e tutta comunista e ogni tanto esiste anche una stampa non comunista che racconta i fatti come stanno ."}
{"sentidx":196605,"lemma":"comunista","token":"comunista","start":224,"end":233,"sent":"La condanna dell \u2019 avvocato Mills e il coinvolgimento del Presidente del Consiglio cosi come il suo rifiuto di rinunciare al lodo Alfano hanno avuto un enorme rilievo internazionale : li sono attenti , la stampa non e tutta comunista e ogni tanto esiste anche una stampa non comunista che racconta i fatti come stanno ."}
{"sentidx":294135,"lemma":"comunista","token":"Comunista","start":400,"end":409,"sent":"Lo sforzo di dar vita ad uno Stato di diritto funzionante con istituzioni democratiche e che tutela le minoranze ha prodotto comunque notevoli progressi : non da ultimo nella crisi della scorsa estate che ha visto la vittoria di misura di un \u2019 alleanza riformatrice indubbiamente paneuropea dopo una prima tornata elettorale contestata per le irregolarita ei brogli , che avevano favorito il Partito Comunista al Governo con la maggioranza assoluta da circa un decennio ."}
{"sentidx":222448,"lemma":"comunista","token":"Comunista","start":209,"end":218,"sent":"E un dato paradossale e non sie mai verificato nella storia di questo Parlamento neanche quando ce stata la vicenda del Governo della Democrazia Cristiana con l astensione del Partito Socialista e del Partito Comunista Noi quindi , sperimenteremo tutti quanti un percorso assai complesso e assai difficile , che certamente avra nel Parlamento un terreno di confronto essenziale ."}
{"sentidx":212670,"lemma":"comunista","token":"comunista","start":128,"end":137,"sent":"Accade correntemente in diversi Paesi ed e un cardine delle politiche demografiche di molti Paesi asiatici ( si legga : la Cina comunista ) ."}
{"sentidx":52058,"lemma":"comunista","token":"comunista","start":294,"end":303,"sent":"Signor Presidente mi permetta di aggiungere alle parole del collega Damiano che condivido , e che ho apprezzato molto , una piccolissima e brevissima riflessione di carattere personale , perche Adalberto Minucci deputato , senatore , direttore di Rinascita esponente di primo piano del Partito comunista italiano , era nato e cresciuto politicamente a Torino e in Piemonte ma eradi origini toscane ."}
{"sentidx":30028,"lemma":"comunista","token":"Comunista","start":298,"end":307,"sent":"Signor Presidente intervengo sull \u2019 argomento \u2013 e non solo per sollecitare la risposta ad una interrogazione \u2013 con riferimento al ricordo doveroso delle vittime di Reggio Emilia ma ricordo anche come quelle vittime fossero indirettamente legate ad un atto di sopraffazione : la volonta del Partito Comunista Italiano di non voler far svolgere il congresso nazionale del Movimento Sociale Italiano a Genova Applausi del deputato Tommaso Foti Commenti dei deputati del gruppo Partito Democratico Non abbiamo dimenticato i ganci dei portuali per il fegato dei poliziotti ."}
{"sentidx":280051,"lemma":"comunista","token":"Comunista","start":161,"end":170,"sent":"Non equi il momento di ripercorrere l itinerario tormentato della sua vita : da giovane dirigente della Democrazia Cristiana alla scelta di militare nel Partito Comunista all esperienza che fu per lui fondamentale , sul piano umano e intellettuale , de Il Manifesto alla fondazione del PdUP al ritorno nel Partito Comunista sino alla battaglia contro la svolta ea difesa dell \u2019 esperienza del comunismo italiano ."}
{"sentidx":280051,"lemma":"comunista","token":"Comunista","start":314,"end":323,"sent":"Non equi il momento di ripercorrere l itinerario tormentato della sua vita : da giovane dirigente della Democrazia Cristiana alla scelta di militare nel Partito Comunista all esperienza che fu per lui fondamentale , sul piano umano e intellettuale , de Il Manifesto alla fondazione del PdUP al ritorno nel Partito Comunista sino alla battaglia contro la svolta ea difesa dell \u2019 esperienza del comunismo italiano ."}
{"sentidx":38080,"lemma":"comunista","token":"comunista","start":246,"end":255,"sent":"Ma ci sono i poteri forti , che prima non c erano , tanto e vero che prima non vi e stata mai la necessita di fare un Governo di tecnici , anche quando in Italia viera la cosiddetta democrazia bloccata o democrazia incompiuta , perche il Partito comunista non aveva tutti i requisiti democratici ( si riteneva allora anche per ragioni internazionali ) per sostituire la Democrazia Cristiana ei suoi alleati al potere ."}
{"sentidx":294118,"lemma":"comunista","token":"comunista","start":469,"end":478,"sent":"Si tratta di due provvedimenti che sono arrivati a breve distanza l uno dall altro e che riteniamo importanti da approvare ( anche nel caso dell \u2019 accordo sulla difesa oggi in esame ) per determinati motivi che e giusto esprimere anche in relazione alla situazione politica della Repubblica di Moldova Infatti la Repubblica di Moldova a seguito delle ultime elezioni democratiche , si trova in una situazione particolare a livello politico , dopo anni e annidi Governo comunista prima con il regime dell \u2019 Unione sovietica e poi con un Governo comunista a regime democratico ( in base a delle libere elezioni ) ."}
{"sentidx":294118,"lemma":"comunista","token":"comunista","start":544,"end":553,"sent":"Si tratta di due provvedimenti che sono arrivati a breve distanza l uno dall altro e che riteniamo importanti da approvare ( anche nel caso dell \u2019 accordo sulla difesa oggi in esame ) per determinati motivi che e giusto esprimere anche in relazione alla situazione politica della Repubblica di Moldova Infatti la Repubblica di Moldova a seguito delle ultime elezioni democratiche , si trova in una situazione particolare a livello politico , dopo anni e annidi Governo comunista prima con il regime dell \u2019 Unione sovietica e poi con un Governo comunista a regime democratico ( in base a delle libere elezioni ) ."}
{"sentidx":264895,"lemma":"comunista","token":"comunista","start":55,"end":64,"sent":"In realta , mi e parsa una scivolata di natura tardo - comunista che , considerato il modo con cui viene utilizzato questo argomento , e veramente sintomatica ."}
{"sentidx":252093,"lemma":"comunista","token":"comunista","start":73,"end":82,"sent":"Poi vennero a prendere i comunisti ed io non dissi niente perche non ero comunista ."}
{"sentidx":252093,"lemma":"comunista","token":"comunisti","start":25,"end":34,"sent":"Poi vennero a prendere i comunisti ed io non dissi niente perche non ero comunista ."}
{"sentidx":143518,"lemma":"comunista","token":"comunista","start":159,"end":168,"sent":"Di certo il piu intelligente ed il piu ricco tra gli oligarchi , Khodorkovsky per salvarsi ha cercato di finanziare tutti i partiti , tra cui anche il partito comunista , anzi postcomunista , oltre che i partiti liberali ( questo l onorevole Rao non l ha detto ) per costituirsi una base di consenso e candidarsi alle elezioni successive ."}
{"sentidx":270272,"lemma":"comunista","token":"comunisti","start":387,"end":396,"sent":"Non contenti , domenica mattina , queste controriva hanno occupato i binari della linea ferroviaria tirrenica , alla stazione di Massa Carrara provocando enormi disagi ai viaggiatori , con ritardi di tre ore a tutti i treni dell \u2019 importante linea che collega Torino e Genova a Roma Napoli e Reggio Calabria e con notevoli danni economici ai cittadini ea Trenitalia spa Questi esponenti comunisti si sentono i padroni del territorio e quello che e piu grave si credono immuni perche per loro simpatizzano politicamente il sindaco di Massa Carrara Pucci e il Presidente della regione , Martini che da sempre , partecipa a manifestazioni con il gonfalone della regione Toscana organizzate da sigle di disobbedienti ."}
{"sentidx":280079,"lemma":"comunista","token":"comunista","start":85,"end":94,"sent":"Signor Presidente con Lucio Magri muore un testimone lucido e partecipe della storia comunista italiana , un testimone che ha attraversato le vicende egli errori di una vicenda politica lunghissima e drammatica con il piglio dell \u2019 irregolare ."}
{"sentidx":180847,"lemma":"comunista","token":"Comunista","start":191,"end":200,"sent":"Nelle tredici regioni interessate da questo voto , i cittadini non hanno potuto votare per alcune liste , non solo la nostra , non solo la lista Bonino Pannella ma anche le liste del Partito Comunista dei Lavoratori e di Fiamma Tricolore le liste di Grillo in Umbria le liste Verdi in molte province ; liste alle quali e stata , di fatto , impedita la presentazione a causa delle omissioni di obblighi di legge poste in essere da Ministeri comuni e RAI TV Gli elettori di molte regioni hanno potuto conoscere le liste ed i candidati ufficiali solo sei giorni prima del voto ."}
{"sentidx":71350,"lemma":"comunista","token":"Comunista","start":990,"end":999,"sent":"Sin qui il Ministro La Russa Scandisco queste frasi perche chi ci ascolta e anzitutto lei , onorevole , deve essere rassicurato sul fatto che questo e un Governo consapevole di rappresentare la Repubblica italiana nata dalla Resistenza Venendo qui fuori , ho anche ribadito e ribadisco volentieri in aula , che , da parte nostra , da parte di tutti , vi e rispetto per le opinioni espresse non solo dal Ministro La Russa ma dal presidente Violante Quindi vie rispetto anche per chi , in buona fede , ha combattuto ed e entrato nella Repubblica di Salo Ma un conto ela pacificazione nazionale che e un valore importante , altro el \u2019 equiparazione di fascismo e antifascismo , equiparazione che per questo Governo non esiste perche l antifascismo e un elemento costitutivo della nostra democrazia ed e un ispirazione costante di questo Governo Cosi come non vie naturalmente altro che rispetto per le forze politiche che hanno scritto la Costituzione e quindi , mi riferisco anche al Partito Comunista Italiano in tal modo riconoscendo implicitamente tutto l arco di forze che si e battuto contro il fascismo e ha edificato questa Repubblica Nell ambito della storia della Repubblica questo Governo e innovatore , guarda al futuro , ma certamente non recide le radici su cui e edificata la nostra convivenza civile ."}
{"sentidx":112962,"lemma":"comunista","token":"comunista","start":244,"end":253,"sent":"Devo anche aggiungere per completezza che , oltre agli episodi che hanno coinvolto la Lega Nord in quel periodo se ne sono verificati altri , a seguito di manifestazioni di Monteventi e di anarchici estremisti vicini all \u2019 area di Rifondazione comunista , cui fanno riferimento ( egli e un consigliere comunale di Bologna tra l altro , che incita alle occupazioni fuorilegge , alle manifestazioni contro la legge ) ."}
{"sentidx":189768,"lemma":"comunista","token":"comunista","start":456,"end":465,"sent":"E interessante , signor Presidente che all inizio si parli di condivisione di valori , salvaguardia dei diritti umani , liberta fondamentali e condivisione dei principi della Carta delle Nazioni Unite E importante che , stipulando questo Accordo con la Corea si sottolineino questi aspetti , perche siamo di fronte ad uno dei presidi piu avanzati degli ideali democratici e degli ideali di liberta , di fronte a quello che e rimasto l anacronistico regime comunista della Corea del nord Proprio su questa condivisione di valori comuni si sviluppa poi una cooperazione piu ampia ."}
{"sentidx":269901,"lemma":"comunista","token":"comunisti","start":414,"end":423,"sent":"Signor Presidente ierio meglio nella notte fra sabato e domenica ) a Marina di Massa amena localita turistica che ricade nel comune in cui sono nato , in cui abito e di cui da qualche anno ho la responsabilita di rappresentanza politica ed istituzionale , vi sono stati scontri che hanno riportato alla memoria quelli che erano i tipici anni Settanta dove gli scontri erano tra i fascisti ei cosiddetti o presunti comunisti ."}
{"sentidx":43293,"lemma":"comunista","token":"comunista","start":466,"end":475,"sent":"Sul terreno della ricerca storica , della storiografia non ce stato nessun altro partito che si e posto in modo cosi organico sul terreno dell \u2019 organizzazione culturale come fece a suo tempo il PCI Emersero pero spontaneamente due generazioni di storici che , nella liberta dell \u2019 elaborazione culturale , espressero filoni di ricerca differenti , spesso , anzi , nettamente divergenti , rispetto alla cultura storica sviluppata dal mondo culturale di impostazione comunista ."}
{"sentidx":59667,"lemma":"comunista","token":"comunista","start":36,"end":45,"sent":"Quello di Pol Pot e stato un regime comunista , caratterizzato da una commistione ideologica di marxismo e di nazionalismo xenofobo che in quegli anni ha distrutto la Cambogia moralmente , economicamente e socialmente ."}
{"sentidx":226352,"lemma":"comunista","token":"comunisti","start":325,"end":334,"sent":"In Iraq sotto Saddam Hussein erano presenti un milione e mezzo di cristiani , oggi ne sono rimasti ventimila Nel Sudan meridionale dove si sta combattendo per l indipendenza sono morti negli ultimi anni tra cristiani e animisti non meno di due milioni di persone , per non parlare delle sofferenze e delle vittime dei regimi comunisti e di quanto sta accadendo ancora in Cina ai danni dei cristiani ."}
{"sentidx":51439,"lemma":"comunista","token":"Comunista","start":60,"end":69,"sent":"Li avete contratti voi : la Democrazia Cristiana il Partito Comunista e il Partito Socialista Non venite a chiedere a noi del nord di pagare questo conto ( Commenti dei deputati dei gruppi Partito Democratico e Italia dei Valori Avete voi sulle spalle , la responsabilita di stare affamando , in qualche modo , questo Paese Settantadue miliardi di euro di interessi !"}
{"sentidx":125887,"lemma":"comunista","token":"comunisti","start":11,"end":20,"sent":"Vi erano i comunisti , i socialisti , gli azionisti ei cattolici ."}
{"sentidx":141293,"lemma":"comunista","token":"comunista","start":208,"end":217,"sent":"Voglio allora dire che , prima di parlare , certi nostri colleghi dovrebbero pensare a cosa dicono e non venire qui a dare lezioni di dirigenti del partito del PD del PDS odi che cosera tempo fa , il partito comunista ."}
{"sentidx":270271,"lemma":"comunista","token":"comunista","start":310,"end":319,"sent":"Signor Presidente intervengo per chiederle che il Ministro dell interno venga a riferire sui gravi fatti di Massa Carrara dove si sono scontrate ronde e contro - ronde in localita La Partaccia una localita balneare dello stesso comune , dove sono state battezzate le prime contro - ronde proletarie di matrice comunista , che hanno attaccato e quasi distrutto alcuni locali pubblici , la scorsa notte , scontrandosi violentemente anche con le forze dell \u2019 ordine : cinque agenti sono rimasti feriti anche se leggermente ."}
{"sentidx":225247,"lemma":"comunista","token":"Comunista","start":187,"end":196,"sent":"Fatele a partire dai servizi pubblici locali , fatela a partire da quel disegno di legge dell \u2019 onorevole Lanzillotta sacrosanto , che fu bloccato in Parlamento peri veti di Rifondazione Comunista e della sinistra estrema ( Applausi dei deputati dei gruppi Unione di Centro Partito Democratico e Italia dei Valori La liberalizzazione dei servizi pubblici locali ela grande questione , perche in Italia abbiamo le tariffe di gas , acqua e luce piu alte d Europa in quanto abbiamo un monopolio nei servizi pubblici locali ."}
{"sentidx":227467,"lemma":"comunista","token":"Comunista","start":611,"end":620,"sent":"Attraverso il Partito comunista tunisino entro in contatto con uno dei gruppi piu importanti e vivaci dell \u2019 organizzazione all \u2019 estero del Partito Comunista Italiano Si avvicino a uomini come Loris Gallico Velio Spano e con loro divento uno dei principali dirigenti del centro esteri del PCI di Tunisi che fu in quell \u2019 epoca uno dei motori propulsivi dell \u2019 azione antifascista all \u2019 estero e di sostegno costante e continuo a chi portava avanti la lotta contro il fascismo nella clandestinita in Italia Rientrato dopo la guerra , a Napoli fu uno degli uomini su cui punto Togliatti per rinnovare il Partito Comunista Italiano e per dare corpo e sostanza a quella svolta di Salerno ed alla formazione del partito nuovo che vide un \u2019 intera generazione di giovani dirigenti essere protagonisti di una stagione fondamentale per il nostro Paese Mi riferisco alla stagione della nascita della democrazia , della Repubblica la stagione nella quale il Partito Comunista Italiano insieme agli altri partiti antifascisti , getto le basi di quella convivenza civile e democratica che da sessantacinque anni caratterizza la vita del nostro Paese Maurizio Valenzi insieme a Giorgio Napolitano Gerardo Chiaromonte e altri dirigenti prestigiosi di quella citta fu protagonista della vita politica napoletana e nazionale , sempre ispirando ogni sua azione e ogni sua iniziativa a quello spirito libero , a quella capacita di ascolto e di interlocuzione con l altro che era uno dei tratti umani e politici della sua personalita ."}
{"sentidx":227467,"lemma":"comunista","token":"Comunista","start":149,"end":158,"sent":"Attraverso il Partito comunista tunisino entro in contatto con uno dei gruppi piu importanti e vivaci dell \u2019 organizzazione all \u2019 estero del Partito Comunista Italiano Si avvicino a uomini come Loris Gallico Velio Spano e con loro divento uno dei principali dirigenti del centro esteri del PCI di Tunisi che fu in quell \u2019 epoca uno dei motori propulsivi dell \u2019 azione antifascista all \u2019 estero e di sostegno costante e continuo a chi portava avanti la lotta contro il fascismo nella clandestinita in Italia Rientrato dopo la guerra , a Napoli fu uno degli uomini su cui punto Togliatti per rinnovare il Partito Comunista Italiano e per dare corpo e sostanza a quella svolta di Salerno ed alla formazione del partito nuovo che vide un \u2019 intera generazione di giovani dirigenti essere protagonisti di una stagione fondamentale per il nostro Paese Mi riferisco alla stagione della nascita della democrazia , della Repubblica la stagione nella quale il Partito Comunista Italiano insieme agli altri partiti antifascisti , getto le basi di quella convivenza civile e democratica che da sessantacinque anni caratterizza la vita del nostro Paese Maurizio Valenzi insieme a Giorgio Napolitano Gerardo Chiaromonte e altri dirigenti prestigiosi di quella citta fu protagonista della vita politica napoletana e nazionale , sempre ispirando ogni sua azione e ogni sua iniziativa a quello spirito libero , a quella capacita di ascolto e di interlocuzione con l altro che era uno dei tratti umani e politici della sua personalita ."}
{"sentidx":227467,"lemma":"comunista","token":"comunista","start":22,"end":31,"sent":"Attraverso il Partito comunista tunisino entro in contatto con uno dei gruppi piu importanti e vivaci dell \u2019 organizzazione all \u2019 estero del Partito Comunista Italiano Si avvicino a uomini come Loris Gallico Velio Spano e con loro divento uno dei principali dirigenti del centro esteri del PCI di Tunisi che fu in quell \u2019 epoca uno dei motori propulsivi dell \u2019 azione antifascista all \u2019 estero e di sostegno costante e continuo a chi portava avanti la lotta contro il fascismo nella clandestinita in Italia Rientrato dopo la guerra , a Napoli fu uno degli uomini su cui punto Togliatti per rinnovare il Partito Comunista Italiano e per dare corpo e sostanza a quella svolta di Salerno ed alla formazione del partito nuovo che vide un \u2019 intera generazione di giovani dirigenti essere protagonisti di una stagione fondamentale per il nostro Paese Mi riferisco alla stagione della nascita della democrazia , della Repubblica la stagione nella quale il Partito Comunista Italiano insieme agli altri partiti antifascisti , getto le basi di quella convivenza civile e democratica che da sessantacinque anni caratterizza la vita del nostro Paese Maurizio Valenzi insieme a Giorgio Napolitano Gerardo Chiaromonte e altri dirigenti prestigiosi di quella citta fu protagonista della vita politica napoletana e nazionale , sempre ispirando ogni sua azione e ogni sua iniziativa a quello spirito libero , a quella capacita di ascolto e di interlocuzione con l altro che era uno dei tratti umani e politici della sua personalita ."}
{"sentidx":227467,"lemma":"comunista","token":"Comunista","start":957,"end":966,"sent":"Attraverso il Partito comunista tunisino entro in contatto con uno dei gruppi piu importanti e vivaci dell \u2019 organizzazione all \u2019 estero del Partito Comunista Italiano Si avvicino a uomini come Loris Gallico Velio Spano e con loro divento uno dei principali dirigenti del centro esteri del PCI di Tunisi che fu in quell \u2019 epoca uno dei motori propulsivi dell \u2019 azione antifascista all \u2019 estero e di sostegno costante e continuo a chi portava avanti la lotta contro il fascismo nella clandestinita in Italia Rientrato dopo la guerra , a Napoli fu uno degli uomini su cui punto Togliatti per rinnovare il Partito Comunista Italiano e per dare corpo e sostanza a quella svolta di Salerno ed alla formazione del partito nuovo che vide un \u2019 intera generazione di giovani dirigenti essere protagonisti di una stagione fondamentale per il nostro Paese Mi riferisco alla stagione della nascita della democrazia , della Repubblica la stagione nella quale il Partito Comunista Italiano insieme agli altri partiti antifascisti , getto le basi di quella convivenza civile e democratica che da sessantacinque anni caratterizza la vita del nostro Paese Maurizio Valenzi insieme a Giorgio Napolitano Gerardo Chiaromonte e altri dirigenti prestigiosi di quella citta fu protagonista della vita politica napoletana e nazionale , sempre ispirando ogni sua azione e ogni sua iniziativa a quello spirito libero , a quella capacita di ascolto e di interlocuzione con l altro che era uno dei tratti umani e politici della sua personalita ."}
{"sentidx":100061,"lemma":"comunista","token":"comunisti","start":29,"end":38,"sent":"Pertanto mi chiedo se gli ex comunisti ( o ancora comunisti ) , egli ex democristiani di sinistra ( se ancora sono etichettati cosi ) vedano la Costituzione a seconda di dove poggiano il sedere , se sono , cioe , in maggioranza o all opposizione ."}
{"sentidx":100061,"lemma":"comunista","token":"comunisti","start":50,"end":59,"sent":"Pertanto mi chiedo se gli ex comunisti ( o ancora comunisti ) , egli ex democristiani di sinistra ( se ancora sono etichettati cosi ) vedano la Costituzione a seconda di dove poggiano il sedere , se sono , cioe , in maggioranza o all opposizione ."}
{"sentidx":129510,"lemma":"comunista","token":"comuniste","start":196,"end":205,"sent":"E vediamo che lei , signor Presidente del Consiglio che non ce , dimentica troppo spesso di essere il Presidente del Consiglio dell Italia Quel prestigioso giornale economico , l Economist non le comuniste scriveva che il vero scandalo e quello di non accettare la crisi economica , che e devastante ."}
{"sentidx":275795,"lemma":"comunista","token":"comunista","start":142,"end":151,"sent":"Infatti e vero che tali omicidi sono stati compiuti negli anni di piombo , che dietro vi era l ideologia del PAC il Partito proletario armato comunista , ma se andiamo a vedere i profili di coloro che sono caduti vittime della ferocia di Battisti vediamo che si tratta di Andrea Santoro Pierluigi Torregiani Lino Sabbadin e Andrea Campagna Erano persone comuni , onesti lavoratori e onesti servitori dello Stato completamente estranei al potere politico ."}
{"sentidx":121882,"lemma":"comunista","token":"comunista","start":18,"end":27,"sent":"Scelse il Partito comunista italiano , negli anni lontani della sua gioventu , dopo la partecipazione alla guerra di liberazione , perche vide in quel partito la forza nella quale queste idee di liberta e di giustizia si potessero esprimere ."}
{"sentidx":6165,"lemma":"comunista","token":"Comunista","start":396,"end":405,"sent":"Questo disegno di legge non poteva che dimenticare le province , come l azione del Governo non poteva non dimenticare la liberalizzazione dei servizi pubblici locali , per la quale si assiste a un ritorno indietro , non solo e non tanto rispetto al disegno di legge del Ministro Lanzillotta della scorsa legislatura , ma anche nei confronti dello stesso disegno di legge emendato da Rifondazione Comunista Perche non poteva essere che cosi ?"}
{"sentidx":2169,"lemma":"comunista","token":"comunista","start":134,"end":143,"sent":"Signor Ministro sono passati cinquant \u2019 anni dalla sollevazione del Tibet sono passati vent anni dal massacro di Tienanmen Il partito comunista e al potere da sessantacinque anni e in questo lungo periodo sono morti 50 milioni di cinesi e un milione di tibetani per colpa di quel regime ."}
{"sentidx":78400,"lemma":"comunista","token":"comunista","start":78,"end":87,"sent":"Pensiamo all accordo che si profila tra la nuova versione del vecchio Partito comunista ela nuova versione di quella che una volta che era un partito serio , la Democrazia cristiana , un accordo che , evidentemente , non ha alla base una seria piattaforma programmatica ."}
{"sentidx":18866,"lemma":"comunista","token":"comunisti","start":222,"end":231,"sent":"Ebbene in questo inseguire tale idea , anche in modo utopico ma entusiasmante , Rauti rispose in maniera positiva e io attraverso Giano Accame ho lavorato proprio per questa idea del grande rientro , in attesa che anche i comunisti italiani , ormai in crisi di identita , rientrassero anche loro ."}
{"sentidx":270333,"lemma":"comunista","token":"comunista","start":91,"end":100,"sent":"L altro aspetto da evidenziare e che due anni fa in questa stessa Aula quando Rifondazione comunista eccepiva sul senso della missione , l onorevole Bocchino si alzava e chiedeva le dimissioni del Governo Oggi che il tipo di riflessione che faceva Rifondazione comunista lo propone la Lega none giusto e none legittimo , lealmente da parte dell \u2019 UdC dell Italia dei Valori e del Partito Democratico chiedere al Governo quale il senso oggi della nostra presenza in Afghanistan Cio non per preannunciare ritiri unilaterali , ma per discutere insieme agli alleati il senso e il significato della presenza ."}
{"sentidx":270333,"lemma":"comunista","token":"comunista","start":261,"end":270,"sent":"L altro aspetto da evidenziare e che due anni fa in questa stessa Aula quando Rifondazione comunista eccepiva sul senso della missione , l onorevole Bocchino si alzava e chiedeva le dimissioni del Governo Oggi che il tipo di riflessione che faceva Rifondazione comunista lo propone la Lega none giusto e none legittimo , lealmente da parte dell \u2019 UdC dell Italia dei Valori e del Partito Democratico chiedere al Governo quale il senso oggi della nostra presenza in Afghanistan Cio non per preannunciare ritiri unilaterali , ma per discutere insieme agli alleati il senso e il significato della presenza ."}
{"sentidx":260243,"lemma":"comunista","token":"comunista","start":95,"end":104,"sent":"Luciano Barca e stato per me il primo vero autorevole dirigente politico dell \u2019 allora Partito comunista italiano che ho avuto modo di incontrare nel mio percorso politico ."}
{"sentidx":181499,"lemma":"comunista","token":"comunista","start":180,"end":189,"sent":"Allora quello e un punto su cui dovremmo confrontarsi se abbiamo a cuore l interesse del Paese Altrimenti onorevole Bindi il precario \u2013 secondo una vecchia logica della concezione comunista e ideologica \u2013 e il bisogno dell \u2019 altro ti serve solo per affermare la tua ideologia ( Applausi dei deputati dei gruppi Popolo della Liberta Lega Nord Padania e Iniziativa Responsabile Nuovo Polo quello che tu sei e il tuo potere ."}
{"sentidx":276547,"lemma":"comunista","token":"Comunista","start":141,"end":150,"sent":"E un sessantennio che ce una sorta di unita nazionale fra centrodestra e centrosinistra \u2013 allora parlavamo di Democrazia Cristiana e Partito Comunista Italiano in nome di una sicurezza , in nome di una partitocrazia , direi , che si e unita in questi anni , spesso facendo leva sulla paura ."}
{"sentidx":43331,"lemma":"comunista","token":"comunista","start":169,"end":178,"sent":"In fondo , la storia di Piero cominciata con la piu grande battaglia liberale , che e stata la liberazione dal fascismo di questo Paese e con la militanza in un partito comunista nel quale lui aveva investito molte speranze e conclusa con una solitudine , successiva alla delusione dell \u2019 esperienza in un altro partito al quale aveva attribuito grande fiducia , come il partito di Forza Italia raccontano di un tragitto fatto seguendo una stella polare ."}
{"sentidx":96362,"lemma":"comunista","token":"comunista","start":34,"end":43,"sent":"Queste riflessioni non sono di un comunista rivoluzionario dell \u2019 opposizione , bensi del relatore Volpi della Lega Nord e quindi della maggioranza ) che , se fosse libero di votare con gli altri suoi colleghi , probabilmente potrebbe avere un sussulto di coscienza parlamentare e votare in difformita dal volere del Governo Proprio per evitare che qualcuno faccia parlare la propria coscienza , questo Governo chiedera la fiducia e tappera la bocca a tutti coloro che rispetto a questo decreto - legge avranno il mal di pancia : e un voto di fiducia che non solo ammutolisce la Camera dei deputati , ma soprattutto zittisce la maggioranza ."}
{"sentidx":121886,"lemma":"comunista","token":"Comunista","start":37,"end":46,"sent":"Scelse dopo l esperienza del Partito Comunista Italiano il Partito Socialista Italiano perche in quest \u2019 ultimo germinavano proprio quelle idee ( ma non solo nel Partito Socialista Italiano Erano gli annidi Vanoni e anche gli anni delle prime riflessioni nuove del Partito Comunista in questo senso ."}
{"sentidx":133798,"lemma":"comunista","token":"Comunista","start":90,"end":99,"sent":"Miriam segno , ad un certo punto , un elemento di discontinuita con la storia del Partito Comunista italiano ma mantenendo la nostalgia , in qualche misura , per quella originale comunita umana che era un partito dentro il quale c erano tante culture , tante esperienze e tanti punti di vista tra di loro diversi ."}
{"sentidx":230560,"lemma":"comunista","token":"Comunista","start":92,"end":101,"sent":"Tuttavia qualcuno nei giornali ci va , ad esempio il capogruppo del partito di Rifondazione Comunista non dico i Ferrero i professionisti ma il capogruppo del partito di Rifondazione Comunista a Piacenza in giunta con un \u00ab pacifico sindaco del PD amico cresciuto nella parrocchia , che rivendica gli scontri di piazza , che dice : e stato uno sbocco di piazza e lo rivendichiamo ; non si tratta di violenza fine a se stessa ma di una rottura della dialettica storica , qualcosa che e sempre esistito ed e lecito che accada ancora oggi ."}
{"sentidx":230560,"lemma":"comunista","token":"Comunista","start":183,"end":192,"sent":"Tuttavia qualcuno nei giornali ci va , ad esempio il capogruppo del partito di Rifondazione Comunista non dico i Ferrero i professionisti ma il capogruppo del partito di Rifondazione Comunista a Piacenza in giunta con un \u00ab pacifico sindaco del PD amico cresciuto nella parrocchia , che rivendica gli scontri di piazza , che dice : e stato uno sbocco di piazza e lo rivendichiamo ; non si tratta di violenza fine a se stessa ma di una rottura della dialettica storica , qualcosa che e sempre esistito ed e lecito che accada ancora oggi ."}
{"sentidx":231129,"lemma":"comunista","token":"Comunista","start":25,"end":34,"sent":"Da dirigente del Partito Comunista Italiano dell alta Italia si occupo a lungo , nell \u2019 immediato dopoguerra , dei bambini orfani di guerra e dei bambini scossi che avevano bisogno di essere rimessi in sesto ."}
{"sentidx":73057,"lemma":"comunista","token":"comunisti","start":51,"end":60,"sent":"Che Ban Ki moon e un eversivo , che e al soldo dei comunisti , che si piega agli interessi dell \u2019 opposizione in Italia Ma perche non aprite gli occhi ?"}
{"sentidx":231128,"lemma":"comunista","token":"Comunista","start":172,"end":181,"sent":"Era una donna molto ferma , molto coraggiosa ; fu , per esempio , la prima donna ad entrare nella segreteria della Camera del lavoro di Milano Fu una dirigente del Partito Comunista Italiano dell alta Italia e prima , nella Resistenza opero nei gruppi di difesa della donna ."}
{"sentidx":280358,"lemma":"comunista","token":"comunista","start":221,"end":230,"sent":"Erano i giorni in cui era scoppiata la rivolta dei ragazzi di Tienanmen emi capito , in una piazza di questo nostro Paese di parlare insieme con lui a difesa dei diritti di liberta dei ragazzi che si opponevano al regime comunista cinese ."}
{"sentidx":29324,"lemma":"comunista","token":"comunista","start":234,"end":243,"sent":"Quindi abbiamo avuto una sistematica elusione e forzatura dell \u2019 articolo 81 da parte dell \u2019 intero sistema politico , ma in particolare da parte delle due maggiori culture politiche del Paese quella democristiana hitleriana e quella comunista , con una compartecipazione in gran parte subalterna di quella laico - socialista , che ad un certo punto e stata almeno capace di alcune rotture di quelle egemonie ( ricordo il decreto di San Valentino e appunto la battaglia per abolire il voto segreto , battaglie per le quali peraltro ha pagato poi prezzi politici molto salati e molto elevati ) ."}
{"sentidx":186975,"lemma":"comunista","token":"comunista","start":335,"end":344,"sent":"Non mangia ne beve dal 24 febbraio , dal giorno in cui la polizia cubana gli ha impedito di partecipare ai funerali di Orlando Zapata detenuto politico morto dopo ottantacinque giorni di digiuno , anche egli immolatosi per la liberta a Cuba Farinas ha deciso di prendere il suo posto per testimoniare contro l oppressione di un regime comunista , quello cubano , che opprime le liberta e detiene in carcere decine di prigionieri politici ."}
{"sentidx":121092,"lemma":"comunista","token":"Comunista","start":750,"end":759,"sent":"Signor Presidente la LegaNord in precedenti interventi ha gia avuto modo di dire che questo Governo none fortunato , perche ogni volta che si insedia si trova di fronte ad una crisi economica : e stato cosi nel 2001 quando vi fu l attacco alle Torri gemelle ed e cosi oggi con questa crisi economica internazionale che riguarda tutti i Paesi Tuttavia per fortuna , per fortuna per il Paese vie questo Governo Oggi infatti , di fronte a questa crisi economica abbiamo un Governo unito , coeso , che sa prendere decisioni forti e sa prendere decisioni chiare : questa ela fortuna del Paese Proviamo solo a pensare se vi fosse ancora il Governo Prodi oggi signor Presidente per governare questa crisi avrebbe dovuto sentire cosa ne pensava Rifondazione Comunista andare dai Comunisti Italiani e sentire i loro diktat , andare dai Verdi andare da Di Pietro e cercare di mettere d accordo tutti , andare dalla Rosa nel Pugno andare infine da Mastella e forse poi , alla fine , avrebbero trovato \u00ab la quadra \u00bb della situazione ."}
{"sentidx":2148,"lemma":"comunista","token":"comunisti","start":243,"end":252,"sent":"Signor Presidente mi consenta di iniziare questo intervento con le parole del Dalai Lama oggi dice il Dalai Lama e il cinquantesimo anniversario della pacifica rivolta del popolo tibetano contro la repressione della nostra regione operata dai comunisti cinesi ; sin dallo scorso marzo , una moltitudine di manifestazioni pacifiche e fiorita in tutto il Tibet la maggior parte di coloro che vi ha preso parte e giovane , cresciuta dopo il 1959 Non hanno mai visto il Tibet libero ; eppure , e per me motivo di orgoglio vedere che questi giovani sono mossi verso la causa tibetana che e stata tramandata loro di generazione in generazione ."}
{"sentidx":14297,"lemma":"comunista","token":"comunista","start":576,"end":585,"sent":"Signor Presidente mi sembra giustoche sia ricordato in quest \u2019 Aula un grave lutto che ha colpito la cultura europea nella giornata di ieri : e morta Wislawa Szymborska Wislawa Szymborska premio Nobel perla letteratura , e una delle voci piu alte , piu profonde e piu pure che testimoniano la sofferenza , il dramma el \u2019 angoscia della coscienza europea nel secolo Ventesimo attraversando tutta l epoca dei totalitarismi , passando dalla notte nera dell \u2019 occupazione nazista attraverso le vicende drammatiche che hanno sconvolto la Polonia attraverso la dittatura del regime comunista ."}
{"sentidx":238729,"lemma":"comunista","token":"comunisti","start":79,"end":88,"sent":"Vede signor Ministro Alfano non so se esistano i giudici ei pubblici ministeri comunisti di cui parla il Presidente del Consiglio mae chiara una cosa : se ve ne fosse anche soltanto uno oggi , quel pubblico ministero comunista miniriforme stapperebbe bottiglie di champagne perche non e questo il modo per creare le condizioni per fare le riforme della giustizia sulle quali noi eravamo impegnati ( Applausi dei deputati dei gruppi Futuro e Liberta per l Italia e Unione di"}
{"sentidx":238729,"lemma":"comunista","token":"comunista","start":217,"end":226,"sent":"Vede signor Ministro Alfano non so se esistano i giudici ei pubblici ministeri comunisti di cui parla il Presidente del Consiglio mae chiara una cosa : se ve ne fosse anche soltanto uno oggi , quel pubblico ministero comunista miniriforme stapperebbe bottiglie di champagne perche non e questo il modo per creare le condizioni per fare le riforme della giustizia sulle quali noi eravamo impegnati ( Applausi dei deputati dei gruppi Futuro e Liberta per l Italia e Unione di"}
{"sentidx":182041,"lemma":"comunista","token":"comunisti","start":171,"end":180,"sent":"E vero che abbiamo illustri precedenti nelle stagioni politiche che stiamo vivendo di chi dice che il legislatore puo fare tutto e chela Corte costituzionale e un covo di comunisti , ma noi abbiamo un argine nell \u2019 attivita legislativa : i fondamenti del diritto ela Costituzione e non possiamo piegarli , neanche a maggioranza ."}
{"sentidx":294123,"lemma":"comunista","token":"comunista","start":142,"end":151,"sent":"Quello che poi vogliamo sottolineare e chela Moldova ha fatto una apertura anche nei nostri confronti e questo lo dobbiamo al vecchio Governo comunista ( dobbiamo dirlo ) , ossia al Ministro Pirlog il quale , dopo una visita della nostra delegazione Osce nei mesi scorsi , ha proceduto all \u2019 arresto di un pericoloso criminale reo di aver ucciso il dottor Colturani a Milano alcuni anni fa ."}
{"sentidx":121897,"lemma":"comunista","token":"Comunista","start":173,"end":182,"sent":"Lo fece nel 1956 con un libro che segno uno dei momenti piu alti e significativi del dibattito all \u2019 interno della sinistra e lo fece successivamente , passando dal Partito Comunista al Partito Socialista dando un contributo fondamentale alla elaborazione della strategia delle riforme e dando questo contributo sia nella definizione teorica di questa strategia delle riforme sia anche nell \u2019 elaborazione del primo piano , indicativo ma significativo ."}
{"sentidx":43333,"lemma":"comunista","token":"comunista","start":79,"end":88,"sent":"E per questo e su questo che , in fondo , maturo la sua rottura con il Partito comunista italiano ."}
{"sentidx":202163,"lemma":"comunista","token":"Comunista","start":170,"end":179,"sent":"Di motivazioni ce ne sono tante , compresa quella anche che sinceramente ritengo fragile ( non voglio usare altre espressioni ) per cui l Unione di Centro e Rifondazione Comunista che nella scorsa legislatura per la legge nazionale puntavano al sistema tedesco , oggi non possono essere contrarie allo sbarramento al 5 per cento ."}
{"sentidx":294125,"lemma":"comunista","token":"Comunista","start":66,"end":75,"sent":"Il Ministro della giustizia ( lo ripeto : un Ministro del Partito Comunista moldavo ) ci assicuro che avrebbe provveduto a fare di tutto per assicurarlo alle patrie galere e questo fu fatto ."}
{"sentidx":165277,"lemma":"comunista","token":"comunista","start":1122,"end":1131,"sent":"Signor Presidente siamo a discutere il disegno di legge costituzionale presentato dal Presidente del Consiglio dei ministri , Berlusconi dai Ministri Bossi Tremonti Calderoli Romani Brunetta Alfano e Fitto Non vedo il nome del Ministro Sacconi el \u2019 ho aggiunto a penna , perche suggerito ampiamente dal collega Bressa Signor Presidente credo di cogliere negli interventi dei colleghi , anche in quello del collega Bressa una riflessione importante , iniziale e propedeutica , credo , a far capire , anche all \u2019 esterno dell \u2019 Aula che stiamo parlando della Costituzione e di un elemento importante della Costituzione Il nostro parere , indubbiamente , e che questi interventi siano positivi , importanti e che hanno la necessita di esserci perche , dal nostro punto di vista , anche la Costituzione ha bisogno di essere attualizzata e non vie dubbio che la Costituzione che usci dal grande lavoro dei padri costituenti , era anche una Costituzione di equilibrio , se non di compromesso , fra le anime che erano rappresentate all \u2019 interno dell \u2019 Assemblea costituente , l anima cattolica , liberale , laico - socialista e comunista ."}
{"sentidx":140689,"lemma":"comunista","token":"comunista","start":157,"end":166,"sent":"Gramsci combatte , pagando con la vita , su un doppio fronte : contro la dittatura fascista e contro la degenerazione burocratica e stalinista dell \u2019 utopia comunista ."}
{"sentidx":181862,"lemma":"comunista","token":"comunisti","start":121,"end":130,"sent":"Penso ai comunisti , eppure ha continuato a frequentare tranquillamente il Presidente Putin che credo , si intendesse di comunisti ; al Parlamento che non la faceva lavorare ; ai magistrati che la controllavano ; alla Corte Costituzionale che e una istituzione zeppa di sovversivi e al Capo dello Stato che avrebbe usato la forzatura delle regole e delle garanzie rispetto alla sua personale Costituzione materiale ."}
{"sentidx":181862,"lemma":"comunista","token":"comunisti","start":9,"end":18,"sent":"Penso ai comunisti , eppure ha continuato a frequentare tranquillamente il Presidente Putin che credo , si intendesse di comunisti ; al Parlamento che non la faceva lavorare ; ai magistrati che la controllavano ; alla Corte Costituzionale che e una istituzione zeppa di sovversivi e al Capo dello Stato che avrebbe usato la forzatura delle regole e delle garanzie rispetto alla sua personale Costituzione materiale ."}
{"sentidx":16862,"lemma":"comunista","token":"comunisti","start":92,"end":101,"sent":"Francamente non vedo la necessita da parte cittadini di avere , in questo Paese tre partiti comunisti e non so quante sigle che si rifanno alla destra , a movimenti ecologisti o ai pensionati ."}
{"sentidx":169414,"lemma":"comunista","token":"comunisti","start":215,"end":224,"sent":"La Croazia che e ben diversa dalla Jugoslavia di Tito ha preso su se stessa tutte le eredita delle rapine titoiste e quelle eredita se le tenute ben strette : quei beni , quelle case , quelle proprieta rapinate dai comunisti fanno parte del patrimonio attuale della Croazia che non sie certo sognata di riconoscere odi restituire a chi doveva venire ."}
