{"sentidx":253506,"lemma":"costituzione","token":"Costituzione","start":50,"end":62,"sent":"Loro vogliono semplicemente quanto previsto dalla Costituzione Vogliono lavorare ."}
{"sentidx":136996,"lemma":"costituzione","token":"costituzione","start":15,"end":27,"sent":"Modifica nella costituzione del Comitato perla legislazione ."}
{"sentidx":165496,"lemma":"costituzione","token":"Costituzione","start":51,"end":63,"sent":"Allora usiamo correttamente almeno i termini della Costituzione facciamoci capire !"}
{"sentidx":108924,"lemma":"costituzione","token":"Costituzione","start":49,"end":61,"sent":"Di togliere un principio generale tutelato dalla Costituzione relativo alle attenuanti generiche ?"}
{"sentidx":56380,"lemma":"costituzione","token":"Costituzione","start":42,"end":54,"sent":"Oggi questo Parlamento sta modificando la Costituzione italiana ."}
{"sentidx":203437,"lemma":"costituzione","token":"Costituzione","start":26,"end":38,"sent":"Anzitutto perche viola la Costituzione ei principi fondamentali dei rapporti tra organi costituzionali ."}
{"sentidx":200101,"lemma":"costituzione","token":"Costituzione","start":63,"end":75,"sent":"PdL Sottolinea la particolare rilevanza degli Emendamenti alla Costituzione dell OIM volti a razionalizzare procedure decisionali , meccanismi sanzionatori e durata del mandato dirigenziale ."}
{"sentidx":159823,"lemma":"costituzione","token":"Costituzione","start":16,"end":28,"sent":"Anche la nostra Costituzione pero richiama questo principio di uguaglianza evidenziando diritti e doveri dei genitori senza discriminazioni ."}
{"sentidx":4539,"lemma":"costituzione","token":"costituzione","start":18,"end":30,"sent":"Mi riferisco alla costituzione della Commissione bicamerale per l attuazione del federalismo fiscale ."}
{"sentidx":135701,"lemma":"costituzione","token":"Costituzione","start":41,"end":53,"sent":"Sappiamo perfettamente che per la nostra Costituzione none possibile ricorrere al referendum per ratificare questi trattati ."}
{"sentidx":132854,"lemma":"costituzione","token":"Costituzione","start":27,"end":39,"sent":"Questo decreto violenta la Costituzione e sancisce il fallimento della politica industriale ."}
{"sentidx":140999,"lemma":"costituzione","token":"Costituzione","start":3,"end":15,"sent":"La Costituzione quando parla dei Ministri indica esclusivamente il Ministro della giustizia ."}
{"sentidx":292256,"lemma":"costituzione","token":"Costituzione","start":3,"end":15,"sent":"La Costituzione garantisce il giusto processo ."}
{"sentidx":186401,"lemma":"costituzione","token":"Costituzione","start":101,"end":113,"sent":"Questo significa che la politica e andata avanti rispetto al parlamentarismo paludato previsto dalla Costituzione formale ."}
{"sentidx":196014,"lemma":"costituzione","token":"Costituzione","start":39,"end":51,"sent":"State compiendo un atto eversivo della Costituzione italiana ."}
{"sentidx":279066,"lemma":"costituzione","token":"Costituzione","start":142,"end":154,"sent":"La forza di penetrazione del giudizio di ragionevolezza fino al merito legislativo corrisponde alla pienezza delle funzioni di custodia della Costituzione affidate alla Corte costituzionale ."}
{"sentidx":140670,"lemma":"costituzione","token":"Costituzione","start":51,"end":63,"sent":"Signor Presidente questa ennesima violazione della Costituzione italiana viene fatta con l accordo di maggioranza ed opposizione ."}
{"sentidx":291234,"lemma":"costituzione","token":"costituzione","start":28,"end":40,"sent":"Pertanto voteremo contro la costituzione in giudizio ."}
{"sentidx":135609,"lemma":"costituzione","token":"Costituzione","start":50,"end":62,"sent":"Dobbiamo introdurre questo principio nella nostra Costituzione nella consapevolezza che la regionalizzazione del principio del pareggio di bilancio non puo essere ridotta a questione di natura meramente contabile e finanziaria ."}
{"sentidx":135519,"lemma":"costituzione","token":"Costituzione","start":29,"end":41,"sent":"Le proposte di riforma della Costituzione non giunte ad effetto nelle ultime due legislature non hanno direttamente investito le disposizioni costituzionali oggetto della presente proposta ."}
{"sentidx":274326,"lemma":"costituzione","token":"Costituzione","start":42,"end":54,"sent":"Signor Presidente onorevoli colleghi , la Costituzione italiana condanna ogni forma di razzismo e discriminazione ."}
{"sentidx":71458,"lemma":"costituzione","token":"Costituzione","start":55,"end":67,"sent":"Un educazione fondata su concetti quali cittadinanza e Costituzione implica l acquisizione di principi forti , tali da indurre comportamenti individuali e collettivi civilmente e socialmente responsabili ."}
{"sentidx":266902,"lemma":"costituzione","token":"Costituzione","start":47,"end":59,"sent":"E qualcosa che non sta assolutamente dentro la Costituzione Per questa ragione abbiamo proposto questo emendamento soppressivo ."}
{"sentidx":283379,"lemma":"costituzione","token":"Costituzione","start":94,"end":106,"sent":"Sotto questo profilo sentir parlare di diritto individuale mi sembra , alla luce della nostra Costituzione assolutamente inappropriato ."}
{"sentidx":198867,"lemma":"costituzione","token":"Costituzione","start":53,"end":65,"sent":"Il parametro decisivo e che i criteri previsti dalla Costituzione sono il rispetto della giurisprudenza costituzionale ."}
{"sentidx":165388,"lemma":"costituzione","token":"Costituzione","start":209,"end":221,"sent":"Ma sono probabilmente i vincoli di natura monetaria , finanziaria ed economica derivanti dalla nostra partecipazione all \u2019 Unione europea ad avere maggiormente inciso nel processo di obsolescenza della nostra Costituzione economica ."}
{"sentidx":162307,"lemma":"costituzione","token":"costituzione","start":11,"end":23,"sent":"La mancata costituzione della Commissione per l indirizzo generale ela vigilanza dei servizi radiotelevisivi impedisce al Parlamento di svolgere le sue funzioni ."}
{"sentidx":27843,"lemma":"costituzione","token":"Costituzione","start":3,"end":15,"sent":"La Costituzione parla chiaro ."}
{"sentidx":274071,"lemma":"costituzione","token":"Costituzione","start":58,"end":70,"sent":"Invece di parlare delle liberalizzazioni e scrivere nella Costituzione provate a farle ."}
{"sentidx":113166,"lemma":"costituzione","token":"Costituzione","start":123,"end":135,"sent":"Ricordo chele sovvenzioni ai gruppi editoriali servono per salvaguardare il pluralismo dell \u2019 informazione , sancito dalla Costituzione e per tutelare i patrimoni culturali dei vari giornali ."}
{"sentidx":60622,"lemma":"costituzione","token":"Costituzione","start":11,"end":23,"sent":"E la prima Costituzione che considera l iniziativa economica separata dalla proprieta privata ."}
{"sentidx":289190,"lemma":"costituzione","token":"Costituzione","start":229,"end":241,"sent":"Signor Presidente onorevoli colleghi , signor rappresentante del Governo ieri come tutti voi ricorderete , accogliendo un ordine del giorno del Partito Democratico sie deciso di distribuire agli studenti italiani una copia della Costituzione repubblicana ."}
{"sentidx":261497,"lemma":"costituzione","token":"Costituzione","start":19,"end":31,"sent":"Nel rispetto della Costituzione penso che al massimo potremmo astenerci ."}
{"sentidx":281730,"lemma":"costituzione","token":"Costituzione","start":10,"end":22,"sent":"La nostra Costituzione sara la prima ad inserire questo parametro di costituzionalita ."}
{"sentidx":113567,"lemma":"costituzione","token":"Costituzione","start":48,"end":60,"sent":"Questa procedura straordinaria , prevista dalla Costituzione ma utilizzata con molta sobrieta e parsimonia dai Presidenti della Repubblica conferma la qualita ed il valore delle materie contenute nel provvedimento in esame ."}
{"sentidx":147909,"lemma":"costituzione","token":"Costituzione","start":93,"end":105,"sent":"Si tratta di un disegno che contrasta palesemente con le finalita rieducative previste dalla Costituzione atteso che la nostra Carta fondamentale non configura la reclusione come un ulteriore incentivo alla socializzazione del soggetto ."}
{"sentidx":3595,"lemma":"costituzione","token":"Costituzione","start":73,"end":85,"sent":"Signor Presidente credo che tra i diritti inalienabili , garantiti dalla Costituzione vi siano anche le farneticazioni dei singoli parlamentari ."}
{"sentidx":163950,"lemma":"costituzione","token":"Costituzione","start":10,"end":22,"sent":"La nostra Costituzione e un esempio straordinario del valore fondante del costituzionalismo contemporaneo , quello che fa riferimento alla cultura del limite ."}
{"sentidx":298354,"lemma":"costituzione","token":"Costituzione","start":123,"end":135,"sent":"Un comportamento quello del Corecom della Calabria che potrebbe mettere in discussione uno dei principi fondamentali della Costituzione la liberta di stampa ."}
{"sentidx":29387,"lemma":"costituzione","token":"Costituzione","start":66,"end":78,"sent":"Ci stiamo assumendo una grande responsabilita : la modifica della Costituzione e sempre un momento delicato , solenne e difficile soprattutto quando sviluppiamo una considerazione ."}
{"sentidx":234994,"lemma":"costituzione","token":"Costituzione","start":178,"end":190,"sent":"Per arrivare alla mozione presentata sul trasporto pubblico locale dal gruppo parlamentare che qui rappresento , primo firmatario il collega Borghesi dico subito che parto dalla Costituzione italiana ."}
{"sentidx":165114,"lemma":"costituzione","token":"Costituzione","start":127,"end":139,"sent":"Tali limiti e condizionamenti possono essere evidentemente solo quelli elencati al secondo comma : principi fondamentali della Costituzione tutela della sicurezza , della liberta e della dignita umana ."}
{"sentidx":123996,"lemma":"costituzione","token":"costituzione","start":85,"end":97,"sent":"Lei fauna comunicazione e none ovviamente tenuta a ricordare la storia di questa non costituzione della Commissione parlamentare di vigilanza ."}
{"sentidx":194080,"lemma":"costituzione","token":"Costituzione","start":96,"end":108,"sent":"Quello che pero rischia di essere pericoloso e avventuroso e una cancellazione tout court dalla Costituzione dell istituzione della provincia ."}
{"sentidx":99798,"lemma":"costituzione","token":"Costituzione","start":80,"end":92,"sent":"Quindi evidentemente , ad essa devono essere applicati i criteri previsti dalla Costituzione perla formazione dei relativi organi di governo autonomo ."}
{"sentidx":88614,"lemma":"costituzione","token":"Costituzione","start":37,"end":49,"sent":"Perche ricordo questo articolo della Costituzione che e un pilastro fondamentale della nostra liberta e della nostra cultura giuridica e democratica ?"}
{"sentidx":273904,"lemma":"costituzione","token":"Costituzione","start":145,"end":157,"sent":"Innanzitutto la distinzione tra iniziativa e attivita economica e sostanzialmente figlia di una semantica propria dell \u2019 epoca storica in cui la Costituzione nacque ."}
{"sentidx":97433,"lemma":"costituzione","token":"costituzione","start":18,"end":30,"sent":"L introduzione in costituzione del principio del pareggio di bilancio pone in maniera drammatica questo problema ."}
{"sentidx":289394,"lemma":"costituzione","token":"Costituzione","start":225,"end":237,"sent":"Tale questione infatti da adito a contenzioso giuridico ea ricorsi : e sostanzialmente sospettabile di essere incostituzionale un meccanismo per cui nella pubblica amministrazione si accede non per concorso , come prevede la Costituzione ma attraverso la chiamata diretta e una successiva stabilizzazione ."}
{"sentidx":60404,"lemma":"costituzione","token":"Costituzione","start":38,"end":50,"sent":"Tuttavia riteniamo che esplicitare in Costituzione sia un fatto anche culturalmente importante che puo riorientare la nostra opinione pubblica , nonche l azione del legislatore ."}
{"sentidx":281715,"lemma":"costituzione","token":"Costituzione","start":178,"end":190,"sent":"Pertanto ritiro il emendamento che abbiamo presentato , sottolineando che questo tipo di formulazione e molto importante , perche contiene un importante elemento di novita nella Costituzione italiana ( Applausi dei deputati del gruppo Partito"}
{"sentidx":165392,"lemma":"costituzione","token":"Costituzione","start":95,"end":107,"sent":"Probabilmente la ragione del prevalente disinteresse che finora ha caratterizzato i temi della Costituzione economica e di mera tattica politica e risiede nella diffusa convinzione che la questione presenti un rapporto costi - benefici assai sfavorevole ."}
{"sentidx":5481,"lemma":"costituzione","token":"Costituzione","start":102,"end":114,"sent":"Ritengo chesi debba riflettere su questo punto quando parliamo di educazione alla cittadinanza e alla Costituzione perche anche in questo caso vediamo una contraddizione enorme tra quanto il Governo fae quanto aveva annunciato nei propri programmi enei propri propositi elettorali ."}
{"sentidx":281770,"lemma":"costituzione","token":"Costituzione","start":36,"end":48,"sent":"Stiamo per votare una riforma della Costituzione che ha prodotto nei lavori della Commissione un sostanziale accordo unitario ."}
{"sentidx":98104,"lemma":"costituzione","token":"Costituzione","start":238,"end":250,"sent":"Insomma osi assume l indirizzo rigorista e si allestiscono conseguentemente nuovi istituti penitenziari in grado di ospitare dignitosamente la crescente popolazione carceraria , osi lavora a serie di misure alternative ispirate , come la Costituzione impone , alla funzione rieducativa della pena ."}
{"sentidx":274236,"lemma":"costituzione","token":"Costituzione","start":105,"end":117,"sent":"Io rifaccio appello ai molti parlamentari liberali , cattolici , democratici della maggioranza perche la Costituzione non venga usata per la propaganda elettorale ."}
{"sentidx":259551,"lemma":"costituzione","token":"Costituzione","start":136,"end":148,"sent":"Questa Costituzione per qualcuno sara pure filosovietica , ma relativamente ai poteri legislativi del Governo signori del Governo e una Costituzione democratica e liberale , poiche applica la separazione dei poteri , secondo la migliore tradizione delle democrazie liberali dell \u2019 occidente ."}
{"sentidx":259551,"lemma":"costituzione","token":"Costituzione","start":7,"end":19,"sent":"Questa Costituzione per qualcuno sara pure filosovietica , ma relativamente ai poteri legislativi del Governo signori del Governo e una Costituzione democratica e liberale , poiche applica la separazione dei poteri , secondo la migliore tradizione delle democrazie liberali dell \u2019 occidente ."}
{"sentidx":29345,"lemma":"costituzione","token":"Costituzione","start":66,"end":78,"sent":"Per queste ragioni , riteniamo che sia opportuno che nella stessa Costituzione si renda esplicito il principio del controllo parlamentare sulla finanza pubblica ."}
{"sentidx":231667,"lemma":"costituzione","token":"Costituzione","start":64,"end":76,"sent":"A questo richiamava Giovanni Paolo II quando chiedeva che nella Costituzione fossero riconosciute le radici culturali dell \u2019 Europa etra esse le radici cristiane ."}
{"sentidx":29532,"lemma":"costituzione","token":"Costituzione","start":100,"end":112,"sent":"Era quello che aveva suggerito anche il professore Lupo ossia di non trattare tutto direttamente in Costituzione ma mediante leggi costituzionali ."}
{"sentidx":63349,"lemma":"costituzione","token":"Costituzione","start":51,"end":63,"sent":"Bisogna modificare addirittura , secondo loro , la Costituzione per consentire un controllo cogente dei conti della Regione siciliana ."}
{"sentidx":199278,"lemma":"costituzione","token":"Costituzione","start":61,"end":73,"sent":"Vi sono almeno nove livelli istituzionali riconosciuti dalla Costituzione peri quali lo Stato spende diversi milioni di euro ."}
{"sentidx":102491,"lemma":"costituzione","token":"Costituzione","start":30,"end":42,"sent":"La riforma del Titolo V della Costituzione ha riconosciuto alle regioni la potesta legislativa concorrente in materia ."}
{"sentidx":292381,"lemma":"costituzione","token":"Costituzione","start":41,"end":53,"sent":"Abbiamo concluso la lettura della nostra Costituzione una delle costituzioni piu belle del mondo ."}
{"sentidx":292381,"lemma":"costituzione","token":"costituzioni","start":64,"end":76,"sent":"Abbiamo concluso la lettura della nostra Costituzione una delle costituzioni piu belle del mondo ."}
{"sentidx":85458,"lemma":"costituzione","token":"Costituzione","start":3,"end":15,"sent":"La Costituzione americana dice che ciascuno deve essere libero di perseguire la propria felicita ."}
{"sentidx":302450,"lemma":"costituzione","token":"Costituzione","start":32,"end":44,"sent":"Create delle zone franche senza Costituzione create delle vere e proprie carceri degli innocenti ."}
{"sentidx":77797,"lemma":"costituzione","token":"Costituzione","start":21,"end":33,"sent":"E urgente attuare la Costituzione che stabilisce che l ordine ela sicurezza pubblica sono materie di competenza statale ela polizia amministrativa locale e di competenza regionale ."}
{"sentidx":149286,"lemma":"costituzione","token":"Costituzione","start":103,"end":115,"sent":"Il rilievo costituzionale della professione forense , unica professione espressamente menzionata nella Costituzione impone per essa l adozione di una disciplina specifica , pur nel quadro di quella generale prevista per la societa tra professionisti , da esaminare in sede parlamentare ."}
{"sentidx":177367,"lemma":"costituzione","token":"costituzione","start":27,"end":39,"sent":"Il progetto ha visto nella costituzione dei ventisette ATO ambito territoriale ottimale ) il fulcro del dissesto finanziario , condito da un fallimento totale nella costruzione dei quattro inceneritori ."}
{"sentidx":44401,"lemma":"costituzione","token":"Costituzione","start":62,"end":74,"sent":"Ricordo che il pareggio di bilancio sara inserito anche nella Costituzione e quindi diventera un principio di rango costituzionale ."}
{"sentidx":252088,"lemma":"costituzione","token":"Costituzione","start":87,"end":99,"sent":"Ecco perche noi voteremo stabilendo il principio del rispetto della democrazia , della Costituzione e della nostra coscienza ."}
{"sentidx":243145,"lemma":"costituzione","token":"Costituzione","start":70,"end":82,"sent":"Parleremo anche per le supreme istituzioni garanti del rispetto della Costituzione le quali sappiamo essere estremamente vigili rispetto a quello che accade nel Parlamento per il doveroso vaglio di costituzionalita che ad esse spetta ."}
{"sentidx":26126,"lemma":"costituzione","token":"Costituzione","start":111,"end":123,"sent":"E esattamente una rivoluzione copernicana dei precetti della legge Bassanini e dei principi del Titolo V della Costituzione in una logica capovolta tra le funzioni degli enti locali tese alla programmazione di politiche settoriali su questo tema ela gerarchia statale che vorrebbe compulsare anche queste attivita politiche e di programmazione ."}
{"sentidx":256570,"lemma":"costituzione","token":"Costituzione","start":76,"end":88,"sent":"Noi abbiamo specificato che questa norma viola almeno cinque precetti della Costituzione tutti estremamente seri , e nella nostra relazione e possibile trovare la spiegazione di questo aspetto ."}
{"sentidx":252053,"lemma":"costituzione","token":"Costituzione","start":3,"end":15,"sent":"La Costituzione non vuole privilegi ma solo prerogative che debbono essere esercitate con un rigoroso senso di controllo dei presupposti ."}
{"sentidx":278033,"lemma":"costituzione","token":"Costituzione","start":117,"end":129,"sent":"Ma questo articolo prevede che la rimozione possa essere disposta quando questi soggetti compiano atti contrari alla Costituzione oper gravi e persistenti violazioni di legge oper gravi motivi di ordine pubblico ."}
{"sentidx":82650,"lemma":"costituzione","token":"Costituzione","start":15,"end":27,"sent":"Per attuare la Costituzione si deve partire dalle funzioni delle autonomie locali ."}
{"sentidx":163159,"lemma":"costituzione","token":"Costituzione","start":20,"end":32,"sent":"Il riferimento alla Costituzione e forte ."}
{"sentidx":29295,"lemma":"costituzione","token":"Costituzione","start":133,"end":145,"sent":"L importanza del tema , questa riforma costituzionale che prevede l introduzione del principio del pareggio di bilancio nella nostra Costituzione lo richiede ."}
{"sentidx":160496,"lemma":"costituzione","token":"Costituzione","start":337,"end":349,"sent":"Non abbiamo avuto la presenza del Governo ela riteniamo una cosa molto grave , ma soprattutto abbiamo potuto osservare dalle note che sono pervenute dalla Commissione bilancio alcuni richiami importanti sulla costituzionalita della norma che riguarda quella sospensione , con l introduzione anche di alcuni riferimenti al rispetto della Costituzione che riteniamo per ora ancora naturalmente vigente , e quindi necessari e che sicuramente non erano stati trascurati ."}
{"sentidx":60647,"lemma":"costituzione","token":"Costituzione","start":82,"end":94,"sent":"Modificare questo articolo , cosi come proponete voi , significa aggiungere nella Costituzione chesi puo fare liberamente tutto quello che la legge non vieta espressamente ."}
{"sentidx":89833,"lemma":"costituzione","token":"Costituzione","start":48,"end":60,"sent":"Mi pare che l emendamento ponga un principio di Costituzione formale e materiale assolutamente chiaro ."}
{"sentidx":232766,"lemma":"costituzione","token":"Costituzione","start":110,"end":122,"sent":"Una terza riflessione ci impone di guardare alla Costituzione Oscar Luigi Scalfaro e stato un difensore della Costituzione ha difeso la Costituzione repubblicana nei suoi valori fondamentali e nelle forme storiche che questi hanno assunto all \u2019 interno della nostra vicenda ."}
{"sentidx":232766,"lemma":"costituzione","token":"Costituzione","start":136,"end":148,"sent":"Una terza riflessione ci impone di guardare alla Costituzione Oscar Luigi Scalfaro e stato un difensore della Costituzione ha difeso la Costituzione repubblicana nei suoi valori fondamentali e nelle forme storiche che questi hanno assunto all \u2019 interno della nostra vicenda ."}
{"sentidx":232766,"lemma":"costituzione","token":"Costituzione","start":49,"end":61,"sent":"Una terza riflessione ci impone di guardare alla Costituzione Oscar Luigi Scalfaro e stato un difensore della Costituzione ha difeso la Costituzione repubblicana nei suoi valori fondamentali e nelle forme storiche che questi hanno assunto all \u2019 interno della nostra vicenda ."}
{"sentidx":66299,"lemma":"costituzione","token":"Costituzione","start":119,"end":131,"sent":"Credo invece che vadano previste regole certe e che vada soprattutto rispettato quello che ela nostra Costituzione una Costituzione di accoglienza , di solidarieta ."}
{"sentidx":66299,"lemma":"costituzione","token":"Costituzione","start":102,"end":114,"sent":"Credo invece che vadano previste regole certe e che vada soprattutto rispettato quello che ela nostra Costituzione una Costituzione di accoglienza , di solidarieta ."}
{"sentidx":233385,"lemma":"costituzione","token":"costituzione","start":106,"end":118,"sent":"Per quanto riguarda la prima questione , la sostituzione della doppia imposizione vuole disincentivare la costituzione di nuove attivita in territorio maltese , contrariamente a quanto accadeva prima , quando era riconosciuto il credito di imposta anche per le imposte non effettivamente pagate ."}
{"sentidx":45541,"lemma":"costituzione","token":"Costituzione","start":31,"end":43,"sent":"Signor Presidente credo che la Costituzione italiana garantisca lo studio agli studenti italiani , non agli studenti calabresi , piemontesi o lombardi ."}
{"sentidx":238192,"lemma":"costituzione","token":"Costituzione","start":76,"end":88,"sent":"Con un Trattato di carattere internazionale si interviene per modificare la Costituzione la legge fondamentale , la prima nella gerarchia delle fonti ."}
{"sentidx":64213,"lemma":"costituzione","token":"Costituzione","start":196,"end":208,"sent":"Ad aggravare il contenzioso tra le autonomie speciali e il Governo sono stati gli attacchi recenti del Presidente del Consiglio Monti contro gli accordi internazionali che tutelano , insieme alla Costituzione la nostra autonomia speciale ."}
{"sentidx":141859,"lemma":"costituzione","token":"costituzione","start":127,"end":139,"sent":"Signor Presidente colleghi , il gruppo Italia dei Valori seguendo un proprio orientamento ormai consolidato , e contrario alla costituzione in giudizio della Camera dei deputati ."}
{"sentidx":187462,"lemma":"costituzione","token":"Costituzione","start":262,"end":274,"sent":"Non trascuriamo neanche la considerazione che , nella gerarchia delle fonti normative , le disposizioni comunitarie e quindi , le decisioni degli organismi giurisdizionali comunitari che le attuano hanno un rango privilegiato , che le colloca addirittura tra la Costituzione ela legge ordinaria ."}
{"sentidx":16878,"lemma":"costituzione","token":"Costituzione","start":118,"end":130,"sent":"Si tratta di un principio che pure l Italia repubblicana aveva conosciuto fin dalla sua nascita nella scrittura della Costituzione insieme le regole della convivenza democratica : le leggi elettorali , i Regolamenti parlamentari e le modifiche costituzionali ."}
{"sentidx":290094,"lemma":"costituzione","token":"Costituzione","start":90,"end":102,"sent":"E compito del Parlamento E compito del Parlamento e della sua sovranita , come prevede la Costituzione di questa Repubblica Credo che proprio per il carattere desolante che oggi rappresentiamo davanti a questo nodo istituzionale e politico di primaria grandezza dovrebbe esserci un soprassalto di responsabilita ."}
{"sentidx":22437,"lemma":"costituzione","token":"Costituzione","start":227,"end":239,"sent":"Signor Presidente l emendamento in esame serve a rettificare e correggere il testo legislativo del provvedimento in esame , che e in contrasto con le norme costituzionali e con la ripartizione della giurisdizione operata dalla Costituzione Non possiamo devolvere intere materie che possono avere un interesse pubblico al giudice amministrativo , quando non ce una connessione esclusiva tra diritti ed interessi legittimi ."}
{"sentidx":243739,"lemma":"costituzione","token":"Costituzione","start":77,"end":89,"sent":"Ma come fate a opporre ragionamenti che sono apertamente in contrasto con la Costituzione con tutti gli elementi relativi al processo penale , con le questioni che puntualmente vengono affrontate dalla giurisprudenza ?"}
{"sentidx":4543,"lemma":"costituzione","token":"costituzione","start":231,"end":243,"sent":"Mi chiedo allora se , al limite della correttezza istituzionale e della prassi in materia di costituzione delle Commissioni e coerente nominare un presidente quando ancora non e stata nominata la Commissione oggetto della medesima costituzione ."}
