{"sentidx":229584,"lemma":"destra","token":"destra","start":55,"end":61,"sent":"Signor Presidente penso che gli esponenti romani della destra non debbano perdere questa occasione per incassare un risultato bipartisan ."}
{"sentidx":53848,"lemma":"destra","token":"destra","start":77,"end":83,"sent":"Le divisioni sono divisioni normali tra progressisti etra conservatori , tra destra e sinistra ."}
{"sentidx":140301,"lemma":"destra","token":"destra","start":64,"end":70,"sent":"Mi auguro che ci sia una maggiore sensibilita soprattutto della destra nei confronti di questo emendamento ."}
{"sentidx":195309,"lemma":"destra","token":"destra","start":161,"end":167,"sent":"E un lavoro dettagliato che stiamo portando avanti da diversi mesi , nonostante le difficolta legate ai numerosi tentativi di strumentalizzazione da parte della destra ."}
{"sentidx":274019,"lemma":"destra","token":"destra","start":51,"end":57,"sent":"La discussione in atto e stata espulsa anche dalla destra internazionale ."}
{"sentidx":147738,"lemma":"destra","token":"destra","start":42,"end":48,"sent":"Abbiamo letto stamattina che la giunta di destra di Milano ha negato la cittadinanza onoraria a Roberto Saviano lo scrittore perseguitato dalla camorra ."}
{"sentidx":57313,"lemma":"destra","token":"destra","start":52,"end":58,"sent":"Voglio ricordare a questo Parlamento che proprio la destra italiana , che proprio la Lega che proprio Silvio Berlusconi che subito dopo la caduta della prima Repubblica propose come Ministro dell interno Antonio di Pietro cavalcarono in senso positivo quel moto di cambiamento che sali dalla societa italiana ."}
{"sentidx":6070,"lemma":"destra","token":"destra","start":45,"end":51,"sent":"Centralismo e statalismo sono sinonimo della destra e dei conservatori in molte parti del mondo ."}
{"sentidx":283796,"lemma":"destra","token":"destra","start":47,"end":53,"sent":"Fu un uomo di carattere , come molti uomini di destra , come dimostra anche l avvenimento che lo vide protagonista quando volle richiamare l attenzione delle giovani generazioni sulla storia dimenticata del confine orientale e della citta di Trieste durante l occupazione jugoslava ."}
{"sentidx":115153,"lemma":"destra","token":"destra","start":50,"end":56,"sent":"Signor Presidente guardi la seconda fila alla sua destra !"}
{"sentidx":265001,"lemma":"destra","token":"destra","start":119,"end":125,"sent":"Signor Presidente credo che sulla domanda di sicurezza proveniente dai cittadini italiani non ci si possa dividere tra destra , sinistra e centro ."}
{"sentidx":34579,"lemma":"destra","token":"destra","start":44,"end":50,"sent":"Presidente guardi daquella parte , alla sua destra !"}
{"sentidx":17253,"lemma":"destra","token":"destra","start":21,"end":27,"sent":"Non e un problema di destra , di sinistra odi centro perche non sfugge ad alcuno che l impostazione del testo normativo trova anche in autorevoli esponenti della sinistra delle matrici molto significative ."}
{"sentidx":13934,"lemma":"destra","token":"destra","start":130,"end":136,"sent":"Questo naturalmente e il contrario del federalismo e questo va esattamente al contrario di tutti gli interventi che da sinistra a destra ci sono stati stamattina per ricordarci come lo Stato deve essere solerte nel pagare ."}
{"sentidx":12372,"lemma":"destra","token":"destra","start":24,"end":30,"sent":"La legge proposta dalla destra e esattamente contraria a principi di buonsenso e prevede che il groppone non sia vincolante , che il medico abbia la parola finale anche contro la volonta dei familiari o del fiduciario , mentre obbliga i sanitari a somministrare idratazione e nutrizione artificiali sempre , senza valutazioni di merito ."}
{"sentidx":227071,"lemma":"destra","token":"destra","start":37,"end":43,"sent":"Questa e una richiesta che penso , a destra o a sinistra , tutti gli amministratori comunali che si comportano correttamente non potrebbero che condividere ."}
{"sentidx":103154,"lemma":"destra","token":"destra","start":87,"end":93,"sent":"Rispetto alla Grecia e evidente che il Governo greco , e soprattutto la maggioranza di destra greca che ha preceduto il Governo Papandreou ha commesso dei gravissimi errori ."}
{"sentidx":58502,"lemma":"destra","token":"destra","start":186,"end":192,"sent":"Noi volevamo essere coinvolti in un confronto credibile dal Governo e dalla maggioranza , nella costruzione di un progetto di innovazione e di cambiamento che non puo essere definito di destra odi sinistra ( abbiamo superato infatti da tempo una visione ideologica ) ."}
{"sentidx":185856,"lemma":"destra","token":"destra","start":19,"end":25,"sent":"D altra parte , la destra deve ancora dimostrare la sua credibilita sul versante del contenimento e della riduzione del debito pubblico ."}
{"sentidx":209562,"lemma":"destra","token":"destra","start":168,"end":174,"sent":"Il sindaco Alemanno ci ha fornito anche in questi giorni il suo pensiero sul fascismo e sull antifascismo , addirittura evocando una presunta resistenza da parte della destra ai tempi del fascismo ."}
{"sentidx":287165,"lemma":"destra","token":"destra","start":63,"end":69,"sent":"In ordine a tale questione ritengo che qualunque deputato , di destra odi sinistra , che siede in Aula debba riflettere in maniera approfondita , perche sta tradendo il mandato conferito dagli elettori , sta tradendo i principi cardine del nostro Stato democratico ."}
{"sentidx":15043,"lemma":"destra","token":"destra","start":275,"end":281,"sent":"Primo la piu grande maggioranza della storia della Repubblica neppure a meta della legislatura , si e ridotta allo spettacolo indecente della questua , del commercio di consensi parlamentari , cercando anche tra le file di chi e stato eletto da quanti volevano combattere la destra ."}
{"sentidx":195832,"lemma":"destra","token":"destra","start":92,"end":98,"sent":"Vorrei ricordarvi , colleghi del centrodestra e colleghi che di quella che un tempo era una destra , che un giorno , tornati liberi , i cittadini italiani sapranno valutare il disastro che state compiendo per la Repubblica Applausi dei deputati del gruppo Partito Democratico e Italia dei"}
{"sentidx":143043,"lemma":"destra","token":"destra","start":66,"end":72,"sent":"E stato giustamente detto che non esistono interessi nazionali di destra odi sinistra , ma solo interessi nazionali che si sanno difendere in maniera piu o meno efficace ."}
{"sentidx":37552,"lemma":"destra","token":"destra","start":18,"end":24,"sent":"Tocca ancora alla destra politica ripristinare nel nostro Paese anche il principio di autorita e il criterio della meritocrazia , garanzie di una societa piu giusta e piu sicura , che si fondano in una cultura della responsabilita ."}
{"sentidx":217574,"lemma":"destra","token":"destra","start":57,"end":63,"sent":"Considerato che e ormai pacifico , lo abbiamo sentito da destra e da sinistra , la linea scriminante e il umus persecutorio e non la persecuzione tout court , dobbiamo chiarire innanzitutto che il umus persecutorio e una situazione di maggior favore rispetto alla persecuzione vera e propria ."}
{"sentidx":42201,"lemma":"destra","token":"destra","start":7,"end":13,"sent":"Voi di destra , costretti ad approvare leggi a favore di criminali , voi di destra costretti a giustificare messaggi devastanti ."}
{"sentidx":42201,"lemma":"destra","token":"destra","start":76,"end":82,"sent":"Voi di destra , costretti ad approvare leggi a favore di criminali , voi di destra costretti a giustificare messaggi devastanti ."}
{"sentidx":110454,"lemma":"destra","token":"destra","start":38,"end":44,"sent":"Signor Presidente cari colleghi della destra , della sinistra e del centro , nei due anni di legislatura trascorsi come deputato eletto nel nord e centro America ho avuto l onore di partecipare ad un \u2019 Assemblea veramente democratica , che ha agito nel modo piu democratico cui abbia mai assistito nel mondo , sia quando e stata presieduta dal Presidente Fini sia quando e stata presieduta dagli altri Vicepresidenti Ieri durante la Presidenza Bindi ho assistito ad un \u2019 Assemblea meno democratica , considerato che a quaranta deputati presenti in Aula e stato negato il diritto di votare ."}
{"sentidx":287126,"lemma":"destra","token":"destra","start":94,"end":100,"sent":"Pertanto su questi punti chiave vi e una differenza di impostazione politica che distingue la destra dalla sinistra , in quanto quest \u2019 ultima e comunque attenta al valore della dignita dell \u2019 uomo e della persona ."}
{"sentidx":276274,"lemma":"destra","token":"destra","start":3,"end":9,"sent":"La destra politica , il centrodestra di questo Paese e rappresentato dalle riforme cui ho fatto cenno ."}
{"sentidx":297371,"lemma":"destra","token":"destra","start":42,"end":48,"sent":"Signor Presidente sono convinto che sia a destra sia a sinistra vi siano persone perbene ."}
{"sentidx":234560,"lemma":"destra","token":"destra","start":142,"end":148,"sent":"E un provvedimento che solleva la giusta reazione di tutto il sistema delle autonomie locali , dei sindaci della sinistra e dei sindaci della destra ."}
{"sentidx":218185,"lemma":"destra","token":"destra","start":274,"end":280,"sent":"E una deriva ginevrina chesta delegittimando l idea stessa di Europa politica , perche crea l impressione che i cittadini siano in balia di poteri incontrollati o incontrollabili e quindi , li spinge a rifugiarsi nel nazionalismo di destra odi sinistra , nel populismo , di destra odi sinistra ."}
{"sentidx":218185,"lemma":"destra","token":"destra","start":233,"end":239,"sent":"E una deriva ginevrina chesta delegittimando l idea stessa di Europa politica , perche crea l impressione che i cittadini siano in balia di poteri incontrollati o incontrollabili e quindi , li spinge a rifugiarsi nel nazionalismo di destra odi sinistra , nel populismo , di destra odi sinistra ."}
{"sentidx":160875,"lemma":"destra","token":"destra","start":49,"end":55,"sent":"La pubblica amministrazione non puo essere ne di destra ne di sinistra ."}
{"sentidx":214241,"lemma":"destra","token":"destra","start":47,"end":53,"sent":"Voglio vedere chi va contro la Costituzione da destra a sinistra !"}
{"sentidx":60268,"lemma":"destra","token":"destra","start":93,"end":99,"sent":"Nella risposta , invece , mi si dice di stare tranquillo , che la coalizione nazionalista di destra al Governo ha riportato la maggioranza qualificata dei seggi in Parlamento dopo le elezioni ."}
{"sentidx":261575,"lemma":"destra","token":"destra","start":133,"end":139,"sent":"Signor Presidente e ridicolo e imbarazzante tentare di non vedere la linea che in questo momento sta separando la Lega persino dalla destra ( Commenti dei deputati dei gruppi Popolo della Liberta e Lega Nord Padania Nonostante che l onorevole Aprea abbia tentato di persuadere l esponente della Lega ad essere meno nervosa , non sembra che ci sia riuscita ."}
{"sentidx":16689,"lemma":"destra","token":"destra","start":193,"end":199,"sent":"Signor Presidente onorevoli colleghi , la componente Movimento per l Autonomia del gruppo Misto ha tentato in tutti i modi di dare voce al sud anche in Europa mai grandi calderoni nazionali di destra e di sinistra non vogliono che il Movimento per l Autonomia lamia Calabria e tante regioni del sud possano avere la certezza di avere un proprio rappresentante ."}
{"sentidx":23550,"lemma":"destra","token":"destra","start":115,"end":121,"sent":"Ragioni politiche e regione numeriche fanno si che qualsiasi modifica deve passare attraverso l intesa fra noi ela destra , tra noi ed i nostri avversari ."}
{"sentidx":211747,"lemma":"destra","token":"destra","start":235,"end":241,"sent":"Signor Presidente onorevoli colleghi , in alcuni precedenti interventi ho sentito che il presente provvedimento , che ea sostegno dei lavoratori , e una cosa dovuta perche i lavoratori lo meritano a prescindere , perche non sono ne di destra ne di sinistra ."}
{"sentidx":164182,"lemma":"destra","token":"destra","start":90,"end":96,"sent":"Certamente le norme vengono poi interpretate quando non da decreti - legge del Governo di destra , dalle commissioni e poi dai TAR pero sono curioso di vedere come questa norma verra interpretata ."}
{"sentidx":54722,"lemma":"destra","token":"destra","start":174,"end":180,"sent":"Sono un pochino , francamente , sconcertato perche credo che questo dibattito non debba essere la proposizione delle nostre posizioni , del tifo da stadio , degli applausi a destra ea sinistra , credo che noi dobbiamo avvertire un pochino la sobrieta ela serieta di questo momento ."}
{"sentidx":141637,"lemma":"destra","token":"destra","start":51,"end":57,"sent":"Non e un caso che a sollevare il tema sia stata la destra legalitaria , repubblicana e costituzionale , che proprio sui temi della legalita ha consumato la grave e irreparabile rottura con l epopea mussoliniana Infatti la questione delle carceri e soprattutto un problema di legalita , vista la sproporzione vergognosa tra i mezzi di cui l amministrazione penitenziaria dispone ei fini che la Costituzione imporrebbe di perseguire : piu di quattro detenuti su dieci sono in attesa di giudizio e quindi tecnicamente e costituzionalmente innocenti ; la galera non e loro imposta dalla cultura giustizialista , superficiale e spesso classista , ma da una legislazione penale che consente un ricorso troppo largo alla custodia cautelare in carcere ."}
{"sentidx":154608,"lemma":"destra","token":"destra","start":145,"end":151,"sent":"Sono molto lieto del lavoro svolto in Commissione parlamentare , che e stata seguita giorno per giorno con la partecipazione dei parlamentari di destra , di centro e di sinistra ."}
{"sentidx":146413,"lemma":"destra","token":"destra","start":172,"end":178,"sent":"Ecco perche con questo provvedimento di oggi si vuole riportare l emergenza rifiuti in Campania perche si vuole continuare a tenere quel meccanismo , che era condiviso , a destra ea sinistra , in modo bipartisan , perche ci sono delle responsabilita politiche a monte ."}
{"sentidx":107294,"lemma":"destra","token":"destra","start":40,"end":46,"sent":"Questo none un problema che riguarda la destra , la sinistra , l America l Australia ma riguarda tutti , riguarda la rappresentanza dei cittadini italiani ."}
{"sentidx":132289,"lemma":"destra","token":"destra","start":28,"end":34,"sent":"Basta leggere i giornali di destra ."}
{"sentidx":12506,"lemma":"destra","token":"destra","start":21,"end":27,"sent":"La scuola non ene di destra ne di sinistra e un infrastruttura del sapere che va migliorata nella sua qualita e come accade in ogni Paese anche in Italia dovrebbe essere frutto di un confronto pacato e costruttivo fra maggioranza ed opposizione ."}
{"sentidx":44457,"lemma":"destra","token":"destra","start":115,"end":121,"sent":"Oggi non abbiamo i soldi per inseguire le proposte demagogiche dell \u2019 opposizione , che vorrebbe dare contributi a destra ea manca a qualunque categoria si trovi a manifestare in piazza , ma se vi e sempre una qualche ragione per dire che bisogna spendere ed investire su determinati settori e risorse , senza considerare che questi soldi non ci sono perche li usiamo per pagare i nostri creditori , nonche interessi pazzeschi a causa di una classe politica irresponsabile che ha per anni accumulato un debito mostruoso senza preoccuparsi di chi lo avrebbe mai pagato , non faremo mai un servizio per la nostra nazione ."}
{"sentidx":203426,"lemma":"destra","token":"destra","start":55,"end":61,"sent":"Noi non vogliamo l applauso ne della sinistra ne della destra , ma vogliamo richiamare la sinistra ela destra ad un atto di grande responsabilita ."}
{"sentidx":266509,"lemma":"destra","token":"destra","start":22,"end":28,"sent":"Quindi due Governi di destra ."}
{"sentidx":291196,"lemma":"destra","token":"destra","start":47,"end":53,"sent":"Allora prima di alzarsi ed impartire lezioni a destra ea manca , forse converrebbe informarsi meglio e soprattutto , riflettere un po \u2019 di piu ."}
{"sentidx":222535,"lemma":"destra","token":"destra","start":85,"end":91,"sent":"Si immagini se questo fosse stato concesso a qualche politico , qualcuno schierato a destra o a sinistra ."}
{"sentidx":299991,"lemma":"destra","token":"destra","start":243,"end":249,"sent":"Presidente della V Commissione Signor Presidente capisco le preoccupazioni del presentatore e anche quelle dell \u2019 onorevole Quartiani Dico soltanto che sono alcuni decenni che la Commissione bilancio presieduta e controllata , alternamente da destra e da sinistra , utilizza questa formula , e per una ragione precisa ."}
{"sentidx":275816,"lemma":"destra","token":"destra","start":334,"end":340,"sent":"Anche allora , infatti , ci chiedevamo se lo stesso impegno , la stessa determinazione ela stessa energica fermezza , dimostrate dal nostro Paese relativamente al caso di Cesare Battisti fossero state dispiegate in relazione alle decine di casi simili che hanno coinvolto latitanti di organizzazioni terroristiche eversive , tanto di destra quanto di sinistra , fuggiti all \u2019 estero per evitare di scontare la giusta pena nelle carceri italiane ."}
{"sentidx":222675,"lemma":"destra","token":"destra","start":152,"end":158,"sent":"Lei ha presentato un programma davvero riformista e liberale , un acuto osservatore da una sponda a noi avversa lo ha definito un programma di classica destra liberale a meta tra moderno conservatorismo europeo ela destra storica di Cavour e Minghetti E una necessita per l Italia Noi non le chiediamo di agire con misura , ma con equita , quindi riforme da subito e strutturali , non certo prelievi occasionali e misure tampone ."}
{"sentidx":171125,"lemma":"destra","token":"destra","start":120,"end":126,"sent":"Ancora una volta , il Ministro Tremonti nelle vesti consapevolmente o inconsapevolmente di boscaiolo ubriaco , taglia a destra ea manca , colpendo soltanto i piu deboli , quelli che , al contrario , possono dare al Paese un contributo serio ."}
{"sentidx":67122,"lemma":"destra","token":"destra","start":144,"end":150,"sent":"Non vorremmo neanche che questa , oltre una provocazione , fosse anche un modo per tentare di ridurre i danni di tale clamorosa sconfitta della destra ."}
{"sentidx":156626,"lemma":"destra","token":"destra","start":40,"end":46,"sent":"Allora io mi sento , da militante della destra italiana , oggi nel Popolo della Liberta ferita tanto quanto coloro che non hanno avuto giustizia ."}
{"sentidx":236193,"lemma":"destra","token":"destra","start":212,"end":218,"sent":"Oggi pero il Cile e rinato dal punto di vista democratico , economico , sociale e dopo aver avuto in Michelle Bachelet la prima donna Presidente dell America Latina sie permesso pure di eleggere un Presidente di destra ."}
{"sentidx":4896,"lemma":"destra","token":"destra","start":156,"end":162,"sent":"Ma forse , considerato che cominciate a mettere in discussione la prima parte della Costituzione in particolare sui temi del lavoro e dell impresa , per la destra i lavoratori non sono cittadini e tanti altri cittadini si vedranno colpiti , anche nelle loro tasche , con la riduzione dei servizi sociali e del welfare ."}
{"sentidx":195717,"lemma":"destra","token":"destra","start":14,"end":20,"sent":"Su di esso la destra si esercita in una irresponsabile galvanizzazione sentimentale delle masse , come direbbe Max Weber In questo anno poi si e deciso di utilizzare l esercito per le strade , di respingere in Libia dei disperati in fuga dalla fame e dalla persecuzione ."}
{"sentidx":211644,"lemma":"destra","token":"destra","start":138,"end":144,"sent":"Signor Presidente ringrazio anche il collega onorevole Damiano per l ultima frase che ha detto : i lavoratori in questione non sono ne di destra ne di sinistra ."}
{"sentidx":173816,"lemma":"destra","token":"destra","start":68,"end":74,"sent":"Signor Presidente non mi ha visto subito perche siedo all \u2019 estrema destra ; vorrei segnalare come la sanzione politica richiesta con grande capacita dal collega Contento per quanto riguarda l atteggiamento del Ministero degli interni per la questione Telecom non mi sembra sufficiente ."}
{"sentidx":221314,"lemma":"destra","token":"destra","start":270,"end":276,"sent":"Sono stata candidata nella circoscrizione Estero e sono stata eletta con il maggior numero di preferenze in Europa Gli elettori hanno fatto del PD il partito piu forte in Europa e hanno votato me per una serie di motivi , tra i quali la preoccupazione che un Governo di destra , con Berlusconi Capo del Governo potesse di nuovo fare un uso strettamente personale del suo potere politico ."}
{"sentidx":157342,"lemma":"destra","token":"destra","start":181,"end":187,"sent":"Infine onorevoli colleghi , censurare Internet e sbagliato censurare i giornali sarebbe ancora piu sbagliato , ma se noi invece di censurare li leggiamo , guardiamo dai giornali di destra a quelli sinistra le campagne di odio che si fanno , alla fine penso che chi e senza peccato scagli la prima pietra ."}
{"sentidx":31745,"lemma":"destra","token":"destra","start":132,"end":138,"sent":"Intendiamoci bene none la prima volta che un Governo di destra riduce l offerta pubblica di servizio , ma , vivaddio , i Governi di destra europei quando riducono l offerta di servizio pubblico riducono anche le tasse ."}
{"sentidx":31745,"lemma":"destra","token":"destra","start":56,"end":62,"sent":"Intendiamoci bene none la prima volta che un Governo di destra riduce l offerta pubblica di servizio , ma , vivaddio , i Governi di destra europei quando riducono l offerta di servizio pubblico riducono anche le tasse ."}
{"sentidx":57464,"lemma":"destra","token":"destra","start":232,"end":238,"sent":"Come e possibile che una persona sola e il suo sistema di interessi siano risultati cosi avvolgenti ed il suo sistema di potere cosi assoluto da travolgere convinzioni radicate , valori e modi profondi di essere di tante persone di destra , degne di stima ?"}
{"sentidx":267579,"lemma":"destra","token":"destra","start":360,"end":366,"sent":"La generalizzazione el \u2019 identificazione di una stagione politica come quella del sessantotto con i suoi attori e le sue attrici come un momento che ha determinato evidentemente una frattura di costumi in questo Paese tanto da sconvolgere il sistema scolastico italiano , credo che sia una dichiarazione che non possa essere condivisa neanche da un Governo di destra ."}
{"sentidx":277208,"lemma":"destra","token":"destra","start":269,"end":275,"sent":"Signor Presidente il gruppo di Futuro e Liberta per il Terzo Polo ricorda con commozione ed amicizia l onorevole Benito Paolone Direi che piu che un insegnamento la sua stessa vita e stata una pagina di passione e di entusiasmo della vita politica e della storia della destra del nostro Paese ed e stata una presenza attenta in Parlamento Non so cosa sia piu oggi la formazione politica , pero Benito Paolone ancor prima che in Parlamento quando eravamo ragazzini ancora con i calzoncini corti , era lui stesso un esempio , un momento di formazione politica , un parlamentare che stava tra la gente etra i ragazzi , anche in virtu della sua passione sportiva ."}
{"sentidx":223580,"lemma":"destra","token":"destra","start":213,"end":219,"sent":"Visto il dissenso del PdL e della Lega che sono uniti da una forte alleanza che non puo essere scavalcata e aggirata , il Governo tecnico semplicemente non esiste e non esiste nemmeno un altro Governo di centro - destra non presieduto da Berlusconi Applausi dei deputati dei gruppi Popolo della Liberta e Lega Nord Padania Del resto , il collega Reguzzoni ha ricordato poco fa i risultati del Senato che sono evidenti e chiari per tutti ."}
{"sentidx":97513,"lemma":"destra","token":"destra","start":134,"end":140,"sent":"Non puo essere il proprietario del giornale europeo a decidere chi e titolato a presentarsi in Italia chi e titolato a candidarsi , a destra ea sinistra ."}
{"sentidx":41939,"lemma":"destra","token":"destra","start":159,"end":165,"sent":"L Irisbus di Avellino e quei lavoratori li avete traditi , perche voi oggi , ex partito dei lavoratori , portate avanti le politiche keynesiane liberiste e di destra ."}
{"sentidx":81016,"lemma":"destra","token":"destra","start":62,"end":68,"sent":"Qui none in causa il sindaco Jervolino il comune di Napoli la destra , la sinistra : qui , onorevole Laboccetta e in gioco un principio che e quello dell \u2019 autonomia dell \u2019 ente locale e del ruolo del Parlamento Applausi di deputati dei gruppi Unione di Centro Partito Democratico e Italia dei Valori la necessita di evitare che la nostra istituzione diventi sostanzialmente una palestra all \u2019 interno della quale noi anticipiamo la propaganda politica legittima che ciascuno di noi fara in campagna elettorale ."}
{"sentidx":112273,"lemma":"destra","token":"destra","start":214,"end":220,"sent":"Peccato che il Governo Prodi con il Ministro Amato onorevole Minniti non ha mai spiegato un bel niente al Paese e al Parlamento e quindi a nessuno , quando adotto lo stesso provvedimento , e nessuno allora , ne da destra ne , tanto meno , da sinistra , si alzo a lanciare accuse strumentali e infondate : un comportamento schizofrenico , privo di buonsenso ed assolutamente ingiustificato ."}
{"sentidx":100030,"lemma":"destra","token":"destra","start":62,"end":68,"sent":"Ne ha bisogno il Paese La pubblica amministrazione non ene di destra ne di sinistra ."}
{"sentidx":283800,"lemma":"destra","token":"destra","start":460,"end":466,"sent":"Ma soprattutto vorrei ricordare Gastone Parigi come un uomo di destra , per la sua capacita di guardare al futuro : parti nelle file del Movimento Sociale poi Destra Nazionale ma aderi con entusiasmo ad Alleanza Nazionale per poi arrivare negli ultimi tempi al percorso piu importante , quello del grande partito del Popolo della Liberta Ed io amo ricordarlo soprattutto per il ruolo che ebbe come figura politica e come uomo nei confronti di molti giovani di destra , che in momenti difficili di questa storia italiana poterono guardare ad esempi come quello di Gastone Parigi per evitare di fare scelte sbagliate e per scegliere fino in fondo la democrazia ."}
{"sentidx":283800,"lemma":"destra","token":"destra","start":63,"end":69,"sent":"Ma soprattutto vorrei ricordare Gastone Parigi come un uomo di destra , per la sua capacita di guardare al futuro : parti nelle file del Movimento Sociale poi Destra Nazionale ma aderi con entusiasmo ad Alleanza Nazionale per poi arrivare negli ultimi tempi al percorso piu importante , quello del grande partito del Popolo della Liberta Ed io amo ricordarlo soprattutto per il ruolo che ebbe come figura politica e come uomo nei confronti di molti giovani di destra , che in momenti difficili di questa storia italiana poterono guardare ad esempi come quello di Gastone Parigi per evitare di fare scelte sbagliate e per scegliere fino in fondo la democrazia ."}
{"sentidx":223568,"lemma":"destra","token":"destra","start":1122,"end":1128,"sent":"Di fronte a tutto cio , diciamo ad alta voce : fortuna che esiste Berlusconi E anzi se Berlusconi non esistesse , dovremmo inventare Applausi dei deputati dei gruppi Popolo della Liberta e Lega Nord Padania Commenti dei deputati del gruppo Partito Democratico Quindi per ragioni intrinseche al centrodestra , perche e il leader che lo unisce e che ha un sostegno popolare che va al di la dei confini dei partiti , e per queste caratteristiche illiberali della sinistra , il ciclo di Berlusconi mi dispiace onorevole Bersani none affatto finito ( Applausi dei deputati dei gruppi Popolo della Liberta Lega Nord Padania e Misto Noi Sud Liberta e Autonomia I Popolari di Italia Domani Di conseguenza , onorevole Fini oggi chi rompe il centrodestra commette un gravissimo errore politico , non solo perche entra in contraddizione con il voto popolare che lo ha eletto , ma anche perche rischia di rimettere in gioco questa sinistra , che ela peggiore sinistra esistente in Europa Applausi dei deputati dei gruppi Popolo della Liberta e Lega Nord Padania Commenti dei deputati del gruppo Partito Democratico L attuale centro - destra mette in campo un vasto blocco politico , culturale e sociale pluralista e interclassista ."}
{"sentidx":144170,"lemma":"destra","token":"destra","start":305,"end":311,"sent":"Signor Presidente signor sottosegretario , onorevoli colleghi , a otto mesi dall inizio della XVI legislatura l agricoltura torna ad essere al centro del dibattito parlamentare , perche e un comparto socioeconomico in grande difficolta ed anche per le promesse spese in campagna elettorale da parte della destra ( risolveremo i problemi dell \u2019 agricoltura : questo era il proclama ) ."}
{"sentidx":150181,"lemma":"destra","token":"destra","start":29,"end":35,"sent":"E stato l espressione di una destra che non si e mai sentita ne superata dalla storia ne estranea alla ricostruzione ."}
{"sentidx":18859,"lemma":"destra","token":"destra","start":157,"end":163,"sent":"Pino Rauti che a noi fu enormemente caro , seppe indicare nei momenti terribili del terrorismo dilagante e degli opposti estremismi , una fase diversa della destra capace di dialogare anche oltre gli steccati , andando oltre appunto , cercando di superare quel clima di contrapposizione ideologica che aveva separato le generazioni , nel nome di un comune sentire che era quello di una dedizione alla politica ed alla comunita nazionale ."}
{"sentidx":271070,"lemma":"destra","token":"destra","start":306,"end":312,"sent":"Credo che cio dovrebbe porre un problema alla Presidenza L onorevole Baldelli ha giustamente posto un problema di dignita e di coscienza , io vorrei sapere se tutti coloro che ieri hanno votato con il dito in un determinato modo hanno votato cosi perche lo volevano o perche erano controllati dal vicino a destra , dal vicino a sinistra e da un altro ."}
{"sentidx":127067,"lemma":"destra","token":"destra","start":747,"end":753,"sent":"Signor Presidente signor Ministro nel pomeriggio di sabato 24 maggio vi e stato un raid di teppisti che , a volto coperto , hanno distrutto una serie di negozi e di attivita commerciali nel quartiere Pigneto a Roma Nonostante l immediata condanna del sindaco Alemanno ela sua successiva visita , si e assistito ad un \u2019 orchestrata campagna di stampa e politica per dipingere questo episodio come elemento di xenofobia alimentato dalle scelte del Governo e dalla vittoria appena consumata da parte del suddetto Alemanno alle elezioni comunali di Roma Tale campagna si e arricchita di fantasiose ricostruzioni : le persone avrebbero esposto sopra i propri fazzoletti svastiche e altri oggetti riconducibili ad una parte politica o all estremismo di destra in genere ."}
{"sentidx":18824,"lemma":"destra","token":"destra","start":422,"end":428,"sent":"Ha scritto qualcuno giustamente che il autismo fu essenzialmente uno scaffale : libri , riviste , fanzine , cataloghi infiniti di saggi e romanzi che le edizioni Europa mettevano in circolazione mese dopo mese , una specie di Feltrinelli underground , senza la quale nessuno di noi , ragazzi di via degli Scipioni avrebbe potuto sperimentare l eresia di andare oltre le colonne d Ercole del luogo comune che inchiodava la destra al nostalgismo e alle suggestioni totalitarie ."}
{"sentidx":262180,"lemma":"destra","token":"destra","start":98,"end":104,"sent":"Pensiamo anche che la sicurezza non puo essere l ossessione degli immigrati , come invece e perla destra , per voi che governate ."}
{"sentidx":199062,"lemma":"destra","token":"destra","start":234,"end":240,"sent":"Durante la campagna elettorale era facile dire quello che si promette a tutti , ma , poi , arriviamo agli atti concreti e non riusciamo a portare in fondo nessuna riforma strutturale in questo Paese Facciamo manovre in cui tagliamo a destra ea manca per vedere di superare il momento , ma quando bisogna prendere decisioni importanti e riorganizzare lo Stato sono trentatre anni che non facciamo una riforma in questo Paese troviamo ognuno che per la propria bottega cerca sempre di portare avanti i propri interessi e mai quelli della comunita ."}
{"sentidx":18837,"lemma":"destra","token":"destra","start":233,"end":239,"sent":"Pino Rauti e stato un grande uomo , un parlamentare rigoroso , un bravo studioso , uno scrittore , un giornalista , un intellettuale raffinato , ma voglio ricordarlo in quest \u2019 Aula principalmente per essere stato l innovatore della destra in Italia Puo sembrare paradossale che proprio lui , che aveva combattuto nella Repubblica Sociale Italiana fosse stato un moralizzatore eppure e stato proprio cosi ."}
{"sentidx":174191,"lemma":"destra","token":"destra","start":141,"end":147,"sent":"Basterebbe cogliere le preoccupanti riflessioni del professore Salvatore Settis per rendersi conto che dopo appena sei mesi di Governo della destra potremmo affermare che il \u00ab commissariamento Tremonti anche del Ministero peri beni e le attivita culturali rischia di trasformarsi in una sorta di liquidazione di uno dei settori caratterizzanti l identita nazionale , nonche uno dei motori della nostra economia ."}
{"sentidx":14917,"lemma":"destra","token":"destra","start":169,"end":175,"sent":"Ho quasi finito Signor Presidente non andremo a sinistra , perche e una strada senza uscita , condizionata com \u2019 e dal giustizialismo e dall antagonismo ; non andremo a destra , perche e una strada bloccata da Bossi e dal leghismo ."}
{"sentidx":200954,"lemma":"destra","token":"destra","start":51,"end":57,"sent":"Questo per dirvi che lo stesso discorso vale sia a destra che a sinistra : non e possibile piu tollerare situazioni del genere ."}
{"sentidx":127624,"lemma":"destra","token":"destra","start":44,"end":50,"sent":"In un Europa in cui sono ventuno i Paesi di destra , ma sono pochi quelli di centrodestra a dominare in Consiglio dei ministri , in cui il Partito Popolare Europeo che ormai poco di popolare ha rispetto alla tradizione federalista del Partito Popolare e maggioranza in Parlamento e evidente quindi che ce anche una responsabilita delle forze politiche maggioritarie se oggi l Europa si dimostra incapace di reagire con forza di fronte alla crisi ."}
{"sentidx":147516,"lemma":"destra","token":"destra","start":267,"end":273,"sent":"Signor Presidente intervengo anch io su questo provvedimento , che tratta una materia sensibile per il nostro Paese per l opinione pubblica e perle grandi aspettative che questo Governo ha anche acceso nell \u2019 elettorato , che ha scelto di votare per la coalizione di destra , anche per le promesse di maggior sicurezza effettuate in campagna elettorale ."}
{"sentidx":214802,"lemma":"destra","token":"destra","start":60,"end":66,"sent":"Signor Presidente onorevoli colleghi , non e un problema di destra odi sinistra , perche la responsabilita e trasversale all \u2019 interno di questo Parlamento Commenti dei deputati dei gruppo Popolo della Liberta perche , quando si legifera e si vota mettendo dei limiti , imposti dall \u2019 uomo a sostanze che in natura potrebbero distruggere la vita umana , significa che vi e una responsabilita che va ben oltre la responsabilita politica , ma e anche una responsabilita morale ed etica ."}
{"sentidx":277805,"lemma":"destra","token":"destra","start":148,"end":154,"sent":"Un esame approfondito quindi della situazione generale , associato ad una revisione delle politiche ambientali messe in atto fin qui dal Governo di destra sono assolutamente indifferibili ."}
{"sentidx":58528,"lemma":"destra","token":"destra","start":37,"end":43,"sent":"Non sappiamo se era un estremista di destra , un islamista non abbiamo ancora idea ."}
{"sentidx":15174,"lemma":"destra","token":"destra","start":324,"end":330,"sent":"Si e trattato , a mio avviso , di scelte coraggiose , con fusioni di tradizioni , storie e sensibilita diverse , ma destinate a evoluzioni ea percorsi organizzativi anche sperimentali proiettati verso sintesi innovative tra , a voler usare due categorie note e sesi vuole per alcuni aspetti antiche o forse anche superate , destra e sinistra all \u2019 interno dei vari schieramenti , sia per quanto riguarda l elaborazione di una cultura politica che sia premessa all \u2019 azione di Governo sia per quanto riguarda il rapporto attivo con il territorio ."}
