{"sentidx":214014,"lemma":"diritto","token":"diritti","start":40,"end":47,"sent":"Il problema ela commercializzazione dei diritti audiovisivi sportivi ."}
{"sentidx":95736,"lemma":"diritto","token":"diritti","start":119,"end":126,"sent":"Tuttavia il presupposto per sviluppare questo ragionamento e riconoscere la dimensione intergenerazionale applicata ai diritti ."}
{"sentidx":206144,"lemma":"diritto","token":"diritti","start":52,"end":59,"sent":"E difficile sicuramente tutelare e contemperare dei diritti concorrenti ."}
{"sentidx":12886,"lemma":"diritto","token":"diritti","start":79,"end":86,"sent":"Si tratta di una limitazione assolutamente incomprensibile e inaccettabile dei diritti dei lavoratori ."}
{"sentidx":197440,"lemma":"diritto","token":"diritti","start":80,"end":87,"sent":"Quest anno cade il sessantesimo anniversario della Dichiarazione universale dei diritti umani ."}
{"sentidx":159823,"lemma":"diritto","token":"diritti","start":88,"end":95,"sent":"Anche la nostra Costituzione pero richiama questo principio di uguaglianza evidenziando diritti e doveri dei genitori senza discriminazioni ."}
{"sentidx":280219,"lemma":"diritto","token":"diritti","start":67,"end":74,"sent":"Poiche questa violazione in genere favorisce interessi legittimi o diritti soggettivi , difficilmente viene attivato il giudizio incidentale presso la Corte costituzionale ."}
{"sentidx":169935,"lemma":"diritto","token":"diritto","start":96,"end":103,"sent":"Infatti i liberi professionisti sono iscritti obbligatoriamente ad associazioni o fondazioni di diritto privato che percepiscono contributi , appunto obbligatori , ai fini assistenziali e previdenziali ."}
{"sentidx":299398,"lemma":"diritto","token":"diritto","start":81,"end":88,"sent":"Noi vorremmo sostanzialmente che ad entrambe queste categorie fosse garantito il diritto alla libera espressione della propria sessualita ."}
{"sentidx":207197,"lemma":"diritto","token":"diritto","start":127,"end":134,"sent":"Signor Presidente credo che la richiesta del presidente Franceschini debba essere accolta con soddisfazione perche riguarda il diritto all \u2019 informazione ."}
{"sentidx":212743,"lemma":"diritto","token":"diritto","start":26,"end":33,"sent":"Parliamo della tutela del diritto costituzionalmente garantito e posto a repentaglio dalla riforma scolastica con disposizioni al limite della legalita ."}
{"sentidx":164685,"lemma":"diritto","token":"diritto","start":3,"end":10,"sent":"Il diritto soggettivo e necessario anche per alcune minoranze linguistiche ."}
{"sentidx":159874,"lemma":"diritto","token":"diritti","start":130,"end":137,"sent":"Quindi questo Parlamento dimostra una particolare sensibilita ed una particolare inclinazione alla tutela e alla salvaguardia dei diritti dei minori ."}
{"sentidx":283379,"lemma":"diritto","token":"diritto","start":39,"end":46,"sent":"Sotto questo profilo sentir parlare di diritto individuale mi sembra , alla luce della nostra Costituzione assolutamente inappropriato ."}
{"sentidx":302964,"lemma":"diritto","token":"diritti","start":118,"end":125,"sent":"Il giudizio di equita non puo trovare molto spazio nella materia dei rapporti individuali di lavoro caratterizzati da diritti indisponibili o costituzionalmente garantiti ."}
{"sentidx":295840,"lemma":"diritto","token":"diritti","start":67,"end":74,"sent":"Intervengo in qualita di responsabile del Partito Democratico peri diritti delle persone con disabilita ."}
{"sentidx":198658,"lemma":"diritto","token":"diritto","start":169,"end":176,"sent":"Pertanto qualsiasi violazione da parte degli amministratori delle norme di buona amministrazione doveva essere fatta valere dinanzi al giudice ordinario nelle forme del diritto privato ."}
{"sentidx":239159,"lemma":"diritto","token":"diritti","start":142,"end":149,"sent":"D Signor Presidente onorevole rappresentante del Governo inizio il mio intervento sottolineando che il provvedimento in esame non considera i diritti morali e patrimoniali degli italiani rimpatriati ."}
{"sentidx":62042,"lemma":"diritto","token":"Diritti","start":132,"end":139,"sent":"I cittadini italiani capiranno che si comincia finalmente ad intervenire seriamente sui costi ingiustificati della politica ( Misto Diritti e"}
{"sentidx":178800,"lemma":"diritto","token":"diritto","start":28,"end":35,"sent":"Signor Presidente esiste un diritto dei cittadini italiani completamente e continuamente violato : quello di essere informati ."}
{"sentidx":287359,"lemma":"diritto","token":"diritti","start":65,"end":72,"sent":"I delitti che hanno colpito personalita impegnate sul fronte dei diritti civili destano enorme preoccupazione ."}
{"sentidx":218267,"lemma":"diritto","token":"diritto","start":140,"end":147,"sent":"Il provvedimento in esame garantisce la restituzione delle opere indipendentemente dalla natura e dallo stato di eventuali controversie sul diritto di proprieta ."}
{"sentidx":282803,"lemma":"diritto","token":"diritti","start":2,"end":9,"sent":"I diritti delle donne costituiscono parte integrante e inalienabile di quel patrimonio giuridico universale sul quale si fondano le moderne societa democratiche ."}
{"sentidx":132692,"lemma":"diritto","token":"diritto","start":64,"end":71,"sent":"La salvaguardia della salute umana e definita come fondamentale diritto dell \u2019 individuo ."}
{"sentidx":174940,"lemma":"diritto","token":"diritto","start":34,"end":41,"sent":"Signor Presidente la certezza del diritto in economia e fondamentale per il libero svolgimento delle attivita commerciali e contrattuali ."}
{"sentidx":60128,"lemma":"diritto","token":"diritti","start":78,"end":85,"sent":"Queste disposizioni vedevano disapplicate le norme civilistiche in materia di diritti dei lavoratori in caso di trasferimento di azienda ."}
{"sentidx":86090,"lemma":"diritto","token":"diritto","start":58,"end":65,"sent":"Due interi titoli sono infine dedicati al recepimento del diritto comunitario ed al necessario sviluppo della rete delle infrastrutture , affrontando anche l annoso problema del ritardo dei pagamenti della pubblica amministrazione ."}
{"sentidx":25361,"lemma":"diritto","token":"diritto","start":183,"end":190,"sent":"Signor Presidente non sono in grado ovviamente di rispondere ad alcune pregevoli obiezioni formulate da parlamentari come l onorevole Colombo mentre su quelle relative ai richiami al diritto credo sia indispensabile qualche precisazione ."}
{"sentidx":131963,"lemma":"diritto","token":"diritto","start":70,"end":77,"sent":"Preliminarmente rilevo che il Trattato e un trattato multilaterale di diritto internazionale , sottoscritto soltanto da alcuni degli Stati membri dell \u2019 Unione europea ."}
{"sentidx":13981,"lemma":"diritto","token":"diritto","start":190,"end":197,"sent":"Infatti in Commissione giustizia , stiamo discutendo di una riforma complessiva della responsabilita civile dei magistrati , che non riguarda solo il problema della manifesta violazione del diritto comunitario ."}
{"sentidx":219485,"lemma":"diritto","token":"diritti","start":141,"end":148,"sent":"Appare cosi evidente e cosi doveroso alle nostre coscienze democratiche intervenire per porre termine auna violazione cosi intollerabile dei diritti dell \u2019 uomo , auna violenza cosi indiscriminata nei confronti dei propri cittadini ."}
{"sentidx":3595,"lemma":"diritto","token":"diritti","start":34,"end":41,"sent":"Signor Presidente credo che tra i diritti inalienabili , garantiti dalla Costituzione vi siano anche le farneticazioni dei singoli parlamentari ."}
{"sentidx":140987,"lemma":"diritto","token":"diritto","start":92,"end":99,"sent":"Signor Presidente vorrei far rilevare che queste interessantissime e notissime questioni di diritto internazionale andrebbero trattate a fine seduta , anche se ormai abbiamo risolto il problema ."}
{"sentidx":24917,"lemma":"diritto","token":"diritti","start":210,"end":217,"sent":"L Unione europea guarda con molto interesse al rafforzamento della collaborazione con Giacarta con cui intende stabilire una partnership strategica volta a promuovere la stabilita politica ela salvaguardia dei diritti umani nella regione e ad affrontare congiuntamente le grandi sfide globali ."}
{"sentidx":179106,"lemma":"diritto","token":"diritti","start":51,"end":58,"sent":"Signor Presidente anche la Convenzione europea dei diritti dell \u2019 uomo ela convenzione di Ginevra vengono violate attraverso questo accordo di amicizia ."}
{"sentidx":52489,"lemma":"diritto","token":"diritto","start":3,"end":10,"sent":"Il diritto alla salute costituzionalmente tutelato e un bene primario non negoziabile all \u2019 interno delle politiche di garanzia degli interessi primari ."}
{"sentidx":201116,"lemma":"diritto","token":"diritto","start":184,"end":191,"sent":"Signor Presidente colleghi , sottosegretario Menia con questo emendamento vogliamo dare un contributo costruttivo per migliorare il provvedimento in discussione sul tema rilevante del diritto all \u2019 istruzione per i bambini e peri ragazzi colpiti dal terremoto ."}
{"sentidx":1369,"lemma":"diritto","token":"diritto","start":3,"end":10,"sent":"Il diritto comunitario si applica ai cittadini italiani in Italia solo quando essi esercitano o hanno esercitato una delle liberta fondamentali previste dal Trattato comunitario ."}
{"sentidx":94080,"lemma":"diritto","token":"diritti","start":107,"end":114,"sent":"Infatti in Azerbaigian si registrano ancora gravi problemi per quanto riguarda soprattutto il rispetto dei diritti umani ."}
{"sentidx":102729,"lemma":"diritto","token":"diritti","start":186,"end":193,"sent":"Signor Presidente onorevoli colleghi , questo provvedimento , giunto ormai alla settima lettura parlamentare , conferma la volonta del Governo di operare una progressiva diminuzione dei diritti dei lavoratori ."}
{"sentidx":240126,"lemma":"diritto","token":"diritti","start":191,"end":198,"sent":"Il nostro Paese ha sviluppato nel tempo una crescente assunzione di responsabilita per promuovere misure sempre piu significative e puntuali per il raggiungimento della piena uguaglianza dei diritti delle persone diversamente abili alle condizioni di tutti gli altri cittadini ."}
{"sentidx":88265,"lemma":"diritto","token":"diritti","start":240,"end":247,"sent":"Particolare attenzione e riservata alla tematica ambientale e alla necessita di adottare interventi volti a limitare o ridurre l impatto ambientale del traffico aereo internazionale , nonche alla dimensione sociale relativa alla tutela dei diritti dei dipendenti delle compagnie aeree ."}
{"sentidx":61187,"lemma":"diritto","token":"diritto","start":126,"end":133,"sent":"Quindi gli esiti di questa fantasmagorica interpretazione autentica sono stati disastrosi dal punto di vista della tutela del diritto dei lavoratori ."}
{"sentidx":96443,"lemma":"diritto","token":"diritto","start":44,"end":51,"sent":"Ormai questo Parlamento ha perso il proprio diritto di iniziativa legislativa ."}
{"sentidx":276862,"lemma":"diritto","token":"diritto","start":116,"end":123,"sent":"D altro canto , nelle commissioni di sicurezza enei comitati provinciali il procuratore della Repubblica integra di diritto il comitato provinciale della sicurezza ."}
{"sentidx":93618,"lemma":"diritto","token":"diritto","start":230,"end":237,"sent":"Signor Presidente questo Accordo e stato opportunamente promosso e concluso dalla Commissione europea a seguito della sentenza della Corte di giustizia dell \u2019 Unione europea che aveva giudicato alcune clausole in contrasto con il diritto comunitario ."}
{"sentidx":242443,"lemma":"diritto","token":"diritto","start":208,"end":215,"sent":"La delicata situazione da me sottoposta chiama in causa uno degli obiettivi centrali del dicastero che lei rappresenta nonche il dettato costituzionale che riconosce la tutela della salute quale fondamentale diritto dell \u2019 individuo e interesse della collettivita ."}
{"sentidx":31929,"lemma":"diritto","token":"diritto","start":42,"end":49,"sent":"Vede Ministro il diritto allo studio e un diritto costituzionale delle persone singolarmente prese ."}
{"sentidx":31929,"lemma":"diritto","token":"diritto","start":17,"end":24,"sent":"Vede Ministro il diritto allo studio e un diritto costituzionale delle persone singolarmente prese ."}
{"sentidx":151570,"lemma":"diritto","token":"diritti","start":176,"end":183,"sent":"In sostanza la Commissione europea teme che l autotassazione essendo priva di contenuto sostanziale e non fornendo una adeguata informazione , possa essere pregiudizievole dei diritti dei lavoratori ."}
{"sentidx":98837,"lemma":"diritto","token":"diritto","start":192,"end":199,"sent":"Devo dire chela riforma universitaria appena approvata e anche i provvedimenti legati alla razionalizzazione in ambito scuola sono volti ad affermare finalmente politiche attive e concrete di diritto allo studio ."}
{"sentidx":47529,"lemma":"diritto","token":"diritto","start":174,"end":181,"sent":"Questa forma abbastanza subdola di revisionismo costituzionale non incoraggia il confronto , che pure viene sollecitato anche da tante autorevoli fonti , ne lascia spazio al diritto fondamentale dei parlamentari italiani ."}
{"sentidx":75549,"lemma":"diritto","token":"diritto","start":199,"end":206,"sent":"Signor Presidente abbiamo presentato questo ordine del giorno perche il Governo con questo intervento legislativo , ha soppresso una norma introdotta dal Governo precedente che serviva a tutelare il diritto di proprieta intellettuale ."}
{"sentidx":296652,"lemma":"diritto","token":"diritto","start":26,"end":33,"sent":"Insomma una Caporetto del diritto parlamentare ed un ulteriore invito alla giurisprudenza a tenere il luogo della legislazione ."}
{"sentidx":180599,"lemma":"diritto","token":"diritto","start":108,"end":115,"sent":"Diversamente credo che invece si vada esclusivamente nella direzione di escludere e bloccare sul nascere il diritto di partecipazione ."}
{"sentidx":162286,"lemma":"diritto","token":"diritto","start":48,"end":55,"sent":"Sarebbe stato piu in linea con l evoluzione del diritto dell \u2019 Unione europea contemporaneo attivare una cooperazione rafforzata utilizzando il quadro giuridico predisposto dal Trattato di Amsterdam e riformato dal Trattato di Nizza perle materie del cosiddetto terzo pilastro ."}
{"sentidx":268467,"lemma":"diritto","token":"diritto","start":81,"end":88,"sent":"Penso che i parlamentari comprendano benissimo che cosa significhi esercizio del diritto di sciopero ( Applausi di deputati del gruppo Partito"}
{"sentidx":143691,"lemma":"diritto","token":"diritto","start":96,"end":103,"sent":"Relatore Inoltre su un piano piu sostanziale il Protocollo costituisce un importante apporto al diritto umanitario in quanto e finalizzato alla protezione delle popolazioni civili coinvolte nei conflitti armati e in particolare , alla riduzione delle vittime nella fase di ricostruzione successiva ai conflitti ."}
{"sentidx":300303,"lemma":"diritto","token":"diritti","start":164,"end":171,"sent":"Per questi motivi i deputati delle minoranze linguistiche voteranno contro la questione di fiducia posta dal Governo contestando un \u2019 altra volta la sottrazione di diritti fondamentali di ogni deputato che il ricorso sistematico alla fiducia rappresenta ( Applausi dei deputati dei gruppi Misto Minoranze linguistiche e Partito"}
{"sentidx":242436,"lemma":"diritto","token":"diritto","start":132,"end":139,"sent":"Voglio semplicemente rivolgere un appello a lei e all Ufficio di Presidenza della Camera dei deputati per tutelare adeguatamente il diritto di iniziativa legislativa dei parlamentari ."}
{"sentidx":240125,"lemma":"diritto","token":"diritti","start":151,"end":158,"sent":"Signor Presidente rappresentanti del Governo colleghi , oggi possiamo esprimere e ribadire con forza il nostro impegno per il pieno riconoscimento dei diritti alle persone diversamente abili ."}
{"sentidx":52469,"lemma":"diritto","token":"diritto","start":317,"end":324,"sent":"Signor Presidente l ordine del giornodi cui sono firmatario parte dalla preoccupazione per il ridimensionamento della rete scolastica previsto dal provvedimento in esame e mira a garantire l accesso all \u2019 istruzione in un settore molto delicato , quello degli istituti penitenziari , realizzando cosi il fondamentale diritto costituzionale alla pari dignita formativa per questi cittadini detenuti ."}
{"sentidx":44113,"lemma":"diritto","token":"diritti","start":253,"end":260,"sent":"Signor Presidente onorevoli colleghi , dichiaro la mia soddisfazione personale e quella del nostro gruppo rispetto ad una risposta che denota la tradizionale sensibilita sia del sottosegretario Mantovano sia del Governo circa la tenuta fondamentale dei diritti politici dei cittadini nel nostro Paese ne poteva essere diversamente ."}
{"sentidx":157869,"lemma":"diritto","token":"diritti","start":369,"end":376,"sent":"La Convenzione sui diritti delle persone con disabilita rappresenta un importante risultato raggiunto dalla comunita internazionale , in quanto sino ad oggi non esisteva in materia di disabilita uno strumento internazionale vincolante per gli Stati La finalita di questo documento e riaffermare e garantire ai cittadini diversamente abili il pieno godimento di tutti i diritti riconosciuti ai cittadini normodotati ."}
{"sentidx":157869,"lemma":"diritto","token":"diritti","start":19,"end":26,"sent":"La Convenzione sui diritti delle persone con disabilita rappresenta un importante risultato raggiunto dalla comunita internazionale , in quanto sino ad oggi non esisteva in materia di disabilita uno strumento internazionale vincolante per gli Stati La finalita di questo documento e riaffermare e garantire ai cittadini diversamente abili il pieno godimento di tutti i diritti riconosciuti ai cittadini normodotati ."}
{"sentidx":164643,"lemma":"diritto","token":"diritto","start":20,"end":27,"sent":"Ripristinare questo diritto soggettivo e il primo passo che si puo compiere per impedire la chiusura di moltissime testate giornalistiche cartacee ."}
{"sentidx":108544,"lemma":"diritto","token":"diritti","start":21,"end":28,"sent":"La Corte europea dei diritti dell \u2019 uomo ha rilevato che l incompatibilita relativa ai membri dell \u2019 Ufficio di Presidenza discende dalla coincidenza tra soggetti titolari di poteri normativi e amministrativi interni e titolari di funzioni giurisdizionali ."}
{"sentidx":292285,"lemma":"diritto","token":"diritto","start":55,"end":62,"sent":"Le confessioni religiose diverse dalla cattolica hanno diritto di organizzarsi secondo i propri statuti , in quanto non contrastino con l ordinamento giuridico italiano ."}
{"sentidx":228801,"lemma":"diritto","token":"diritto","start":40,"end":47,"sent":"Vogliamo dire che queste famiglie hanno diritto al riconoscimento di un alleggerimento del tempo della pensione ?"}
{"sentidx":6407,"lemma":"diritto","token":"diritto","start":29,"end":36,"sent":"Sara approvata una legge sul diritto di riunione e di associazione nelle manifestazioni pubbliche ."}
{"sentidx":202482,"lemma":"diritto","token":"diritti","start":98,"end":105,"sent":"Non possiamo bypassare un regime ad alto tasso di deficit democratico oche mette in discussione i diritti umani fondamentali soltanto perche vi sono interessi commerciali prevalenti ."}
{"sentidx":106085,"lemma":"diritto","token":"diritto","start":90,"end":97,"sent":"Chiedo soprattutto uno sforzo per far si che questo provvedimento garantisca davvero quel diritto alle cure palliative ."}
{"sentidx":17212,"lemma":"diritto","token":"diritto","start":133,"end":140,"sent":"Infatti affinche una sentenza venga riformata , soprattutto in grado di legittimita della Cassazione deve esserci una violazione del diritto ."}
{"sentidx":226671,"lemma":"diritto","token":"diritti","start":46,"end":53,"sent":"Occorre far pesare il rispetto ela tutela dei diritti umani nella costruzione delle relazioni economiche e commerciali ."}
{"sentidx":14036,"lemma":"diritto","token":"diritto","start":162,"end":169,"sent":"Non vi nascondete dietro la sentenza Tirrenia stiamo parlando di responsabilita civile dei magistrati con riferimento alla quale la legge italiana e contraria al diritto comunitario ."}
{"sentidx":145641,"lemma":"diritto","token":"diritti","start":142,"end":149,"sent":"Vorrei ricordare inoltre che la differenza linguistica e le diversita socio - culturali sono una ricchezza riconosciuta anche dalla Carta dei diritti fondamentali dell \u2019 Unione europea ."}
{"sentidx":211970,"lemma":"diritto","token":"diritti","start":69,"end":76,"sent":"Gli interventi sulla relazione familiare , nel senso di incidere sui diritti soggettivi , possono essere attuati solamente dalla magistratura ."}
{"sentidx":136551,"lemma":"diritto","token":"diritti","start":2,"end":9,"sent":"I diritti fondamentali , le liberta fondamentali non conoscono confini ."}
{"sentidx":165064,"lemma":"diritto","token":"diritto","start":159,"end":166,"sent":"In particolare , con tale formulazione si segue una tendenza delle politiche legislative economiche degli ultimi anni piu recenti che , anche sulla scorta del diritto europeo , si sono dichiaratamente ispirate ad obiettivi di liberalizzazione e semplificazione amministrativa ."}
{"sentidx":241962,"lemma":"diritto","token":"diritti","start":238,"end":245,"sent":"Occorre quindi porre come condizione universale ed imprescindibile l affermazione della democrazia e le libere elezioni ovunque e prima ancora , la cessazione delle violenze contro cittadini inermi che protestano pacificamente per i loro diritti ."}
{"sentidx":161410,"lemma":"diritto","token":"diritti","start":113,"end":120,"sent":"Le misure coercitive sono attuate conformemente a quanto previsto dalla legislazione nazionale in osservanza dei diritti fondamentali e nel debito rispetto della dignita umana e dell integrita fisica del cittadino di un Paese terzo interessato ."}
{"sentidx":57326,"lemma":"diritto","token":"diritto","start":99,"end":106,"sent":"Semplicemente per tutelare l interesse del Premier si procede con la sfaldatura della certezza del diritto nei confronti di migliaia di deplorevoli delinquenti ."}
{"sentidx":120942,"lemma":"diritto","token":"diritto","start":88,"end":95,"sent":"Tuttavia non possiamo non sottolineare che intervenire in materie cosi delicate come il diritto sostanziale penale ela procedura penale attraverso decreti ed in modo estemporaneo , senza una visione organica e complessiva , sia estremamente pericoloso ."}
{"sentidx":31410,"lemma":"diritto","token":"diritto","start":197,"end":204,"sent":"Quindi la nostra previsione di sospendere con una disposizione transitoria assume una specifica rilevanza tecnico - giuridica , sia sotto il profilo del diritto internazionale sia sotto quello del diritto processuale ."}
{"sentidx":31410,"lemma":"diritto","token":"diritto","start":153,"end":160,"sent":"Quindi la nostra previsione di sospendere con una disposizione transitoria assume una specifica rilevanza tecnico - giuridica , sia sotto il profilo del diritto internazionale sia sotto quello del diritto processuale ."}
{"sentidx":166901,"lemma":"diritto","token":"diritto","start":180,"end":187,"sent":"Pertanto riteniamo di avere accolto in parte le raccomandazioni della Corte di giustizia delle Comunita europee e della Corte costituzionale di non eccedere nella compressione del diritto di proprieta ."}
{"sentidx":298996,"lemma":"diritto","token":"diritto","start":71,"end":78,"sent":"La Croce rossa internazionale denuncia in queste ore la violazione del diritto umanitario ."}
{"sentidx":193336,"lemma":"diritto","token":"diritti","start":147,"end":154,"sent":"L intervento e altresi finalizzato a contenere la durata del processo entro il termine di ragionevole durata imposto dalla Convenzione europea dei diritti dell \u2019 uomo , attraverso una migliore organizzazione e gestione delle risorse disponibili ."}
{"sentidx":267402,"lemma":"diritto","token":"diritto","start":181,"end":188,"sent":"Questo Governo deve avere la volonta ela lungimiranza di contrastare ogni forma di violazione della normativa comunitaria in materia di utilizzo di tutti gli strumenti previsti dal diritto e dalla politica internazionale ."}
{"sentidx":95604,"lemma":"diritto","token":"diritti","start":146,"end":153,"sent":"La modernizzazione istituzionale del nostro Stato risponde anche alla necessita di reggere la competizione nei mercati globalizzati e di tutelare diritti , specie quelli delle giovani generazioni e dei soggetti piu deboli ."}
{"sentidx":169957,"lemma":"diritto","token":"diritto","start":71,"end":78,"sent":"I liberi professionisti , al pari dei lavoratori dipendenti , hanno il diritto di beneficiare di adeguate prestazioni previdenziali e assicurative ."}
{"sentidx":102270,"lemma":"diritto","token":"diritto","start":84,"end":91,"sent":"Il punto dolente della questione infatti non risiede nella contabilita degli aventi diritto , quanto nella determinazione di farsene realmente carico , ovvero di riconoscere i diritti acquisiti dai lavoratori ."}
{"sentidx":102270,"lemma":"diritto","token":"diritti","start":176,"end":183,"sent":"Il punto dolente della questione infatti non risiede nella contabilita degli aventi diritto , quanto nella determinazione di farsene realmente carico , ovvero di riconoscere i diritti acquisiti dai lavoratori ."}
{"sentidx":284354,"lemma":"diritto","token":"diritti","start":2,"end":9,"sent":"I diritti dei bambini non sono una responsabilizzazione dei genitori ."}
{"sentidx":48662,"lemma":"diritto","token":"diritto","start":124,"end":131,"sent":"Signor Presidente onorevoli colleghi , dobbiamo considerare quella di oggi sicuramente una giornata molto importante per il diritto penale italiano ela procedura penale , ma soprattutto per i minorenni ."}
{"sentidx":25541,"lemma":"diritto","token":"diritto","start":28,"end":35,"sent":"Quindi noi chiediamo che il diritto al matrimonio venga rispettato e soprattutto che venga rispettato il diritto al matrimonio dei cittadini comunitari ( Applausi dei deputati del gruppo Partito"}
{"sentidx":25541,"lemma":"diritto","token":"diritto","start":105,"end":112,"sent":"Quindi noi chiediamo che il diritto al matrimonio venga rispettato e soprattutto che venga rispettato il diritto al matrimonio dei cittadini comunitari ( Applausi dei deputati del gruppo Partito"}
{"sentidx":223589,"lemma":"diritto","token":"diritto","start":43,"end":50,"sent":"Signor Presidente possiamo avere anche noi diritto ad intervenire nelle stesse condizioni che ha garantito a qualcuno altro ?"}
{"sentidx":185644,"lemma":"diritto","token":"diritti","start":41,"end":48,"sent":"Quindi il problema della maturazione dei diritti acquisiti non puo essere sottovalutato da questa Camera e soprattutto , da un Governo che vuole crescere nella credibilita internazionale ."}
{"sentidx":178499,"lemma":"diritto","token":"diritto","start":87,"end":94,"sent":"Per cui eventuali liberalizzazioni e misure alternative devono sempre tenere conto del diritto primario dei cittadini onesti a vedersi garantiti nella loro persona enei loro beni ."}
