{"sentidx":78984,"lemma":"donna","token":"donne","start":57,"end":62,"sent":"Il problema della sofferenza riguarda particolarmente le donne ."}
{"sentidx":25291,"lemma":"donna","token":"donne","start":122,"end":127,"sent":"Signor Presidente signor sottosegretario , e veramente incomprensibile questo gesto di non attenzione nei confronti delle donne immigrate ."}
{"sentidx":214293,"lemma":"donna","token":"donne","start":83,"end":88,"sent":"Mi riferisco al problema particolarmente grave della tutela della gravidanza delle donne immigrate in condizione di irregolarita ."}
{"sentidx":36538,"lemma":"donna","token":"donne","start":41,"end":46,"sent":"Nel provvedimento si stabiliva che tante donne dovessero essere presenti nei consigli di amministrazione delle societa ."}
{"sentidx":203610,"lemma":"donna","token":"donne","start":3,"end":8,"sent":"Le donne rappresentano una risorsa insostituibile per quei Paesi che vogliono raggiungere elevati livelli di sviluppo ."}
{"sentidx":284160,"lemma":"donna","token":"donne","start":46,"end":51,"sent":"Attualmente i dati sulla partecipazione delle donne ai piu delicati processi decisionali riguardanti l economia del nostro Paese sono sconfortanti ."}
{"sentidx":282803,"lemma":"donna","token":"donne","start":16,"end":21,"sent":"I diritti delle donne costituiscono parte integrante e inalienabile di quel patrimonio giuridico universale sul quale si fondano le moderne societa democratiche ."}
{"sentidx":287535,"lemma":"donna","token":"donna","start":60,"end":65,"sent":"La sinistra vuole dare cittadinanza alla subalternita della donna nei confronti dell \u2019 uomo nel nostro ordinamento giuridico ?"}
{"sentidx":20002,"lemma":"donna","token":"donna","start":66,"end":71,"sent":"Indubbiamente rappresentano un segno di paura nei confronti della donna ."}
{"sentidx":284155,"lemma":"donna","token":"donne","start":59,"end":64,"sent":"Queste responsabilita dovranno essere prese da parte delle donne che entreranno nei consigli di amministrazione , perche siano esse stesse effettivi fattori di cambiamento ."}
{"sentidx":266613,"lemma":"donna","token":"donne","start":81,"end":86,"sent":"Proprio in questo campo si ha spesso una sottovalutazione delle difficolta delle donne nella vita professionale ."}
{"sentidx":133799,"lemma":"donna","token":"donne","start":78,"end":83,"sent":"Grande giornalista a Paese Sera e poia la Repubblica di quella generazione di donne giornaliste , Lietta Tornabuoni Oriana Fallaci Camilla Cederna Rossana Rossanda Luciana Castellina che ha scritto una pagina importante nella storia dell \u2019 informazione italiana ."}
{"sentidx":210409,"lemma":"donna","token":"donne","start":29,"end":34,"sent":"Stiamo parlando dei figli di donne tossicodipendenti e sappiamo quanto sia alta per le donne tossicodipendenti e peri tossicodipendenti in generale la recidiva ."}
{"sentidx":210409,"lemma":"donna","token":"donne","start":87,"end":92,"sent":"Stiamo parlando dei figli di donne tossicodipendenti e sappiamo quanto sia alta per le donne tossicodipendenti e peri tossicodipendenti in generale la recidiva ."}
{"sentidx":42916,"lemma":"donna","token":"donna","start":103,"end":108,"sent":"Signor Presidente semi permette , vorrei ricordare all \u2019 onorevole Mussolini il cadavere della giovane donna incinta accanto alla nave italiana nel primo respingimento in mare ."}
{"sentidx":282744,"lemma":"donna","token":"donna","start":58,"end":63,"sent":"Dobbiamo inoltre considerare quanto sia difficile per una donna che ha subito violenza ricostruire la propria autostima e riparare al trauma provocato dalla violenza ."}
{"sentidx":86884,"lemma":"donna","token":"donna","start":19,"end":24,"sent":"La questione della donna e qualcosa di estremamente complesso , che sarebbe riduttivo confinare soltanto nel recinto della violenza ."}
{"sentidx":238931,"lemma":"donna","token":"donne","start":108,"end":113,"sent":"Dunque anche in questo caso si ricalca la medesima situazione che caratterizza il settore privato , dove le donne risultano essere particolarmente penalizzate ."}
{"sentidx":246363,"lemma":"donna","token":"donne","start":3,"end":8,"sent":"Le donne raggiungono alti livelli di istruzione ."}
{"sentidx":30667,"lemma":"donna","token":"donne","start":225,"end":230,"sent":"Se si vuole realmente perseguire l obiettivo di favorire lo sviluppo dell \u2019 economia italiana , occorrerebbe adottare invece misure di incentivazione concrete delle iniziative imprenditoriali , soprattutto per i giovani e le donne , dovremmo cercare di facilitare la crescita dimensionale delle imprese e di potenziare gli strumenti per agevolare l accesso al credito , dovremmo ridefinire una specifica politica di sviluppo per il sud che veda soprattutto le giovani generazioni come attori e protagonisti principali della rinascita meridionale ."}
{"sentidx":214295,"lemma":"donna","token":"donne","start":41,"end":46,"sent":"Pero nella stragrande maggioranza queste donne preferiscono restare nella clandestinita per il timore di venire poi espulse allo scadere dei sei mesi ."}
{"sentidx":200753,"lemma":"donna","token":"donne","start":174,"end":179,"sent":"Per questo forse ho accolto e ascoltato con maggiore piacere gli interventi dei colleghi maschi dell \u2019 opposizione , che hanno dimostrato maggiore sensibilita delle colleghe donne ."}
{"sentidx":14656,"lemma":"donna","token":"donne","start":131,"end":136,"sent":"Inoltre la presenza di servizi educativi e socio - sanitari consente di attuare percorsi di reinserimento e recupero sociale delle donne tramite progetti di istruzione , formazione , accompagnamento al lavoro e mediazione linguistica e culturale ."}
{"sentidx":246450,"lemma":"donna","token":"donne","start":125,"end":130,"sent":"Signor Presidente credo anch io che questo sia un momento importante , soprattutto se pensiamo alla storica esclusione delle donne dalle istituzioni ."}
{"sentidx":269984,"lemma":"donna","token":"donne","start":144,"end":149,"sent":"Per questo motivo , chiediamo un confronto vero , perche le disposizioni specifiche finalizzate al miglioramento della condizione di vita delle donne sono urgenti ."}
{"sentidx":141806,"lemma":"donna","token":"donne","start":114,"end":119,"sent":"Credo che non sia superfluo e inutile sottolineare questo aspetto e tributare il giusto riconoscimento a uomini e donne che , quotidianamente , impediscono che la situazione di emergenza possa provocare danni irrimediabili ."}
{"sentidx":266217,"lemma":"donna","token":"donne","start":42,"end":47,"sent":"Il difficile ingresso dei giovani e delle donne nel mercato del lavoro sta assumendo carattere strutturale ."}
{"sentidx":1617,"lemma":"donna","token":"donna","start":101,"end":106,"sent":"Gia precedentemente il Governo ha respinto degli emendamenti relativi proprio alla parita tra uomo e donna ."}
{"sentidx":235378,"lemma":"donna","token":"donne","start":138,"end":143,"sent":"Nell ambito della programmazione socio - sanitaria al femminile , appare prioritaria anche una riflessione sulla salute psicologica delle donne , che , secondo studi recenti , presentano un rischio circa triplo di sviluppare una depressione maggiore rispetto agli uomini ."}
{"sentidx":246369,"lemma":"donna","token":"donne","start":225,"end":230,"sent":"Quindi non facciamo ostruzione ai cambiamenti ma , per le ragioni che ho cercato di sintetizzare , rimaniamo osservatori attenti al cambiamento della societa , alla sua maturazione complessiva ma anche alla maturazione delle donne nella voglia di partecipare alla vita politica e amministrativa ."}
{"sentidx":200698,"lemma":"donna","token":"donne","start":34,"end":39,"sent":"Egli affermo che quelli contro le donne sono delitti gravi , piu preoccupanti di quelli commessi dalla criminalita organizzata ."}
{"sentidx":284180,"lemma":"donna","token":"donne","start":363,"end":368,"sent":"Signor Presidente onorevoli colleghi , permettetemi , infine , di sottolineare come questo prezioso strumento legislativo messo a punto dal Parlamento per valorizzare le potenzialita delle donne , offrendo loro nuove opportunita di ingresso nel sistema imprenditoriale , sia solo l ennesimo provvedimento di questa maggioranza e di questo Governo a favore di noi donne ."}
{"sentidx":284180,"lemma":"donna","token":"donne","start":189,"end":194,"sent":"Signor Presidente onorevoli colleghi , permettetemi , infine , di sottolineare come questo prezioso strumento legislativo messo a punto dal Parlamento per valorizzare le potenzialita delle donne , offrendo loro nuove opportunita di ingresso nel sistema imprenditoriale , sia solo l ennesimo provvedimento di questa maggioranza e di questo Governo a favore di noi donne ."}
{"sentidx":212644,"lemma":"donna","token":"donne","start":33,"end":38,"sent":"La capacita di accoglienza delle donne contribuisce a costruire una societa piu umana ."}
{"sentidx":214294,"lemma":"donna","token":"donne","start":15,"end":20,"sent":"Attualmente le donne immigrate irregolari non possono essere espulse durante la gravidanza e fino ai sei mesi successivi alla nascita del figlio ."}
{"sentidx":76596,"lemma":"donna","token":"donne","start":81,"end":86,"sent":"Gli episodi di cronaca quotidianamente raccontano , purtroppo , troppo spesso di donne uccise dai propri compagni ."}
{"sentidx":108295,"lemma":"donna","token":"donne","start":37,"end":42,"sent":"Tutto questo si gioca sulla testa di donne innocenti immolate per il conseguimento di questo obiettivo politico ."}
{"sentidx":212645,"lemma":"donna","token":"donna","start":225,"end":230,"sent":"La capacita di accoglienza delle donne verso la generazione deve essere riconosciuta come un diritto umano fondamentale e universale , come un bene pubblico che deve mobilitare una responsabilita pubblica , affinche ciascuna donna e ciascuna coppia possa crescere i figli che desidera ."}
{"sentidx":212645,"lemma":"donna","token":"donne","start":33,"end":38,"sent":"La capacita di accoglienza delle donne verso la generazione deve essere riconosciuta come un diritto umano fondamentale e universale , come un bene pubblico che deve mobilitare una responsabilita pubblica , affinche ciascuna donna e ciascuna coppia possa crescere i figli che desidera ."}
{"sentidx":246394,"lemma":"donna","token":"donne","start":36,"end":41,"sent":"Probabilmente e anche cosi e alcune donne in questo Parlamento nella storia delle istituzioni del nostro Paese e anche nella politica degli altri Paesi lo hanno dimostrato e lo dimostrano quotidianamente ."}
{"sentidx":216617,"lemma":"donna","token":"donne","start":144,"end":149,"sent":"Il coinvolgimento anche degli Stati non occidentali dev essere quindi prioritario a nostro avviso , per sostenere programmi che permettano alle donne di vivere al sicuro dalla violenza ."}
{"sentidx":72265,"lemma":"donna","token":"donne","start":146,"end":151,"sent":"Stiamo inoltre lavorando al Piano nazionale contro la violenza , contenente azioni per un efficace contrasto al fenomeno della violenza contro le donne ."}
{"sentidx":30705,"lemma":"donna","token":"donne","start":11,"end":16,"sent":"Appunto le donne vengono ulteriormente penalizzate quando , invece , assieme ai giovani dovrebbero essere il pilastro per il nostro futuro ."}
{"sentidx":283093,"lemma":"donna","token":"donne","start":244,"end":249,"sent":"Aver trasformato in prostitute delle ragazze che frequentavano casa Berlusconi dopo aver intercettato le telefonate e fatto perquisire le abitazioni , non e stata soltanto un \u2019 operazione giudiziaria bensi anche una violazione della dignita di donne la cui sola colpa era quella di aver fatto eventualmente uso del proprio corpo ."}
{"sentidx":108308,"lemma":"donna","token":"donna","start":185,"end":190,"sent":"L altro discorso fondamentale che abbiamo fatto e stato quello di sottolineare il fatto delle mutilazioni genitali , che purtroppo vengono eseguite in alcune culture , soprattutto alla donna ."}
{"sentidx":270693,"lemma":"donna","token":"donne","start":109,"end":114,"sent":"Mi riferisco alla Convenzione di Istanbul sulla prevenzione ela lotta contro la violenza nei confronti delle donne ela violenza domestica , che attende ancora la firma del Governo italiano ."}
{"sentidx":256827,"lemma":"donna","token":"donne","start":104,"end":109,"sent":"I piu recenti fatti di cronaca ci hanno dimostrato che proprio per reati di violenza sessuale contro le donne e stato possibile individuare i colpevoli proprio grazie alle intercettazioni ."}
{"sentidx":98019,"lemma":"donna","token":"donne","start":116,"end":121,"sent":"Quando si parla di carceri , spesso vengono troppo sottostimate le grandi ansie e le difficolta che vivono uomini e donne della Polizia penitenziaria o anche gli altri operatori delle strutture penitenziarie ."}
{"sentidx":88807,"lemma":"donna","token":"donne","start":52,"end":57,"sent":"Solo qualche giorno fa sono state uccise moltissime donne solo perche ballavano ad un matrimonio ."}
{"sentidx":200815,"lemma":"donna","token":"donne","start":190,"end":195,"sent":"Nelle relazioni umane lo stalker non si comporta diversamente , quindi non poteva esserci un termine piu eloquente per identificare un persecutore di persone , in particolare riguardante le donne ."}
{"sentidx":144416,"lemma":"donna","token":"donne","start":109,"end":114,"sent":"Infatti credo che il fenomeno della prostituzione sia profondamente lesivo dei diritti e della dignita delle donne e che come tale vada contrastato in maniera efficace ."}
{"sentidx":86839,"lemma":"donna","token":"donne","start":37,"end":42,"sent":"Una rivoluzione che riguarda tutti , donne o uomini , che insieme hanno il dovere di cambiare radicalmente rendendosi protagonisti ."}
{"sentidx":284582,"lemma":"donna","token":"donne","start":18,"end":23,"sent":"Il dilemma per le donne italiane continuera a presentarsi ."}
{"sentidx":86878,"lemma":"donna","token":"donne","start":32,"end":37,"sent":"L umiliazione sistematica delle donne diviene , quindi , uno strumento di umiliazione e distruzione del popolo nemico ."}
{"sentidx":216547,"lemma":"donna","token":"donne","start":209,"end":214,"sent":"Quindi deve essere un \u2019 occasione importante per discutere anche contro ogni forma di discriminazione e per il raggiungimento degli obiettivi di liberta , uguaglianza e difesa dei diritti umani e civili delle donne ."}
{"sentidx":284677,"lemma":"donna","token":"donne","start":162,"end":167,"sent":"Sono convinta che il cammino che abbiamo davanti sia molto faticoso , pero mi sembra veramente illogico imporre nei consigli di amministrazione la presenza delle donne , quando questo non si fa nel Consiglio superiore della magistratura o in altri ambiti altrettanto importanti ."}
{"sentidx":114930,"lemma":"donna","token":"donne","start":176,"end":181,"sent":"Infatti per difendere davvero il Servizio sanitario nazionale occorre rivedere i livelli essenziali , occorre ricordare che da tanto tempo attendono l estensione universale le donne che chiedono il parto senza dolore , per fare un esempio ."}
{"sentidx":232457,"lemma":"donna","token":"donne","start":58,"end":63,"sent":"Pensiamo alla Bosnia Erzegovina ea quanti uomini , quante donne e quanti bambini abbiamo salvato ."}
{"sentidx":290498,"lemma":"donna","token":"donna","start":187,"end":192,"sent":"Mentre rispettiamo il pudore , la discrezione per non essersi prestata a interviste e alla mitizzazione vorremmo tuttavia avere la garanzia che qualcuno abbia sentito il parere di questa donna ."}
{"sentidx":299345,"lemma":"donna","token":"donna","start":67,"end":72,"sent":"Il concetto di genere riferisce della differenza tra un uomo e una donna ; l identita di genere , che molti esponenti del Partito Democratico e dell Italia dei Valori vorrebbero reintrodurre , si caratterizza invece come una autovalutazione individuale sulla propria sessualita ."}
{"sentidx":37227,"lemma":"donna","token":"donne","start":34,"end":39,"sent":"Si e infatti voluto affidare alle donne che siedono tra i banchi del Governo temi importantissimi quali quelli dell \u2019 ambiente , dell \u2019 istruzione , delle politiche giovanili , delle pari opportunita : temi che sono tanto importanti quanto centrali nella realizzazione di un nuovo modello sociale da consegnare alle nuove generazioni ."}
{"sentidx":188359,"lemma":"donna","token":"donne","start":200,"end":205,"sent":"Signor Presidente volevo richiamare l attenzione del Ministro su questo ordine del giorno che ripropone la possibilita di istituire , chiaramente presso le questure e quindi presso gli organi dove le donne vanno a sporgere denuncia , sportelli per prestare l assistenza alle vittime ."}
{"sentidx":246318,"lemma":"donna","token":"donne","start":259,"end":264,"sent":"Allo stesso modo , debbo ringraziare particolarmente le colleghe , in modo particolare le colleghe Amici e Pollastrini per il contributo dato a riguardo alle norme di contorno , cioe alla possibilita di attuare anche una promozione della partecipazione delle donne ovviamente nei talk show televisivi e quindi , di dare accesso anche alla parte della propaganda nei dibattiti elettorali ."}
{"sentidx":79311,"lemma":"donna","token":"donne","start":225,"end":230,"sent":"Con i recenti respingimenti sommari di immigrati in mare ha violato i principi della Convenzione di Ginevra al punto che la Commissione europea ha giustamente chiesto chiarimenti al Governo su questi respingimenti sommari di donne , bambini , profughi , rifugiati e persone che avrebbero avuto il diritto di chiedere asilo politico al nostro Paese L Italia rischia addirittura di subire una procedura di infrazione per violazione del diritto comunitario delle frontiere e di asilo ."}
{"sentidx":272067,"lemma":"donna","token":"donne","start":154,"end":159,"sent":"In precedenza , erano stati numerosi gli interventi dei servizi sociali del comune di Novi per affrontare varie situazioni di disagio segnalate dalle due donne ."}
{"sentidx":202718,"lemma":"donna","token":"donna","start":118,"end":123,"sent":"Signor Presidente signor Ministro la ringrazio della sua risposta ma a nome dell Italia dei Valori e soprattutto come donna non posso certo essere soddisfatta ."}
{"sentidx":272093,"lemma":"donna","token":"donna","start":103,"end":108,"sent":"Pero dobbiamo cominciare dalla nuova accettazione di determinati aspetti , come il rapporto tra uomo e donna ."}
{"sentidx":108690,"lemma":"donna","token":"donne","start":123,"end":128,"sent":"Lancio un messaggio forte al mondo dell \u2019 informazione perche ci aiuti in questa campagna per ristabilire la dignita delle donne ."}
{"sentidx":216622,"lemma":"donna","token":"donne","start":121,"end":126,"sent":"Le Nazioni unite devono intervenire su quei Paesi che continuano a mostrare un atteggiamento ostile nei confronti di noi donne ."}
{"sentidx":257145,"lemma":"donna","token":"donne","start":79,"end":84,"sent":"Signor Presidente signor Ministro colleghi , il tema relativo ai diritti delle donne e alle violenze alle quali sovente sono ancora sottoposte e di grandissima rilevanza civile , prima ancora che politica ."}
{"sentidx":181303,"lemma":"donna","token":"donne","start":139,"end":144,"sent":"Seguira una serie coerente di altri provvedimenti , per rendere migliore il nostro mercato del lavoro , innalzando la partecipazione delle donne e dei giovani , e per incrementare la produttivita del nostro sistema economico ."}
{"sentidx":11179,"lemma":"donna","token":"donne","start":57,"end":62,"sent":"Abbiamo sentito gli appelli anche drammatici di uomini e donne che lavorano in Italia al servizio delle nostre famiglie che hanno abbandonato i loro figli che sono nel Paese di origine e hanno chiesto semplicemente di favorire una politica di ricongiungimento ."}
{"sentidx":113767,"lemma":"donna","token":"donne","start":103,"end":108,"sent":"Insomma la macedonia e avvelenata , la macedonia della pubblica amministrazione , degli uomini e delle donne che stanno nella pubblica amministrazione e nelle istituzioni con questo modello che e distante dalla politica morale e dalla politica etica e chesi avvelena sempre di piu ."}
{"sentidx":216555,"lemma":"donna","token":"donna","start":69,"end":74,"sent":"Nessuno da noi mette in discussione l eguaglianza formale fra uomo e donna , ma quando si riporta questo argomento in uno scenario internazionale ci si accorge immediatamente che la questione deve essere affrontata a trecentosessanta gradi , senza trascurare o dare per scontato alcun risvolto esplicito o implicito che puo essere collegato a tale tematica ."}
{"sentidx":231024,"lemma":"donna","token":"donne","start":497,"end":502,"sent":"Signor Presidente onorevole sottosegretario , a me dispiace dichiarare subito che ci riteniamo insoddisfatte della risposta ed invitiamo lei , in qualita di rappresentante del Governo ad approfondire meglio l argomento , in particolare modo mettendo in relazione la tipologia del contratto part time nella pubblica amministrazione , previsto dalla legge e dall ordinamento del diritto del lavoro , con l esigenza di favorire l inserimento , il mantenimento e il rafforzamento della presenza delle donne nel mondo del lavoro , concretizzando la conciliazione tra i tempi di vita e di lavoro ."}
{"sentidx":273753,"lemma":"donna","token":"donne","start":185,"end":190,"sent":"Signor Ministro la ringrazio perche una regressione di questo genere potrebbe portare ad una involuzione , penso ai valori della famiglia ea tutto cio che rappresenta il percorso delle donne ."}
{"sentidx":188963,"lemma":"donna","token":"donne","start":12,"end":17,"sent":"Credo chele donne abbiano dei diritti ."}
{"sentidx":57470,"lemma":"donna","token":"donna","start":147,"end":152,"sent":"Ricordate voi Ministro della giustizia e Ministro dell interno , che con questa norma togliete e distruggete la sicurezza ela giustizia per quella donna ."}
{"sentidx":284166,"lemma":"donna","token":"donne","start":116,"end":121,"sent":"Di contro , come ha rilevato lo scorso marzo anche la Commissione europea , nonostante siano sempre piu numerose le donne altamente qualificate ela loro partecipazione al mercato del lavoro sia in aumento , esse sono tuttora minoritarie rispetto agli uomini nei posti di responsabilita delle imprese ."}
{"sentidx":131248,"lemma":"donna","token":"donna","start":126,"end":131,"sent":"E mio intendimento proseguire l azione gia intrapresa per avviare campagne informative a tutela del diritto alla salute della donna , i programmi di assistenza a favore delle vittime della tratta di esseri umani , le azioni per la prevenzione delle mutilazioni genitali femminili ."}
{"sentidx":54520,"lemma":"donna","token":"donne","start":200,"end":205,"sent":"Certamente vanno fatti rientrare nei loro Paesi ma vanno considerate le situazioni , le modalita , la sicurezza che ritrovano quando rientrano nei loro Paesi Come facciamo a rimandare indietro queste donne e questi bambini ?"}
{"sentidx":129533,"lemma":"donna","token":"donne","start":73,"end":78,"sent":"Certo avremmo preferito un trattamento differenziato , ad esempio per le donne che hanno la maternita ."}
{"sentidx":116887,"lemma":"donna","token":"donna","start":95,"end":100,"sent":"Ci sono ricerche che dicono che gli oppiacei egli oppioidi non sono altrettanto efficaci sulla donna ."}
{"sentidx":11075,"lemma":"donna","token":"donne","start":165,"end":170,"sent":"Allo stesso tempo sono stati previsti interventi di sostegno al reddito nonche misure per lo sviluppo delle opportunita di lavoro , avendo particolare riguardo alle donne e ai giovani ."}
{"sentidx":109667,"lemma":"donna","token":"donne","start":305,"end":310,"sent":"Signor Presidente nel momento stesso in cui noi votiamo convinti per il sostegno alle nostre missioni internazionali e chiediamo al Parlamento di discuterne con serieta e con responsabilita , vogliamo ancora una volta rinnovare la nostra gratitudine per l impegno ela dedizione di tanti uomini e di tante donne che sono impegnati lontano da casa , in missioni spesso complesse e pericolose ( Applausi dei deputati del gruppo Partito"}
{"sentidx":199952,"lemma":"donna","token":"donne","start":46,"end":51,"sent":"Diamo un segnale forte di attenzione a queste donne coraggiose ."}
{"sentidx":19944,"lemma":"donna","token":"donne","start":69,"end":74,"sent":"Ed e proprio dinanzi a questa balcanizzazione della condizione nelle donne immigrate della prima e della seconda generazione che la legge assume una portata storica di civilta e di diritto ."}
{"sentidx":284527,"lemma":"donna","token":"donne","start":168,"end":173,"sent":"Vorremmo che anche nel nostro Parlamento cosi come nelle amministrazioni locali ( regionali , provinciali e comunali ) , fosse assicurata e garantita la presenza delle donne ."}
{"sentidx":49897,"lemma":"donna","token":"donne","start":127,"end":132,"sent":"In particolare , veniva creata una sorta di contabilita riservata alla conciliazione del lavoro e dell impegno familiare delle donne , piuttosto che al fondo non - autosufficienza per poter venire incontro alle esigenze di una donna lavoratrice che in qualche modo deve fare fronte anche ai propri obblighi casalinghi e familiari ."}
{"sentidx":49897,"lemma":"donna","token":"donna","start":227,"end":232,"sent":"In particolare , veniva creata una sorta di contabilita riservata alla conciliazione del lavoro e dell impegno familiare delle donne , piuttosto che al fondo non - autosufficienza per poter venire incontro alle esigenze di una donna lavoratrice che in qualche modo deve fare fronte anche ai propri obblighi casalinghi e familiari ."}
{"sentidx":20025,"lemma":"donna","token":"donna","start":70,"end":75,"sent":"Cio che interessa in questo contesto infatti ela valorizzazione della donna come soggetto con pari dignita e pari capacita di decisione in tutto cio che caratterizza la sfera della sua autonomia e della sua indipendenza ."}
{"sentidx":213880,"lemma":"donna","token":"donne","start":180,"end":185,"sent":"Sono partiti appelli in primo luogo dai parlamentari Sassoli e Damiano ma ripresi da ogni schieramento , anche dal presidente Cicchitto Ma non voglio fare un elenco di citazioni : donne e uomini di ogni schieramento hanno posto una questione delicata , sottosegretario D Andrea rivolta alle massime istituzioni ."}
{"sentidx":141280,"lemma":"donna","token":"donne","start":181,"end":186,"sent":"Intanto cominceremo oggi pomeriggio con una manifestazione con il segretario del Partito Democratico Walter Veltroni al Capranica Saremo insieme ai sindacati , ai lavoratori , alle donne italiane e agli studenti , alla testa di un movimento per cambiare questo decreto - legge e questa ingiusta politica scolastica , se cosi si puo chiamare ( Applausi dei deputati dei gruppi Partito Democratico e Italia dei"}
{"sentidx":73967,"lemma":"donna","token":"donne","start":16,"end":21,"sent":"Questi uomini e donne , certamente , hanno bisogno di strumenti operativi e di garanzie di sicurezza per poter realizzare questi obiettivi e queste condizioni ."}
{"sentidx":86928,"lemma":"donna","token":"donna","start":40,"end":45,"sent":"Vi e quella sottile cancellazione della donna che rappresenta una delle forme piu profonde di violenza che si possono esercitare e chesi traduce , molte volte , nella discriminazione in ambito professionale , familiare e sociale ."}
{"sentidx":76599,"lemma":"donna","token":"donne","start":71,"end":76,"sent":"Secondo l Organizzazione mondiale della sanita , la violenza contro le donne rappresenta la prima causa di morte per il sesso femminile fra"}
{"sentidx":20016,"lemma":"donna","token":"donna","start":126,"end":131,"sent":"Sono diritti che acquistano un particolare rilievo in questo caso proprio perche il soggetto dei primi due diritti citati ela donna , che continua ad essere ancora oggi oggetto di discriminazioni in alcune culture ."}
{"sentidx":212684,"lemma":"donna","token":"donne","start":253,"end":258,"sent":"Signor Presidente votero a favore della mozione con il dispositivo rivisto dal Governo perche trovo semplicemente di buon senso perseguire l obiettivo di impedire che l aborto sia uno strumento di controllo demografico e men che meno un obbligo acui le donne vengono sottoposte nel mondo ."}
{"sentidx":242177,"lemma":"donna","token":"donne","start":164,"end":169,"sent":"E inutile che fate le manifestazioni contro una persona ( Commenti dei deputati dei gruppi Partito Democratico e Italia dei Valori Fatelo realmente in difesa delle donne !"}
{"sentidx":73966,"lemma":"donna","token":"donne","start":226,"end":231,"sent":"Tuttavia sappiamo che , pur mantenendo questa grande fiducia e questa grande speranza , in maniera pragmatica , chissa per quanto tempo ancora , invece , dovremo sostenere progetti di sicurezza che vedranno impegnati uomini e donne specializzati , tecnicamente competenti e culturalmente preparati , affinche vadano a difendere non solo la sicurezza dei nostri confini , ma anche progetti e processi di liberta nel mondo ."}
