{"sentidx":59017,"lemma":"inquinamento","token":"inquinamento","start":69,"end":81,"sent":"Quindi questo aiuterebbe veramente molto il discorso ambientale e di inquinamento ."}
{"sentidx":12037,"lemma":"inquinamento","token":"inquinamento","start":87,"end":99,"sent":"da Fiumicino Roma e numerosi altri cittadini chiedono misure urgenti per contrastare l inquinamento acustico prodotto dall \u2019 aeroporto Leonardo Da Vinci di Roma"}
{"sentidx":91642,"lemma":"inquinamento","token":"inquinamento","start":66,"end":78,"sent":"Questi incentivi sicuramente vanno nella direzione di creare meno inquinamento , ma anche nella direzione di essere ecologicamente piu vicini al territorio e di diminuire le emissioni di anidride carbonica ."}
{"sentidx":111927,"lemma":"inquinamento","token":"inquinamento","start":105,"end":117,"sent":"La Commissione ambiente ha voluto focalizzare la radice delle questioni fondamentali dell \u2019 ambiente , l inquinamento e il consumo energetico , partendo dal presupposto che vanno alla radice cancellati ed eliminati ."}
{"sentidx":297806,"lemma":"inquinamento","token":"inquinamento","start":238,"end":250,"sent":"IdV Sottolinea l inconsistenza delle risorse stanziate per affrontare la grave situazione di emergenza sanitaria ed ambientale di Taranto con il provvedimento d urgenza in esame , rilevando anzitutto l esigenza di individuare le fonti di inquinamento del territorio ."}
{"sentidx":112104,"lemma":"inquinamento","token":"inquinamento","start":81,"end":93,"sent":"Deve agire su larga scala per intervenire radicalmente e in modo incisivo sull \u2019 inquinamento atmosferico e sul consumo energetico ."}
{"sentidx":236255,"lemma":"inquinamento","token":"inquinamento","start":55,"end":67,"sent":"Inevitabilmente questa produzione creava condizioni di inquinamento ambientale , gradualmente eliminato nel corso degli anni anche in virtu di una maggiore sensibilita della popolazione , del sindacato e dell azienda e dell entrata in vigore di nuove disposizioni di legge ."}
{"sentidx":112051,"lemma":"inquinamento","token":"inquinamento","start":228,"end":240,"sent":"Gli obblighi assunti dal nostro Paese in sede internazionale impongono infatti la realizzazione di obiettivi di tutela ambientale , che determinano la necessita di politiche coerenti nei settori dei cambiamenti climatici e dell inquinamento atmosferico , conformemente con gli accordi del Protocollo di Kyoto e con gli obiettivi comunitari in materia di energia e clima ."}
{"sentidx":163012,"lemma":"inquinamento","token":"inquinamento","start":78,"end":90,"sent":"Non parliamo poi del trasporto pubblico e ci lamentiamo poi che il livello di inquinamento delle nostre citta ha raggiunto livelli insopportabili ."}
{"sentidx":214908,"lemma":"inquinamento","token":"inquinamento","start":186,"end":198,"sent":"Proprio in questo caso dobbiamo sottolineare che non vi e soltanto un problema di carattere sanzionatorio , ma un rischio sanitario eccessivo per quelle popolazioni esposte a livelli di inquinamento cosi elevato ."}
{"sentidx":111945,"lemma":"inquinamento","token":"inquinamento","start":115,"end":127,"sent":"Abbiamo imparato in questi anni a valutare le automobili in base al consumo di carburante per chilometro ea quanto inquinamento producono ."}
{"sentidx":112077,"lemma":"inquinamento","token":"inquinamento","start":111,"end":123,"sent":"Dunque non solo produrre energia alternativa , ma risparmiare energia e azzerare in concreto i coefficienti di inquinamento , a partire proprio dagli immobili ."}
{"sentidx":1644,"lemma":"inquinamento","token":"inquinamento","start":325,"end":337,"sent":"Con questo ordine del giorno noi non chiedevamo al Governo altro che di dare maggior stimolo affinche all \u2019 interno della Comunita europea si tenesse nella giusta attenzione quanto si denunzia giornalmente da parte dei nostri colleghi parlamentari , della cittadinanza e della Comunita europea stessa : e cioe che i tassi di inquinamento da talune sostanze determinano malattie gravissime ."}
{"sentidx":288321,"lemma":"inquinamento","token":"inquinamento","start":41,"end":53,"sent":"Tutto cio significa consumi energetici , inquinamento e bollette piu salate per le famiglie ."}
{"sentidx":167641,"lemma":"inquinamento","token":"inquinamento","start":145,"end":157,"sent":"Mentre non ottiene di fatto alcun incentivo chi , invece , trasforma gran parte del materiale di scarto in combustibile senza produrre ulteriore inquinamento ."}
{"sentidx":148225,"lemma":"inquinamento","token":"inquinamento","start":137,"end":149,"sent":"Soltanto l innovazione tecnologica e in grado di fornire nel breve e medio termine una risposta concreta ed efficace alla lotta contro l inquinamento ambientale , aiutando quindi lo Stato egli enti locali a controllare ea contenere l emissione di sostanze inquinanti , nel rispetto degli standard comunitari ed internazionali ."}
{"sentidx":220379,"lemma":"inquinamento","token":"inquinamento","start":2,"end":14,"sent":"L inquinamento marino e una delle questioni ambientali piu urgenti del nostro tempo ."}
{"sentidx":56794,"lemma":"inquinamento","token":"inquinamento","start":96,"end":108,"sent":"Sento infatti , l obbligo morale da meridionale e catanese di mettere in guardia dal rischio di inquinamento della nostra economia collegato al cosiddetto scudo fiscale ."}
{"sentidx":175835,"lemma":"inquinamento","token":"inquinamento","start":56,"end":68,"sent":"Parliamoci chiaramente : anche un morto per lavoro oper inquinamento e troppo !"}
{"sentidx":193001,"lemma":"inquinamento","token":"inquinamento","start":198,"end":210,"sent":"Gli unici enti , probabilmente , che potrebbero essere interessati , e dovrebbe essere interessati , insieme al Governo dovrebbero essere quei comuni virtuosi , quelli che hanno sempre combattuto l inquinamento , e non quelli con infiltrazioni camorristiche , mafiose o malavitose ."}
{"sentidx":10722,"lemma":"inquinamento","token":"inquinamento","start":72,"end":84,"sent":"Parlando di uomini e di liste , gli esempi piu evidenti ormai di questo inquinamento della politica che il centrodestra , il Popolo della Liberta e il modello mussoliniano hanno determinato in questo Paese li abbiamo soprattutto nelle liste regionali che hanno presentato per la prossima tornata elettorale ."}
{"sentidx":172013,"lemma":"inquinamento","token":"inquinamento","start":95,"end":107,"sent":"Del resto , anche i corsi d acqua che incidono nelle vicinanze , non sono esposti a rischio di inquinamento in relazione alle previste tecnologie di tenuta che verranno impiegate nella realizzazione della discarica medesima ."}
{"sentidx":60470,"lemma":"inquinamento","token":"inquinamento","start":241,"end":253,"sent":"Mettetevi nei panni dei giudici della Consulta quando dovranno decidere per esempio sulla conformita alla Costituzione di leggi che oggi tutelano il consumatore o l utente , oche tutelano l ambiente nelle attivita economiche e per evitare l inquinamento , o contro il lavoro nero e perla tutela del lavoratore , ola tutela dei brevetti che teoricamente dovrebbe essere incompatibile con il monopolio economico che in qualche modo e favorito dalla tenuta dei brevetti e della proprieta industriale ."}
{"sentidx":290536,"lemma":"inquinamento","token":"inquinamento","start":75,"end":87,"sent":"Il presidente Marrazzo chesi e svegliato da pochi giorni capendo che ce un inquinamento in quella zona , ha presieduto qualche incontro nel territorio ."}
{"sentidx":105976,"lemma":"inquinamento","token":"inquinamento","start":257,"end":269,"sent":"Signor Presidente nella giornata ieri pero la giunta regionale ha approvato un documento per chiedere un intervento urgente del Governo per l avvio di un piano di bonifica , anche in considerazione del fatto che la procura di Paola ha segnalato problemi di inquinamento anche sulla terraferma ."}
{"sentidx":273685,"lemma":"inquinamento","token":"inquinamento","start":299,"end":311,"sent":"Di cio sie occupata la Giunta la Giunta perle autorizzazioni ha valutato soltanto tale profilo , ha cercato cioe di verificare se potesse in questo caso sussistere un umus persecutorio interpretato cosi come per prassi ormai lo interpreta la Giunta quindi verificare se vi fossero gli estremi per l inquinamento della prova e perla reiterazione del reato ."}
{"sentidx":129763,"lemma":"inquinamento","token":"inquinamento","start":389,"end":401,"sent":"Riqualificare il patrimonio edilizio esistente e costruire il nuovo con determinati criteri , attraverso l utilizzo di materiali naturali ecocompatibili ; produrre un concreto risparmio ed efficienza energetica tramite l impiego di energia da fonti rinnovabili , che si traduce poi in risparmio per le tasche dei cittadini ; e ancora , miglior comfort abitativo , riduzione delle fonti di inquinamento , ma anche rilancio dell \u2019 economia e di un comparto che sta soffrendo molto in questo periodo : sono gli obiettivi previsti con questa proposta di legge ."}
{"sentidx":199353,"lemma":"inquinamento","token":"inquinamento","start":26,"end":38,"sent":"Della nozione di danni da inquinamento fanno parte altresi i costi delle misure di carattere preventivo , nonche di successive perdite o danni da queste causati ."}
{"sentidx":220363,"lemma":"inquinamento","token":"inquinamento","start":272,"end":284,"sent":"Signor Presidente mi rifaccio all \u2019 intervento effettuato durante la discussione sulle linee generali e alle valutazioni positive ivi espresse in ordine al provvedimento di adesione della nostra Repubblica alla Convenzione sulla responsabilita civile per i danni dovuti a inquinamento da combustibile delle navi ."}
{"sentidx":148408,"lemma":"inquinamento","token":"inquinamento","start":561,"end":573,"sent":"Noi radicali riteniamo che soltanto un serio e convinto impegno nella realizzazione delle infrastrutture volte ad assicurare un sostanzioso riequilibrio modale nel nostro Paese quindi innanzitutto infrastrutture ferroviarie , metropolitane , portuali e intermodali , innovazioni tecnologiche necessarie al miglioramento del trasporto pubblico di massa in ambito urbano ) , sia in grado di fornire una risposta convincente , efficace ed efficiente nella mitigazione dei gas serra dei trasporti , contribuendo anche a ridurre in maniera strutturale i problemi di inquinamento atmosferico , incidentalita e congestione stradale che oggi travagliano le nostre reti di trasporto , aiutando cosi lo Stato le regioni egli enti locali a rispettare le normative comunitarie vigenti egli obiettivi dei piani di miglioramento ."}
{"sentidx":225374,"lemma":"inquinamento","token":"inquinamento","start":203,"end":215,"sent":"L attivita di allevamento condotta dalla Societa agricola Occhiobello Srl rientra tra le attivita cosiddette integratori society security and controlla ovvero di controllo e prevenzione integrata dell \u2019 inquinamento"}
{"sentidx":59016,"lemma":"inquinamento","token":"inquinamento","start":370,"end":382,"sent":"Questo andrebbe anche ad incentivare l utilizzo di autotrasporti utilizzando questo materiale di movimento sul territorio , quindi macchine a gas e autobus che oggi in molte citta sono vecchi , inquinanti , ancora gasolio e potrebbero essere trasformati a gas Tutto questo aiuterebbe sicuramente un eco - ambiente migliore , aiuterebbe il territorio ad avere molto meno inquinamento e aiuterebbe anche le piccole e medie imprese di questo settore ad avere un guadagno sulla possibilita di montare impianti a gas sia liquido che a metano , sui veicoli gia esistenti , sui veicoli ad uso sia privato che per autotrasporto e pubblici ."}
{"sentidx":82008,"lemma":"inquinamento","token":"inquinamento","start":238,"end":250,"sent":"Detta normativa ha permesso di individuare una prima copertura finanziaria , per alcune decine di milioni di euro , agli interventi pubblici di messa in sicurezza di emergenza , caratterizzazione e bonifica necessari per le situazioni di inquinamento ritenute piu pericolose ed acute tra cui Broni Fibronit Priolo Eternit Siciliana Casale Monferrato Eternit Balangero Cava Monte S Vittore Napoli Bagnoli Eternit Bari Fibronit Cave Monte Calvario Cave di Pietra Nei siti sopra citati , le attivita di messa in sicurezza di emergenza , caratterizzazione e bonifica sono attualmente in fase avanzata ."}
{"sentidx":64608,"lemma":"inquinamento","token":"inquinamento","start":44,"end":56,"sent":"Credo che sia un effetto positivo sia per l inquinamento acustico sia per l inquinamento di tipo ambientale ."}
{"sentidx":64608,"lemma":"inquinamento","token":"inquinamento","start":76,"end":88,"sent":"Credo che sia un effetto positivo sia per l inquinamento acustico sia per l inquinamento di tipo ambientale ."}
{"sentidx":39157,"lemma":"inquinamento","token":"inquinamento","start":101,"end":113,"sent":"Per quanto riguarda gli arbitrati , pure le pietre sanno che gli arbitrati sono la fonte di maggiore inquinamento per tutto cio che riguarda il contenzioso con la pubblica amministrazione , tra la pubblica amministrazione ei privati , ogni volta che si tratta di fondi pubblici ."}
{"sentidx":39265,"lemma":"inquinamento","token":"inquinamento","start":149,"end":161,"sent":"Si tratta di un fenomeno che , oltre a costituire un freno allo sviluppo , alla crescita e alla libera concorrenza , costituisce un fattore di grave inquinamento della vita sociale e amministrativa ."}
{"sentidx":104321,"lemma":"inquinamento","token":"inquinamento","start":68,"end":80,"sent":"Per concludere , immaginare che l azienda debba essere chiusa per l inquinamento dei decenni scorsi non ha senso ."}
{"sentidx":64609,"lemma":"inquinamento","token":"inquinamento","start":264,"end":276,"sent":"Ritengo inoltre , che sia necessario proseguire sulla strada della liberalizzazione del trasporto aereo e il decreto - legge contiene elementi anche in questa direzione , perche stabilisce che i permessi gratuiti saranno assegnati in base all \u2019 effettivo grado di inquinamento , privilegiando una situazione di assoluta concorrenza trai vettori ."}
{"sentidx":59011,"lemma":"inquinamento","token":"inquinamento","start":274,"end":286,"sent":"Si parla di quelle regioni , attualmente due , Veneto e Liguria che hanno al loro interno dei rigassificatori e quindi , hanno iniziato un percorso a livello regionale per portare sul territorio e utilizzare questi impianti anche a scopo ambientale , contribuendo al minore inquinamento dovuto al trasporto delle merci e in questo caso , del gas ."}
{"sentidx":236273,"lemma":"inquinamento","token":"inquinamento","start":283,"end":295,"sent":"Tutti gli enti locali ei magistrati , in questi anni , cosa hanno fatto per risolvere o tentare di fermare questa grande calamita artificiale , creata da alcune persone che , probabilmente , con la propria volonta , volutamente , non hanno rispettato alcuni protocolli per ridurre l inquinamento e magari comprano anche dei soldi ?"}
{"sentidx":148541,"lemma":"inquinamento","token":"inquinamento","start":252,"end":264,"sent":"L intreccio di settori di queste banche , soprattutto quelle di grandi dimensioni , con quelli di banche di affari americane hanno consentito che , insieme ad altri titoli , i mutui subprime siano stati inseriti nei portafogli delle piu comuni Sicav L inquinamento di tutto il sistema finanziario ha seguito lo stesso effetto del virus HIV che ha creato il"}
{"sentidx":161004,"lemma":"inquinamento","token":"inquinamento","start":94,"end":106,"sent":"La Commissione europea ha da tempo sottolineato come le emissioni di gas a effetto serra el \u2019 inquinamento causato dai trasporti siano i principali ostacoli allo sviluppo sostenibile e questo provvedimento , seguendo quindi le indicazioni europee in materia di efficienza energetica , utilizzo dell \u2019 energia rinnovabile e riduzione delle emissioni di gas a effetto serra , vuole essere un primo passo per la promozione e lo sviluppo dei mercati per veicoli puliti e piu efficienti sul piano energetico ."}
{"sentidx":205697,"lemma":"inquinamento","token":"inquinamento","start":614,"end":626,"sent":"Proprio in tal senso ho richiamato questa ancora recente direttiva europea , in fase di recepimento da parte dell \u2019 Italia per dire come il nostro Paese in un contesto europeo in cui ce molta sensibilita per le tematiche ambientali , abbia il dovere di partecipare alla nuova strategia comunitaria in materia di protezione dell \u2019 ambiente con quel ruolo , pero , attivo e da protagonista che deve competere ad un Paese con la piu ampia fascia costiera affacciata sul mar Mediterraneo Un ruolo che non potrebbe pero essere credibilmente portato avanti di fronte al permanere dell \u2019 attuale scandalosa situazione di inquinamento dei mari causato , soprattutto nel Mezzogiorno dalle acque scaricate in mare senza aver subito depurazione ."}
{"sentidx":163407,"lemma":"inquinamento","token":"inquinamento","start":111,"end":123,"sent":"Occorre sempre la verifica degli elementi di grave allarme sociale , di rischio di reiterazione del reato , di inquinamento delle prove , di pericolo di fuga , mentre qui sostanzialmente si crea un canale di quasi automatismo ."}
{"sentidx":111924,"lemma":"inquinamento","token":"inquinamento","start":259,"end":271,"sent":"E notorio infatti , onorevoli colleghi , che i certificati verdi in molti casi sono diventati funzionali a quelle attivita industriali ed energetiche che comunque continuano ad inquinare : qualche pala eolica di qua e di la di certo , non solo non compensa l inquinamento , ma sostanzialmente , proprio con i certificati verdi , finisce per assolvere chi inquina ."}
{"sentidx":112080,"lemma":"inquinamento","token":"inquinamento","start":68,"end":80,"sent":"Qualche pala eolica di qua e di la di certo non solo non compensa l inquinamento ma sostanzialmente proprio con i certificati verdi si finisce per assolvere chi inquina ."}
{"sentidx":130432,"lemma":"inquinamento","token":"inquinamento","start":228,"end":240,"sent":"Cambiamolo pure onorevoli colleghi , questo eccesso di carcerazione preventiva , a partire dalla nostra proposta di legge , che e stata presentata gia da tre anni e che limita ad un tempo breve e certo la custodia cautelare per inquinamento delle prove ."}
{"sentidx":82212,"lemma":"inquinamento","token":"inquinamento","start":366,"end":378,"sent":"Con riferimento alla situazione italiana , nonostante i ripetuti appelli delle comunita internazionali ed europea tesi a limitare il piu possibile la carcerazione preventiva , nel nostro Paese assistiamo a un grande numero di persone sottoposte a questa misura cautelare che dovrebbe essere limitata a casi di reale pericolo di fuga , di reiterazione del reato e di inquinamento delle prove , ed e invece spesso usata come coercizione per ottenere confessioni o delazioni e viene applicata a persone che , nella stragrande maggioranza , sono poi innocenti ."}
{"sentidx":130431,"lemma":"inquinamento","token":"inquinamento","start":186,"end":198,"sent":"Il generale D Arrigo ex comandante della Guardia di finanzia , dichiara che per loro Milanese e il referente politico da cui prendere ordini , in nome del Ministro Dunque la capacita di inquinamento e rilevante ."}
{"sentidx":192263,"lemma":"inquinamento","token":"inquinamento","start":199,"end":211,"sent":"E pero altrettanto evidente che le misure contenute nel decreto sono separate dagli interventi che riguardano l autorizzazione integrata ambientale , perche l AIA agira esclusivamente sulle fonti di inquinamento industriale ."}
{"sentidx":134411,"lemma":"inquinamento","token":"inquinamento","start":88,"end":100,"sent":"Quest area e appunto , al centro della citta di Crotone ed e interessata da fenomeni di inquinamento ambientale profondi , sia derivanti direttamente dalle attivita industriali delle fabbriche Pertusola sud e Montedison sia connessi proprio allo smaltimento dei relativi rifiuti in discariche abusive o amare ."}
{"sentidx":124544,"lemma":"inquinamento","token":"inquinamento","start":22,"end":34,"sent":"Infatti non ce solo l inquinamento del depuratore Ricordiamo che l inceneritore di Trezzo sull Adda parlo di Trezzo perche si trova nella mia provincia , dove sono stato eletto e che rappresento , la provincia di Milano e stato costruito perche in Lombardia cisi e fatti carico dei problemi ."}
{"sentidx":94583,"lemma":"inquinamento","token":"inquinamento","start":313,"end":325,"sent":"Anche qui vogliamo segnare la differenza : noi pensiamo che questo sia occuparsi delle persone offese , che , soprattutto , per reati non gravi , hanno un interesse ad una riparazione che rischia di non essere soddisfatto nel processo penale oppure , volendo essere soddisfatto , rischia di essere un elemento di inquinamento del processo , se non ben gestito ."}
{"sentidx":70687,"lemma":"inquinamento","token":"inquinamento","start":385,"end":397,"sent":"Signor Presidente intervengo per conto del gruppo Partito Democratico sull emendamento in esame e sui due successivi , proposti dal gruppo Italia dei Valori che prevedono l attivazione di misure di monitoraggio e di rilevamento sui territori degli effetti ambientali di impianti di trattamento rifiuti e in particolare , di depuratori Desidero in primo luogo segnalare che le forme di inquinamento ambientale spesso si caratterizzano per esposizioni multiple , spesso a bassa concentrazione e ad elevata diffusione e variabilita spaziotemporale ."}
{"sentidx":18810,"lemma":"inquinamento","token":"inquinamento","start":278,"end":290,"sent":"Ci sono territori in Campania avvelenati che necessitano oggi di bonifiche e una risposta seria della politica sarebbe quella di prevedere stanziamenti per bonificare quei territori e non far succedere quello che e successo a don Patricello quel parroco che ando a denunciare l inquinamento a Caivano e fu preso a parolacce dal prefetto di Napoli Allora piuttosto che seguire la linea del prefetto di Napoli quando ci sono queste prese di posizione della chiesa che addirittura ha una posizione sostitutiva e suppletiva rispetto alla politica , in questa occasione , in sede parlamentare , la politica faccia il suo mestiere bene , intervenendo non solo per la sistemazione del territorio , ma per le bonifiche in Campania nel Mezzogiorno d Italia e in tanti paesi d"}
{"sentidx":112081,"lemma":"inquinamento","token":"inquinamento","start":79,"end":91,"sent":"Con questa proposta di legge si vuole metter mano alla radice dei problemi : l inquinamento e il consumo energetico ."}
{"sentidx":192905,"lemma":"inquinamento","token":"inquinamento","start":329,"end":341,"sent":"Porto ad esempio una situazione emblematica come quella dell \u2019 inquinamento registrato nella Valle del Sacco a cavallo tra la provincia di Roma e quella di Frosinone in cui furono stanziati all \u2019 inizio dieci milioni per risarcire l agricoltura ela pastorizia e poi altri dieci milioni per studiare la profondita del fenomeno di inquinamento e per cominciare a progettare i primi interventi ."}
{"sentidx":192905,"lemma":"inquinamento","token":"inquinamento","start":63,"end":75,"sent":"Porto ad esempio una situazione emblematica come quella dell \u2019 inquinamento registrato nella Valle del Sacco a cavallo tra la provincia di Roma e quella di Frosinone in cui furono stanziati all \u2019 inizio dieci milioni per risarcire l agricoltura ela pastorizia e poi altri dieci milioni per studiare la profondita del fenomeno di inquinamento e per cominciare a progettare i primi interventi ."}
{"sentidx":241172,"lemma":"inquinamento","token":"inquinamento","start":910,"end":922,"sent":"Con il nostro dispositivo , come Alleanza per l Italia abbiamo chiesto al Governo di impegnarsi ad attuare operazioni di bonifica , messa in sicurezza e risanamento ambientale dei siti inquinati , per garantire la salubrita delle acque e dei terreni ela tutela della salute ; a farsi che gli interventi di bonifica ed il ripristino ambientale privilegino il ricorso a tecnologie innovative , nell \u2019 ottica di una maggiore sostenibilita ambientale ; a prevedere un riordino della materia per quanto riguarda gli aspetti normativi ed organizzativi , oltre che per quel che riguarda risorse disponibili anche nel senso di un possibile recupero del tessuto industriale ed economico dei territori interessati ; a predisporre azioni finalizzate a prevenire tali fenomeni attraverso una rete piu efficace di controlli ela previsione di sanzioni piu gravi per coloro che si rendono responsabili delle diverse forme di inquinamento ; a fissare tempi certi nella realizzazione e conclusione delle procedure di bonifica e messa in sicurezza ed eventuale riconversione e industrializzazione dei terreni interessati ; a promuovere azioni per la riqualificazione economica e sociale dei siti industriali contaminati , la cui valorizzazione risulta strategica sia per la tutela dell \u2019 ambiente sia per l economia nazionale ."}
{"sentidx":10662,"lemma":"inquinamento","token":"inquinamento","start":322,"end":334,"sent":"Preciso che anche su questo aspetto intendiamo intervenire , perche in sede di discussione nelle Commissioni riunite e stata ribadita la preoccupazione per un \u2019 eccessiva facilita con cui i beni potessero essere destinati attraverso la vendita nuovamente al mercato , soprattutto in quei contesti dove , purtroppo , per l inquinamento che caratterizza certe operazioni , gli stessi potrebbero finire per essere utilizzati nuovamente dalla criminalita oper essere acquistati con denaro proveniente da illeciti di carattere penale ."}
{"sentidx":199354,"lemma":"inquinamento","token":"inquinamento","start":126,"end":138,"sent":"L impianto fondamentale della Convenzione ricalca quello della Convenzione del 1969 sulla responsabilita civile conseguente a inquinamento marino provocato da petroliere , e come questa prevede la necessita di una copertura assicurativa obbligatoria a carico del proprietario registrato di una nave ."}
{"sentidx":175740,"lemma":"inquinamento","token":"inquinamento","start":205,"end":217,"sent":"Ma se gli altri siti devono arrangiarsi , benissimo , datemi tutta l autonomia per risolvere i problemi , datemi l autonomia e le risorse finanziarie : ci teniamo le tasse e risolviamo tutti i problemi di inquinamento nelle nostre zone ."}
{"sentidx":70692,"lemma":"inquinamento","token":"inquinamento","start":66,"end":78,"sent":"La complessita dello studio della relazione tra rischi sanitari e inquinamento ambientale comporta sempre piu la necessita di apporti che siano multidisciplinari e di politiche integrate tra i diversi settori ."}
{"sentidx":205690,"lemma":"inquinamento","token":"inquinamento","start":75,"end":87,"sent":"Vi e inoltre una terza grave conseguenza di carattere economico , perche l inquinamento delle acque allontana il turismo e preclude le opportunita di sviluppo ad esso legate che da sole rappresentano una voce vitale per l economia , in particolare del Mezzogiorno Io sono campana e sono stata eletta nella mia regione , questa non ela sede per affrontare questa situazione specifica perche l interpellanza si colloca in un contesto piu generale e perche della vicenda campana stiamo gia trattando in Commissione ambiente attraverso l esame di una mia risoluzione che entra piu nel dettaglio , pero , anche se in sintesi , sento il dovere di denunciare con forza in questa sede come proprio la Campania rappresenti un caso emblematico di quanto ho detto ."}
{"sentidx":236310,"lemma":"inquinamento","token":"inquinamento","start":31,"end":43,"sent":"Allora si parla anche tanto di inquinamento e si parla del Protocollo di Kyoto Cosa viene fatto ?"}
{"sentidx":272552,"lemma":"inquinamento","token":"inquinamento","start":432,"end":444,"sent":"Signor Presidente onorevole Ministro onorevoli colleghi , questo provvedimento al nostro esame ha l importante finalita di contrastare il gravissimo fenomeno della corruzione che in Italia si aggira , secondo stime ormai note della Corte dei conti , in valori prossimi ai 60 miliardi , e che costituisce un grave freno allo sviluppo e alla crescita secondo principi liberali di concorrenza e di merito oltre che un grave fattore di inquinamento della vita sociale e amministrativa ."}
{"sentidx":199355,"lemma":"inquinamento","token":"inquinamento","start":179,"end":191,"sent":"Un altra disposizione fondamentale della Convenzione in esame riguarda la possibilita , da essa prevista all \u2019 articolo 7 di presentare una richiesta di risarcimento per danni da inquinamento direttamente ad una compagnia assicurativa ."}
{"sentidx":218532,"lemma":"inquinamento","token":"inquinamento","start":108,"end":120,"sent":"Si tratta di una direttiva che prevede un aggiornamento di quelle precedenti sulla qualita dell \u2019 aria el \u2019 inquinamento atmosferico dovuto a metalli pesanti , e nuove attivita di misura relativamente ad un inquinante molto pericoloso , il particolato ultrasottile ."}
{"sentidx":124547,"lemma":"inquinamento","token":"inquinamento","start":314,"end":326,"sent":"Ora qualcuno vorrebbe raddoppiare l inceneritore di Trezzo non perche vi e un esigenza della provincia di Milano ma probabilmente perche vi e un esigenza di qualcuno altro che vuole smaltire , e quindi bruciare , i rifiuti , invece che a casa sua a casa di qualcuno altro con il costo maggiore e soprattutto con l inquinamento che va a gravare tutto sulla provincia dove viene poi portato il rifiuto ( Applausi dei deputati del gruppo Lega Nord Padania Noi non possiamo stare zitti di fronte a queste cose ."}
{"sentidx":37674,"lemma":"inquinamento","token":"inquinamento","start":90,"end":102,"sent":"E evidente che , in questo caso , ci troviamo di fronte ad un fatto straordinario , ad un inquinamento ambientale che coinvolge migliaia di persone ."}
{"sentidx":50943,"lemma":"inquinamento","token":"inquinamento","start":851,"end":863,"sent":"L Accordo gia approvato dal Senato tiene conto della salvaguardia dei reciproci interessi in termini di miglioramento delle capacita militari nel campo soprattutto tecnologico , ma anche industriale ed in conformita con gli obblighi assunti a livello internazionale , senza dimenticare che il Brasile e diventato in pochi anni uno dei principali partner , anche e soprattutto a livello economico e commerciale , dell \u2019 Italia I settori maggiormente rappresentativi di questa cooperazione \u2013 e bene ricordarlo , perche qualcuno forse lo ha dimenticato , sulla scia delle polemiche \u2013 riguardano la sicurezza ela politica di difesa , la ricerca e lo sviluppo , il supporto logistico , la condivisione delle esperienze di umanitarie che e una cosa che dovevamo approfondire in questo contesto del dibattito , le questioni ambientali ed il controllo dell \u2019 inquinamento causato dalle strutture militari , i servizi sanitari militari , formazione e addestramento , sport e storia militare ."}
{"sentidx":220375,"lemma":"inquinamento","token":"inquinamento","start":158,"end":170,"sent":"Signor Presidente la Camera e chiamata a ratificare l adesione dell \u2019 Italia alla Convenzione internazionale sulle responsabilita civili per i danni dovuti a inquinamento da combustibile delle navi ."}
{"sentidx":144832,"lemma":"inquinamento","token":"inquinamento","start":164,"end":176,"sent":"I fondi che vengono recuperati per la bonifica del sito di Taranto attualmente , vengono presi dal Fondo Kyoto Il Fondo Kyoto finanzia tutta la problematica dell \u2019 inquinamento e quindi , credo che andare a togliere e distogliere un finanziamento che riguarda proprio la stessa materia sia altresi non sbagliato , ma proprio compromissorio rispetto a quello che puo essere un minimo di politica ambientale di cui il nostro Paese si deve dotare ."}
{"sentidx":148280,"lemma":"inquinamento","token":"inquinamento","start":113,"end":125,"sent":"Se pero non insistiamo su questi provvedimenti il traffico veicolare continuera a contribuire notevolmente all \u2019 inquinamento atmosferico , rendendo sempre piu difficile il raggiungimento degli obiettivi che , come si e gia detto , l Europa sie prefissata ."}
{"sentidx":246188,"lemma":"inquinamento","token":"inquinamento","start":875,"end":887,"sent":"La linea Torino Lione e una componente essenziale di quel progetto europeo che ha come obiettivo la realizzazione di grandi direttrici ferroviarie che attraversano gli Stati membri dell \u2019 Unione Mi auguro quindi che la mozione presentata dal gruppo Lega Nord venga approvata in questa sede e auspico che il Governo dia seguito alle buone intenzioni dichiarate , procedendo tempestivamente alla realizzazione degli interventi previsti dal piano strategico per il territorio interessato dalla direttrice Torino Lione La linea Torino Lione risponde alle domande di tre tipi di trasporto ferroviario : il trasporto viaggiatori ad alta velocita connesso alle reti francesi e italiane , il trasporto tradizionale di merci el \u2019 autostrada ferroviaria per il trasporto di camion completi o solamente dei rimorchi su vagoni speciali , tutto questo con una notevole diminuzione dell \u2019 inquinamento atmosferico ."}
{"sentidx":112105,"lemma":"inquinamento","token":"inquinamento","start":241,"end":253,"sent":"Lo Stato ha poi l obbligo dell \u2019 adeguamento della norma statale a quella europea , che impone non solo la certificazione del risparmio energetico ma anche il raggiungimento in tempi rapidi di obiettivi comunitari ben definiti in materia di inquinamento atmosferico ."}
{"sentidx":118282,"lemma":"inquinamento","token":"inquinamento","start":362,"end":374,"sent":"I trasporti tranviari , soprattutto quelli che vengono gestiti bene , hanno una linea efficiente , hanno un armamento dei binari consono a quelli che sono gli ultimi ritrovati sotto l aspetto della ricerca e della produzione di elementi nuovi , che hanno poco impatto ecologico e hanno la capacita di far si che gli stessi tram siano silenziosi e producano poco inquinamento , soprattutto per quanto riguarda quelli elettrici ."}
{"sentidx":176006,"lemma":"inquinamento","token":"inquinamento","start":207,"end":219,"sent":"Signor Presidente nell evidenza assoluta della necessita che il diritto alla salute sia tutelato ela legge sia rispettata in tutto il Paese sottolineo come la questione dello stabilimento dell \u2019 Ilva e dell inquinamento del territorio del comune di Taranto rappresenti certamente un problema per tutta l Italia ma deve essere affrontato con la massima urgenza anche quello , ad esempio , di Porta Marghera e quello di Casale Monferrato perche rappresentano un problema di tutta Italia Applausi dei deputati del gruppo Lega Nord"}
{"sentidx":192465,"lemma":"inquinamento","token":"inquinamento","start":10,"end":22,"sent":"Infatti l inquinamento che ce e un residuo del passato ."}
{"sentidx":192429,"lemma":"inquinamento","token":"inquinamento","start":121,"end":133,"sent":"Fosse davvero , non tutti i mali vengono per nuocere , ma lo stabilimento dell \u2019 Ilva per rientrare nei parametri di non inquinamento e dunque , di sostenibilita , dovrebbe essere completamente adeguato Servono a poco le misure tampone , ma di pari passo dovrebbe essere avviata una revisione del modus operandi della classe dirigente , e parliamo tanto sul versante della proprieta quanto della politica nazionale e locale ."}
{"sentidx":186767,"lemma":"inquinamento","token":"inquinamento","start":669,"end":681,"sent":"Appare quindi , del tutto evidente ed improrogabile la necessita di avviare la costruzione del depuratore di Trani e degli altri due previsti a Bari ea Brindisi alfine di garantire alla regione un adeguato sistema di smaltimento di rifiuti che la metta al riparo da un eventuale \u00ab rischio Campania Tengo infatti , a sottolineare che , a fronte del divieto di costruzione di depuratori il piano del Commissario straordinario prevede la costruzione di nuove discariche o l ampliamento di quelle esistenti , motivo per il quale l allargamento ( gia iniziato ) nella citta di Trani della discarica ( tale citta ne ha una ) diventera ancora piu evidente , con il rischio di inquinamento e di disagio per i cittadini ."}
{"sentidx":290550,"lemma":"inquinamento","token":"inquinamento","start":40,"end":52,"sent":"Successivamente e stato accertato che l inquinamento , causato dallo smaltimento non controllato dei prodotti di lavorazione dell \u2019 industria chimica locale , era esteso anche ad una vasta area della Valle del Sacco raggiungendo nel corso degli anni anche il fiume ."}
{"sentidx":246860,"lemma":"inquinamento","token":"inquinamento","start":300,"end":312,"sent":"Sempre nel provvedimento , e prevista l emanazione da parte del Presidente del Consiglio dei ministri di un decreto , che dovrebbe dare la possibilita ai prefetti , che sono settorialmente competenti , di predisporre un elenco di fornitori e prestatori di servizi che non siano soggetti a rischio di inquinamento mafioso , ai quali possano rivolgersi gli esecutori dei lavori e le aziende ."}
{"sentidx":228999,"lemma":"inquinamento","token":"inquinamento","start":389,"end":401,"sent":"La nostra interpellanza urgente al Governo ha questo intento : il Governo deve finalmente dire alle popolazioni qual ela vera situazione in cui ci si trova , perche non si puo vivere in questo continuo timore che le attivita militari \u2013 in certi parti del territorio nazionale , in questo caso intorno al poligono interforze di Perdasdefogu siano gravemente pericolose e nocive , sia per l inquinamento ambientale dei terreni e delle piante , sia per i rischi di deformazione degli armenti , delle greggi , degli altri animali e siano pericolose per la salute dell \u2019 uomo ."}
{"sentidx":175737,"lemma":"inquinamento","token":"inquinamento","start":60,"end":72,"sent":"Noi abbiamo siti importanti nel nord , in cui vi e un forte inquinamento e su cui il Governo deve ancora dare risposte : non dico risposte sotto il profilo economico , ma nel limite temporale di come agire e cosa fare Pertanto crediamo che , con la soppressione di questo articolo , si debba fare giustizia su una discriminante determinata dal provvedimento e che fa differenza , ancora una volta e sempre di piu , tra situazioni consolidate al sud e al"}
{"sentidx":24867,"lemma":"inquinamento","token":"inquinamento","start":238,"end":250,"sent":"Credo che comunque , da parte di chi avanza critiche di questo tipo , basterebbe in fondo rafforzare i controlli ambientali sugli inceneritori e sulle discariche , rendendo accessibile la conoscenza dei dati di questo monitoraggio sull \u2019 inquinamento e sulla salute ."}
{"sentidx":145938,"lemma":"inquinamento","token":"inquinamento","start":251,"end":263,"sent":"Tuttavia il fatto che siamo tutti d accordo , lo dico al rappresentante del Governo aumenta la vostra responsabilita el \u2019 esigenza di risposte concrete e di un indagine che riguarda anche il funzionamento degli uffici consolari troppo spesso fonte di inquinamento , anziche fonte di prestigio del nostro Paese all estero con riferimento a questa specifica vicenda ea questo specifico procedimento elettorale ( Applausi dei deputati del gruppo Italia dei"}
{"sentidx":200999,"lemma":"inquinamento","token":"inquinamento","start":353,"end":365,"sent":"Allora noi chiediamo al Governo di riferire immediatamente in Parlamento per sapere se intenda impegnare e attivare le piu autorevoli istituzioni scientifiche del nostro Paese come il CNR el \u2019 Istituto superiore di sanita , per monitorare , studiare il territorio e capire quali conseguenze sanitarie sulla salute dei cittadini possa aver prodotto tale inquinamento e come per il futuro , questa grave emergenza debba essere fronteggiata ."}
{"sentidx":298198,"lemma":"inquinamento","token":"inquinamento","start":124,"end":136,"sent":"Noi dobbiamo difendere sia il diritto alla salute , che e sacrosanto ( neanche uno deve morire per questioni di lavoro e di inquinamento ) , ma allo stesso tempo abbiamo il dovere di sostenere anche il diritto al lavoro ."}
{"sentidx":45705,"lemma":"inquinamento","token":"inquinamento","start":138,"end":150,"sent":"Ai fini della designazione delle zone vulnerabili da nitrati , deve , a nostro avviso , essere svolta un \u2019 analisi plurima delle fonti di inquinamento , non solo il carico del settore zootecnico , ma anche il trattamento delle acque reflue dei depuratori ela ricognizione degli scarichi industriali"}
{"sentidx":149864,"lemma":"inquinamento","token":"inquinamento","start":147,"end":159,"sent":"Faccio presente inoltre che al comune di Ronciglione il direttore tecnico e logistico di Interforze ha precisato che non esiste correlazione tra l inquinamento del sito militare e quello del lago , in quanto il superamento del valore di soglia per l arsenico , di poche parti per milione , presso il sito militare non puo giustificare l alta concentrazione rinvenuta nel sedime al centro del lago ."}
{"sentidx":199369,"lemma":"inquinamento","token":"inquinamento","start":42,"end":54,"sent":"Le domande di risarcimento per i danni da inquinamento oggetto della Convenzione possano essere proposte contro l assicuratore , il quale puo avvalersi di mezzi di difesa spettanti al proprietario , ivi incluso il diritto di limitazione di responsabilita ovvero , qualora tale ultimo diritto non spetti al proprietario , puo chiedere di limitare la propria responsabilita all \u2019 ammontare dell \u2019 assicurazione o della garanzia prestata ."}
{"sentidx":246197,"lemma":"inquinamento","token":"inquinamento","start":567,"end":579,"sent":"Anche se puo sembrare ultroneo rispetto alla discussione generale , vale la pena comunque ricordare in maniera sintetica quelli che possono essere e che sono senza dubbio i benefici di un \u2019 opera si complessa e comunque necessaria , che vanno dal drastico abbattimento dei costi di percorrenza complessivi , si stima di circa la meta di quello che sara il percorso da effettuare rispetto al percorso originario , l implementazione delle modalita di trasporto ferroviario rispetto , e quindi a scapito , di quel trasporto su gomma che aumenta senza dubbio i valori di inquinamento e quindi , di converso , un drastico abbassamento di quelli che sono i valori di inquinamento sia acustico che ambientale ."}
{"sentidx":246197,"lemma":"inquinamento","token":"inquinamento","start":661,"end":673,"sent":"Anche se puo sembrare ultroneo rispetto alla discussione generale , vale la pena comunque ricordare in maniera sintetica quelli che possono essere e che sono senza dubbio i benefici di un \u2019 opera si complessa e comunque necessaria , che vanno dal drastico abbattimento dei costi di percorrenza complessivi , si stima di circa la meta di quello che sara il percorso da effettuare rispetto al percorso originario , l implementazione delle modalita di trasporto ferroviario rispetto , e quindi a scapito , di quel trasporto su gomma che aumenta senza dubbio i valori di inquinamento e quindi , di converso , un drastico abbassamento di quelli che sono i valori di inquinamento sia acustico che ambientale ."}
{"sentidx":88279,"lemma":"inquinamento","token":"inquinamento","start":101,"end":113,"sent":"Infine da sottolineare el \u2019 applicabilita anche delle modifiche alle restrizioni volte a contenere l inquinamento acustico per i rumori causati all \u2019 interno delle aree urbane dove ci sono gli aeroporti ."}
{"sentidx":68261,"lemma":"inquinamento","token":"inquinamento","start":100,"end":112,"sent":"Si rende , quindi , urgente preservare l area dalle vibrazioni causate dalle esercitazioni , dall \u2019 inquinamento acustico ( che disturba non solo i tanti visitatori della zona , ma anche coloro che abitano nelle vicinanze ) e dal passaggio di mezzi militari , che mettono anche a repentaglio la solidita della strada che conduce a Punta Bianca che ha un valore inestimabile dal punto di vista paesaggistico ."}
{"sentidx":274813,"lemma":"inquinamento","token":"inquinamento","start":126,"end":138,"sent":"Soltanto insistendo nell \u2019 impiego di nuove tecnologie possiamo fornire una risposta concreta ed efficace alla lotta contro l inquinamento ambientale ."}
{"sentidx":160998,"lemma":"inquinamento","token":"inquinamento","start":301,"end":313,"sent":"Il testo unificato sul quale , ripeto , dopo un affannoso e lunghissimo iter in Commissione siamo riusciti a raggiungere l unanimita , e diretto ad incentivare luso del metano , specie nelle grandi aree metropolitane , nelle aree a rischio di superamento dei valori limite e delle soglie d allarme di inquinamento sulla rete autostradale ."}
{"sentidx":161003,"lemma":"inquinamento","token":"inquinamento","start":344,"end":356,"sent":"Il provvedimento che ci accingiamo a votare ha come obiettivo quello di incentivare l impiego del metano per l autotrazione , non solo per il suo ridotto impatto ambientale , ma anche per la sicurezza intrinseca nel suo utilizzo , con evidenti benefici , specie nelle grandi aree metropolitane e nelle zone al limite delle soglie di allarme di inquinamento ."}
