{"sentidx":21044,"lemma":"attentato","token":"attentato","start":20,"end":29,"sent":"Sarebbe il peggiore attentato agli interessi delle nuove generazioni ."}
{"sentidx":278624,"lemma":"attentato","token":"attentati","start":214,"end":223,"sent":"nel sollecitare ulteriori informazioni in merito alle persone indagate , di cui danno notizia alcuni organi di stampa , evidenzia la forte preoccupazione delle popolazioni delle zone maggiormente interessate dagli attentati"}
{"sentidx":238943,"lemma":"attentato","token":"attentati","start":63,"end":72,"sent":"Infatti proprio nella Locride noi abbiamo assistito a numerosi attentati contro le istituzioni scolastiche e contro i capi d istituto che intendevano far rispettare la legalita e anche impartire lezioni di legalita ."}
{"sentidx":252365,"lemma":"attentato","token":"attentato","start":33,"end":42,"sent":"Quello che voi ci proponete e un attentato ai diritti garantiti dalla Costituzione italiana ai cittadini italiani ."}
{"sentidx":226843,"lemma":"attentato","token":"attentato","start":46,"end":55,"sent":"Contro il perpetuarsi ela continuazione di un attentato alla Costituzione che vede coinvolto un parlamentare della Repubblica non posso fare altro che cercare di difendere non la mia persona , ma il deputato , il parlamentare della Repubblica Ho quindi la necessita di ottenere risposte a queste interrogazioni particolarmente delicate ."}
{"sentidx":195892,"lemma":"attentato","token":"attentato","start":175,"end":184,"sent":"Anche rispetto al ruolo del singolo parlamentare che e stato richiamato nella discussione soprattutto ieri sera dai colleghi di alleanza nazionale , dove in questa proposta l attentato ai diritti del singolo parlamentare ?"}
{"sentidx":128768,"lemma":"attentato","token":"attentato","start":11,"end":20,"sent":"E questo l attentato alla sicurezza nazionale ?"}
{"sentidx":287460,"lemma":"attentato","token":"attentati","start":143,"end":152,"sent":"Sottosegretario di Stato per gli affari esteri , sottolinea l importanza dell \u2019 Accordo in esame ai fini di una piu efficace prevenzione degli attentati realizzati facendo uso di materiale esplosivo ."}
{"sentidx":201279,"lemma":"attentato","token":"attentato","start":86,"end":95,"sent":"Tale attribuzione e pericolosa dal punto di vista concettuale , perche rappresenta un attentato all ' ordinamento giuridico perpetrato attraverso la possibilita per l esecutivo di esercitare un potere autonomo e discrezionale senza ne limiti , ne contorni , ne paletti ."}
{"sentidx":195377,"lemma":"attentato","token":"attentati","start":14,"end":23,"sent":"Ho parlato di attentati contro i diritti politici dei cittadini ."}
{"sentidx":306553,"lemma":"attentato","token":"attentato","start":176,"end":185,"sent":"Qualcuno ha detto che l Unione slovena ha fatto pressione sul parlamento sloveno perche vi fosse una sollecitazione nei confronti di quello italiano e cioe stato visto come un attentato alla sovranita nazionale ."}
{"sentidx":69201,"lemma":"attentato","token":"attentato","start":116,"end":125,"sent":"esorta a reagire con durezza e determinazione all \u2019 iniziativa del presidente Storace che rappresenta un gravissimo attentato alla liberta di insegnamento nonche il tentativo di delegittimare il fondamento stesso della Repubblica e della Costituzione Sottolinea quindi il rischio derivante da impostazioni di stampo fascista che esaltano l intolleranza e sono funzionali all \u2019 obiettivo di sottoporre a controllo l attivita degli insegnanti ."}
{"sentidx":7506,"lemma":"attentato","token":"attentato","start":179,"end":188,"sent":"Naturalmente resta da parte nostra la costante e continua vigilanza non soltanto in relazione alla situazione in Cile ma a qualsiasi situazione democratica , contro ogni forma di attentato ai diritti politici ed umani ."}
{"sentidx":109459,"lemma":"attentato","token":"attentati","start":127,"end":136,"sent":"ribadita la richiesta , gia rivolta in altra occasione alla Presidenza di invitare il ministro dell \u2019 interno a riferire sugli attentati incendiari avvenuti di recente nell \u2019 Italia Nord orientale , sollecita la risposta ad un atto di sindacato ispettivo da lui presentato ."}
{"sentidx":298715,"lemma":"attentato","token":"attentato","start":26,"end":35,"sent":", partecipo in Napoli all attentato ove venne ucciso il Dirigente della locale Squadra Mobile Dr Ammaturo senza che l avere sfiorato la morte avesse provocato in lei alcuna resipiscenza ."}
{"sentidx":209562,"lemma":"attentato","token":"attentato","start":5,"end":14,"sent":"E un attentato alla"}
{"sentidx":278698,"lemma":"attentato","token":"attentati","start":76,"end":85,"sent":"Nella tabella del positivo possiamo inserire la lieve entita di questi vili attentati , nonche l inesistenza di connotazioni eversive e di collegamenti di tipo terroristico ; vorrei soprattutto sottolineare con soddisfazione le particolari forme di coordinamento investigativo , organizzate presso ciascuna delle procure della Repubblica interessate , tra questura e nuclei investigativi dell \u2019 Arma dei carabinieri ."}
{"sentidx":13726,"lemma":"attentato","token":"attentato","start":77,"end":86,"sent":"In base agli esiti della controinchiesta , le brigate rosse conclusero che l attentato di piazza Fontana era stato opera degli anarchici e per una valutazione politica , decisero di non divulgare il contenuto di questa controinchiesta ."}
{"sentidx":160277,"lemma":"attentato","token":"attentato","start":172,"end":181,"sent":"Il problema della sicurezza viene avvertito dal cittadino certamente in rapporto all ' incubo della minaccia camorristica , ma anche nella sua quotidianita per il continuo attentato che viene perpetrato soprattutto nei confronti dei piu deboli , dei meno protetti , cioe dei cittadini che si recano a riscuotere la pensione odi quelli che debbono percorrere tranquillamente le strade ( mi riferisco alle donne ed agli uomini che debbono adempiere ai propri doveri e alle proprie necessita quotidiane ) ."}
{"sentidx":278620,"lemma":"attentato","token":"attentati","start":70,"end":79,"sent":"Sottosegretario di Stato per l interno , richiamata la dinamica degli attentati dinamitardi realizzati in Veneto ed in Friuli Venezia Giulia dal cosiddetto Unabomber oda eventuali complici e simulatori , informa che sono state adottate misure di carattere preventivo ed e stato costituito un gruppo di lavoro della polizia scientifica con il compito di analizzare le informazioni acquisite dagli organi investigativi ; da quindi conto della predisposizione di un programma elettronico finalizzato ad elaborare un \u2019 utile correlazione dei dati , che ha offerto rilevanti spunti investigativi , sui quali ritiene di dover mantenere il necessario riserbo ."}
{"sentidx":59266,"lemma":"attentato","token":"attentato","start":85,"end":94,"sent":"Non saremo dunque presenti a questo voto per esprimere una fortissima protesta per l attentato che il Governo ponendo la questione di fiducia , fa alle prerogative primarie e sovrane del Parlamento in materia legislativa e specialmente su questo decreto che tutta l opposizione ( ho sentito le parole del collega Dozzo considera negativo ."}
{"sentidx":258520,"lemma":"attentato","token":"attentato","start":221,"end":230,"sent":"E evidente che il Governo non sottovaluta affatto la preoccupante gravita di questo attentato , gravita che deriva sia dallo spessore politico e professionale della personalita colpita , sia dalle modalita con le quali l attentato e stato portato a termine ."}
{"sentidx":258520,"lemma":"attentato","token":"attentato","start":84,"end":93,"sent":"E evidente che il Governo non sottovaluta affatto la preoccupante gravita di questo attentato , gravita che deriva sia dallo spessore politico e professionale della personalita colpita , sia dalle modalita con le quali l attentato e stato portato a termine ."}
{"sentidx":178598,"lemma":"attentato","token":"attentati","start":166,"end":175,"sent":"Penso di interpretare anche il pensiero del collega Palma perche anche il vicesindaco di Reggio Calabria dottor Naccari per ben due volte ha subito nei giorni scorsi attentati ai propri beni ed anche alla propria persona ."}
{"sentidx":159244,"lemma":"attentato","token":"attentati","start":4,"end":13,"sent":"Gli attentati a danno degli amministratori sono stati consumati , infatti , in un contesto temporale diverso , ma sono certamente avvinti in un unico disegno criminoso ."}
{"sentidx":220179,"lemma":"attentato","token":"attentato","start":109,"end":118,"sent":"Si e verificato un secondo momento , quello della revoca della sede legislativa , che abbiamo considerato un attentato ai tempi che dovevano essere non celeri ma prudenti e responsabili e quindi maturi per poter definire il contesto ."}
{"sentidx":178597,"lemma":"attentato","token":"attentati","start":236,"end":245,"sent":"Signor Presidente vorrei sollecitarela risposta ad alcune mie interrogazioni relative alla situazione dell \u2019 ordine pubblico che si e determinata nella citta di Reggio Calabria dove esponenti di partito ed amministratori stanno subendo attentati e sono oggetto di continue azioni criminali ."}
{"sentidx":68897,"lemma":"attentato","token":"attentato","start":35,"end":44,"sent":"Non occorreva tuttavia attendere l attentato a Bettin anche se si tratta di un esponente politico di rilievo a livello locale , perche l attenzione degli organi responsabili venisse richiamata sui problemi denunciati dal prosindaco ed evocati piu specificamente dall ' interpellante e dall onorevole Paissan Da tempo , infatti , la prefettura di Venezia svolge a livello locale il ruolo istituzionale che le e proprio , quale polo propulsore di iniziative sia a livello di ordine pubblico , in stretta intesa con gli organi operativi di polizia , sia a livello sociale ed istituzionale , in raccordo con gli enti locali egli organismi di promozione umana e di volontariato che operano sul territorio ."}
{"sentidx":232846,"lemma":"attentato","token":"attentato","start":291,"end":300,"sent":"Mentre infatti i primi due periodi della questione pregiudiziale vengono riferiti al cosiddetto secondo regime , esprimendo soprattutto la preoccupazione di un \u2019 invadenza del ruolo delle organizzazioni sindacali nel ruolo dei proprietari , tuttavia poi , nel terzo periodo , si individua l attentato alla libera disponibilita della proprieta privata nella riduzione appunto della disponibilita , laddove il testo della proposta di legge , semmai , prevede contratti di durata ben piu ridotta proprio nell \u2019 ambito del secondo regime ."}
{"sentidx":300209,"lemma":"attentato","token":"attentati","start":79,"end":88,"sent":"Vi e anche il caso del giornalista Gioacchino Sacca a Gioia Tauro bersaglio di attentati e atti intimidatori , quindi il problema riguarda anche il mondo dell \u2019 informazione e della cultura ."}
{"sentidx":225900,"lemma":"attentato","token":"attentato","start":415,"end":424,"sent":"E stato anche sottolineato come durante lo svolgimento dell ' udienza di giugno non si siano verificate particolari turbative allo svolgimento ordinario della vita civile e come con una piu capillare e tempestiva opera di sensibilizzazione verra garantito il piu ordinato e sicuro svolgimento del processo , anche per il rilievo che la sua celebrazione riveste per la citta di Firenze cosi duramente colpita dall ' attentato del 1993 Quanto all ipotesi avanzata dall ' interrogante di utilizzare sistemi di videoconferenza per la celebrazione del processo , il Ministero di grazia e giustizia ha dotato recentemente l aula bunker di sofisticate apparecchiature di videoregistrazione del"}
{"sentidx":208319,"lemma":"attentato","token":"attentati","start":23,"end":32,"sent":"Anche l alto numero di attentati e morti per mafia che si registrano in quella citta , in quei territori sono segnali evidenti di una pessima amministrazione comunale ."}
{"sentidx":208905,"lemma":"attentato","token":"attentato","start":141,"end":150,"sent":"Va poi rilevato che il tema oggetto del provvedimento censurato , per il suo riferimento ad un evento di straordinaria rilevanza storica ( l attentato di via Rasella ancora cos\u0131 drammaticamente vivo nella coscienza collettiva del nostro popolo , non poteva non suscitare , come era del resto naturale e forse anche inevitabile , significative e motivate reazioni di approvazione odi disapprovazione , rispetto alle quali riesce difficile negare la natura essenzialmente storica e politica insieme ."}
{"sentidx":33895,"lemma":"attentato","token":"attentato","start":421,"end":430,"sent":"Spettera all autorita giudiziaria definire profili e responsabilita penali gia attraverso il processo per direttissima , fissato per il giorno 21 presso la Corte di assise di Venezia e quindi attraverso sviluppi delle indagini che stanno gia conducendo a risultati per quel che riguarda l esistenza ed il finanziamento di una rete associativa clandestina con finalita di contestazione delle istituzioni repubblicane e di attentato alle leggi e all ordine pubblico ."}
{"sentidx":245722,"lemma":"attentato","token":"attentato","start":176,"end":185,"sent":"Concludo affermando soltanto cheoggi alleanza nazionale e convinta che la maggioranza di questo Parlamento perfare contento il ministro Berlinguer compira il vero e definitivo attentato alla qualita dei nostri sistemi d istruzione e di formazione ; oggi verra sancito il disprezzo della nostra cultura storica e della nostra tradizione ; oggi verra creata una scuola che lascera ancora piu soli i nostri giovani ."}
{"sentidx":68758,"lemma":"attentato","token":"attentati","start":582,"end":591,"sent":"Rispondo congiuntamente ai singoli specifici quesiti sulla base degli accertamenti disposti dal capo della polizia e dal prefetto di Reggio Calabria La situazione dell ' ordine e della sicurezza pubblica nella citta e nell intera provincia di Reggio Calabria e oggetto di profonda attenzione del dipartimento della pubblica sicurezza , anche per l andamento sfavorevole dei fenomeni criminali che , nell ' anno appena trascorso , ha manifestato un aumento dei tentati omicidi , delle rapine , dei reati contro il patrimonio , a fronte di una lieve diminuzione degli omicidi e degli attentati dinamitardi ."}
{"sentidx":278710,"lemma":"attentato","token":"attentati","start":72,"end":81,"sent":"Ricordo inoltre che si tratta di aree che sono state gia oggetto di due attentati molto pericolosi ."}
{"sentidx":66590,"lemma":"attentato","token":"attentato","start":260,"end":269,"sent":"Dai servizi segreti al Capo dello Stato ai ministri , ai Presidenti della Camera e del Senato sono state rilasciate dichiarazioni irresponsabili , senza aver prima ascoltato gli organi inquirenti che avevano immediatamente dichiarato che non si trattava di un attentato a Diliberto Chi sostiene il contrario fa bassa e vergognosa speculazione politica ( Applausi dei deputati del gruppo di Alleanza nazionale ) !"}
{"sentidx":208274,"lemma":"attentato","token":"attentati","start":99,"end":108,"sent":"Cio riguarda anche le forze dell \u2019 ordine : i carabinieri , per esempio , vengono fatti oggetto di attentati ( penso a Marina di Gioiosa a Locri a Roccella Certamente vie un disagio sociale , ma esiste anche una strategia criminale che viene portata avanti per terrorizzare le popolazioni e per impedire che cio che di buono sta maturando nella nostra realta possa esprimersi in maniera compiuta ."}
{"sentidx":166014,"lemma":"attentato","token":"attentato","start":41,"end":50,"sent":"esprime totale e convinta condanna per l attentato terroristico subito dalla redazione de Il Manifesto ribadendo l assoluta contrarieta del gruppo di Alleanza nazionale a qualsiasi forma di partecipazione violenta alla vita politica e sociale ."}
{"sentidx":165645,"lemma":"attentato","token":"attentati","start":328,"end":337,"sent":"In definitiva , si vuole sapere quali iniziative abbia assunto e intenda assumere il Governo per garantire la legalita ela sicurezza di tutti i cittadini nella provincia di Reggio Calabria e come sul terreno delle attivita economiche , si possano tutelare gli imprenditori dalle estorsioni , dagli atti di intimidazione , dagli attentati ; come si possa garantire maggiore sicurezza alle imprese sane che cercano di investire , contribuendo all \u2019 occupazione ed allo sviluppo ."}
{"sentidx":59000,"lemma":"attentato","token":"attentato","start":105,"end":114,"sent":"Chiusa questa parentesi , credo che il discorso generale non possa non sottolineare , in questa fase , l attentato ai diritti di democrazia e al Parlamento chesi sta attuando ."}
{"sentidx":68718,"lemma":"attentato","token":"attentati","start":36,"end":45,"sent":"La sede comunale e stata oggetto di attentati , di devastazioni ."}
{"sentidx":239005,"lemma":"attentato","token":"attentati","start":157,"end":166,"sent":"Un ulteriore focolaio criminale e localizzato nella zona di Scicli dove opera il clan Ruggieri evidenziato negli ultimi tempi per il sensibile incremento di attentati incendiari e perle richieste estorsive in danno di operatori economici locali ."}
{"sentidx":233898,"lemma":"attentato","token":"attentati","start":98,"end":107,"sent":"Le direttive prevedono inoltre , in relazione alle gravi conseguenze istituzionali e ad eventuali attentati o aggressioni determinati ad altissime personalita , che le misure di scorta e vigilanza vengano comunque attivate a favore di alcune tra le piu alte autorita istituzionali , politiche e giudiziarie tassativamente indicate nonche in favore dei segretari nazionali dei partiti le cui liste abbiano ottenuto rappresentanze in Parlamento Le misure di protezione adottate nei confronti di tali personalita cessano all \u2019 atto della scadenza del loro mandato , ad eccezione di quelle relative al Presidente del Consiglio dei ministri , dei ministri dell \u2019 interno e di grazia e giustizia , per la quale vengono proseguite , come servizi di tutela , per un anno dopo il termine del mandato ."}
{"sentidx":208160,"lemma":"attentato","token":"attentato","start":298,"end":307,"sent":"Quella strada , logicamente , dovrebbe condurre ad un ' ordinanza motivata che conclude un procedimento incidentale , nel quale gli elementi concreti da assumere in contraddittorio siano rappresentati per lo piu da deposizioni di agenti odi ufficiali di polizia giudiziaria che abbiano accertato l attentato alla genuinita dell ' esame dell ' imputato ."}
{"sentidx":146739,"lemma":"attentato","token":"attentato","start":99,"end":108,"sent":"esprime la solidarieta del gruppo di Forza Italia ai deputati della Lega nord Padania per il grave attentato causato ringraziando altresi la Presidenza per aver tempestivamente interessato il"}
{"sentidx":79923,"lemma":"attentato","token":"attentato","start":210,"end":219,"sent":"Tale fantasma , peraltro , ha avuto nella storia patria anche qualche fattezza materiale , come dimostra la vicenda legata al nome di Bava Beccaris o in anni piu recenti , la repressione dei moti seguiti all \u2019 attentato a Togliatti Tuttavia aldi fuori di tale discussione e delle polemiche politiche che l hanno alimentata , esistono argomenti che hanno sostenuto una riflessione sulla possibile riforma della leva obbligatoria ."}
{"sentidx":331739,"lemma":"attentato","token":"attentato","start":148,"end":157,"sent":"Cio sarebbe stato in spregio alla Costituzione ma poiche stiamo dibattendo di garanzie difensive e riconosciute dalla Costituzione sarebbe stato un attentato contro i diritti fondamentali dell \u2019 uomo ."}
{"sentidx":98449,"lemma":"attentato","token":"attentato","start":183,"end":192,"sent":"Ci saremmo attesi che l onorevole D Alema non piu pressato , come il suo predecessore , dalle pretese demagogiche di rifondazione comunista avesse provato a dissipare il timore di un attentato all \u2019 autonomia della banca centrale e di una violazione del divieto , divenuta di rango costituzionale con la sottoscrizione del Trattato di Maastricht di finanziamenti del tesoro a carico della banca ."}
{"sentidx":209563,"lemma":"attentato","token":"attentato","start":27,"end":36,"sent":"Onorevole Armaroli none un attentato alla Costituzione in quanto la delega e espressamente prevista dalla stessa Costituzione e una prerogativa del Parlamento concederla ."}
{"sentidx":218795,"lemma":"attentato","token":"attentato","start":40,"end":49,"sent":"Questo era il contesto in cui avvenne l attentato in via Rasella quell ' azione partigiana , quell ' atto legittimo di guerra contro l invasore straniero ."}
{"sentidx":269444,"lemma":"attentato","token":"attentato","start":89,"end":98,"sent":"Quando poi in presenza di simili comportamenti , si arriva a lamentare un vero e proprio attentato alla democrazia , il risultato - checche ne dica l onorevole Selva e molto vicino al ridicolo ."}
{"sentidx":208234,"lemma":"attentato","token":"attentato","start":354,"end":363,"sent":"Ho l onore di essere stato uno dei primi a presentare l interpellanza insieme al collega Aloi all alba degli avvenimenti che avevano preoccupato la citta e che hanno messo noi , uomini civili , sempre enei confronti di tutti quanti , di qualsiasi forza politica , nella condizione di essere a fianco di un pubblico amministratore oggetto di un vigliacco attentato alla sua residenza ed oggetto altresi di altrettante vigliacche intimidazioni verso la sua persona , a danno suo e dei suoi familiari , inermi e completamente estranei a qualsiasi vicenda politica ."}
{"sentidx":79486,"lemma":"attentato","token":"attentato","start":182,"end":191,"sent":"Sottosegretario di Stato per l interno , informa che , nonostante sulle risultanze investigative sia mantenuto un doveroso riserbo , sta prendendo corpo l ipotesi secondo la quale l attentato potrebbe essere collegato ad intenti estorsivi o estorsivi nei confronti del titolare dell \u2019 esercizio commerciale teatro della vicenda ; assicura quindi l impegno delle forze dell \u2019 ordine dislocate nella provincia di Udine e ricorda che il Ministero dell interno ha assunto una serie di iniziative finalizzate ad elevare il livello di sicurezza nelle aree urbane ."}
{"sentidx":285696,"lemma":"attentato","token":"attentati","start":288,"end":297,"sent":"Il ricorso , anche in quel caso , allo strumento dell ' intervento di protezione civile per la semplificazione di tutte le procedure consenti in tempi straordinariamente brevi il ripristino funzionale dei luoghi danneggiati el ' erogazione di provvidenze a favore delle vittime di quegli attentati ."}
{"sentidx":166012,"lemma":"attentato","token":"attentato","start":116,"end":125,"sent":"sottolineata la necessita di fare pienaluce sul recente rinvenimento di esplosivo nel duomo di Milano ritiene che l attentato odierno , che avrebbe potuto provocare vittime , sia stato realizzato con un chiaro intento terroristico di provocare una strage ."}
{"sentidx":91691,"lemma":"attentato","token":"attentati","start":160,"end":169,"sent":"Come i colleghi sanno , dalla fine degli anni cinquanta , per tutti gli anni sessanta e per una parte degli anni settanta abbiamo avuto una catena terribile di attentati prima alle cose e poi alle persone ."}
{"sentidx":165644,"lemma":"attentato","token":"attentati","start":191,"end":200,"sent":"Le interpellanze pongono il problema delle infiltrazioni criminali nelle attivita economiche di quest \u2019 area , con particolare riguardo al porto di Gioia Tauro e ricordano alcuni emblematici attentati incendiari , quale quello subito dalla Woodline di San Ferdinando e dall imprenditore Vito Lo Cicero Inoltre l onorevole Bova chiede quale sia il giudizio del Governo sulle dichiarazioni rese alla stampa nel novembre dello scorso anno dal procuratore della Repubblica di Locri che aveva parlato di un depotenziamento delle attivita di polizia , e poi da alcuni agenti del commissariato della Polizia di Stato di Bovalino che lamentavano lo smembramento del commissariato ."}
{"sentidx":301116,"lemma":"attentato","token":"attentato","start":42,"end":51,"sent":"Berlusconi ha presentato una denuncia per attentato alla Costituzione che pende davanti al tribunale di Brescia Mi sembra dunque che il dibattito politico sia ampio e che quindi le parole dell \u2019 onorevole Sgarbi siano ad esso collegate ( Applausi dei deputati del gruppo di forza"}
{"sentidx":11249,"lemma":"attentato","token":"attentato","start":132,"end":141,"sent":"Sottosegretario di Stato per l interno , rilevato che non sono finora emersi elementi oggettivi a sostegno della tesi secondo cui l attentato incendiario alla villa del signor Bruno sia da mettere in relazione alla sua volonta di candidarsi alla carica di sindaco di Siculiana condivide gli elementi di preoccupazione espressi anche in ordine al fatto che alla consultazione elettorale non ha partecipato , per mancanza di adesioni , alcuna lista dello schieramento di centrodestra ; nell \u2019 assicurare che le forze dell \u2019 ordine analizzeranno con la massima attenzione le cause che hanno determinato tale circostanza , osserva che non sono emersi elementi tali da indurre la regione Sicilia titolare della competenza esclusiva in materia , a disporre il rinvio delle elezioni comunali di"}
{"sentidx":285695,"lemma":"attentato","token":"attentati","start":173,"end":182,"sent":"A tutti immediatamente vennero in mente gli strumenti - ricordati poc anzi dall onorevole Napoli adottati dal Governo dell epoca per far fronte ai gravi danni causati dagli attentati terroristici a beni culturali di Firenze e di Roma di qualche anno fa e che effettivamente dettero prova di grande efficacia ."}
{"sentidx":119013,"lemma":"attentato","token":"attentato","start":423,"end":432,"sent":"Credo che quanti sopravvivono , tanti o pochi che siano , in questa fase della nostra storia , dopo aver partecipato alla guerra e alla Resistenza e quanti ancora sopravvivono dopo avere vissuto e praticato la stagione costituente o quanti , soprattutto , ne hanno vissuto ene vivono successivamente l intensa tensione ideale e civile , a partire dai nostri figli , debbano essere oggi in prima fila a respingere un simile attentato : riformare si , sovvertire no ( Applausi dei deputati del gruppo di rifondazione comunista - progressisti ) !"}
{"sentidx":110972,"lemma":"attentato","token":"attentato","start":320,"end":329,"sent":"Dunque se eccepiamo a noi stessi che non si possono modificare un punto ed una virgola di un provvedimento , poiche altrimenti il testo deve tornare all ' esame del Senato nel quale peraltro la maggioranza e ancora piu sicura che alla Camera dei deputati , allora dovete dirmi se non stiamo compiendo volontariamente un attentato gravissimo alla sovranita legislativa di entrambe le Camere e piu complessivamente alla possibilita che un ramo del Parlamento elimini storture , insufficienze , zone d ombra , con cio rinunciando persino agli aspetti positivi del bicameralismo ."}
{"sentidx":136401,"lemma":"attentato","token":"attentati","start":106,"end":115,"sent":"Infatti non solo perla citta di Torino ma per tutto il nostro paese , in un momento in cui forti sono gli attentati all ' unita nazionale ed a cioche di progressivo e di unitario e nato dalla storia recente del nostro paese e del nostro popolo , credo che anche i simboli , soprattutto quelli che incarnano la storia , le tradizioni , i sacrifici e le lotte di milioni di uomini per dare all ' Italia uno stato democratico , debbano essere testimonianza perenne per i cittadini e perle generazioni future delle radici del nostro paese e dell unita nazionale ."}
{"sentidx":309258,"lemma":"attentato","token":"attentato","start":16,"end":25,"sent":"Si tratta di un attentato alla libera espressione di un parlamentare e del Parlamento e quando il Parlamento e controllato , e meno libero e con esso e meno libero il paese ."}
{"sentidx":91254,"lemma":"attentato","token":"attentato","start":122,"end":131,"sent":"Certo la criminalita organizzata e una minaccia per la comunita , per la convivenza , ma e un fenomeno diverso , non e un attentato politico allo Stato nella sua integrita , pur se gravissimo ."}
{"sentidx":68867,"lemma":"attentato","token":"attentato","start":9,"end":18,"sent":"Il grave attentato perpetrato ai danni del sindaco di Locri Lombardo none che l ultimo tentativo di manifestare una criminale presenza che turba profondamente la pubblica opinione , i cittadini onesti e laboriosi di quelle zone ."}
{"sentidx":68688,"lemma":"attentato","token":"attentati","start":90,"end":99,"sent":"E il caso del comune di Seminara e del sindaco di tale comune , che sono stati oggetto di attentati intimidatori ."}
{"sentidx":238972,"lemma":"attentato","token":"attentati","start":187,"end":196,"sent":"La realta pero e che un imprenditore come Locicero a Villa San Giovanni e costretto a vivere in un modo che tutti conosciamo , che l azienda Saverio Zerbi di Gioia Tauro subisce continui attentati , e cos\u0131 via Quanto a Gioia Tauro un sottosegretario calabrese ha dichiarato che tutto cio che si e venuto a determinare dal punto di vista degli investimenti e delle iniziative rappresenta un fatto nuovo per Gioia Tauro perche per la prima volta non si registra la presenza della mafia ."}
{"sentidx":318565,"lemma":"attentato","token":"attentato","start":196,"end":205,"sent":"Tutto cio none e non puo piu apparire tollerabile , neanche a chi si ostina , strumentalmente a difendere tale esenzione contrabbandando l obbligo di redigere il rendiconto come un vero e proprio attentato alla liberta sindacale o addirittura , come e stato paventato dal relatore nella sua replica in sede discussione generale , come un pericolo serio di una trasformazione antidemocratica della societa : cos\u0131 signor Presidente onorevoli colleghi , in maniera scandalosamente mistificante , quanto palesemente e ovviamente al di fuori di ogni logica ermeneutica , e stato posto il problema dalla maggioranza , la quale impaurita e atterrita , si affida ad una comoda ma imbarazzante fuga e si rifiuta di intavolare un qualsiasi dialogo sulla questione ."}
{"sentidx":97014,"lemma":"attentato","token":"attentati","start":267,"end":276,"sent":"Nei primi anni ottanta , nel corso dell ' operazione in Libano si agi in un contesto delicato ; proprio in quel periodo , per fortuna , le nostre truppe andarono esenti da attacchi ma ci furono , per esempio , reparti , quelli degli Stati Uniti che furono oggetto di attentati drammatici , non dimentichiamoci Anche quella della Somalia fu una storia sicuramente di scontri militari ; vi sono state delle vittime tra i somali , un fatto questo che ci ha rattristato , ma vi furono anche vittime , come e stato ricordato , tra le nostre Forze armate ."}
{"sentidx":278622,"lemma":"attentato","token":"attentati","start":420,"end":429,"sent":"ringrazia il sottosegretario Brutti perle informazioni rese , pur non avendo apprezzato l ultima parte del suo intervento , atteso che la richiesta dell \u2019 odierna informativa trae origine dalla volonta di sollecitare il Governo a dare indicazioni all \u2019 opinione pubblica per evitare le drammatiche conseguenze di folli atti criminosi , senza voler alimentare in alcun modo l ansia di protagonismo di chi ha compiuto gli attentati ."}
{"sentidx":299583,"lemma":"attentato","token":"attentati","start":429,"end":438,"sent":"Ci associamo , dunque , alla condanna senza mezzi termini degli atti intimidatori di violenza e di minacciata violenza di cui e stato fatto oggetto Mauro Pili coordinatore regionale di Forza Italia Gia il segretario del mio partito , l onorevole Valter Veltroni ha manifestato , al massimo livello della nostra forza politica , la piu ferma condanna di questi atti ed ha espresso solidarieta verso Forza Italia in relazione agli attentati o alle minacce di cui singoli esponenti di questa formazione politica sono stati fatti segno ."}
{"sentidx":218739,"lemma":"attentato","token":"attentato","start":178,"end":187,"sent":"Analoga valutazione e stata data nel giudizio penale nei confronti del colonnello Kappler anch esso concluso con sentenza definitiva e passata in giudicato , che rilevava come l attentato rientrasse nella direttiva di carattere generale della giunta militare per costringere i tedeschi a rispettare la posizione di citta aperta di questa capitale ."}
{"sentidx":154476,"lemma":"attentato","token":"attentato","start":51,"end":60,"sent":"O si hanno elementi per sostenere che tale preteso attentato sia riferibile alla vicenda che ci interessa , e allora e giusto richiamare tale episodio , ma se essi mancano ( e mancano clamorosamente ) allora certe cose e opportuno non dirle e non scrivere Per quanto riguarda il pericolo di reiterazione di reati da parte dell \u2019 onorevole Cito ribadiamo che quest \u2019 ultimo non solo non e piu sindaco di Taranto ma non riveste piu alcuna carica presso quella amministrazione comunale e non si trova quindi in una posizione tale da poter svolgere ulteriori attivita concussi sempre che in passato egli le abbia davvero poste in essere ."}
{"sentidx":246601,"lemma":"attentato","token":"attentati","start":222,"end":231,"sent":"Ci sono dei limiti , ma davvero oggi possiamo affermare di voler facilitare lo svolgimento delle elezioni come se si trattasse di un regime democratico , dove l alternanza e facile , dove non ci sono problemi , mentre gli attentati dimostrano che il rischio e quello di una strategia della tensione per impedire lo svolgimento delle stesse ?"}
{"sentidx":165410,"lemma":"attentato","token":"attentato","start":279,"end":288,"sent":"Sottosegretario di Stato per l interno , premesso che il Governo non sottovaluta la grave situazione dell \u2019 ordine pubblico in provincia di Reggio Calabria da conto dello stato delle indagini relative , in particolare , all \u2019 omicidio dell \u2019 imprenditore Antonio Musolino ed all attentato causato dall impresa Wood Line International rileva quindi che , in particolare da quest \u2019 ultimo episodio di violenza , si evince la pericolosita delle organizzazioni criminali calabresi , contraddistinte da un \u2019 elevata capacita di penetrazione nelle attivita economiche ."}
{"sentidx":315944,"lemma":"attentato","token":"attentato","start":258,"end":267,"sent":"Mi chiedo se sia concepibile che nella provincia di Palermo sindaci che sono sotto processo per aver inventato minacce di morte possano continuare a girare con la scorta , mentre il sindaco di Monreale signor ministro , rischia di essere oggetto di un grave attentato , che si prevede imminente ."}
{"sentidx":23040,"lemma":"attentato","token":"attentato","start":291,"end":300,"sent":"Io stesso ho difficolta a proseguire i nostri lavori , come invece credo si debba fare con urgenza , in presenza di una lacerazione tra corpi di polizia , che sta portando all \u2019 attenzione del Parlamento e del paese l ipotesi che si debba proseguire con l esame di un provvedimento definito attentato al Parlamento Applausi dei deputati dei gruppi di Forza Italia e di Alleanza nazionale ) ."}
{"sentidx":192651,"lemma":"attentato","token":"attentati","start":149,"end":158,"sent":"Questo fatto era gia stato preceduto dal tentativo di assassinio del vescovo del Chiapas don Samuel Ruiz edera stato preceduto da uno stillicidio di attentati , di assassinii , prevaricazioni e deportazioni di popolazioni indigene dalle loro comunita e dalle terre sulle quali risiedono e dalle quali traggono il necessario per sopravvivere ."}
{"sentidx":46699,"lemma":"attentato","token":"attentati","start":41,"end":50,"sent":"Per quanto riguarda infine aggressioni , attentati ed imboscate ai danni delle forze dell ' ordine , comunico che si sono verificati soltanto reati di violenza e di resistenza a pubblico ufficiale , per i quali gli autori sono stati assicurati alla giustizia ."}
{"sentidx":68756,"lemma":"attentato","token":"attentato","start":208,"end":217,"sent":"Il problema viene posto all ' attenzione del Parlamento e del Governo con specifico riferimento ad una serie di fatti delittuosi avvenuti in provincia di Reggio Calabria negli ultimi mesi dello scorso anno : attentato ai danni del comune di Seminara e del suo sindaco ; danneggiamento dell ' ufficio del sindaco di Rosarno attivita criminosa intimidatoria nei centri di San Luca Locri Canolo Reggio Calabria Siderno e Rosarno esplosione di colpi d arma da fuoco ai danni del sindaco di Stefanaconi e di altri amministratori , nonche del farmacista e del parroco ; ulteriore atto intimidatorio contro il procuratore della Repubblica di Locri Rocco Lombardo A questi fatti si richiamano l interpellanza del deputato Filocamo e le interrogazioni di cui sono primi firmatari i deputati Nardini e Aloi Il susseguirsi di fatti criminali ha avuto un ulteriore sviluppo all ' inizio di quest ' anno , soprattutto nella Locride con gravissimi atti intimidatori nei confronti di alcuni esponenti politici locali , di imprenditori e commercianti , del presidente della camera penale degli avvocati e procuratori di Locri nonche nei confronti dello stesso sindaco della localita calabrese ."}
{"sentidx":331500,"lemma":"attentato","token":"attentato","start":40,"end":49,"sent":"Lo stesso onorevole Leoni ha parlato di attentato , cos\u0131 come hanno fatto altri esponenti di questa maggioranza , con l unica eccezione del collega Saraceni che ha inteso dare il suo contributo affermando di essere d accordo , in linea di principio , con le tesi della minoranza , ma ha forse le mani legate per poter addivenire alla stessa soluzione che noi proponiamo ."}
{"sentidx":258361,"lemma":"attentato","token":"attentato","start":285,"end":294,"sent":"espressa la partecipazione dei parlamentari verdi al dolore dei familiari del professore D Antona ne ricorda la figura , sottolineandone , in particolare , il ruolo di consulenza e di mediazione istituzionale ; osserva inoltre che interrogativi di varia natura si porrebbero qualora l attentato risultasse di matrice terroristica ."}
{"sentidx":98518,"lemma":"attentato","token":"attentato","start":570,"end":579,"sent":"Signor Presidente D Alema lei ha dimostrato intelligenza politica allorche ha riconosciuto che forza Italia e parte significante del quadro politico italiano e non il nulla come , con infelice battuta , ebbe a ritenerla l infelice e frastornato Prodi Ma io diffido della sua intelligenza e quindi votero contro un Governo formato in maniera torbida , con persone che hanno tradito il loro elettorato , un Governo ispirato e condizionato da un personaggio politico da lei ritenuto , anche di recente , inquietante e pericoloso , denunziato dal partito cui appartiene per attentato alla Costituzione allorche era Presidente della Repubblica Il suo Governo si impegna a far rispettare l autonomia di ogni singolo potere ed a garantire una giustizia giusta e rapida , ma lei ha scelto un ministro che da capogruppo di rifondazione comunista ha difeso posizioni giustizialiste , dichiarandosi contrario alla modifica dell \u2019 abuso di ufficio , alla modifica dell \u2019 articolo 513 e favorevole alla riduzione del potere ispettivo del ministro nei confronti delle procure ."}
{"sentidx":147225,"lemma":"attentato","token":"attentato","start":113,"end":122,"sent":"Esso tra l altro , e stato descritto come se fosse avvenuto nella sede della lega nord di Vergiate e non come un attentato verificato nello studio di un libero professionista , qual el \u2019 architetto Giuseppe Leoni Da questo fatto si puo anche trarre probabilmente l impressione che la volonta degli attentatori fosse quella di colpire Giuseppe Leoni in quanto esponente politico e non in quanto libero professionista ."}
{"sentidx":258607,"lemma":"attentato","token":"attentati","start":79,"end":88,"sent":"Egli faceva percio parte di una categoria di persone che sono state colpite da attentati tempo addietro \u2013 come Tarantelli Ruffilli e Giugni purtroppo assai numerose ."}
{"sentidx":17877,"lemma":"attentato","token":"attentato","start":349,"end":358,"sent":"Quindi non viera alcun elemento che consentisse una recriminazione , oche potesse determinare la violazione , collegata , di un rapporto tra il ministro ela sede giudiziaria in cui l ispezione veniva compiuta , come se l esercizio di un diritto el ' adempimento di un dovere ( discrezionale , ma sempre dovere ) da parte del ministro costituisse un attentato alla dignita e alla considerazione che si deve dare all ' indipendenza della magistratura , tanto nella fase inquirente quanto in quella giudicante ."}
{"sentidx":195389,"lemma":"attentato","token":"attentato","start":174,"end":183,"sent":"E chiaro che comprimere con la staticita di una norma quella che puo essere l evoluzione politica , che rappresenta il fulcro della societa , puo essere classificato come un attentato alle liberta politiche ed ai diritti di ognuno di noi e di un gruppo di organizzarsi per fare politica ."}
{"sentidx":66587,"lemma":"attentato","token":"attentati","start":254,"end":263,"sent":"In questo caso , l unico terrorismo evidente \u2013 e il Governo avrebbe dovuto precisarlo e quello dei massimi esponenti di quel partito che hanno tentato di creare un clima di violenza , di intimidazione e di falsita che avrebbe potuto mettere a rischio di attentati persone e cose E un fatto grave di cui il Governo non puo assumersi le responsabilita , considerato che l onorevole Diliberto ha addirittura criticato l operato dei carabinieri che , come lei sa , e stato corretto perche la bomba , onorevole sottosegretario , era a circa quindici metri dal portone della sua abitazione ."}
{"sentidx":278748,"lemma":"attentato","token":"attentati","start":200,"end":209,"sent":"Il fatto , pero , che probabilmente si tratti di un fenomeno isolato , di un fenomeno senza radici , di un fenomeno senza ambiente sociale non puo assolutamente tranquillizzarsi La pericolosita degli attentati rimane tutta intera ; direi che solo la fortuna , fino ad ora , ha consentito che non si siano registrate delle vittime ."}
{"sentidx":86866,"lemma":"attentato","token":"attentato","start":427,"end":436,"sent":"Signor Presidente onorevoli colleghi, ho ascoltato con interesse \u2013 e benche lo contrasti lo considero un elemento di dibattito \u2013 cio che ha affermato il collega Meloni Il relatore ha riferito di una interpretazione , di una valutazione , di una critica , di una consequenzialita di elementi che hanno indotto il collega Sgarbi ad esprimersi in ordine ad una vicenda per la quale e in corso a Brescia un procedimento penale per attentato ad organo costituzionale ."}
{"sentidx":208273,"lemma":"attentato","token":"attentato","start":120,"end":129,"sent":"Non vie dubbio , emi avvio all \u2019 ultima parte del mio intervento chiedendo scusa se rubero qualche altro minuto , che l attentato al sindaco di Reggio Calabria professore Italo Falcomata fa seguito ad altri perpetrati ai danni di amministratori comunali della Calabria soprattutto della provincia di Reggio Calabria Cio deve farci riflettere , poiche vi e in movimento qualcosa di molto grave e voglio ricordarlo qui al sottosegretario Sinisi Dobbiamo essere preoccupati di tali fatti , giacche vengono colpite molte amministrazioni comunali e non solo voglio citare alcuni comuni : Rosarno Polistena Seminara Canolo Locri Stefanaconi in cui anche il prete , don Salvatore l altro ieri e stato minacciato ."}
{"sentidx":66567,"lemma":"attentato","token":"attentati","start":26,"end":35,"sent":"Questo e lo scopo di tali attentati , di tali atti dimostrativi che tra l altro non sono isolati perche gia in passato ce ne sono stati altri ."}
{"sentidx":240351,"lemma":"attentato","token":"attentato","start":191,"end":200,"sent":"chiede alla Presidenza di interessare il ministro dell \u2019 interno affinche riferisca alla Camera sulla situazione dell \u2019 ordine pubblico in provincia di Reggio Calabria anche alla luce dell \u2019 attentato di stampo mafioso del quale e stato fatto oggetto un giornalista della Gazzetta del"}
{"sentidx":156149,"lemma":"attentato","token":"attentato","start":20,"end":29,"sent":"Signor Presidente l attentato di ieri sera a via Tasso come spiegava il presidente Mussi in un luogo simbolo per la storia del nostro paese e della Resistenza ela testimonianza esatta di come non si debba mai abbassare la guardia ."}
{"sentidx":258546,"lemma":"attentato","token":"attentato","start":183,"end":192,"sent":"Signor Presidente anche il nostro gruppo , come altri che si sono gia espressi in quest \u2019 aula , si associa nel porgere le piu vive condoglianze alla famiglia D Antona per il barbaro attentato che ha determinato la morte del professore D Antona Nuova stagione di piombo ?"}
{"sentidx":318569,"lemma":"attentato","token":"attentato","start":112,"end":121,"sent":"Come e possibile , colleghi della maggioranza , affermare che l obbligo di rendicontazione costituisca un serio attentato alla liberta sindacale ?"}
{"sentidx":166022,"lemma":"attentato","token":"attentato","start":12,"end":21,"sent":"considera l attentato al quotidiano Il Manifesto di cui evidenzia la matrice fascista , un atto di intimidazione che si colloca nell \u2019 alveo grave di una strategia della paura ; rivolge alle forze politiche della destra l appello ad astenersi da ogni atteggiamento di criminalizzazione del dissenso politico , che rischia di fomentare un clima di violenza ."}
