{"sentidx":76814,"lemma":"partito","token":"partito","start":3,"end":10,"sent":"Il partito popolare ritiene che sia indispensabile creare effettivamente pari opportunita fra gli autotrasportatori italiani e quelli europei ."}
{"sentidx":99913,"lemma":"partito","token":"partito","start":55,"end":62,"sent":"Seguito della discussione di una mozione : Sospensione partito radicale"}
{"sentidx":8271,"lemma":"partito","token":"partiti","start":153,"end":160,"sent":"Ritiene peraltro opportuna l istituzione di una Commissione parlamentare d inchiesta che affronti il complessivo contesto del finanziamento illecito dei partiti politici ."}
{"sentidx":300653,"lemma":"partito","token":"partiti","start":2,"end":9,"sent":"I partiti hanno provveduto ad inserire regole interne finalizzate a garantire la rappresentanza femminile ."}
{"sentidx":178889,"lemma":"partito","token":"Partito","start":65,"end":72,"sent":"Questa iniziativa ha indotto la Federazione russa a rivolgere al Partito radicale transnazionale accuse che potrei definire allucinanti ."}
{"sentidx":72820,"lemma":"partito","token":"partiti","start":181,"end":188,"sent":"Invito pertanto i colleghi ad assumere un atteggiamento nettamente contrario a qualsivoglia emendamento finalizzato ad operare una depenalizzazione dell ' illecito finanziamento ai partiti ( Applausi di deputati del gruppo della sinistra democratica -"}
{"sentidx":219864,"lemma":"partito","token":"partiti","start":35,"end":42,"sent":"Nell animo di troppi esponenti dei partiti della maggioranza preme ancora la posizione recisamente antifascista ."}
{"sentidx":87877,"lemma":"partito","token":"partiti","start":72,"end":79,"sent":"Spesso si realizza una collisione di interessi tra ceti professionali e partiti politici o amministrazioni locali gravemente sospetta ."}
{"sentidx":78323,"lemma":"partito","token":"partito","start":28,"end":35,"sent":"Come viene rappresentato un partito all \u2019 interno del Parlamento Attraverso i gruppi parlamentari ."}
{"sentidx":166023,"lemma":"partito","token":"partito","start":17,"end":24,"sent":"a nome del nuovo partito socialista italiano , esprime solidarieta al quotidiano Il Manifesto invitando ad evitare ogni strumentalizzazione ."}
{"sentidx":16635,"lemma":"partito","token":"partito","start":182,"end":189,"sent":"Lo stesso Veltri avversario nel collegio elettorale del Bergamo aveva stimolato questo dibattito facendo gravissime affermazioni proprio nei confronti del deputato Bergamo e del suo partito ."}
{"sentidx":39870,"lemma":"partito","token":"partito","start":206,"end":213,"sent":"E stato ricordato che nella scorsa legislatura non e stato possibile approvare una norma analoga per il presidente della giunta regionale a causa della opposizione parlamentare attivata particolarmente dal partito democratico della sinistra ."}
{"sentidx":78322,"lemma":"partito","token":"partiti","start":63,"end":70,"sent":"Che i gruppi parlamentari sono la proiezione istituzionale dei partiti politici ."}
{"sentidx":178886,"lemma":"partito","token":"Partito","start":55,"end":62,"sent":"Quale sarebbe il capo di imputazione nei confronti del Partito radicale transnazionale ?"}
{"sentidx":189060,"lemma":"partito","token":"partito","start":131,"end":138,"sent":"Insieme con il presidente Berisha e stata accompagnata nel posto di polizia anche il vicepresidente del Parlamento appartenente al partito democratico ."}
{"sentidx":65014,"lemma":"partito","token":"partito","start":183,"end":190,"sent":"Ministro Berlinguer in tale operazione riconosciamo soltanto un modello culturale che fa riferimento ad un progetto di riforma degli anni settanta elaborato dall \u2019 ufficio scuola del partito comunista italiano ."}
{"sentidx":11545,"lemma":"partito","token":"partito","start":87,"end":94,"sent":"I manifestanti avrebbero inteso , con ogni probabilita , liberare alcuni attivisti del partito democratico arrestati nei giorni scorsi nel corso di precedenti manifestazioni ."}
{"sentidx":78488,"lemma":"partito","token":"partito","start":33,"end":40,"sent":"Avremmo dovuto parlare anche del partito principe ."}
{"sentidx":183577,"lemma":"partito","token":"Partito","start":73,"end":80,"sent":"100 Iniziative del Governo in relazione alla proposta di sospensione del Partito radicale transnazionale dalle funzioni presso l ONU avanzata dalla Federazione russa ) ."}
{"sentidx":137233,"lemma":"partito","token":"partiti","start":145,"end":152,"sent":"I devastanti fenomeni della corruzione politica , alternativa tragica alle mancate riforme istituzionali degli anni ottanta , hanno spazzato via partiti di antica tradizione e portatori di valori importanti ."}
{"sentidx":93640,"lemma":"partito","token":"partiti","start":41,"end":48,"sent":"auspica che il finanziamento pubblico ai partiti possa in futuro essere ispirato a criteri realmente democratici ."}
{"sentidx":136368,"lemma":"partito","token":"partito","start":170,"end":177,"sent":"Signor Presidente ringrazio il Governo che ha risposto perche ha fotografato una situazione di vergognoso malcostume , tipico delle regioni e dei comuni amministrati dal partito democratico della sinistra ."}
{"sentidx":712,"lemma":"partito","token":"partiti","start":62,"end":69,"sent":"Per cambiare la politica e innanzitutto necessario cambiare i partiti ."}
{"sentidx":254139,"lemma":"partito","token":"partiti","start":109,"end":116,"sent":"Rileva che il meccanismo previsto garantisce ai cittadini la possibilita di finanziare in modo trasparente i partiti politici ."}
{"sentidx":144823,"lemma":"partito","token":"partito","start":18,"end":25,"sent":"Il segretario del partito democratico della sinistra vuole salvare il bipolarismo , ma non considera che il bipolarismo puo uscire massacrato da una campagna elettorale caratterizzata dalla doppia anomalia di rifondazione comunista e della lega ."}
{"sentidx":39886,"lemma":"partito","token":"partiti","start":62,"end":69,"sent":"Si apre cosi la strada alla possibilita che una coalizione di partiti possa proporre un candidato - civetta e all indomani della consultazione elettorale regionale costui possa essere tranquillamente sostituito con il candidato effettivo ."}
{"sentidx":27485,"lemma":"partito","token":"partiti","start":2,"end":9,"sent":"I partiti si devono impegnare affinche alle campagne elettorali arrivino persone effettivamente rappresentative di tutti i ceti sociali e di tutti gli interessi economici del paese ."}
{"sentidx":100057,"lemma":"partito","token":"Partito","start":115,"end":122,"sent":"La decisione del comitato per le organizzazioni non governative delle Nazioni Unite di proporre la sospensione del Partito radicale transnazionale e una decisione grave e sbagliata ."}
{"sentidx":41516,"lemma":"partito","token":"partiti","start":125,"end":132,"sent":"Una legge seria per il finanziamento della politica dovrebbe prevedere rimborsi per l attivita politica realmente svolta dai partiti ed anche dai singoli parlamentari ."}
{"sentidx":41504,"lemma":"partito","token":"partito","start":123,"end":130,"sent":"Conseguentemente la trasparenza puo essere assicurata soltanto dal versamento volontario che il cittadino fa in favore del partito che sceglie di votare ."}
{"sentidx":100843,"lemma":"partito","token":"partiti","start":204,"end":211,"sent":"E cosi onorevole ministro della pubblica istruzione , che ella intende contribuire alla soluzione del problema che grava palesemente sul personale precario della scuola , da voi appartenenti agli attuali partiti di maggioranza governativa illuso per tanti anni attraverso un accesso facilitato al mondo scolastico ?"}
{"sentidx":52270,"lemma":"partito","token":"partito","start":137,"end":144,"sent":"stigmatizza il contenuto di un articolo pubblicato sul quotidiano la Repubblica in cui sie accostata ingiustamente la Lega forza nord al partito liberale austriaco di"}
{"sentidx":27521,"lemma":"partito","token":"partiti","start":54,"end":61,"sent":"Nella contestazione di alcuni al sostegno pubblico ai partiti ce una motivazione che trovo gravemente sbagliata dal punto di vista democratico , quella che dice che i partiti devono vivere esclusivamente della contribuzione volontaria dei cittadini ."}
{"sentidx":27521,"lemma":"partito","token":"partiti","start":167,"end":174,"sent":"Nella contestazione di alcuni al sostegno pubblico ai partiti ce una motivazione che trovo gravemente sbagliata dal punto di vista democratico , quella che dice che i partiti devono vivere esclusivamente della contribuzione volontaria dei cittadini ."}
{"sentidx":254144,"lemma":"partito","token":"partiti","start":152,"end":159,"sent":"Ritiene chesi debba nettamente distinguere tra costi della politica , che gli italiani vogliono sostenere liberamente , e finanziamento del sistema dei partiti ."}
{"sentidx":186730,"lemma":"partito","token":"partiti","start":78,"end":85,"sent":"Il voto negativo sulla Commissione di inchiesta sul finanziamento illecito ai partiti per noi e stato sicuramente un punto discriminante ."}
{"sentidx":55161,"lemma":"partito","token":"partiti","start":56,"end":63,"sent":"Cio sarebbe rispettoso di quanto viene chiesto dai loro partiti regionali sul territorio ."}
{"sentidx":308930,"lemma":"partito","token":"partiti","start":94,"end":101,"sent":"Peraltro si segnala che l amministrazione finanziaria ha incontrato piu volte i tesorieri dei partiti e movimenti politici , al fine di fornire adeguate informazioni in ordine allo stato di attuazione delle nuove disposizioni inerenti al suddetto finanziamento ."}
{"sentidx":258565,"lemma":"partito","token":"partiti","start":113,"end":120,"sent":"Ricordo che qualche settimana fa , ho presentato un \u2019 interrogazione urgente sugli attacchi portati alle sedi di partiti democratici ."}
{"sentidx":52762,"lemma":"partito","token":"partiti","start":163,"end":170,"sent":"Avreste dovuto avere invece il coraggio di indicare nella norma quali sono le poste contabili che vengono sacrificate per consentire il finanziamento pubblico dei partiti ."}
{"sentidx":178881,"lemma":"partito","token":"Partito","start":134,"end":141,"sent":"Signor Presidente signor rappresentante del Governo colleghi la mozione in esame , che verte sulla grave richiesta di sospensione del Partito radicale transnazionale dal Consiglio economico e sociale delle Nazioni Unite su iniziativa della Federazione russa , reca come prima firma la mia alla quale fanno seguito le firme dei rappresentati della quasi totalita dei gruppi e delle rappresentanze politiche presenti nel Parlamento italiano ."}
{"sentidx":151925,"lemma":"partito","token":"partito","start":190,"end":197,"sent":"dichiara il voto favorevole del gruppo di alleanza nazionale sulla proposta della Giunta giudicando estremamente grave il fatto che siano state rivolte ingiurie gratuite agli elettori di un partito ."}
{"sentidx":320197,"lemma":"partito","token":"partito","start":158,"end":165,"sent":"ribadite le riserve e le preoccupazioni espresse sul contenuto del provvedimento sottolinea l esigenza di anteporre la tutela dei cittadini agli interessi di partito e di schieramento ."}
{"sentidx":102805,"lemma":"partito","token":"partito","start":36,"end":43,"sent":"Signor Presidente il presidente del partito dei lavoratori del Kurdistan Abdullah Ocalan e stato arrestato in Kenya con un atto di pirateria internazionale dai servizi segreti turchi e con l attiva collaborazione del servizio segreto israeliano ."}
{"sentidx":41519,"lemma":"partito","token":"partiti","start":22,"end":29,"sent":"Voi volete finanziare partiti che hanno rubato voti ad uno schieramento senza il confronto elettorale ."}
{"sentidx":207634,"lemma":"partito","token":"partiti","start":85,"end":92,"sent":"Infine resta da capire quale significato abbia un incarico direttivo o esecutivo nei partiti politici ."}
{"sentidx":232618,"lemma":"partito","token":"partiti","start":120,"end":127,"sent":"Sottosegretario di Stato peri lavori pubblici , manifesta la soddisfazione del Governo perla collaborazione offerta dai partiti di maggioranza e di opposizione , sottolineando il grande rilievo del metodo della concertazione , che e stato seguito per conciliare le esigenze dei proprietari di immobili con quelle degli inquilini ."}
{"sentidx":112001,"lemma":"partito","token":"partiti","start":158,"end":165,"sent":"Ma questo completamento del sistema maggioritario non vuol significare affatto - almeno nelle mie intenzioni - arrivare all ' uninominale secca ne cancellare partiti ."}
{"sentidx":179808,"lemma":"partito","token":"partiti","start":214,"end":221,"sent":"Signor Presidente ci troviamo oggi a discutere sulla proposta di legge per l istituzione di una Commissione parlamentare d inchiesta relativa a Tangentopoli alla corruzione politica , al finanziamento illecito dei partiti , per fare chiarezza , come affermano tutti gli oratori che sono intervenuti precedentemente ."}
{"sentidx":318407,"lemma":"partito","token":"partiti","start":102,"end":109,"sent":"ricorda ai deputati popolari che don Sturzo era favorevole al controllo sulla gestione finanziaria di partiti e sindacati ."}
{"sentidx":323540,"lemma":"partito","token":"partiti","start":12,"end":19,"sent":"Insomma sie partiti con la buona intenzione di riequilibrare poteri e funzioni sulla base di giuste rivendicazioni avanzate dalle autonomie locali e sie finiti per assumere un atteggiamento quasi punitivo nei confronti del Ministero dell ambiente ed esautorare tutti coloro che hanno competenza in tale settore ."}
{"sentidx":192650,"lemma":"partito","token":"partito","start":200,"end":207,"sent":"Parlo della strage di quarantacinque donne , uomini , bambine e bambini , perpetrata , mentre costoro stavano partecipando ad una funzione religiosa , da squadre paramilitari notoriamente connesse al partito di governo della Repubblica federale messicana ."}
{"sentidx":27227,"lemma":"partito","token":"partiti","start":101,"end":108,"sent":"a titolo personale , ribadisce le ragioni della sua tenace opposizione al finanziamento pubblico dei partiti ."}
{"sentidx":76066,"lemma":"partito","token":"partito","start":263,"end":270,"sent":"Abbiamo anche apprezzato , signor Presidente la proposta innovativa del fondo per l occupazione tratto dalla privatizzazione di Telecom La sua replica , signor Presidente ha approfondito e reso ancor piu concreti temi che erano stati sollevati dal segretario del partito della rifondazione comunista nel suo intervento ."}
{"sentidx":318743,"lemma":"partito","token":"partiti","start":163,"end":170,"sent":"Signor Presidente i colleghi del partito popolare evidentemente dimenticano l insegnamento di Sturzo che era favorevole al controllo sulla gestione finanziaria di partiti e sindacati ( Applausi dei deputati dei gruppi di forza Italia di alleanza nazionale e misto -"}
{"sentidx":318743,"lemma":"partito","token":"partito","start":33,"end":40,"sent":"Signor Presidente i colleghi del partito popolare evidentemente dimenticano l insegnamento di Sturzo che era favorevole al controllo sulla gestione finanziaria di partiti e sindacati ( Applausi dei deputati dei gruppi di forza Italia di alleanza nazionale e misto -"}
{"sentidx":142368,"lemma":"partito","token":"partito","start":119,"end":126,"sent":"Signor Presidente signori del Governo colleghi , il Governo chesi presenta oggi alla Camera avra il voto contrario del partito della rifondazione comunista ."}
{"sentidx":300737,"lemma":"partito","token":"partiti","start":97,"end":104,"sent":"Personalmente ritengo che il problema potrebbe essere avviato a felice soluzione qualora tutti i partiti se ne facessero carico ."}
{"sentidx":168489,"lemma":"partito","token":"partiti","start":27,"end":34,"sent":"Questo e avvenuto quando i partiti hanno anteposto i loro interessi particolari a quelli generali della nazione italiana ."}
{"sentidx":57330,"lemma":"partito","token":"partiti","start":55,"end":62,"sent":"Questo protagonismo individuale riduce la funzione dei partiti a quella di collettori di voti ."}
{"sentidx":19362,"lemma":"partito","token":"partiti","start":108,"end":115,"sent":"Con l interpellanza in oggetto si chiede che siano forniti chiarimenti sulla situazione di indebitamento di partiti politici nei confronti di istituti di credito e che siano disposti i necessari accertamenti ."}
{"sentidx":178484,"lemma":"partito","token":"partiti","start":16,"end":23,"sent":"Infatti tutti i partiti presenti in Parlamento hanno riconosciuto non solo nelle campagne elettorali e continuano a riconoscere la necessita di un decentramento e di un federalismo ."}
{"sentidx":78504,"lemma":"partito","token":"partito","start":99,"end":106,"sent":"Ed affermava : la conquista degli insegnanti come momento essenziale di un maggior inserimento del partito nei ceti medi intellettuali ."}
{"sentidx":52641,"lemma":"partito","token":"partiti","start":50,"end":57,"sent":"rileva che eliminare il finanziamento pubblico ai partiti significherebbe consegnare la politica nelle mani dei poteri forti , che se ne servirebbero solo per difendere i propri interessi ."}
{"sentidx":201953,"lemma":"partito","token":"partiti","start":12,"end":19,"sent":"Anche altri partiti !"}
{"sentidx":192654,"lemma":"partito","token":"partito","start":88,"end":95,"sent":"Sulla base delle notizie che abbiamo ricevuto da ultimo questa mattina , l opinione del partito della rivoluzione democratica e chela situazione nelle prossime ore enei prossimi giorni potrebbe diventare ancora piu grave ."}
{"sentidx":85070,"lemma":"partito","token":"partito","start":279,"end":286,"sent":"Ma sempre le questioni demagogiche sono poste su questioni irrilevanti , perche occorre spaventare il paese su questioni irrilevanti : le questioni demagogiche non sono poste su argomenti sostanziali come , ad esempio , sul finanziamento pubblico nella vendita degli immobili di partito ( Applausi del deputato Armani Questa ela storia della demagogia e del populismo antiparlamentare e apartitico della cultura di sinistra ."}
{"sentidx":265176,"lemma":"partito","token":"partiti","start":42,"end":49,"sent":"Anche un intervento sul finanziamento dei partiti credo non sarebbe male ."}
{"sentidx":265724,"lemma":"partito","token":"partiti","start":65,"end":72,"sent":"La questione dipende anche dalla struttura e dalla mentalita dei partiti ."}
{"sentidx":322804,"lemma":"partito","token":"partiti","start":889,"end":896,"sent":"Signor Presidente onorevoli colleghi , giungiamo finalmente in dirittura d arrivo per l istituzione della Commissione parlamentare d inchiesta sul dissesto della Federconsorzi Alleanza nazionale prende atto della posizione di quasi tutti i gruppi presenti in Parlamento favorevole alla istituzione di tale Commissione e prende altresi atto con soddisfazione , ma anche con stima ed ammirazione , del parere favorevole espresso dal relatore , professore Prestamburgo sull istituzione della Commissione d inchiesta sulla Federconsorzi In questa sede sentiamo il dovere di affermare , dopo il lavoro svolto in Commissione chese per pura ipotesi tale federazione fosse stata diretta per un certo periodo dal collega commissario Pepe sicuramente per quella fase non vi sarebbero stati sospetti o critiche , in considerazione della riconosciuta onesta di quello come di tanti esponenti anche di partiti della prima Repubblica Riteniamo tuttavia che l istituzione di una Commissione di inchiesta sia necessaria , perche si tratta di un problema gravissimo , essendo spariti , a danno degli agricoltori , migliaia di miliardi ."}
{"sentidx":220421,"lemma":"partito","token":"partito","start":173,"end":180,"sent":"Conseguentemente il senatore , che fino ad allora aveva ignorato quella circostanza , ritenne che il finanziamento effettuato dal signor Caffarelli fosse stato fatto per il partito ."}
{"sentidx":179755,"lemma":"partito","token":"partiti","start":30,"end":37,"sent":"Il finanziamento illecito dei partiti e stato una forma impropria di soluzione del problema oppure e servito ad arricchire singole persone ?"}
{"sentidx":210386,"lemma":"partito","token":"partiti","start":296,"end":303,"sent":"Pertanto tenuto conto che tale comunicazione era costituita da un atto parlamentare di pubblico dominio , non si rileva nella vicenda alcuna violazione dei regolamenti militari ; per le stesse considerazioni non sembra potersi ravvisare una violazione dei diritti di pari opportunita per tutti i partiti politici ."}
{"sentidx":99919,"lemma":"partito","token":"partito","start":131,"end":138,"sent":"dichiara il convinto voto favorevole dei deputati del gruppo dei Democratici di sinistra - l Ulivo esprimendo piena solidarieta al partito radicale transnazionale , che svolge una meritoria azione per l affermazione dei principi di liberta ."}
{"sentidx":306624,"lemma":"partito","token":"partito","start":104,"end":111,"sent":"Le presenti note integrative vengono depositate anche a nome della Slovenska Skupnost Unione Slovena il partito degli sloveni in Italia dalla cui segreteria regionale ho avuto alcune delle suggestioni che mi e stato consentito di aggiungere all \u2019 intervento in aula ."}
{"sentidx":109014,"lemma":"partito","token":"Partito","start":171,"end":178,"sent":"premesso che in passato avversari delle forze politiche di sinistra sono stati vittime di episodi ben piu gravi di quello verificato oggi nei confronti del segretario del Partito"}
{"sentidx":202855,"lemma":"partito","token":"partiti","start":147,"end":154,"sent":"La pesante situazione delle finanze pubbliche e stata oggetto di ripetuti colloqui tra il nostro ambasciatore a Belgrado ed esponenti di punta dei partiti del fronte democratico ."}
{"sentidx":192485,"lemma":"partito","token":"partito","start":82,"end":89,"sent":"Sono di rifondazione comunista e proprio in ragione della mia appartenenza a tale partito mi ribello a questa visione burocratica della politica ."}
{"sentidx":286981,"lemma":"partito","token":"partiti","start":24,"end":31,"sent":"Il messaggio rivolto ai partiti presenti in Parlamento testimonia proprio la grande confusione e delicatezza della materia , per cui il Governo ha giustamente voluto essere assai blando nel suo intervento ."}
{"sentidx":244412,"lemma":"partito","token":"partiti","start":210,"end":217,"sent":"Appare altresi evidente un collegamento specifico con atti o documenti parlamentari , atteso che l intervista fu resa proprio a margine della discussione in Assemblea del disegno di legge sul finanziamento dei partiti ."}
{"sentidx":41233,"lemma":"partito","token":"partiti","start":131,"end":138,"sent":"a titolo personale , ribadisce che con il provvedimento in esame si intende introdurre surrettizio un sistema di finanziamento dei partiti ."}
{"sentidx":58778,"lemma":"partito","token":"partito","start":7,"end":14,"sent":"Che il partito usa una struttura cooperativa , cioe economica , per uno scambio di favori rispetto a finalita nelle quali quegli amministratori sono impegnati quando devono curare gli stessi interessi di quella struttura politica che fittiziamente li assume ."}
{"sentidx":58023,"lemma":"partito","token":"partito","start":74,"end":81,"sent":"Signor Presidente onorevoli colleghi , a nome dei deputati del gruppo del partito popolare desidero innanzitutto rivolgere un pensiero reverente e commosso alle vittime del terremoto che ha colpito e devastato l Umbria e le Marche Desidero anche esprimere la viva costernazione per i gravissimi danni subiti dal patrimonio storico ed artistico di queste regioni ."}
{"sentidx":265626,"lemma":"partito","token":"partito","start":81,"end":88,"sent":"Vi e una dichiarazione interessante del deputato Rossella Artioli del gruppo del partito socialista , che nel preannunciare il suo voto favorevole considera un fatto positivo la sua approvazione in tempi rapidi ."}
{"sentidx":248030,"lemma":"partito","token":"partito","start":80,"end":87,"sent":"In quel caso anche la scelta delle candidature , fatte attraverso meccanismi di partito potrebbe forse avvenire sulla base di regole credibili di carattere generale ."}
{"sentidx":241298,"lemma":"partito","token":"partiti","start":227,"end":234,"sent":"Oggi la costituzione della Commissione d inchiesta su Tangentopoli e necessaria per fare luce su un periodo decisamente travagliato della storia repubblicana , che ha visto esplodere un intero sistema politico ela scomparsa di partiti storici come la DC e il PSI che avevano contribuito alla nascita della Repubblica al consolidamento della democrazia e allo sviluppo economico del paese ."}
{"sentidx":27741,"lemma":"partito","token":"partito","start":78,"end":85,"sent":"E dunque comprensibile che anche per questo motivo oggi cio venga chiesto dal partito dei democratici di sinistra , nonostante una certa tradizione garantista della loro origine ."}
{"sentidx":236872,"lemma":"partito","token":"partito","start":120,"end":127,"sent":"Il nostro parere , in conclusione , resta fortemente negativo ed e emblematico che in Commissione esponenti del Pds del partito popolare e anche di rifondazione comunista abbiano dichiarato che non bisogna caricare di troppe aspettative queste misure ."}
{"sentidx":11539,"lemma":"partito","token":"partito","start":101,"end":108,"sent":"Signor Presidente secondo le informazioni fornite dalla nostra ambasciata a Tirana il presidente del partito democratico albanese , Sali Berisha e stato sottoposto ad un fermo di polizia assieme ad alcuni suoi collaboratori nelle prime ore della giornata di ieri ."}
{"sentidx":261466,"lemma":"partito","token":"partiti","start":158,"end":165,"sent":"La conferma di questa situazione e data da chi ha avuto modo di osservare il panorama dell \u2019 informazione politica nella cosiddetta prima Repubblica quando i partiti avevano il monopolio dell \u2019 informazione ."}
{"sentidx":141947,"lemma":"partito","token":"partito","start":61,"end":68,"sent":"La scelta di rompere e venuta da parte della maggioranza del partito della rifondazione comunista ."}
{"sentidx":79627,"lemma":"partito","token":"partito","start":93,"end":100,"sent":"Abbiamo ancora una volta la dimostrazione chiara e lampante che anche Forza Italia none quel partito autonomista o federalista che sostiene di essere , perche vuole imporre alle autonomie regionali quello che ritiene giusto o sbagliato ."}
{"sentidx":144656,"lemma":"partito","token":"partito","start":59,"end":66,"sent":"Ci potrebbe essere cioe il tentativo di schiacciare il suo partito tra una sinistra vecchia ed antagonista ed un centro altrettanto vecchio ma soprattutto ambiguo ."}
{"sentidx":199369,"lemma":"partito","token":"partito","start":3,"end":10,"sent":"Al partito popolare italiano interessa definire il problema della riscossione dei crediti maturati da oltre trentatre anni non per salvare i consorzi in quanto tali , ma per assicurare alle imprese agricole il rilancio di un sistema che ha dimostrato , soprattutto dopo la scomparsa della Federconsorzi di rendere servizi effettivi alle imprese agricole , garantendo la disponibilita di mezzi tecnici a prezzi contenuti ."}
{"sentidx":153524,"lemma":"partito","token":"partiti","start":56,"end":63,"sent":"La Commissione d inchiesta sui rapporti tra sistema dei partiti , apparato delle imprese e pubblica amministrazione ha proprio questo obiettivo : liberare il terreno dalle irrisolte questioni del passato ; individuare le possibili soluzioni per un futuro meno gravato da condotte illegali , diffuse e ripetute ."}
{"sentidx":72783,"lemma":"partito","token":"partiti","start":62,"end":69,"sent":"Tuttavia depenalizzando il reato di finanziamento illecito ai partiti offriamo un facile , troppo facile argomento a chi cerca di scaricare sul Parlamento la bancarotta della giustizia e in particolare , la crisi della giustizia penale ."}
{"sentidx":27597,"lemma":"partito","token":"partiti","start":74,"end":81,"sent":"Abbiamo conosciuto momenti della nostra storia nei quali la debolezza dei partiti ha aperto la strada alla dittatura ."}
{"sentidx":266707,"lemma":"partito","token":"partiti","start":101,"end":108,"sent":"Inoltre l intenzione di assimilare la disciplina giuridica dei sindacati a quella gia applicabile ai partiti politici non tiene conto della circostanza che questi ultimi godono di finanziamenti pubblici , a differenza dei primi , e che tale aspetto giustifica i controlli piu penetranti cui essi sono assoggettati ."}
{"sentidx":195035,"lemma":"partito","token":"partiti","start":50,"end":57,"sent":"La proporzionale non porta alla dispersione tra i partiti , alla proliferazione dei partiti !"}
{"sentidx":186731,"lemma":"partito","token":"partiti","start":148,"end":155,"sent":"Oggi quel voto non mette il Parlamento nelle condizioni di avere la credibilita necessaria per votare una nuova legge sul finanziamento pubblico ai partiti ."}
