{"sentidx":27279,"lemma":"salute","token":"salute","start":114,"end":120,"sent":"si dichiara soddisfatto dell \u2019 ultima parte della risposta e ribadisce l esigenza prioritaria di salvaguardare la salute delle popolazioni interessate ."}
{"sentidx":245959,"lemma":"salute","token":"salute","start":212,"end":218,"sent":"condivide pienamente lobiettivo del rafforzamento delle istituzioni europee e del loro carattere democratico e partecipato , auspicando l individuazione dei temi della difesa dell \u2019 ambiente e della tutela della salute dei cittadini quali fondamentali priorita di una futura Carta costituzionale europea ."}
{"sentidx":257254,"lemma":"salute","token":"salute","start":46,"end":52,"sent":"Facevo riferimento alla preoccupazione per la salute delle donne ."}
{"sentidx":114023,"lemma":"salute","token":"salute","start":146,"end":152,"sent":"espressa soddisfazione per il trasferimento del senatore Cusumano nel carcere romano di Regina Coeli rileva che le sue preoccupanti condizioni di salute dovrebbero indurre la magistratura a valutare l opportunita di concedere gli arresti domiciliari ."}
{"sentidx":250505,"lemma":"salute","token":"salute","start":27,"end":33,"sent":"Ed allora , recuperare una salute dei conti pubblici significa soprattutto recuperare spazi di intervento sociale ."}
{"sentidx":331169,"lemma":"salute","token":"salute","start":260,"end":266,"sent":"Il Governo attraverso l accordo di programma , ha risposto alle esigenze delle amministrazioni locali per l eliminazione dei fattori di incompatibilita ambientale che avrebbero potuto determinare gravissime turbative nella vita urbana della citta e danno alla salute dei cittadini ."}
{"sentidx":48658,"lemma":"salute","token":"salute","start":92,"end":98,"sent":"La Commissione europea intende inoltre presentare una comunicazione su una strategia per la salute dell \u2019 Unione europea ."}
{"sentidx":267954,"lemma":"salute","token":"salute","start":132,"end":138,"sent":"Recenti studi dimostrano che le onde elettromagnetiche generate dai campi delle linee di alta tensione producono ingenti danni alla salute ."}
{"sentidx":11655,"lemma":"salute","token":"salute","start":220,"end":226,"sent":"sottolineata l esigenza di individuare un terreno comune ai diversi approcci culturali al tema della procreazione assistita , ritiene che nella definizione della normativa si dovra riconoscere priorita alla tutela della salute della donna e del nascituro ."}
{"sentidx":192730,"lemma":"salute","token":"salute","start":269,"end":275,"sent":"sottolineata l esigenza di potenziare la fase istruttoria della Conferenza di servizi , dichiara di non condividere pienamente la scelta di rimettere al Consiglio dei ministri la decisione in ordine ai dissensi espressi dalle amministrazioni preposte alla tutela della salute e ambientale ."}
{"sentidx":194160,"lemma":"salute","token":"salute","start":199,"end":205,"sent":"Relatore sottolinea che il provvedimento in esame , modificato durante l iter in Commissione anche attraverso il recepimento delle proposte emendative dell \u2019 opposizione , privilegia la tutela della salute dei cittadini ed incide sugli aspetti piu critici del sistema sanitario ."}
{"sentidx":194536,"lemma":"salute","token":"salute","start":107,"end":113,"sent":"Inviterei quindi i colleghi a riflettere sul loro atteggiamento perche qui stiamo davvero discutendo della salute di tutti ."}
{"sentidx":162476,"lemma":"salute","token":"salute","start":154,"end":160,"sent":"In questo quadro della riforma alle regioni e alle aziende sanitarie ospedaliere compete di garantire l erogazione delle prestazioni e dei servizi per la salute rispettando i livelli essenziali definiti in sede di programmazione sanitaria ."}
{"sentidx":328676,"lemma":"salute","token":"salute","start":167,"end":173,"sent":"rilevato che il provvedimento in esame affronta in modo organico le tematiche connesse allo sviluppo del settore termale , sotto il duplice profilo della tutela della salute e della promozione delle relative attivita turistiche ed imprenditoriali , dichiara il voto favorevole dei deputati del"}
{"sentidx":163885,"lemma":"salute","token":"salute","start":218,"end":224,"sent":"I relativi risultati sono stati trasmessi al servizio di epidemiologia ambientale del laboratorio di sanita pubblica , il quale ha in corso approfonditi studi e ricerche bibliografiche sugli effetti dei fluoruri sulla salute umana ."}
{"sentidx":113251,"lemma":"salute","token":"salute","start":112,"end":118,"sent":"Inoltre quando attraverso l autocontrollo risulta che i prodotti possano presentare un rischio immediato per la salute dei consumatori , il responsabile dell \u2019 industria e tenuto a ritirarli dal commercio ."}
{"sentidx":87022,"lemma":"salute","token":"salute","start":80,"end":86,"sent":"Prevedere una relazione semestrale equivale a fare un consuntivo sullo stato di salute del personale ."}
{"sentidx":284837,"lemma":"salute","token":"salute","start":164,"end":170,"sent":"Questo esperimento e stato dichiarato concluso e sono state tolte le apparecchiature perche si e rilevato che l emanazione delle onde radio provocava disturbi alla salute degli spettatori ."}
{"sentidx":66416,"lemma":"salute","token":"salute","start":335,"end":341,"sent":"Non essendo stata ancora sottoposta a votazione la proposta di modifica della direttiva comunitaria sulla commercializzazione dei materiali di moltiplicazione delle viti , il Governo italiano ne ha fortemente sostenuto il rinvio , impegnandosi ad ottenere una moratoria di almeno sei anni , a tutela della qualita vitivinicola e della salute dei consumatori ."}
{"sentidx":142572,"lemma":"salute","token":"salute","start":258,"end":264,"sent":"Infine gli stessi genitori da oltre due anni sono in attesa di dati certi derivanti dagli indirizzi locali rientranti nella potesta gestionale degli enti territoriali e dagli indirizzi del Governo Signor sottosegretario , stiamo parlando di interventi sulla salute delle persone e non ce dubbio che le vaccinazioni abbiano svolto una funzione importante nella storia della sanita mondiale ."}
{"sentidx":273468,"lemma":"salute","token":"salute","start":131,"end":137,"sent":"Il problema della soia geneticamente manipolata riguarda anche i residui e quindi comporta un ' esigenza ulteriore di tutela della salute acui non si puo sfuggire e che bisogna assolutamente affrontare , tenuto conto del fatto che vi e una moltiplicazione della presenza dei residui di benzolo pare dovuta alla fase terminale della raccolta della soia geneticamente manipolata con una sorta di uccisione della pianta per agevolare il raccolto attraverso il ricorso a questo principio attivo aumentato di duecento volte rispetto alla tollerabilita permessa dalla legislazione italiana ."}
{"sentidx":338045,"lemma":"salute","token":"salute","start":95,"end":101,"sent":"Relatore osserva che la libera circolazione delle merci non puo prescindere dalla tutela della salute dei consumatori e della qualita dei prodotti ."}
{"sentidx":118543,"lemma":"salute","token":"salute","start":153,"end":159,"sent":"Tale provvedimento e un rafforzamento del programma di sorveglianza , sempre svolto dal Ministero della sanita , che mira innanzitutto alla tutela della salute pubblica ."}
{"sentidx":86756,"lemma":"salute","token":"salute","start":34,"end":40,"sent":"ritiene che il monitoraggio sulla salute di militari italiani impegnati in missione nella ex Jugoslavia debba essere esteso a tutti coloro che hanno preso parte a missioni internazionali ."}
{"sentidx":210161,"lemma":"salute","token":"salute","start":137,"end":143,"sent":"premesso che le istituzioni parlamentari rappresentano il luogo in cui si tutelano gli interessi generali , tra cui quello relativo alla salute , ritiene debbano essere riconosciute anche le responsabilita delle imprese dedite alla ricerca del profitto , ed invita a prestare particolare attenzione alla situazione di difficolta in cui versano i lavoratori del settore ."}
{"sentidx":86998,"lemma":"salute","token":"salute","start":119,"end":125,"sent":"Ovviamente nutro dei dubbi in ordine alla scelta di trasmettere mensilmente al Parlamento una relazione sullo stato di salute del personale militare e civile ."}
{"sentidx":331140,"lemma":"salute","token":"salute","start":203,"end":209,"sent":"Vorrei ricordare quale impatto ambientale assolutamente negativo abbia provocato l industria che ha provocato ( i dati sono assolutamente certi ) danni inimmaginabili e ormai non piu quantificabili alla salute , all \u2019 ambiente e alle risorse ."}
{"sentidx":23149,"lemma":"salute","token":"salute","start":261,"end":267,"sent":"Credo che questa riflessione servira quando discuteremo di riforme istituzionali e di federalismo per non confondere il necessario decentramento dei poteri con lo scardinamento di un sistema di tipo universalistico , che possa e debba garantire il diritto alla salute per tutti i cittadini ."}
{"sentidx":302881,"lemma":"salute","token":"salute","start":127,"end":133,"sent":"Riteniamo dunque opportuno proseguire in questa direzione : il cittadino deve essere libero nelle proprie scelte relative alla salute , le quali non devono pregiudicare la fruizione di altri diritti ."}
{"sentidx":48663,"lemma":"salute","token":"salute","start":224,"end":230,"sent":"Voglio trattare molto rapidamente alcuni punti , alcuni dei quali sono stati molto opportunamente richiamati poco fa dal relatore , onorevole Bova Il primo punto e indubbiamente quello della strategia complessiva in tema di salute ."}
{"sentidx":328681,"lemma":"salute","token":"salute","start":156,"end":162,"sent":"sottolineato , in particolare , cheil provvedimento in esame assicura al settore termale un quadro normativo certo , coniugando le esigenze di tutela della salute con il rilancio delle attivita turistiche indotte , dichiara il voto favorevole dei deputati del"}
{"sentidx":28929,"lemma":"salute","token":"salute","start":177,"end":183,"sent":"Cio significherebbe tutelare maggiormente la salute dei cittadini e verificare , insieme agli altri paesi europei , quali siano le conseguenze di tale tipo di agricoltura sulla salute dei cittadini ."}
{"sentidx":28929,"lemma":"salute","token":"salute","start":45,"end":51,"sent":"Cio significherebbe tutelare maggiormente la salute dei cittadini e verificare , insieme agli altri paesi europei , quali siano le conseguenze di tale tipo di agricoltura sulla salute dei cittadini ."}
{"sentidx":33843,"lemma":"salute","token":"salute","start":325,"end":331,"sent":"Sottosegretario di Stato per ambiente Signor Presidente l onorevole Saia segnala il caso del presunto inquinamento da onde elettromagnetiche nella frazione San Martino del comune di Chieti che sarebbe causato dalla presenza di cavi di alta tensione che sovrastano il centro abitato , egli effetti da questo determinati sulla salute , in particolare alcuni casi di leucemia ."}
{"sentidx":114022,"lemma":"salute","token":"salute","start":141,"end":147,"sent":"Sottosegretario di Stato perla giustizia , osserva che , a seguito degli accertamenti medici disposti con ordinanza del GIP le condizioni di salute del senatore Cusumano sono state considerate compatibili con il regime carcerario speciale presso un CDT informa infine che il Dipartimento dell amministrazione penitenziaria ha disposto , in data di ieri , il trasferimento del senatore Cusumano dal carcere di Parma a quello romano di Regina"}
{"sentidx":295484,"lemma":"salute","token":"salute","start":196,"end":202,"sent":"Fa presente di aver proposto la creazione di un organismo europeo di controllo sugli alimenti , nonche l istituzione di un osservatorio per il monitoraggio degli effetti delle biotecnologie sulla salute umana ."}
{"sentidx":274993,"lemma":"salute","token":"salute","start":53,"end":59,"sent":"Occorre cioe riportare al centro la battaglia per la salute , ottimizzando i risultati gia conseguenti e ponendosi obiettivi nuovi ."}
{"sentidx":243928,"lemma":"salute","token":"salute","start":137,"end":143,"sent":"Va anche sottolineato il contributo che gli esperti del centro stanno dando alla costruzione del sistema informativo sull ' ambiente ela salute ."}
{"sentidx":315409,"lemma":"salute","token":"salute","start":155,"end":161,"sent":", si trovano costretti , qualora abbiano bisogno di una particolare prestazione sanitaria o semplicemente di assistenza per le loro precarie condizioni di salute , a dover pagare ancora ."}
{"sentidx":302078,"lemma":"salute","token":"salute","start":320,"end":326,"sent":"Vicepresidente del Consiglio dei ministri , osserva che lo schema di decreto presentato dal Governo sul riordino dei Ministeri risponde ad una logica di maggiore integrazione e coordinamento tra i settori amministrativi : in tale contesto , il Governo intende continuare a perseguire l obiettivo primario di tutelare la salute dei cittadini ."}
{"sentidx":300841,"lemma":"salute","token":"salute","start":369,"end":375,"sent":"Mi riferisco al tentativo non solo di razionalizzare le strutture note come istituti di ricovero e cura a carattere scientifico , ma anche di darne una caratterizzazione prevalentemente di ricerca biomedica , in modo da assicurare al servizio sanitario nazionale strutture di elevata qualita nel campo della ricerca , relativamente alle finalita delle politiche per la salute che il nostro paese persegue ."}
{"sentidx":274883,"lemma":"salute","token":"salute","start":181,"end":187,"sent":"Il disegno di legge in discussione prevede una delega al Governo finalizzata ad affrontare gli aspetti piu critici del sistema , ponendo come prioritario l obiettivo di tutelare la salute dei cittadini in un quadro di razionalizzazione delle risorse impiegate ."}
{"sentidx":122532,"lemma":"salute","token":"salute","start":291,"end":297,"sent":"Sicuramente il reato sussiste ed e stato reiterato , ed indubbiamente le ragioni del magistrato hanno una loro consistenza ; tuttavia , il reato veniva effettuato da una persona portatrice di una complessita psicologica e di un limite intellettivo evidenti e certificati dal dipartimento di salute mentale nonche dalla commissione medico - legale ."}
{"sentidx":160138,"lemma":"salute","token":"salute","start":152,"end":158,"sent":"Come ha teste illustrato il relatore , onorevole Abbondanzieri l organizzazione internazionale del lavoro ha tra i suoi scopi quello della difesa della salute dei lavoratori nei luoghi di lavoro ."}
{"sentidx":23150,"lemma":"salute","token":"salute","start":89,"end":95,"sent":"Detto questo , si rende anche necessario aggiungere che l esercizio di quel diritto alla salute non dipende esclusivamente da chi amministra , ma coinvolge direttamente i cittadini egli operatori ."}
{"sentidx":48715,"lemma":"salute","token":"salute","start":279,"end":285,"sent":"Necessita un sistema di regole efficienti , ad ampio raggio , esteso anche allo sfruttamento delle risorse energetiche : uno sfruttamento da realizzare e da concepire secondo metodi compatibili con l ambiente , con l esercizio delle attivita produttive e sempre rispettoso della salute pubblica ."}
{"sentidx":188126,"lemma":"salute","token":"salute","start":100,"end":106,"sent":"E forse prioritario l interesse dei ripetitori televisivi e delle radio private oppure quello della salute di migliaia e migliaia di cittadini e soprattutto di bambini ?"}
{"sentidx":184580,"lemma":"salute","token":"salute","start":174,"end":180,"sent":"Naturalmente la pura e semplice analisi dei costi e dei benefici di carattere economico non puo diminuire il peso di eventuali controindicazioni sul piano della tutela della salute e della valutazione dell ' impatto ambientale ."}
{"sentidx":28969,"lemma":"salute","token":"salute","start":209,"end":215,"sent":"Questo provvedimento rende piu sicura la sanita italiana , laddove , per esempio , il meccanismo di autorizzazione e accreditamento e maggiormente legato alla qualita delle strutture e ai bisogni autentici di salute ."}
{"sentidx":151872,"lemma":"salute","token":"salute","start":122,"end":128,"sent":"annuncia il voto contrario su tutti gli emendamenti volti ad affrontare in chiave politica una questione che attiene alla salute ."}
{"sentidx":220592,"lemma":"salute","token":"salute","start":867,"end":873,"sent":"Signor Presidente con questa interpellanza si chiede che vengano assunti immediati provvedimenti sanzionatori nei confronti dei responsabili del comando generale della Guardia di finanza allo scopo di porre fine ai tentativi di coinvolgimento in indagini penali che sarebbero stati posti in essere da parte della dirigenza della Guardia di finanza ai danni del colonnello Cerceo Al riguardo il comando generale della Guardia di finanza ha rappresentato che non risulta alcun coinvolgimento del colonnello in ausiliaria Vincenzo Cerceo nella vicenda penale per reati connessi all \u2019 assunzione di sostanze stupefacenti , che vede coinvolti alcuni militari del corpo in servizio presso la sede di Trieste ne sussistono elementi in ordine alla asserita attivita di psicologo eo di consulente a qualsiasi altro titolo esercitata dal predetto ufficiale presso un centro di salute mentale del capoluogo friulano ."}
{"sentidx":257321,"lemma":"salute","token":"salute","start":114,"end":120,"sent":"Se intendiamo l incapacita di procreare come patologia , anche sulla base della Costituzione dobbiamo tutelare la salute dell \u2019 individuo , altrimenti ne consegue la possibilita di accesso a tali tecniche da parte del singolo individuo ."}
{"sentidx":86988,"lemma":"salute","token":"salute","start":163,"end":169,"sent":"E per questo che chiediamo che il Governo trasmetta mensilmente al Parlamento una relazione del Ministero della difesa e del Ministero della sanita sullo stato di salute del personale militare e civile impiegato nelle missioni all \u2019 estero ."}
{"sentidx":33845,"lemma":"salute","token":"salute","start":86,"end":92,"sent":"Tali limiti lasciano un ampio margine di sicurezza per la protezione ela tutela della salute della popolazione e dei lavoratori per quanto riguarda gli effetti a breve termine , mentre per gli effetti a lungo termine e necessario svolgere alcune osservazioni specifiche ."}
{"sentidx":96686,"lemma":"salute","token":"salute","start":57,"end":63,"sent":"Un altro diritto fondamentale da garantire e quello alla salute ."}
{"sentidx":23194,"lemma":"salute","token":"salute","start":134,"end":140,"sent":"Forse e proprio ad una forzatura verso quel modello assicurativo che alcuni pretori oggi si stanno esercitando perche il diritto alla salute resti solo un diritto parziale , esigibile dal singolo al di fuori della responsabilita di un sistema sanitario che si assume la responsabilita pubblica dei risvolti sociali di quello stesso diritto ."}
{"sentidx":61102,"lemma":"salute","token":"salute","start":161,"end":167,"sent":"La tutela della salute e naturalmente , un argomento che riguarda tutti e non credo di sbagliare affermando che il perseguimento degli obiettivi di tutela della salute , sotto il profilo farmacologico , passa attraverso due principi ineludibili : sicurezza ed innovazione ."}
{"sentidx":61102,"lemma":"salute","token":"salute","start":16,"end":22,"sent":"La tutela della salute e naturalmente , un argomento che riguarda tutti e non credo di sbagliare affermando che il perseguimento degli obiettivi di tutela della salute , sotto il profilo farmacologico , passa attraverso due principi ineludibili : sicurezza ed innovazione ."}
{"sentidx":87043,"lemma":"salute","token":"salute","start":133,"end":139,"sent":"Presidente vedo che tutta una serie di emendamenti tratta una materia generale come quella del trattamento e delle garanzie circa la salute del personale inviato in missione all \u2019 estero ."}
{"sentidx":259481,"lemma":"salute","token":"salute","start":176,"end":182,"sent":"E opportuno anche riflettere sulla necessita di collegare gli interventi di sostegno alle dinamiche di sviluppo locale con le misure volte alla prevenzione e alla tutela della salute sui luoghi di lavoro ."}
{"sentidx":259479,"lemma":"salute","token":"salute","start":31,"end":37,"sent":"Gli interventi per favorire la salute ela sicurezza sui luoghi di lavoro devono collegarsi e coordinarsi con le misure volte a creare un ambiente idoneo allo sviluppo e alla promozione di attivita economiche sul territorio ."}
{"sentidx":184984,"lemma":"salute","token":"salute","start":44,"end":50,"sent":"Noi chiaramente sensibili ai problemi della salute , abbiamo voluto tenere un atteggiamento morbido nei riguardi di questa azione , ma va anche detto chiaramente quale sia l attuale situazione ."}
{"sentidx":330112,"lemma":"salute","token":"salute","start":126,"end":132,"sent":"E molto importante , quindi , assumere iniziative di carattere urgente , al fine di assicurare effettivamente il diritto alla salute anche in ambiente carcerario ."}
{"sentidx":65538,"lemma":"salute","token":"salute","start":121,"end":127,"sent":"Infine si fauna differenza tra parlamentari ricchi e parlamentari poveri , non sapendo che tutti paghiamo la tassa sulla salute ."}
{"sentidx":190853,"lemma":"salute","token":"salute","start":103,"end":109,"sent":"Soltanto dopo le prime analisi al Cotugno viene diagnosticato che il peggioramento delle condizioni di salute della donna e dovuto invece ad emorragia interna ela paziente viene a questo punto trasferita al Cardarelli doveva in coma e muore ."}
{"sentidx":338146,"lemma":"salute","token":"salute","start":226,"end":232,"sent":"Si tratta di un testo semplice , che ha recepito i contenuti essenziali delle varie proposte presentate e che costituisce un valido contributo alla definizione di questioni che riguardano in modo non marginale la tutela della salute pubblica ."}
{"sentidx":19784,"lemma":"salute","token":"salute","start":127,"end":133,"sent":"Insomma come normalmente le direttive di questo tipo , ha essenzialmente una funzione garantista e direi anche di tutela della salute ."}
{"sentidx":190836,"lemma":"salute","token":"salute","start":224,"end":230,"sent":"Alla luce dei principali aspetti normativi sopra descritti , la richiesta di estendere ai locali da ballo le agevolazioni in argomento anche per specifiche attrezzature utili per la sicurezza dei luoghi e perla tutela della salute degli utenti appare , in via di massima , come un elemento gia effettivamente considerato dalla normativa vigente ."}
{"sentidx":210599,"lemma":"salute","token":"salute","start":62,"end":68,"sent":"E pertanto necessario intervenire su tre livelli diversi : la salute dei cittadini , il sostegno immediato nella fase di emergenza ela capacita di definire un piano pluriennale di rilancio in una prospettiva corretta ."}
{"sentidx":284838,"lemma":"salute","token":"salute","start":190,"end":196,"sent":"Considerato che in questa legislatura ogni banco e stato provvisto di un telefono , le chiedo di eliminare questa apparecchiatura odi dimostrare che essa non provoca alcun danno alla nostra salute ."}
{"sentidx":86982,"lemma":"salute","token":"salute","start":61,"end":67,"sent":"Mi sembra quindi sia stata prevista la completa tutela della salute dei nostri militari che attualmente operano nei Balcani oche vi siano stati in precedenza ."}
{"sentidx":21818,"lemma":"salute","token":"salute","start":63,"end":69,"sent":"ritenuta positiva la crescente consapevolezza del fatto che la salute dei cittadini si tutela anzitutto attraverso un \u2019 azione di prevenzione , sottolinea , in particolare , l esigenza di superare la disomogeneita della normativa vigente in materia ; dichiara , quindi , il voto favorevole del gruppo comunista ."}
{"sentidx":170296,"lemma":"salute","token":"salute","start":193,"end":199,"sent":"In questa situazione , per noi deputati di Alleanza nazionale sono due le questioni importanti : gli allevatori , punto costante di riferimento perche protagonisti della nostra zootecnia , ela salute del cittadino che deve essere garantita come sommo bene ."}
{"sentidx":279684,"lemma":"salute","token":"salute","start":85,"end":91,"sent":"63 Politiche perla mobilita urbana compatibili con la tutela dell \u2019 ambiente e della salute ) ."}
{"sentidx":265109,"lemma":"salute","token":"salute","start":261,"end":267,"sent":"In secondo luogo la sollecita approvazione ed attuazione del piano d azione nazionale in ordine al paritario processo di inclusione nel mondo del lavoro , ad un piu favorevole contesto sociale di organizzazione della vita e dei servizi ed alla promozione della salute e del benessere psicofisico ."}
{"sentidx":210067,"lemma":"salute","token":"salute","start":259,"end":265,"sent":"Se nel mondo le biotecnologie sono state utilizzate per produrre di piu , senza alcuna attenzione alla qualita del prodotto sotto il profilo alimentare , noi possiamo orientare la ricerca a produrre alimenti in grado di migliorare il rapporto alimentazione - salute ."}
{"sentidx":257031,"lemma":"salute","token":"salute","start":315,"end":321,"sent":"sottolineata l esigenza di licenziare una buona legge fondata sulla difesa della salute e della dignita degli adulti e del nascituro , ritiene che non si debba limitare l accesso alle tecniche di procreazione assistita , compresa quella eterologa , ne condizionare la liberta del medico nella primaria tutela della salute della donna ."}
{"sentidx":257031,"lemma":"salute","token":"salute","start":81,"end":87,"sent":"sottolineata l esigenza di licenziare una buona legge fondata sulla difesa della salute e della dignita degli adulti e del nascituro , ritiene che non si debba limitare l accesso alle tecniche di procreazione assistita , compresa quella eterologa , ne condizionare la liberta del medico nella primaria tutela della salute della donna ."}
{"sentidx":28943,"lemma":"salute","token":"salute","start":105,"end":111,"sent":"sottolinea la rilevanza del provvedimento in discussione , che opera scelte di fondo per la tutela della salute dei cittadini , ed introduce utili correttivi alla normativa in vigore ."}
{"sentidx":243616,"lemma":"salute","token":"salute","start":177,"end":183,"sent":"Come ho gia detto e scritto , ritengo che il ministro della difesa abbia fatto benissimo a istituire per tempo una commissione scientifica , volta a verificare se i problemi di salute dei cittadini italiani presenti in Kosovo fossero da attribuire o meno a qualche particolare componente degli armamenti impiegati ."}
{"sentidx":265467,"lemma":"salute","token":"salute","start":289,"end":295,"sent":"Ebbene il Governo in quella occasione fu vittima di una mortificazione , se vogliamo chiamarla cosi , perche noi parlamentari ritenemmo di difendere la legislazione italiana sulla maternita dando alle donne che attendono un bimbo non maggiore tutela , ma garanzie dal punto di vista della salute ."}
{"sentidx":286124,"lemma":"salute","token":"salute","start":169,"end":175,"sent":"Credo che questo provvedimento avesse l obiettivo dichiarato di fissare finalmente regole sui centri che regolano la riproduzione , di porre paletti per la tutela della salute delle donne e di costruire garanzie e tutele giuridiche per il nato ."}
{"sentidx":184253,"lemma":"salute","token":"salute","start":123,"end":129,"sent":"Si tratta di una questione delicata ed importante , in cui entrano a pieno titolo non solo le preoccupazioni per la nostra salute ma la preoccupazione etica di assicurare agli animali condizioni di minor sofferenza possibile ."}
{"sentidx":266516,"lemma":"salute","token":"salute","start":131,"end":137,"sent":"Signor Presidente tengo molto a questo emendamento che ho presentato insieme con il collega Pampo che oggi e assente per motivi di salute , perche completa l impianto della legge a favore della partecipazione di operatori e tecnici del settore al progetto volto ad un inserimento piu personalizzato ."}
{"sentidx":179152,"lemma":"salute","token":"salute","start":121,"end":127,"sent":"precisa che i deputati dell \u2019 opposizione si sforzano di evidenziare la grande rilevanza di una normativa che investe la salute dei cittadini ; ritiene che il Governo dovrebbe chiarire la sua posizione al riguardo ."}
{"sentidx":274942,"lemma":"salute","token":"salute","start":285,"end":291,"sent":"Per non parlare poi del sistema della prevenzione collettiva in ambienti di vita e di lavoro curato dallo Stato centrale e dal modello del medico provinciale e degli ufficiali sanitari comunali , sicuramente un modello non piu adeguato anche ai tempi , rispetto ai nuovi rischi per la salute introdotti dai processi di modernizzazione della societa e della produzione ."}
{"sentidx":221659,"lemma":"salute","token":"salute","start":89,"end":95,"sent":"Ripeto questi ultimi e le linee guide debbono avere come primo obiettivo la tutela della salute della donna , senza continuare con tecniche troppo invasive ."}
{"sentidx":188124,"lemma":"salute","token":"salute","start":41,"end":47,"sent":"E necessario fare questo per tutelare la salute dei cittadini ."}
{"sentidx":310962,"lemma":"salute","token":"salute","start":108,"end":114,"sent":"Al miglioramento degli spazi e connesso senza alcun dubbio lo sforzo in materia di sicurezza e tutela della salute dei lavoratori ."}
{"sentidx":114321,"lemma":"salute","token":"salute","start":83,"end":89,"sent":"Tutto questo comportera il blocco della pesca e del turismo e minera seriamente la salute pubblica ."}
{"sentidx":198406,"lemma":"salute","token":"salute","start":280,"end":286,"sent":"Questo dovrebbe essere considerato , per lo meno , un errore : un conto e introdurre parametri che consentano la valutazione economica , ma mi sembra inverosimile attribuire ai comuni la titolarita di definizione dei parametri sulla base dei quali valutare anche le condizioni di salute dei cittadini ."}
{"sentidx":63716,"lemma":"salute","token":"salute","start":84,"end":90,"sent":"ritiene che il provvedimento in esame contrasti con il principio della tutela della salute , intesa come benessere fisico , psichico , economico e sociale dell \u2019 individuo ."}
{"sentidx":179581,"lemma":"salute","token":"salute","start":293,"end":299,"sent":"Dunque vorremmo sapere cosa ne pensi il Governo Abbiate rispetto per il Parlamento e stata avanzata una richiesta e ritengo che sia opportuno parlare della questione , mettendo da parte le divisioni tra maggioranza ed opposizione , ma ponendo al centro della nostra attenzione il paziente ela salute ( Applausi dei deputati del gruppo di Forza"}
{"sentidx":282204,"lemma":"salute","token":"salute","start":78,"end":84,"sent":"Relatore rilevato che il rispetto delprincipio costituzionale di tutela della salute ela concezione per la quale il sistema penitenziario deve essere finalizzato alla rieducazione del condannato sono incompatibili con la permanenza"}
{"sentidx":8415,"lemma":"salute","token":"salute","start":176,"end":182,"sent":"Signor Presidente vorrei chiarire ai colleghi e ai cittadini che ci stanno ascoltando che la lega forza nord per l indipendenza della Padania none contraria alla sanita , alla salute pubblica , alla quale teniamo moltissimo ."}
{"sentidx":333497,"lemma":"salute","token":"salute","start":134,"end":140,"sent":"Cio segna un clamoroso passo indietro rispetto alla situazione attuale , in quanto la tutela dell \u2019 ambiente , del territorio e della salute al momento puo essere assicurata con minori vincoli statali ."}
{"sentidx":274943,"lemma":"salute","token":"salute","start":610,"end":616,"sent":"Il nostro servizio sanitario nazionale , prima di vedere la propria nascita , era stato gia sperimentato in alcune regioni e in alcuni comuni pur con diverse modalita e scelte territoriali : dalla rete capillare di ospedali e ambulatori del Veneto e del Friuli ai servizi di medicina del lavoro ei consultori dell \u2019 Emilia e della Toscana dall apertura al territorio delle universita e delle facolta di medicina anche in grandi citta come Roma e Milano alla sperimentazione della lotta alle dipendenze ; e ancora : al superamento degli ospedali psichiatrici , dalla comprensione del forte nesso tra ambiente e salute fino allo sviluppo della ricerca epidemiologica ."}
{"sentidx":192067,"lemma":"salute","token":"salute","start":158,"end":164,"sent":"Tuttavia l errore ce stato : e mancata una strategia nazionale di sintonizzazione tra le politiche industriali e produttive , turistiche , ambientali , della salute pubblica , soprattutto a partire dalla risorsa mare , che in Italia ha molta importanza ( certamente in Liguria Ora finalmente , questo provvedimento ha il merito non lieve di segnare una svolta verso una politica di sviluppo sostenibile ; una riconversione positiva , che e stata segnalata anche dai colleghi intervenuti in precedenza ."}
{"sentidx":63202,"lemma":"salute","token":"salute","start":101,"end":107,"sent":"in dissenso dal gruppo , deplora il disinteresse del Parlamento nei confronti del tema relativo alla salute dei cittadini : e stata infatti conferita una delega al Governo che ha prodotto una pessima normativa ."}
{"sentidx":100899,"lemma":"salute","token":"salute","start":186,"end":192,"sent":"Il nostro e forse il paese piu libero , ma per poter essere liberi davvero bisogna essere innanzitutto schiavi della legge , come avvertiva Cicerone duemila anni fa , aggiungendo che la salute della Repubblica ela suprema delle leggi e che liberta e innanzitutto responsabilita ."}
