{"sentidx":317981,"lemma":"attualmente","token":"attualmente","start":11,"end":22,"sent":"Presidente attualmente"}
{"sentidx":73841,"lemma":"attualmente","token":"attualmente","start":101,"end":112,"sent":"Particolarmente critica la sommatoria tra riforma costituzionale e riforma elettorale nelle proposte attualmente in discussione ."}
{"sentidx":113910,"lemma":"attualmente","token":"attualmente","start":36,"end":47,"sent":"Queste modalita gia vengono seguite attualmente ."}
{"sentidx":5536,"lemma":"attualmente","token":"attualmente","start":59,"end":70,"sent":"Grazie Presidente Le normative che disciplinano quello che attualmente definiamo terzo settore sono molteplici e complesse ."}
{"sentidx":215992,"lemma":"attualmente","token":"attualmente","start":86,"end":97,"sent":"Come comunicato dalla competente articolazione ministeriale , il progetto normativo e attualmente in fase di avanzata istruttoria ."}
{"sentidx":234627,"lemma":"attualmente","token":"attualmente","start":15,"end":26,"sent":"La direttiva e attualmente in discussione presso le competenti istituzioni europee ."}
{"sentidx":55686,"lemma":"attualmente","token":"attualmente","start":271,"end":282,"sent":"Quindi intendiamo sapere quali urgenti iniziative il Governo intenda assumere al fine di salvaguardare gli stabilimenti egli insediamenti produttivi delle citate aziende nella regione Calabria e alfine di garantire il mantenimento dei livelli occupazionali e di servizio attualmente esistenti ."}
{"sentidx":305499,"lemma":"attualmente","token":"attualmente","start":98,"end":109,"sent":"Si completa il federalismo demaniale , con il trasferimento agli enti locali di immobili pubblici attualmente gestiti dalle amministrazioni statali ."}
{"sentidx":102259,"lemma":"attualmente","token":"attualmente","start":178,"end":189,"sent":"Noi riteniamo che non considerare evento eccezionale il sisma nella sua complessita sarebbe un atto profondamente ingiusto al punto da definirla illegittimo rispetto alle regole attualmente vigenti ."}
{"sentidx":97935,"lemma":"attualmente","token":"Attualmente","start":0,"end":11,"sent":"Attualmente e previsto il collocamento fuori ruolo di diritto ovvero il collocamento in aspettativa per gli appartenenti alle magistrature ordinaria e speciali chiamati a ricoprire incarichi di governo nazionale ."}
{"sentidx":93204,"lemma":"attualmente","token":"attualmente","start":26,"end":37,"sent":"Il professore Malinconico attualmente agli arresti domiciliari , lo ripeto , attualmente agli arresti domiciliari , esercitava le funzioni di Segretario generale della Presidenza del Consiglio dei ministri ."}
{"sentidx":158509,"lemma":"attualmente","token":"attualmente","start":27,"end":38,"sent":"Altri termini sono inoltre attualmente previsti a garanzia della rapidita della decisione del tribunale del riesame ."}
{"sentidx":93204,"lemma":"attualmente","token":"attualmente","start":77,"end":88,"sent":"Il professore Malinconico attualmente agli arresti domiciliari , lo ripeto , attualmente agli arresti domiciliari , esercitava le funzioni di Segretario generale della Presidenza del Consiglio dei ministri ."}
{"sentidx":227583,"lemma":"attualmente","token":"Attualmente","start":0,"end":11,"sent":"Attualmente nel nostro Paese i parchi giochi accessibili ai bambini portatori di disabilita sono pochissimi ."}
{"sentidx":163696,"lemma":"attualmente","token":"attualmente","start":45,"end":56,"sent":"Sottolineo comunque , che le professionalita attualmente in servizio presso le sezioni continueranno a operare sul territorio , prevedendo tale riduzione un loro impiego nei reparti investigativi delle locali questure ."}
{"sentidx":35529,"lemma":"attualmente","token":"attualmente","start":11,"end":22,"sent":"Sembra che attualmente ci siano settanta bambini nelle carceri italiane ."}
{"sentidx":97668,"lemma":"attualmente","token":"attualmente","start":85,"end":96,"sent":"Il termine e prossimo e su questo abbiamo anche presentato una specifica risoluzione attualmente in discussione nella Commissione bilancio della Camera dei deputati ."}
{"sentidx":304689,"lemma":"attualmente","token":"Attualmente","start":0,"end":11,"sent":"Attualmente l unica forma di prevenzione efficace sono le misure igieniche cautelari accurate nei soggetti immunodepressi e nelle donne in gravidanza ."}
{"sentidx":108414,"lemma":"attualmente","token":"attualmente","start":45,"end":56,"sent":"Sottolineo comunque , che le professionalita attualmente in servizio presso le sezioni continueranno ad operare sul territorio , prevedendo con tale riduzione un loro impiego nei reparti investigativi delle locali questure ."}
{"sentidx":30512,"lemma":"attualmente","token":"attualmente","start":52,"end":63,"sent":"Guardate ce un esercito di dirigenti scolastici gia attualmente ."}
{"sentidx":91659,"lemma":"attualmente","token":"attualmente","start":92,"end":103,"sent":"La disponibilita di test sierologici ela possibilita di isolare il virus sono gli strumenti attualmente utilizzati per ampliare le conoscenze sulla diffusione del virus nella comunita ."}
{"sentidx":178971,"lemma":"attualmente","token":"attualmente","start":56,"end":67,"sent":"Noi pero vediamo in questo testo delle criticita perche attualmente non vediamo quel bilanciamento di interessi ."}
{"sentidx":347258,"lemma":"attualmente","token":"attualmente","start":21,"end":32,"sent":"Il perfezionamento e attualmente in corso ."}
{"sentidx":64299,"lemma":"attualmente","token":"attualmente","start":108,"end":119,"sent":"Sottosegretario di Stato perla Salute Presidente il virus West Nile e un virus trasmesso da insetti vettori attualmente presenti nel territorio italiano ."}
{"sentidx":241983,"lemma":"attualmente","token":"attualmente","start":50,"end":61,"sent":"Una di queste particolari modalita di controllo , attualmente , e il braccialetto elettronico , il famigerato braccialetto elettronico ."}
{"sentidx":206511,"lemma":"attualmente","token":"attualmente","start":347,"end":358,"sent":"In altri termini , le Conferenze dei presidenti dei gruppi parlamentari sia di Camera sia di Senato potrebbero non essere informate della convocazione di riforme costituzionali in quanto decise congiuntamente dai Presidenti con una tempistica rigida e predefinita rimessa ai soli Presidenti Potrebbero quindi venir meno anche i gia deboli presidi attualmente previsti per le opposizioni che partecipano alla Conferenza dei presidenti dei gruppi ."}
{"sentidx":108215,"lemma":"attualmente","token":"Attualmente","start":0,"end":11,"sent":"Attualmente sembrerebbe che Agea abbia affidato al CNR un indagine preliminare su tutto il sistema informatico ."}
{"sentidx":330657,"lemma":"attualmente","token":"attualmente","start":80,"end":91,"sent":"Abbiamo la necessita di rafforzare l attrattiva turistica del nostro mare , che attualmente e sottodimensionata ."}
{"sentidx":84957,"lemma":"attualmente","token":"attualmente","start":74,"end":85,"sent":"Per quanto riguarda la prima parte , occorre innanzitutto premettere come attualmente non esista una definizione chiara ed uniforme del lavoro frontaliero , una mancanza che produce complesse conseguenze di ordine pratico nel momento stesso in cui diverse categorie di cittadini potrebbero identificarsi in tale attivita ."}
{"sentidx":237779,"lemma":"attualmente","token":"attualmente","start":270,"end":281,"sent":"Alcuni interventi normativi vanno nella medesima direzione , altri sono in cantiere per dare certezza sugli obiettivi di messa in sicurezza e bonifica che gli interessati devono conseguire per poter riutilizzare in condizioni di sicurezza ambientale e sanitaria un sito attualmente inquinato ."}
{"sentidx":98224,"lemma":"attualmente","token":"attualmente","start":81,"end":92,"sent":"Chi fala politica energetica dell \u2019 Italia Il Governo oppure Paolo Scaroni che e attualmente"}
{"sentidx":188146,"lemma":"attualmente","token":"attualmente","start":146,"end":157,"sent":"Dobbiamo investire nell \u2019 istruzione e nella formazione per garantire che l Europa formi insegnanti piu qualificati , dia ai cittadini competenze attualmente richieste dal mercato del lavoro e mantenga l istruzione accessibile al maggior numero possibile di persone ."}
{"sentidx":76635,"lemma":"attualmente","token":"Attualmente","start":0,"end":11,"sent":"Attualmente il comitato ha presentato un ricorso per concordato preventivo al tribunale di Lucca Gli enti locali hanno dato la disponibilita a disporre ulteriori contributi ."}
{"sentidx":347243,"lemma":"attualmente","token":"attualmente","start":8,"end":19,"sent":"Infatti attualmente le norme che regolano l assegnazione dei contributi del FUS sono determinate con decreti ministeriali sempre d intesa con la Conferenza unificata ."}
{"sentidx":360520,"lemma":"attualmente","token":"attualmente","start":15,"end":26,"sent":"Con le risorse attualmente disponibili sono state fatte delle scelte ."}
{"sentidx":97961,"lemma":"attualmente","token":"attualmente","start":38,"end":49,"sent":"Rispetto alla disciplina precedente , attualmente vigente per le elezioni politiche , che cosa cambia in questo provvedimento ?"}
{"sentidx":346909,"lemma":"attualmente","token":"attualmente","start":127,"end":138,"sent":"I Cannabis giornali club non sono strani strumenti partoriti dalla fantasia proibizionista ma sono associazioni di consumatori attualmente operanti legalmente in alcuni Paesi europei , partendo dalla Spagna e dal Belgio e sono associazioni in via di regolamentazione in altri Paesi europei ."}
{"sentidx":125241,"lemma":"attualmente","token":"attualmente","start":68,"end":79,"sent":"Peraltro l elevato numero di progetti di impianti di gassificazione attualmente in valutazione su tutto il territorio nazionale , impone una seria riflessione sulla materia ."}
{"sentidx":298381,"lemma":"attualmente","token":"attualmente","start":275,"end":286,"sent":"Per questo e condivisibile l iniziativa di Area Popolare orientata a evitare ulteriore consumo di territorio , attraverso un cambiamento di prospettiva che supera il concetto del divieto per affermare quello di armonico sviluppo urbanistico capace di cambiare il sistema che attualmente gestisce il territorio ."}
{"sentidx":107902,"lemma":"attualmente","token":"Attualmente","start":0,"end":11,"sent":"Attualmente i registi devono essere accreditati dall \u2019 Associazione italiana dei registri dei tumori ( in sigla Airtum che verifica le procedure che vengono attuate , che devono rispettare precisi standard di qualita definiti a livello internazionale ."}
{"sentidx":356125,"lemma":"attualmente","token":"attualmente","start":112,"end":123,"sent":"Nel quadro , poi , della indispensabile prevenzione , il nostro Paese deve migliorare il complesso di strumenti attualmente a sua disposizione intervenendo in termini significativi nei settori dell \u2019 intelligence e delle nuove tecnologie ."}
{"sentidx":61405,"lemma":"attualmente","token":"attualmente","start":56,"end":67,"sent":"Noi abbiamo assolutamente bisogno che tutti i cittadini attualmente in stato di poverta abbiano la necessita ."}
{"sentidx":165849,"lemma":"attualmente","token":"attualmente","start":57,"end":68,"sent":"Il virus e un Flavivirus trasmesso da insetti vettori ed attualmente presente nel territorio italiano ."}
{"sentidx":113257,"lemma":"attualmente","token":"attualmente","start":96,"end":107,"sent":"Il testo intende inasprire il quadro sanzionatorio per le condotte che danneggiano l ambiente , attualmente punite prevalentemente a titolo di contravvenzione , inserendo nuovi delitti nel codice penale e nuove ipotesi di responsabilita derivanti da reato per le persone giuridiche , oltre che novellare la disciplina normativa contenuta nel codice penale ."}
{"sentidx":47892,"lemma":"attualmente","token":"attualmente","start":355,"end":366,"sent":"Certo un impegno che potra essere completato attraverso ulteriori interventi sul nostro sistema penale che prendano spunto anche dal lavoro delle commissioni di studio ministeriali , da ultimo ho menzionata quella presieduta dal professore Palazzo che ha concluso i propri lavori con uno specifico ed interessante articolato e che magari anche il Governo attualmente in carica potra riprendere , comunque riforme che prevedano magari ulteriori tipologie di pene non carcerarie ."}
{"sentidx":169119,"lemma":"attualmente","token":"attualmente","start":30,"end":41,"sent":"La lama sulla quale viaggiano attualmente il diritto di cronaca ela diffamazione determina una spaccatura soprattutto nel momento in cui il soggetto citato riveste dei ruoli politici ."}
{"sentidx":182107,"lemma":"attualmente","token":"attualmente","start":17,"end":28,"sent":"Pertanto seppure attualmente non sia stato abilitato dalla Commissione europea un PIF in Sardegna le merci in provenienza da Paesi terzi destinate al territorio della regione vengono comunque sottoposte a tutti i controlli ."}
{"sentidx":282474,"lemma":"attualmente","token":"attualmente","start":107,"end":118,"sent":"Un tale intervento puo essere in grado di risolvere numerose situazioni di crisi aziendali e occupazionali attualmente in corso ."}
{"sentidx":70476,"lemma":"attualmente","token":"attualmente","start":60,"end":71,"sent":"Questa problematica , unitamente alla filosofia finanziaria attualmente imperante in tutto il mondo ( Fondo monetario internazionale , Banca centrale europea e di riflesso , Bankitalia che vuole perseguire in tempi rapidi un drastico ridimensionamento del numero delle banche , ha indotto le citate autorita , fisicamente nella veste di Bankitalia a richiedere un urgente intervento in questa direzione ."}
{"sentidx":129555,"lemma":"attualmente","token":"attualmente","start":236,"end":247,"sent":"Il testo della Convenzione sulla costituzione irlandese prevede che tale organismo , poi , possa rivolgere le raccomandazioni che ritiene opportune alle due Camere su rilevanti modifiche costituzionali e questa Convenzione che e ancora attualmente operante , ha dato buona prova di se in Irlanda ed e giunta ad approvare innumerevoli modifiche costituzionali ."}
{"sentidx":47138,"lemma":"attualmente","token":"attualmente","start":127,"end":138,"sent":"A quanto si legge nelle carte , ci penseranno due commercialisti , che avrebbero fatto risultare unicamente il fratello Emilio attualmente agli arresti domiciliari per l inchiesta tarantina ."}
{"sentidx":62861,"lemma":"attualmente","token":"attualmente","start":139,"end":150,"sent":"Grazie signora Presidente E paradossale che una riforma come quella delle amministrazioni pubbliche , considerata fondamentale dal Governo attualmente in carica , venga attuata con lo strumento delle deleghe a dodici mesi , estesi di altri dodici mesi nel caso molto probabile della necessita di interventi correttivi e integrativi ai decreti delegati ."}
{"sentidx":246400,"lemma":"attualmente","token":"attualmente","start":94,"end":105,"sent":"Quanto infine alle iniziative normative di cui si sollecita l assunzione , si rappresenta che attualmente non sono allo studio del Ministero progetti di interventi legislativi riguardanti la materia in esame ."}
{"sentidx":180786,"lemma":"attualmente","token":"attualmente","start":197,"end":208,"sent":"Il decreto - legge prevede infatti la concessione della liberazione anticipata , della sospensione della pena e della detenzione domiciliare per molti crimini , estendendo di gran lunga le ipotesi attualmente in previsione ."}
{"sentidx":172028,"lemma":"attualmente","token":"attualmente","start":33,"end":44,"sent":"Solo una minima parte dei lavori attualmente in corso e dei finanziamenti per l edilizia scolastica sono per adeguamento antisismico ."}
{"sentidx":106954,"lemma":"attualmente","token":"attualmente","start":25,"end":36,"sent":"E vero chele istituzioni attualmente possono designare come rappresentanti alcuni ricercatori , ma cio non e scritto da nessuna parte ."}
{"sentidx":247312,"lemma":"attualmente","token":"Attualmente","start":0,"end":11,"sent":"Attualmente a incarnare lo spirito vero della cooperativa ci sono le aziende recuperate dai lavoratori con le operazioni di women burnout Le parole come lavoro , solidarieta aziendale , paritario coinvolgimento dei soci lavoratori prendono il posto in questa realta delle parole lucro , speculazione e sfruttamento ."}
{"sentidx":204043,"lemma":"attualmente","token":"attualmente","start":93,"end":104,"sent":"Tra queste deleghe rientra quella volta a riformare e semplificare le tipologie contrattuali attualmente previste , nella prospettiva di dotare finalmente il nostro sistema di un insieme omogeneo di norme volte a regolare in modo piu semplice e coerente i diversi istituti contrattuali ."}
{"sentidx":256504,"lemma":"attualmente","token":"Attualmente","start":0,"end":11,"sent":"Attualmente per quanto riguarda il reato di circonvenzione di persona incapace in danno di Chiara la procura ha avanzato richiesta di archiviazione , non ricorrendo , a giudizio della predetta magistratura inquirente , tutti i presupposti per poter ritenere sussistente un simile delitto ."}
{"sentidx":31068,"lemma":"attualmente","token":"Attualmente","start":0,"end":11,"sent":"Attualmente luso di varieta brevettate ha portato auna riduzione a circa otto varieta ."}
{"sentidx":242409,"lemma":"attualmente","token":"attualmente","start":64,"end":75,"sent":"Per quale ragione il Governo della Repubblica italiana , quello attualmente in carica , decide recentemente , in uno degli ultimi provvedimenti approvati in via definitiva dalla Camera di equiparare le concentrazioni di soglia dell \u2019 attivita militare a quelle dell \u2019 industria ?"}
{"sentidx":349089,"lemma":"attualmente","token":"attualmente","start":191,"end":202,"sent":"Per analoghe esigenze di garanzia , insieme agli altri alleati del partito di maggioranza relativa , avremmo preferito che venisse accolta la nostra richiesta che anche la legge elettorale , attualmente all \u2019 esame del Senato potesse essere sottoposta a scrutinio preventivo di costituzionalita , se richiesto ."}
{"sentidx":181670,"lemma":"attualmente","token":"attualmente","start":49,"end":60,"sent":"Si pensi solo alla sensibile riduzione dei tempi attualmente vigenti entro i quali gli enti territoriali , i soggetti interessati e le comunita locali possono far pervenire al Governo centrale le loro osservazioni e deduzioni rispetto alla realizzazione di impianti e opere e alla loro compatibilita ambientale ."}
{"sentidx":28736,"lemma":"attualmente","token":"attualmente","start":433,"end":444,"sent":"Grazie La relazione illustrativa del disegno di legge sottolinea che l esigenza di un intervento normativo organico e sistematico nella materia e reso indefettibile non solo dalle rilevanti criticita emerse nella prassi applicativa in riferimento alle disposizioni legislative vigenti , ma anche e soprattutto dalla circostanza che le previsioni normative in materia di repressione dei reati contro il patrimonio culturale risultano attualmente inadeguate rispetto al sistema dei valori delineato dalla Carta fondamentale ."}
{"sentidx":68165,"lemma":"attualmente","token":"attualmente","start":149,"end":160,"sent":"Presidente questo emendamento e molto interessante , perche quello che prevede e essenzialmente che vengano chiusi i pozzi nella Val d Agri che sono attualmente quelli sfruttati ."}
{"sentidx":287095,"lemma":"attualmente","token":"attualmente","start":202,"end":213,"sent":"Quindi le chiederei delucidazioni al riguardo e anche di sensibilizzare la Presidenza affinche si faccia , diciamo , portavoce con i gruppi di maggioranza , al fine di redimere le diverse questioni che attualmente impediscono lo svolgersi regolare dell \u2019 attivita del"}
{"sentidx":262107,"lemma":"attualmente","token":"attualmente","start":201,"end":212,"sent":"Tutto cio potrebbe e dovrebbe , secondo il Governo trovare manifestazione in una precisa proposta del Governo di integrazione , tramite emendamenti presentati dal Governo stesso , del disegno di legge attualmente in discussione al Senato per il contrasto alle false cooperative ."}
{"sentidx":15266,"lemma":"attualmente","token":"Attualmente","start":0,"end":11,"sent":"Attualmente il sistema di progressione tabellare si basa su nove scatti ."}
{"sentidx":262249,"lemma":"attualmente","token":"attualmente","start":49,"end":60,"sent":"Inoltre un eventuale chiusura degli stabilimenti attualmente attivi presso le sedi di Sesto San Giovanni e Genova a seguito di una localizzazione dell attivita produttiva decisa dai nuovi acquirenti , oltre a mettere a rischio i posti di lavoro , potrebbe produrre ripercussioni sull ' indotto collegato ai medesimi stabilimenti ."}
{"sentidx":272150,"lemma":"attualmente","token":"attualmente","start":112,"end":123,"sent":"Inoltre come anche proposto da SEL si anticipa lo scioglimento della comunione dei beni tra marito e moglie che attualmente consegue al passaggio in giudicato della sentenza di separazione ."}
{"sentidx":58857,"lemma":"attualmente","token":"attualmente","start":169,"end":180,"sent":"Ministro dell Interno Grazie signor Presidente Onorevoli deputati , il comune di Giugliano in Campania ospita una numerosa comunita di etnia rom , circa mille persone , attualmente allocate in tre diversi insediamenti ."}
{"sentidx":170403,"lemma":"attualmente","token":"attualmente","start":112,"end":123,"sent":"Questo provvedimento puo rappresentare per il nostro Paese una prima boccata di ossigeno ; per le tante aziende attualmente in difficolta sicuramente costituisce una prima risposta , il punto di partenza per invertire la tendenza ."}
{"sentidx":339904,"lemma":"attualmente","token":"attualmente","start":81,"end":92,"sent":"E siccome ci sono qui i rappresentanti del Governo ma ce anche la Presidenza che attualmente e presieduta dal Vicepresidente con la sua autorevolezza , Presidente faccia presente al Presidente del Consiglio che ormai e ineludibile questa grande necessita ."}
{"sentidx":151992,"lemma":"attualmente","token":"attualmente","start":456,"end":467,"sent":"La relazione illustrativa del disegno di legge oggi all \u2019 esame della Camera sottolinea che l esigenza di un intervento normativo organico e sistematico nella materia e reso indefettibile non solo dalle rilevanti criticita emerse nella prassi applicativa in riferimento alle disposizioni legislative vigenti , ma anche e soprattutto dalla circostanza che le previsioni normative in materia di repressione dei reati contro il patrimonio culturale risultano attualmente inadeguate rispetto al sistema di valori delineato dalla nostra Carta fondamentale ."}
{"sentidx":192985,"lemma":"attualmente","token":"attualmente","start":176,"end":187,"sent":"I costi sociali della celiachia sono molto significativi e si riducono drasticamente a seguito della diagnosi quando i pazienti passano alla dieta senza glutine , l unica cura attualmente disponibile , appunto ."}
{"sentidx":306472,"lemma":"attualmente","token":"attualmente","start":2,"end":13,"sent":"E attualmente in corso la procedura di emanazione delle norme attraverso un decreto ministeriale che prevede l acquisizione dei pareri del Ministero dell ambiente e della tutela del territorio e del mare della Protezione civile , della Conferenza Stato regioni ."}
{"sentidx":48922,"lemma":"attualmente","token":"attualmente","start":115,"end":126,"sent":"Nel piano che e stato presentato l aeroporto di Foggia Gino Lisa nell ambito del piano nazionale degli aeroporti , attualmente riveste una funzione di aeroporto di interesse regionale , all \u2019 interno del sistema aeroportuale pugliese , che prevede gestioni integrate e gestioni complessive uniche ."}
{"sentidx":271336,"lemma":"attualmente","token":"attualmente","start":75,"end":86,"sent":"Pure recenti studi hanno dimostrato che gli ex parlamentari possono godere attualmente di un vitalizio che e pari fino a cinque volte quello che effettivamente hanno versato durante il proprio mandato ."}
{"sentidx":327708,"lemma":"attualmente","token":"attualmente","start":47,"end":58,"sent":"La cosa certa e chesi distrugge una realta che attualmente funziona ( Applausi dei deputati del gruppo Forza Italia Il Popolo della Liberta Berlusconi"}
{"sentidx":39884,"lemma":"attualmente","token":"attualmente","start":14,"end":25,"sent":"Perche Perche attualmente sono appannaggio di poche societa che hanno sede all \u2019 estero , esperte nel recupero di tali crediti deteriorati ."}
{"sentidx":298217,"lemma":"attualmente","token":"attualmente","start":74,"end":85,"sent":"Si informa , altresi , con l occasione , che la gestione della Fondazione attualmente e sottoposta a verifica ispettiva da parte del servizio III ispettorato del segretariato generale di questa amministrazione ."}
{"sentidx":162854,"lemma":"attualmente","token":"attualmente","start":3,"end":14,"sent":"Ed attualmente lei , Presidente rappresenta un ostacolo da superare per arrivare a quel traguardo ."}
{"sentidx":293505,"lemma":"attualmente","token":"attualmente","start":183,"end":194,"sent":"Sostanzialmente si chiedeva al Governo di adottare ogni opportuna iniziativa volta alla sospensione degli espropri relativi alla prima casa , e comunque tesa a rivedere i criteri che attualmente disciplinano i meccanismi e le procedure di espropriazione e anche di adottare ogni iniziativa , anche normativa , volta a rafforzare gli strumenti di garanzia per i cittadini ."}
{"sentidx":72272,"lemma":"attualmente","token":"attualmente","start":361,"end":372,"sent":"Risulta altresi , indispensabile valutare la possibilita di escludere dai saldi rilevanti per la verifica del rispetto del Patto di stabilita interno le spese per la bonifica dell \u2019 amianto , in particolare in edifici pubblici , quali scuole , universita ed ospedali , prevedendo un finanziamento del Fondo nazionale per il risanamento degli edifici pubblici , attualmente privo di adeguata dotazione ."}
{"sentidx":166369,"lemma":"attualmente","token":"attualmente","start":7,"end":18,"sent":"Ora io attualmente sono in Aula dovrei essere in Commissione bilancio a difendere gli emendamenti sul decretone dovrei essere in Commissione lavoro a difendere i miei emendamenti sul lavoro autonomo , e devo essere in Aula chiaramente , ad ascoltare la risposta del sottosegretario ea rispondere rispetto a questo passaggio ."}
{"sentidx":197804,"lemma":"attualmente","token":"attualmente","start":194,"end":205,"sent":"Va inoltre considerato che interventi in materia di diversa determinazione di anzianita di servizio incidono sulle risorse complessivamente disponibili per la retribuzione del personale docente attualmente prevista a legislazione vigente , comprese quelle disponibili per il rinnovo contrattuale ."}
{"sentidx":112837,"lemma":"attualmente","token":"attualmente","start":142,"end":153,"sent":"Mi riferisco , in primo luogo , al provvedimento legislativo , gia approvato in esame preliminare dal Consiglio dei Ministri a fine gennaio e attualmente all \u2019 esame della Conferenza Unificata con il quale , in attuazione della legge delega Madia sono state dettate le nuove modalita di selezione dei direttori generali sanitari ed amministrativi degli enti del Servizio sanitario nazionale ."}
{"sentidx":281836,"lemma":"attualmente","token":"attualmente","start":10,"end":21,"sent":"E inoltre attualmente alla valutazione del Governo il varo di una manovra pro"}
{"sentidx":365741,"lemma":"attualmente","token":"attualmente","start":71,"end":82,"sent":"Allora chiariamo subito che i figli minori erano tutelati con la legge attualmente vigente e verranno tutelati con questa legge ."}
{"sentidx":49618,"lemma":"attualmente","token":"attualmente","start":38,"end":49,"sent":"Mi riferisco al signor Sangermano che attualmente penso sia in pensione : insomma , ex direttore regionale della Campania dell Agenzia delle entrate ."}
{"sentidx":305882,"lemma":"attualmente","token":"attualmente","start":213,"end":224,"sent":"Mi reputo parzialmente soddisfatto , nel senso che sono contento che il Governo abbia capito l urgenza di un intervento tempestivo nel dare ad Agcom poteri sanzionatori molto piu efficaci rispetto a quelli che ha attualmente per sanzionare chi non intenda rispettare il regolamento ."}
{"sentidx":133606,"lemma":"attualmente","token":"Attualmente","start":0,"end":11,"sent":"Attualmente non si sta facendo abbastanza per sostenere le piccole e medie imprese ."}
{"sentidx":206526,"lemma":"attualmente","token":"attualmente","start":372,"end":383,"sent":"In altri termini , le Conferenze dei presidenti dei gruppi parlamentari , sia della Camera che del Senato potrebbero non essere informate della convocazione di riforme costituzionali , in quanto decise congiuntamente dai soli Presidenti Con una tempistica rigida e predefinita rimessa ai Presidenti potrebbero , quindi , venire meno anche i gia deboli , diabolici presidi attualmente previsti per le opposizioni che partecipano alla Conferenza dei presidenti di gruppo , che verrebbe , di fatto , bypassata ."}
{"sentidx":152392,"lemma":"attualmente","token":"attualmente","start":263,"end":274,"sent":"Il disegno di legge al nostro esame riprende in parte i provvedimenti delle scorse legislature e secondo quanto evidenziato nella relazione illustrativa , si caratterizza per i seguenti aspetti - favorire la coerenza sistematica del quadro sanzionatorio penale , attualmente ripartito tra codice penale e codice dei beni culturali ; assicurare l omogeneita terminologica di tutte le disposizioni incriminatrici , riconducendo al concetto di reati contro il patrimonio culturale ; - introdurre nuove fattispecie di reato ; innalzare le pene edittali vigenti , cosi da attuare pienamente il disposto costituzionale in forza del quale il patrimonio culturale e paesaggistico necessita di una tutela differenziata e preminente rispetto a quella offerta alla tutela della proprieta privata ; introdurre aggravanti quando oggetto di reati comuni siano beni culturali ."}
{"sentidx":189192,"lemma":"attualmente","token":"attualmente","start":153,"end":164,"sent":"Inoltre anche quando si parlava della scelta del commissario , per quanto riguarda la prima parte degli impegni richiesti era giustificata dal fatto che attualmente il commissario scelto sarebbe lo stesso dirigente che in questo momento gestisce il dipartimento acqua e rifiuti della regione Sicilia Quindi in qualche modo e colui che probabilmente ha le capacita pero e quello che in questo momento gestisce gia l attuale emergenza rifiuti ."}
{"sentidx":257935,"lemma":"attualmente","token":"attualmente","start":91,"end":102,"sent":"E un qualcosa , la manutenzione , il decoro , che non corrisponde alla stessa mansione che attualmente svolgono gli operatori coinvolti nelle ditte dei servizi di pulizia , perche stiamo parlando di tinteggiatura e stiamo parlando di interventi anche nella struttura scolastica ."}
{"sentidx":351517,"lemma":"attualmente","token":"attualmente","start":135,"end":146,"sent":"L articolo in esame interviene tra l altro anche in ordine alla ripartizione dei posti del personale della magistratura , per il quale attualmente la proporzionale etnica vigente nella provincia di Bolzano si applica solamente tra i gruppi linguistici italiano e tedesco , estendendo la ripartizione dei posti anche ai cittadini di lingua ladina ."}
{"sentidx":31071,"lemma":"attualmente","token":"Attualmente","start":0,"end":11,"sent":"Attualmente in Lombardia si sta cercando di recuperare la varieta del pollo brianzolo proprio perche ogni territorio , ogni spicchio del nostro Paese ha una propria varieta vegetale e animale ."}
{"sentidx":39127,"lemma":"attualmente","token":"attualmente","start":93,"end":104,"sent":"L intento e il seguente : favorire la coerenza sistematica del quadro sanzionatorio penale , attualmente ripartito tra codice penale e codice dei beni culturali ."}
{"sentidx":110759,"lemma":"attualmente","token":"attualmente","start":435,"end":446,"sent":"Relatore Signor Presidentesignor rappresentante del Governo onorevoli colleghe e onorevoli colleghi , il fenomeno della contraffazione e della pirateria commerciale rappresenta una piaga che assume sempre maggiori dimensioni , ha un impatto sul sistema produttivo nazionale , ed oggi puo anche sfruttare , oltre ai metodi dei canali tradizionali di commercializzazione , anche le molteplici possibilita che le transazioni via Internet attualmente offrono ."}
