{"sentidx":188018,"lemma":"guerra","token":"guerra","start":98,"end":104,"sent":"Lei Presidente del Consiglio lei Ministro Giannini avreste dovuto combattere primariamente questa guerra ."}
{"sentidx":296162,"lemma":"guerra","token":"guerra","start":114,"end":120,"sent":"Questa situazione potrebbe diventare davvero pericolosa , allorche si potrebbe configurare addirittura un atto di guerra ."}
{"sentidx":21347,"lemma":"guerra","token":"guerra","start":35,"end":41,"sent":"Ricordiamocelo l Italia ripudia la guerra come mezzo di risoluzione dei conflitti internazionali ."}
{"sentidx":258510,"lemma":"guerra","token":"guerra","start":31,"end":37,"sent":"Cioe una sacralizzazione della guerra , la mobilitazione permanente ."}
{"sentidx":97818,"lemma":"guerra","token":"guerre","start":153,"end":159,"sent":"Allora i popoli europei avevano come unico comune denominatore la solidarieta , la solidarieta rivolta auna rinascita anzitutto sociale dalle devastanti guerre mondiali ."}
{"sentidx":280027,"lemma":"guerra","token":"Guerra","start":3,"end":9,"sent":"90 Guerra Mauro PD Relatore perla maggioranza ."}
{"sentidx":280032,"lemma":"guerra","token":"Guerra","start":3,"end":9,"sent":"92 Guerra Mauro PD Relatore perla maggioranza ."}
{"sentidx":280022,"lemma":"guerra","token":"Guerra","start":6,"end":12,"sent":"87 88 Guerra Mauro PD Relatore perla maggioranza ."}
{"sentidx":132501,"lemma":"guerra","token":"guerra","start":35,"end":41,"sent":"Aveva capito che una condizione di guerra permanente , una spirale di violenza , una condizione di assedio permanente avrebbe determinato uno scivolamento culturale insostenibile per una societa realmente libera e democratica ."}
{"sentidx":89759,"lemma":"guerra","token":"guerra","start":111,"end":117,"sent":"Signor Presidente con questo emendamento si sposta una parte dei fondi destinati a rifinanziare le missioni di guerra a favore di iniziative di cooperazione internazionale ."}
{"sentidx":91455,"lemma":"guerra","token":"guerra","start":202,"end":208,"sent":"Sappiamo che spesso essere identificati come gli attori militari sul campo crea grave nocumento alle organizzazioni umanitarie internazionali e alle ONG italiane e internazionali che operano in zone di guerra , e ribadire questa imparzialita e questa neutralita ci sembra importante ."}
{"sentidx":236119,"lemma":"guerra","token":"guerra","start":98,"end":104,"sent":"Furono lungimiranti in tanti punti i nostri Padri costituenti , ma sicuramente l esperienza della guerra , l esperienza del regime che precedette la nascita della Repubblica influenzarono e influirono pesantemente nelle loro decisioni ."}
{"sentidx":198429,"lemma":"guerra","token":"guerra","start":34,"end":40,"sent":"Dobbiamo spegnere i focolai della guerra ."}
{"sentidx":349034,"lemma":"guerra","token":"guerra","start":25,"end":31,"sent":"Anche durante la Seconda guerra mondiale !"}
{"sentidx":207034,"lemma":"guerra","token":"guerra","start":107,"end":113,"sent":"Ma come ben sappiamo , queste bombe purtroppo continuano a essere utilizzate fondamentalmente in teatri di guerra molto importanti e il danno causato alle popolazioni risulta veramente enorme ."}
{"sentidx":296209,"lemma":"guerra","token":"guerre","start":120,"end":126,"sent":"Noi crediamo fermamente che , con la cooperazione internazionale , si possano costruire condizioni di prevenzione delle guerre e dei conflitti ; crediamo che andrebbero rafforzate quelle iniziative che vanno in questa direzione ."}
{"sentidx":300786,"lemma":"guerra","token":"guerra","start":242,"end":248,"sent":"Grazie signora Presidente Onorevoli colleghi , rappresentanti del Governo Presidente Renzi evitando anche lo sguardo dei nostri ragazzi che sono qui in Aula sarebbe bene e opportuno ogni tanto rivedere anche la storia particolare della Prima guerra mondiale ."}
{"sentidx":125418,"lemma":"guerra","token":"guerra","start":117,"end":123,"sent":"Sappiamo quale stata la risposta : il sorgere di devastanti nazionalismi che hanno prodotto le macerie della Seconda guerra mondiale ."}
{"sentidx":49054,"lemma":"guerra","token":"guerra","start":45,"end":51,"sent":"Giovanni e una vittima collaterale di questa guerra al terrorismo ."}
{"sentidx":89857,"lemma":"guerra","token":"guerra","start":180,"end":186,"sent":"Io attraverso queste parole , vorrei indurre una riflessione in tutti i colleghi presenti in Aula E se riflettono attentamente possono sicuramente arrivare alla conclusione che la guerra corrisponde ad un \u2019 azione di debolezza , mentre un \u2019 azione di coraggio e rappresentata dalla cooperazione ."}
{"sentidx":21419,"lemma":"guerra","token":"guerra","start":81,"end":87,"sent":"Guerra civile , perche la situazione e degenerata in continuazione , e in questa guerra civile , sono emerse anche presenze inquietanti di gruppi di indirizzo estremista purtroppo a fianco dell \u2019 opposizione democratica siriana ."}
{"sentidx":21419,"lemma":"guerra","token":"Guerra","start":0,"end":6,"sent":"Guerra civile , perche la situazione e degenerata in continuazione , e in questa guerra civile , sono emerse anche presenze inquietanti di gruppi di indirizzo estremista purtroppo a fianco dell \u2019 opposizione democratica siriana ."}
{"sentidx":212657,"lemma":"guerra","token":"guerra","start":240,"end":246,"sent":"Il primo parlamentare vittima della violenza politica e fisica del fascismo , prima ancora della presa del potere da parte di Mussolini in quella difficile fase della storia politica del nostro Paese successiva alla conclusione della Prima guerra mondiale ."}
{"sentidx":89733,"lemma":"guerra","token":"guerra","start":326,"end":332,"sent":"Signor Presidente anche io intervengo leggermente in dissenso dalla dichiarazione di voto che abbiamo fatto , perche voglio un attimo capire bene quanto stiamo tagliando i fondi alla missione in Afghanistan che sicuramente ci trova completamente in accordo sul fatto che tutti i militari debbano rientrare quanto prima da una guerra inutile ."}
{"sentidx":3047,"lemma":"guerra","token":"guerra","start":95,"end":101,"sent":"Hanno portato addirittura a paragonare quanto accaduto solo a quello che e stato vissuto nella guerra mondiale per la montagna pistoiese ."}
{"sentidx":90472,"lemma":"guerra","token":"guerra","start":197,"end":203,"sent":"Un ruolo fondamentale durante la Resistenza Le donne costituenti hanno fatto lo stesso e una volta a Montecitorio si sono ritrovate , paradossalmente , con le stesse problematiche antecedenti alla guerra ."}
{"sentidx":90382,"lemma":"guerra","token":"guerra","start":29,"end":35,"sent":"Grazie Presidente E stata la guerra ela partecipazione delle donne alla resistenza partigiana che hanno aperto la strada al voto femminile in Italia che oggi ricordiamo ."}
{"sentidx":206067,"lemma":"guerra","token":"guerra","start":117,"end":123,"sent":"Mercoledi avremo una discussione impegnativa qui in Aula con il Primo Ministro Letta dove affronteremo il nodo della guerra in Siria dell azione militare in Siria annunciata qualche settimana fa ."}
{"sentidx":23791,"lemma":"guerra","token":"guerra","start":63,"end":69,"sent":"La tecnologia cibernetica potrebbe essere interpretata come la guerra del futuro , e allora ?"}
{"sentidx":89754,"lemma":"guerra","token":"guerra","start":86,"end":92,"sent":"Signor Presidente io vorrei ricordare che non si riesce a fare la pace finanziando la guerra e spostare le risorse dalla missione in Afghanistan alla cooperazione internazionale significa per esempio il fatto che si possano vaccinare contro la malaria centinaia di migliaia di persone ."}
{"sentidx":76743,"lemma":"guerra","token":"guerre","start":28,"end":34,"sent":"Sono costretti a combattere guerre o a lavorare in condizioni intollerabili , vengono sottoposti ad abusi sessuali o a violenze punitive ."}
{"sentidx":165500,"lemma":"guerra","token":"guerre","start":28,"end":34,"sent":"Parliamo di totalitarismi , guerre e stermini ."}
{"sentidx":23713,"lemma":"guerra","token":"guerra","start":70,"end":76,"sent":"Una volta lo spionaggio aveva strumenti per avvantaggiare un Paese in guerra ."}
{"sentidx":104464,"lemma":"guerra","token":"guerra","start":121,"end":127,"sent":"Non si puo non ricordare in questo giorno di lutto il ruolo di Ankara nella destabilizzazione della Siria attraverso una guerra per procura del terrorismo e le violazioni continue perpetrate verso la popolazione curda ."}
{"sentidx":15736,"lemma":"guerra","token":"guerra","start":229,"end":235,"sent":"Il dramma della situazione che stiamo vivendo rende inevitabile , rende urgente l intervento del Parlamento Sempre meno i motivi dei flussi migratori riguardano la situazione economica e sempre di piu , purtroppo , condizioni di guerra odi sfruttamento che danno titolo e diritto ad asilo e protezione internazionale ."}
{"sentidx":109127,"lemma":"guerra","token":"guerre","start":49,"end":55,"sent":"Tutti noi sappiamo che distribuzioni a pioggia , guerre di poveri e beghe di campanile hanno penalizzato e continuano a penalizzare la nostra politica culturale ."}
{"sentidx":215219,"lemma":"guerra","token":"guerra","start":40,"end":46,"sent":"Presidente e Ministro oggi quella terza guerra mondiale a pezzetti , come la defini Bergoglio e sull orlo di scoppiare definitivamente ."}
{"sentidx":295746,"lemma":"guerra","token":"Guerra","start":181,"end":187,"sent":"Una grande , grandissima operazione di egemonia culturale , che e stata conquistata a partire dalle cosiddette rivoluzioni liberali di Thatcher e Reagan alimentata dalla fine della Guerra Fredda consolidata nel pensiero unico degli anni Novanta al punto di essere in grado di uscire indenne da una crisi che avrebbe dovuto schiantare tutti i presupposti pratici e teorici ."}
{"sentidx":81633,"lemma":"guerra","token":"guerre","start":85,"end":91,"sent":"E la cosiddetta soluzione della via penale ai problemi sociali : tossicodipendenza , guerre , migrazioni ."}
{"sentidx":300426,"lemma":"guerra","token":"guerra","start":197,"end":203,"sent":"Pur non contestando le scelte che abbiamo ricordato , quelle relative alla stabilizzazione dei precari e alla redistribuzione dei lavoratori delle province , anche per non richiamare la cosiddetta guerra tra poveri , riteniamo , pero , sia utile riflettere su un patrimonio umano cosi importante e che sarebbe a disposizione della pubblica amministrazione e dei servizi diversi che essa eroga ."}
{"sentidx":106777,"lemma":"guerra","token":"guerre","start":64,"end":70,"sent":"che il Governo non accetta l impegno a non alimentare ulteriori guerre o sostenere nuovi o vecchi dittatori ( Applausi dei deputati del gruppo Sinistra Ecologia"}
{"sentidx":68409,"lemma":"guerra","token":"guerre","start":250,"end":256,"sent":"Infatti secondo il mio modesto parere , tutto il mondo dovrebbe essere una riserva naturale , dovrebbe essere tutelato a livello ambientale e solo una piccola percentuale dovrebbe essere utilizzata per lo sfruttamento , per le guerre economiche e le guerre industriali ."}
{"sentidx":68409,"lemma":"guerra","token":"guerre","start":227,"end":233,"sent":"Infatti secondo il mio modesto parere , tutto il mondo dovrebbe essere una riserva naturale , dovrebbe essere tutelato a livello ambientale e solo una piccola percentuale dovrebbe essere utilizzata per lo sfruttamento , per le guerre economiche e le guerre industriali ."}
{"sentidx":347795,"lemma":"guerra","token":"guerra","start":227,"end":233,"sent":"Signor Presidente colleghi , credo di poter dire a nome dei presenti , non moltissimi che lei onorevole Cozzolino ha qualcosa di piu della personale simpatia che invocava De Gasperi all assemblea delle nazioni vincitrici della guerra in Italia nel secondo dopoguerra ."}
{"sentidx":285439,"lemma":"guerra","token":"guerra","start":775,"end":781,"sent":"L Italia sie impegnata costantemente e concretamente per la realizzazione della pace ; sul versante diplomatico , per la realizzazione di soluzioni politiche , negoziali e diplomatiche dei conflitti , vicini e lontani ; sul versante della nostra partecipazione alle missioni internazionali , dove i nostri uomini si sono distinti per la capacita di entrare in sintonia con le popolazioni locali e di interpretare la presenza militare in funzione del massimo sostegno alla sicurezza , alla salute ed alle necessita primarie delle popolazioni , come e accaduto in Afghanistan Kosovo Bosnia Libano ed in tanti altri scenari di intervento ; sul versante della cooperazione internazionale , dove la nostra cultura della pace ci ha portato ad essere presenti in diversi scenari di guerra con opere di sanita , istruzione , cooperazione agricola e sostegno alle infrastrutture ."}
{"sentidx":276423,"lemma":"guerra","token":"guerra","start":64,"end":70,"sent":"Non sicuramente quelli che vogliono scappare da uno scenario di guerra , non sicuramente quelli che hanno bisogno di scappare dalla fame oda qualche persecuzione , ma quelli che vengono all \u2019 interno di un Paese occidentale che offre delle garanzie per sfruttare quelle garanzie , per abbattere quel sistema occidentale ."}
{"sentidx":137261,"lemma":"guerra","token":"Guerra","start":185,"end":191,"sent":"Abbiamo dimostrato ancora una volta e lo abbiamo fatto con una Commissione che ha lavorato veramente in maniera da stakanovisti , insieme al presidente Boccia insieme al relatore Mauro Guerra insieme al capogruppo ea tutti i colleghi ."}
{"sentidx":287053,"lemma":"guerra","token":"guerre","start":83,"end":89,"sent":"Che Lampedusa sia meta di migranti provenienti dai Paesi africani martoriati dalle guerre civili e dalla mancanza di cibo non e certo una novita , eppure l organizzazione del sistema di asilo italiano continua ad essere insufficiente ."}
{"sentidx":276403,"lemma":"guerra","token":"guerra","start":79,"end":85,"sent":"Voglio richiamare qui un pensiero arcinoto di von Clausewitz che diceva che la guerra altro non e chela continuazione della diplomazia con altri mezzi ."}
{"sentidx":280955,"lemma":"guerra","token":"guerra","start":75,"end":81,"sent":"Si tratta di una delle prime aggregazioni dell \u2019 Europa dopoche usci dalla guerra e nata grazie alla lungimiranza dei padri fondatori ."}
{"sentidx":269018,"lemma":"guerra","token":"guerra","start":23,"end":29,"sent":"Voi pensate che questa guerra fredda tra magistratura e politica possa finire , possa iniziare una stagione nuova ?"}
{"sentidx":274993,"lemma":"guerra","token":"guerra","start":271,"end":277,"sent":"Lo dico ai compagni , agli amici e ai colleghi del Partito Democratico chese avesse vinto l opzione del cambiamento in questo Paese noi avevamo il dovere di cambiare rotta rispetto alle missioni internazionali e dare un segnale al Paese che l Italia veramente ripudia la guerra e veramente costruisce , invece , opzioni che guardano alla cooperazione internazionale ( Applausi dei deputati del gruppo Sinistra Ecologia"}
{"sentidx":288113,"lemma":"guerra","token":"guerra","start":26,"end":32,"sent":"Infatti noi uscendo dalla guerra , avevamo una alimentazione equilibrata e bilanciata che e stata senz altro uno dei fattori che ha consentito l allungamento della vita in questo Paese aldi la della capacita delle strutture sanitarie di andare in quella direzione ."}
{"sentidx":80536,"lemma":"guerra","token":"guerra","start":105,"end":111,"sent":"Queste informazioni fondamentali devono essere utilizzate dal sistema , ma utilizzate non per aprire una guerra , spesso non motivata , tra Nord e Sud del Paese ma piuttosto come indicazione di un range di riferimento nel momento che si fanno gare , possibilmente unitarie , possibilmente attraverso centrali di acquisto , per acquistare appunto i dispositivi sanitari ."}
{"sentidx":286069,"lemma":"guerra","token":"guerra","start":167,"end":173,"sent":"Rivendichiamo con forza il diritto di valutare , per ogni missione , se , quanto e come contribuire , nel pieno rispetto del precetto costituzionale del ripudio della guerra e degli impegni internazionali per la stabilizzazione della pace , che vedono protagonista il nostro Paese di concerto con la comunita internazionale ."}
{"sentidx":25823,"lemma":"guerra","token":"guerra","start":18,"end":24,"sent":"Compresa l ultima guerra ."}
{"sentidx":13527,"lemma":"guerra","token":"guerra","start":115,"end":121,"sent":"La crisi siriana e stata definita da molte associazioni che vi operano come una delle peggiori crisi dalla Seconda guerra mondiale ."}
{"sentidx":23712,"lemma":"guerra","token":"guerra","start":99,"end":105,"sent":"Esse sono tali proprio perche hanno questi strumenti che sempre di piu coincidono con strumenti di guerra ."}
{"sentidx":89916,"lemma":"guerra","token":"guerra","start":236,"end":242,"sent":"Signor Presidente vorrei intervenire per annunciare il mio voto a favore di questo emendamento ( Applausi dei deputati del gruppo Sinistra Ecologia Liberta Perche Perche il mio paese e stato colpito da una immane tragedia a causa della guerra in Afghanistan la giornalista Maria Grazia Cutuli in Afghanistan ha perso la vita ."}
{"sentidx":172187,"lemma":"guerra","token":"guerra","start":50,"end":56,"sent":"Non possiamo dimenticare che le conseguenze della guerra nei Balcani sono ancora vive e le ferite ancora aperte ."}
{"sentidx":90001,"lemma":"guerra","token":"guerra","start":135,"end":141,"sent":"Matteo Vanzan era un ragazzo che potrebbe essere tranquillamente nostro fratello o figlio di qualcuno di tutti voi : basta missioni di guerra in"}
{"sentidx":8199,"lemma":"guerra","token":"guerra","start":113,"end":119,"sent":"Abbiamo visto la sofferenza dei palestinesi , sappiamo le difficolta dei palestinesi , ma non ce soluzione nella guerra ."}
{"sentidx":46154,"lemma":"guerra","token":"guerra","start":93,"end":99,"sent":"E inaccettabile la posizione di chi in Israele ea Gaza dichiara di voler sostenere una lunga guerra ( Applausi dei deputati del gruppo Misto Minoranze"}
{"sentidx":247385,"lemma":"guerra","token":"guerra","start":161,"end":167,"sent":"Grazie signora Presidente Oggi parlando di Siria noi torniamo anche sugli ultimi anni della nostra coscienza occidentale , dentro una sporca guerra , dentro una guerra che puo vedere la sua conclusione e anche la fine della sofferenza per le vittime solo grazie a un grande sforzo diplomatico ea un negoziato internazionale che veda tutti gli attori coinvolti nel negoziato ."}
{"sentidx":247385,"lemma":"guerra","token":"guerra","start":141,"end":147,"sent":"Grazie signora Presidente Oggi parlando di Siria noi torniamo anche sugli ultimi anni della nostra coscienza occidentale , dentro una sporca guerra , dentro una guerra che puo vedere la sua conclusione e anche la fine della sofferenza per le vittime solo grazie a un grande sforzo diplomatico ea un negoziato internazionale che veda tutti gli attori coinvolti nel negoziato ."}
{"sentidx":106657,"lemma":"guerra","token":"guerre","start":151,"end":157,"sent":"La cooperazione allo sviluppo e uno degli strumenti piu efficaci per contrastare l esodo di milioni di persone che vogliono sottrarsi alla fame , alle guerre , allo sfruttamento , alle malattie , alle conseguenze del cambiamento climatico ."}
{"sentidx":216298,"lemma":"guerra","token":"guerra","start":205,"end":211,"sent":"Ci sono troppe vittime , ci sono migliaia di militari e civili che chiedono risposte su quanto e accaduto per precise responsabilita dentro i poligoni militari della Sardegna innanzitutto , enei teatri di guerra ."}
{"sentidx":21563,"lemma":"guerra","token":"guerra","start":73,"end":79,"sent":"Premesso che l Italia cosi come recita la nostra Costituzione ripudia la guerra , va pure sottolineato con forza quanto , mai come in questo momento , un intervento armato produrrebbe effetti nefasti sulla nostra gia allarmante situazione di deficit ."}
{"sentidx":23592,"lemma":"guerra","token":"guerre","start":185,"end":191,"sent":"Signor Presidente con questo nuovo provvedimento l Italia riafferma una sua peculiare capacita di stare nel mondo , nelle regioni piu critiche colpite da sanguinosi conflitti interni , guerre civili , instabilita permanenti e una grande fame di un quadro di pace e sviluppo che viene urlato quotidianamente dalle societa civili autoctone , da esponenti in esilio , dalle tante donne , troppo spesso le prime vittime delle condizioni che qui abbiamo citato e raccontato ."}
{"sentidx":101103,"lemma":"guerra","token":"guerra","start":11,"end":17,"sent":"Basta alla guerra tra le generazioni !"}
{"sentidx":49065,"lemma":"guerra","token":"guerra","start":180,"end":186,"sent":"Pensiamo che queste siano le condizioni con cui si puo sconfiggere il terrorismo o probabilmente in quelle popolazioni , nel vicino Pakistan sono gli effetti collaterali di questa guerra che hanno creato l humus su cui il terrorismo puo crescere e proliferare ?"}
{"sentidx":359488,"lemma":"guerra","token":"guerra","start":126,"end":132,"sent":"E stato operatore umanitario e attivista di pace nelle zone di guerra , profondo conoscitore dei Balcani e dell intreccio tra guerra ed economia criminale ."}
{"sentidx":247517,"lemma":"guerra","token":"guerra","start":108,"end":114,"sent":"Grazie Presidente Intervengo per significare che qui non vi ela voglia e nessun desiderio di alimentare una guerra tra esigenze , tra domande di fragilita ."}
{"sentidx":146532,"lemma":"guerra","token":"guerra","start":105,"end":111,"sent":"Annibale passo alla storia per essere il condottiero che per primo istitui una modalita di combattere la guerra ben diversa da quelle viste in precedenza ."}
{"sentidx":359488,"lemma":"guerra","token":"guerra","start":63,"end":69,"sent":"E stato operatore umanitario e attivista di pace nelle zone di guerra , profondo conoscitore dei Balcani e dell intreccio tra guerra ed economia criminale ."}
{"sentidx":283407,"lemma":"guerra","token":"guerra","start":231,"end":237,"sent":"La nostra Costituzione e una Costituzione equilibrata , efficiente , molto moderna nella parte sui diritti , anche se con qualche compromesso , che e il frutto proprio dei compromessi che furono raggiunti dopo la conclusione della guerra ."}
{"sentidx":39964,"lemma":"guerra","token":"Guerra","start":104,"end":110,"sent":"Vorrei ringraziare , in questo contesto , soprattutto il Governo e il Vice Ministro Morando il relatore Guerra egli uffici per il lavoro ela collaborazione costruttiva di questi anni e in particolare , durante i lavori di questo provvedimento ."}
{"sentidx":349016,"lemma":"guerra","token":"guerra","start":262,"end":268,"sent":"Immaginiamo se durante l Assemblea costituente qualcuno , i partiti di maggioranza , avessero proposto di contingentare i tempi del dibattito , cosa sarebbe accaduto in quel Paese che davvero era in una situazione di grandi contraddizioni , usciva appena da una guerra , dal conflitto mondiale ."}
{"sentidx":295226,"lemma":"guerra","token":"guerra","start":31,"end":37,"sent":"Venivamo da troppi anni di una guerra civile fredda , di delegittimazione reciproca , che aveva travolto le riforme gia approvate molti anni fa da Forza Italia sulla base di una strumentalizzazione di un referendum che ha portato indietro il Paese e ha fatto perdere molti anni , per non cogliere l apertura del segretario del Partito Democratico come un invito straordinariamente positivo ."}
{"sentidx":41270,"lemma":"guerra","token":"guerra","start":123,"end":129,"sent":"Lo vogliamo comprendere o no che un pezzo di Islam oggi purtroppo vincente culturalmente e militarmente , ci ha dichiarato guerra ?"}
{"sentidx":6192,"lemma":"guerra","token":"Guerra","start":90,"end":96,"sent":"Mi riferisco alla Costituzione federale tedesca sotto il cui vigore e stata affrontata la Guerra Fredda sotto il cui vigore , soprattutto , in seguito a semplici e non cosi invasive correzioni , si e riusciti a realizzare in Germania qualcosa di assolutamente incredibile , vale adire la riunificazione tedesca ."}
{"sentidx":21497,"lemma":"guerra","token":"guerra","start":135,"end":141,"sent":"Lo consideriamo responsabile dal punto di vista umanitario , per il modo spregiudicato e feroce con cui sta portando avanti la propria guerra ."}
{"sentidx":274929,"lemma":"guerra","token":"guerra","start":33,"end":39,"sent":"L Italia non ha partecipato alla guerra : i soldati italiani sono andati in missione di pace dopo la conclusione delle operazioni belliche e questo per servizio minimo necessario alla verita ."}
{"sentidx":254444,"lemma":"guerra","token":"guerra","start":68,"end":74,"sent":"Ma non solo finora ogni tentativo di riforma e stato ostaggio della guerra civile ideologica che ha diviso destra e sinistra nell \u2019 ultimo ventennio ."}
{"sentidx":103613,"lemma":"guerra","token":"guerre","start":108,"end":114,"sent":"Come allora fu chiaro ai padri fondatori che l interesse degli italiani dopo la catastrofica stagione delle guerre fasciste era solo ed esclusivamente dentro il progetto comunitario , oggi e altrettanto chiaro che fuori dall \u2019 Unione europea non ce alcun modo per difendere gli interessi , il benessere e il futuro degli italiani e delle italiane ."}
{"sentidx":213133,"lemma":"guerra","token":"guerra","start":60,"end":66,"sent":"E il tutto perche le potenze alleate vincitrici della Prima guerra mondiale avevano avuto , a Versailles un atteggiamento miope , egoista , egemonico ."}
{"sentidx":92200,"lemma":"guerra","token":"guerra","start":30,"end":36,"sent":"E un bollettino quotidiano di guerra , una guerra silenziosa e diffusa contro un popolo cristiano che subisce in modo non violento , senza reagire , senza rispondere alla violenza con altrettanta violenza ."}
{"sentidx":92200,"lemma":"guerra","token":"guerra","start":43,"end":49,"sent":"E un bollettino quotidiano di guerra , una guerra silenziosa e diffusa contro un popolo cristiano che subisce in modo non violento , senza reagire , senza rispondere alla violenza con altrettanta violenza ."}
{"sentidx":276265,"lemma":"guerra","token":"guerre","start":214,"end":220,"sent":"Lavoreremo per snidare e neutralizzare i terroristi , ovunque siano infiltrati o cerchino di infiltrarsi , ma senza fare confusione tra i criminali e le decine di migliaia di uomini , donne e bambini in fuga dalle guerre e dalle dittature ( Applausi dei deputati dei gruppi Partito Democratico Forza Italia Il Popolo della Liberta Berlusconi Presidente Area Popolare NCD UDC Scelta Civica per l Italia Sinistra Italiana Sinistra Ecologia Liberta Per l Italia Centro Democratico e dovremo farlo , onorevoli colleghi , come si fa nei grandi Paesi e cioe insieme , insieme Governo e Parlamento insieme maggioranza e opposizione ."}
{"sentidx":117873,"lemma":"guerra","token":"Guerra","start":44,"end":50,"sent":"Signor Presidente ringrazio il Viceministro Guerra emi dispiace dire che non sono soddisfatta , ma non lo sono ."}
{"sentidx":24397,"lemma":"guerra","token":"guerra","start":167,"end":173,"sent":"Arriva da parte di un imprenditore isolano il signor Vidotto che ha inaugurato un museo di storia militare privato , proprio nel centenario dell \u2019 inizio della Grande guerra ."}
{"sentidx":166158,"lemma":"guerra","token":"guerra","start":55,"end":61,"sent":"Lo vediamo nella sua manifestazione piu aberrante : la guerra ."}
{"sentidx":127971,"lemma":"guerra","token":"guerra","start":122,"end":128,"sent":"Questa impostazione , coerente con la condizione di un Paese di emigrazione quale era l Italia dopo la fine della seconda guerra mondiale , necessita oggi di essere aggiornata alle condizioni di un"}
{"sentidx":27245,"lemma":"guerra","token":"guerra","start":130,"end":136,"sent":"Non possiamo essere portatori di pace nelle missioni in cui partecipiamo e consentire che il nostro territorio diventi un arco di guerra proteso minacciosamente nel Mediterraneo Chiediamo inoltre che sia concessa solamente per legge la possibilita di costituire basi nazionali italiane fuori dai territori dell \u2019 Alleanza atlantica ."}
{"sentidx":16049,"lemma":"guerra","token":"Guerra","start":45,"end":51,"sent":"Credo che abbia fatto bene anche il relatore Guerra nella sua introduzione e nella sua relazione di oggi a sottolineare il rapporto di continuita ."}
{"sentidx":6276,"lemma":"guerra","token":"guerra","start":156,"end":162,"sent":"Ricordiamo che l Italia e da sempre in prima linea al fianco della Bosnia che dopo il processo di disgregazione della Jugoslavia e stata attraversata dalla guerra civile ."}
{"sentidx":89997,"lemma":"guerra","token":"guerra","start":171,"end":177,"sent":"Signor Presidente vorrei semplicemente ricordare una delle tante vittime di queste inutili missioni di pace , finte missioni di pace e invece , vere e proprie missioni di guerra ."}
{"sentidx":355853,"lemma":"guerra","token":"guerra","start":228,"end":234,"sent":"Le stesse preoccupazioni , signor sottosegretario , ci accompagnano quando affrontiamo il tema della crisi migratoria , che e senza precedenti ovviamente , determinata da questo esodo di massa che viene da Paesi in uno stato di guerra , di conflitti e che hanno gravi situazione economiche ."}
{"sentidx":89899,"lemma":"guerra","token":"guerra","start":207,"end":213,"sent":"Pensiamo che con questo emendamento noi diamo una risposta a questa sollecitazione , una sollecitazione che ci viene dagli operatori di pace , da chi condivide ogni giorno le sofferenze con le vittime della guerra ."}
{"sentidx":125383,"lemma":"guerra","token":"guerra","start":336,"end":342,"sent":"L Europa del salario minimo , l Europa del reddito di cittadinanza e anche l Europa che riesce a costruirsi una sua soggettivita politica , anche dentro un passaggio delicato come quello che stiamo vivendo alla frontiera Ucraina e propone una propria autonoma iniziativa per risolvere quel conflitto e per attutire i rischi di venti di guerra che riprendono a spirare alle porte del nostro continente ."}
