{"sentidx":140121,"lemma":"ambiente","token":"ambiente","start":26,"end":34,"sent":"Quando dico moralizzare l ambiente ) intendo anche dire difendere la pubblica amministrazione ."}
{"sentidx":65069,"lemma":"ambiente","token":"ambienti","start":5,"end":13,"sent":"agli ambienti militari e tendere al miglioramento della produzione , bloccando i licenziamenti erea ."}
{"sentidx":186176,"lemma":"ambiente","token":"ambiente","start":5,"end":13,"sent":"loro ambiente ."}
{"sentidx":250562,"lemma":"ambiente","token":"ambienti","start":68,"end":76,"sent":"E uno dei principi generali Ebbene questo principio preoccupa molti ambienti ."}
{"sentidx":388200,"lemma":"ambiente","token":"ambiente","start":84,"end":92,"sent":"Non dimentichiamoci che le imprese di distribuzione di energia elettrica operano in ambiente di stretto e vigilato monopolio ."}
{"sentidx":366948,"lemma":"ambiente","token":"ambienti","start":218,"end":226,"sent":"Sia nella fascia costiera marchigiana ed abruzzese che in Sicilia e nella depressione retrostante le perforazioni , anche profonde , finora effettuate hanno messo in luce soltanto le difficolta provenienti dai diversi ambienti di sedimentazione ."}
{"sentidx":106031,"lemma":"ambiente","token":"ambiente","start":193,"end":201,"sent":"Ove il controllo fosse sufficientemente preciso si potrebbe poi abolire ogni forma di blocco generale delle tariffe , rendendole adeguate alla concreta realta ed alle particolari situazioni di ambiente ."}
{"sentidx":311990,"lemma":"ambiente","token":"ambienti","start":96,"end":104,"sent":"Infatti l attuale sistemazione provvisoria e situata nei sotterranei del Palazzo del Governo in ambienti inadatti e malsani ."}
{"sentidx":184768,"lemma":"ambiente","token":"ambienti","start":83,"end":91,"sent":"Certe dichiarazioni , fatte specialmente in certi momenti ed in alcuni determinati ambienti , come quello di Badolato sanno addirittura di demagogia e di propaganda elettoralistica !"}
{"sentidx":272873,"lemma":"ambiente","token":"ambiente","start":101,"end":109,"sent":"Abbiamo cioe detto che un provvedimento di riforma tributaria dovesse essere messo in rapporto con l ambiente economico in cui questo provvedimento sarebbe stato applicato ."}
{"sentidx":84998,"lemma":"ambiente","token":"ambiente","start":28,"end":36,"sent":"Data la ristrettezza dell \u2019 ambiente gli scolari sono obbligati ad appoggiarsi al muro , il reumatismo articolare acuto nei bimbi da facilmente complicazioni cardiache con danni alle volte irreparabili ."}
{"sentidx":115424,"lemma":"ambiente","token":"ambienti","start":384,"end":392,"sent":"( L interrogante fa presente come per le nuove necessita verificate in Calabria in conseguenza della riforma agraria ed istituzione della piccola proprieta contadina e degli interventi della Cassa per il Mezzogiorno lipsia necessaria l istituzione di un ufficio periferico , dell \u2019 agricoltura in ogni capoluogo di mandamento i cui limiti coincidono generalmente con quelli di tipici ambienti agrari ."}
{"sentidx":244299,"lemma":"ambiente","token":"ambiente","start":120,"end":128,"sent":"\u2019 Sarebbe un primo esempio di riforma burocratica se gia non fosse una necessit perla piu sollecita preparazione dell \u2019 ambiente , che e premessa indispensabile della colonizzazione ."}
{"sentidx":178803,"lemma":"ambiente","token":"ambienti","start":140,"end":148,"sent":"Mi sembra opportuno invece che la distribuzione di queste somme sia fatta dalle singole universita tenuto conto delle necessita dei diversi ambienti ."}
{"sentidx":251182,"lemma":"ambiente","token":"ambienti","start":279,"end":287,"sent":"Quale rispetto si potrebbe avere per questo qualcuno anche se risponde al nome di Gedda E raccomando sinceramente a voi deputati democristiani che avete partecipato alla guerra partigiana o ai gloriosi comitati di liberazione di saper reagire in tempo al turpe ricatto che certi ambienti cattolici vorrebbero esercitare sulla vostra onesta ed indiscussa fede religiosa !"}
{"sentidx":238041,"lemma":"ambiente","token":"ambiente","start":82,"end":90,"sent":"Noi sappiamo perfettamente come I am bien te della cinematografia sia talvolta un ambiente immorale ."}
{"sentidx":359018,"lemma":"ambiente","token":"ambienti","start":77,"end":85,"sent":"Tanto B indispensabile per rendere igieniche le condizioni di lavoro in tali ambienti ed evitare che la posizione viziata in cui devono stare le operaie favorisca in esse la predisposizione alla tubercolosi polmonare ."}
{"sentidx":125874,"lemma":"ambiente","token":"ambienti","start":180,"end":188,"sent":"Appunto credo che il Times esageri ; ma proprio questo dimostra , onorevole Sottosegretario la fondatezza del mio rilievo cioe l importanza che notizie del genere possono avere in ambienti non del tutto favorevoli alla nostra politica internazionale ."}
{"sentidx":330849,"lemma":"ambiente","token":"ambiente","start":256,"end":264,"sent":"E chiediamo che questa politica di difesa dei lavoratori italiani sia accompagnata da una politica di simpatia sincera e leale verso l aspirazione di questi popoli alla propria indipendenza nazionale , perche soltanto cosi i lavoratori italiani avranno un ambiente favorevole per continuare a lavorare , recando un contributo allo sviluppo economico e civile di quei paesi ."}
{"sentidx":285068,"lemma":"ambiente","token":"ambienti","start":86,"end":94,"sent":"La presentazione di questo disegno di legge ha provocato , soprattutto da parte degli ambienti disposti ad una particolare simpatia verso i cani delle reazioni che vorrei ritenere non del tutto giustificate ."}
{"sentidx":206257,"lemma":"ambiente","token":"ambiente","start":149,"end":157,"sent":"Perche evidentemente le parti contraenti hanno compreso che le conseguenze di una immediata liberalizzazione degli scambi avrebbero provocato nell \u2019 ambiente economico internazionale odierno delle conseguenze estremamente pericolose ."}
{"sentidx":205166,"lemma":"ambiente","token":"ambienti","start":211,"end":219,"sent":"Abbiamo cosi potuto constatare de visu il successo grandioso di questa Fiera campionaria internazionale , che non puo e non deve costituire solamente motivo di soddisfazione per gli organizzatori , e per taluni ambienti commerciali e industriali , ma che deve giustamente essere considerata , con fierezza , come un segno del progresso del lavoro , e affermazione magnifica delle capacita ricostruttive e produttive del popolo italiano ."}
{"sentidx":393075,"lemma":"ambiente","token":"ambiente","start":169,"end":177,"sent":"Ma nonostante io ritenga che uno sforzo possa essere fatto nel campo delle imposte dirette , devo riconoscere che , nella finanza moderna e in determinate condizioni di ambiente , occorre ricorrere anche alla imposizione indiretta ."}
{"sentidx":264598,"lemma":"ambiente","token":"ambiente","start":50,"end":58,"sent":"Bisogna dare all agricoltura nuove condizioni tli ambiente e di incremento , il che costituisce il presupposto di ogni riforma ."}
{"sentidx":87572,"lemma":"ambiente","token":"ambiente","start":109,"end":117,"sent":"Mentre sono ben lieto se viene perseguito , perche quando si colpisce un funzionario disonesto si purifica l ambiente dei funzionari ."}
{"sentidx":228302,"lemma":"ambiente","token":"ambiente","start":8,"end":16,"sent":"- in un ambiente misto italo - americano - a destinatari particolarmente qualificati dal punto di vista socioeconomico e cioe a rappresentanti della produzione ) su tema tecnico - economico , cioe adire su criteri relativi al processo della produzione ."}
{"sentidx":333523,"lemma":"ambiente","token":"ambienti","start":132,"end":140,"sent":"Io vi confesso che non sono un uomo di - legge : facevo il commercialista finche non venni eletto deputato ei miei rapporti con gli ambienti giudiziari si limitarono semplicemente alle cancellerie commerciali ."}
{"sentidx":197853,"lemma":"ambiente","token":"ambiente","start":124,"end":132,"sent":"Ella e uno di quei ministri che appartengono a quella categoria di uomini di governo che e difficile far prigioniera dell \u2019 ambiente ministeriale ."}
{"sentidx":333873,"lemma":"ambiente","token":"ambienti","start":6,"end":14,"sent":"dagli ambienti di lavoro ?"}
{"sentidx":253083,"lemma":"ambiente","token":"ambiente","start":251,"end":259,"sent":"Terro dunque presente la relazione del collega Riccio leggendo la quale , or e qualche giorno , mi sono fermato per primo la dove egli richiama la nostra attenzione sulla imprescindibile necessita che l amministrazione della giustizia si svolga in un ambiente decoroso ."}
{"sentidx":356126,"lemma":"ambiente","token":"ambiente","start":192,"end":200,"sent":"Sia concesso a me quale rappresentante del partito dei contadini , e percio genuino rappresentante della gente rurale , di fare alcune osservazioni pratiche , data l esperienza formatori nell ambiente nel quale io vivo ."}
{"sentidx":292526,"lemma":"ambiente","token":"ambienti","start":229,"end":237,"sent":"Poi venne la discussione al Senato poi vennero le dichiarazioni del Ministro della difesa , onorevole Pacciardi poi cif u l attentato a Palmiro Togliatti E voi tutti ricordate che la prima voce diffusa al riguardo da determinati ambienti interessati fu quella che Palmiro Togliatti fosse stato ucciso , oche alla sua vita avesse attentato , un reduce dalla Russia Infine in questi ultimi giorni , su un giornale governativo ufficiale e comparso un falso giornalistico al riguardo , piu scandaloso di qualsiasi precedente ."}
{"sentidx":210628,"lemma":"ambiente","token":"ambiente","start":246,"end":254,"sent":"Occorre dunque modernizzare gli uffici giudiziari e poiche a me piacciono gli esempi , vi diro che qualche mese fa sono andato a Padova per una vicenda mia professionale ed ivi ho potuto constatare che cosa significa amministrare la giustizia in ambiente decoroso ."}
{"sentidx":230760,"lemma":"ambiente","token":"ambiente","start":48,"end":56,"sent":"Un altra considerazione , sempre rispetto all \u2019 ambiente : ."}
{"sentidx":137309,"lemma":"ambiente","token":"ambiente","start":28,"end":36,"sent":"E a questa pressione dell \u2019 ambiente si aggiunge poi , quando la collettivita venga condotta inquadrata al seggio elettorale , quella diretta dei l ordine ribadito di votare in quel determinato modo ."}
{"sentidx":23836,"lemma":"ambiente","token":"ambiente","start":58,"end":66,"sent":"Insomma ella ha cercato di fare qualcosa per purificare l ambiente ."}
{"sentidx":169939,"lemma":"ambiente","token":"ambiente","start":118,"end":126,"sent":"Infine occorre rendere pienamente efficiente l azione educativa familiare , far si che il fanciullo trovi nel proprio ambiente la forza morale necessaria per sentire la frequenza alla scuola come il vero esercizio di un diritto e come il compimento di un vero dovere sociale ."}
{"sentidx":333146,"lemma":"ambiente","token":"ambiente","start":74,"end":82,"sent":"Quanto al ricovero degli ammalati , si B tenuto conto delle condizioni di ambiente in cui i singoli erano costretti a vivere in conseguenza della alluvione e sono stati ricoverati in questo modo molti alluvionati che non lo sarebbero stati se non avessero potuto presentare tale triste titolo , di essere alluvionati ."}
{"sentidx":31473,"lemma":"ambiente","token":"ambiente","start":66,"end":74,"sent":"Non sara con metodi di polizia , quanto piuttosto con lo lenire l ambiente internazionale , che noi potremo tutelare l interesse dei nostri connazionali ."}
{"sentidx":27564,"lemma":"ambiente","token":"ambiente","start":116,"end":124,"sent":"I magistrati fanno bene , possono far bene , ma perche disturbare la magistratura e distogliere magistrati dal loro ambiente e dalle loro funzioni piu dirette ?"}
{"sentidx":142387,"lemma":"ambiente","token":"ambiente","start":89,"end":97,"sent":"Conle vedete , esistono dei centri di addestramento delle recluse allo scopo di creare l ambiente , lo spirito di corpo adatto ai cosiddetti nuovi tempi Ma ecco un altra circolare molto significativa ."}
{"sentidx":359525,"lemma":"ambiente","token":"ambienti","start":75,"end":83,"sent":"Diceva l altro giorno l onorevole Lombardi sia pure facendosi cco di altri ambienti ."}
{"sentidx":90099,"lemma":"ambiente","token":"ambiente","start":37,"end":45,"sent":"fi questo insieme di cose che crea l ambiente e rende possibili le iniziative industriali ."}
{"sentidx":414907,"lemma":"ambiente","token":"ambiente","start":197,"end":205,"sent":"Ecco perche io vorrei vedere allargata la vita di questo ente che sorge , onorevole Ministro E vorrei che questo ente potesse concorrere a un progresso organico di unificazione di forze e creare l ambiente adatto al rinnovamento della vita civile di quella regione ."}
{"sentidx":254195,"lemma":"ambiente","token":"ambiente","start":95,"end":103,"sent":"Ma le agitazioni , le difese di massa , su questi problemi , non debbono venire limitate all \u2019 ambiente di Carbonia con aggravamento delle condizioni difficili dell \u2019 azienda ."}
{"sentidx":268540,"lemma":"ambiente","token":"ambiente","start":88,"end":96,"sent":"morte di Roosevelt che aveva rapporti personali con Stalin e con la sostituzione dell \u2019 ambiente di Truman il clima di attrito si e accecato Ma onorevoli colleghi , io non voglio giudicare se imperialista e aggressiva ."}
{"sentidx":344171,"lemma":"ambiente","token":"ambienti","start":87,"end":95,"sent":"Bisogna mettersi in testa che dove il lavoratore presta la sua opera vi debbono essere ambienti aereati , con adeguati locali per il riposo ela ricreazione ."}
{"sentidx":234961,"lemma":"ambiente","token":"ambiente","start":10,"end":18,"sent":"In questo ambiente di scarsa - fiducia da parte di un notevole numero \u2018 di elettori italiani , si svolgeranno le prossime elezioni politiche ."}
{"sentidx":49677,"lemma":"ambiente","token":"ambienti","start":107,"end":115,"sent":"eccetera , tanto che la Sopraintendenza ai monumenti , per evitare ulteriori danni , copri alla meglio gli ambienti colpiti con opere ."}
{"sentidx":61833,"lemma":"ambiente","token":"ambiente","start":64,"end":72,"sent":"L onorevole sottosegretario ha voluto inquadrare il fatto in un ambiente che , a mio parere , non risponde I assolutamente alla"}
{"sentidx":382455,"lemma":"ambiente","token":"ambiente","start":29,"end":37,"sent":"Le uniche eccezioni a questo ambiente americano sono rappresentate da due giornali : I Vittorioso che e organo dell \u2019 azione cattolica ) e IZ Pioniere Solo questi due giornali traggono la loro ispirazione da racconti , da figure della nostra storia nazionale , siano essi episodi del nostro Risorgimento o siano episodi della vita attuale del nostro - paese ."}
{"sentidx":251024,"lemma":"ambiente","token":"ambienti","start":55,"end":63,"sent":"Ma tutto cio e ben altro ancora era a conoscenza degli ambienti responsabili , ela collaborazione offerta gratuitamente e disinteressatamente da autentici democratici per stroncare sul nascere quelle organizzazioni non venne apprezzata ."}
{"sentidx":210481,"lemma":"ambiente","token":"ambienti","start":87,"end":95,"sent":"Solo chi ha poca esperienza della vita giudiziale , solo chi non ha frequentato questi ambienti , non sa che cosa siano le biblioteche provinciali e soprattutto quelle esistenti presso i capoluoghi dei circondari : sono ben povera , trascurabile cosa , ove il magistrato non puo attingere nulla ."}
{"sentidx":327014,"lemma":"ambiente","token":"ambiente","start":301,"end":309,"sent":"Nessuno in buona fede puo disconoscere che vi sono sul piano pratico queste due opposte esigenze da conciliare : in base a questo criterio noi abbiamo cercato di venire incontro ai bisogni economici delle categorie trattate peggio e nel tempo medesimo di creare nella pubblica amministrazione quell \u2019 ambiente di maggior rendimento che e dato da una migliore valutazione economica di coloro che hanno maggiore responsabilita ."}
{"sentidx":340396,"lemma":"ambiente","token":"ambienti","start":267,"end":275,"sent":"Consentitemi di leggere dal suo libro , intitolato ( Contro la Viribus Unitis D alcuni periodi rivelatori della figura del Rossetti Oltre che a narrare i fatti , questo scritto mira a farsi arma da battaglia contro lo spirito di sopraffazione che si annida in alcuni ambienti della nostra vita pubblica ."}
{"sentidx":376759,"lemma":"ambiente","token":"ambiente","start":31,"end":39,"sent":"Faccio appello a chi conosce l ambiente agricolo e soprattutto faccio appello alle donne che hanno avuto l onore di essere madri ."}
{"sentidx":21655,"lemma":"ambiente","token":"ambiente","start":42,"end":50,"sent":"Gli assessori portano la coscienza dell \u2019 ambiente n Dunque se e lecito giungere ad ."}
{"sentidx":225688,"lemma":"ambiente","token":"ambiente","start":28,"end":36,"sent":"Voglio tralasciare , dato l ambiente ormai calmo - direi stanco - qualche altra impressione che avrei voluto esporre , ma che potrei riservare ad altra occasione ."}
{"sentidx":91157,"lemma":"ambiente","token":"ambienti","start":73,"end":81,"sent":"e di luce le celle sono piccole umide cd insufficienti tanto che in tali ambienti malsani vi sono sistemati un numero di reclusi di molto superiore alla capienza del carcere stesso ."}
{"sentidx":51650,"lemma":"ambiente","token":"ambiente","start":2,"end":10,"sent":"l ambiente di lavoro , a danno sovrapproduzione a danno dell \u2019 ordine economico e dell ordine sindacale , a danno della civile convivenza ."}
{"sentidx":27607,"lemma":"ambiente","token":"ambiente","start":59,"end":67,"sent":"Se questa pena deve portare alla rieducazione , e tutto un ambiente rieducativo che si deve formare ."}
{"sentidx":140702,"lemma":"ambiente","token":"ambienti","start":210,"end":218,"sent":"Ed e subito dimostrato : il costo del riscaldamento - ammesso che le famiglie , la gran parte delle famiglie possano avere il lusso del riscaldamento - della luce e del fitto dovrebbe essere proporzionato agli ambienti ."}
{"sentidx":16288,"lemma":"ambiente","token":"ambiente","start":66,"end":74,"sent":"Dico ragazzi del popolo , perche sono convinta che solo in questo ambiente sorgono gIi artisti , come dimostra l esperienza ."}
{"sentidx":258511,"lemma":"ambiente","token":"ambienti","start":369,"end":377,"sent":"( L interrogante chiede di conoscere quali passi sino ad oggi siano stati fatti per ottenere che tali locali fossero lasciati liberi e se la procedera seguita , con estrema lentezza dagli organi periferici , portera a qualche risultato concreto in considerazione che in tali locali potranno conv eni lentemente sistemarsi - alcuni uffici statali attualmente situati in ambienti privati ."}
{"sentidx":37014,"lemma":"ambiente","token":"ambiente","start":176,"end":184,"sent":"leggerezza , che , purtroppo , spesso il rapporto fra insegnante ed alunni e un rapporto , di reciproca sopportazione ; manca , cioe , nella scuola quello spirito che ne fa un ambiente accogliente , quello spirito che fa del professore la cara immagine paterna ; manca cioe la condizione indispensabile al funzionamento della scuola ."}
{"sentidx":404518,"lemma":"ambiente","token":"ambiente","start":137,"end":145,"sent":"L onorevole interrogante muove doglianza perche il Ministero giustamente preoccupato delle gravi conseguenze che potevano derivare all \u2019 ambiente scolastico dalla minacciata estensione ad esso delle agitazioni organizzate ( da partiti di sinistra ) in occasione della venuta del generale Eisenhower e piu ancora delle gravi ripercussioni che le agitazioni stesse avrebbero potuto avere nelle relazioni internazionali , provvedeva in data 16 gennaio scorso , ad avvertire i provveditori agli studi , con apposito telegramma , richiamando la loro attenzione sulle decisioni adottate dal Consiglio dei ministri ( e del resto gia pubblicate dalla ."}
{"sentidx":349809,"lemma":"ambiente","token":"ambiente","start":159,"end":167,"sent":"la natura del problema dell \u2019 apprendistato ; perche , se affermiamo delle concezioni puramente investigative allora possiamo pensare all \u2019 azienda come all \u2019 ambiente ideale in cui si forma l apprendista , ma se adottiamo concezioni puramente pedagogiche , allora dobbiamo pensare alla scuola e spostare decisamente su questa la comune attenzione ."}
{"sentidx":96621,"lemma":"ambiente","token":"ambiente","start":12,"end":20,"sent":"Viveva nell ambiente familiare ; ebbe la gioia di avere una famiglia veramente modello : una sposa incomparabile , dei bei figli , che piangono il loro carissimo genitore ."}
{"sentidx":369641,"lemma":"ambiente","token":"ambiente","start":228,"end":236,"sent":"D altro canto , anche il manovale delle ferrovie , il portalettere , il salariato del Ministero della difesa e altri degli ultimi scalini della gerarchia statale sono costretti a sostenere gli oneri piu vari , soprattutto per l ambiente in cui vivono ."}
{"sentidx":337707,"lemma":"ambiente","token":"ambiente","start":120,"end":128,"sent":"E perche mai per le formalita riguardanti gli accertamenti sul cadavere ( rimozione , autopsia ) - dopo avere isolato l ambiente da occhi indiscreti e curiosi - si dovette attendere ."}
{"sentidx":406894,"lemma":"ambiente","token":"ambienti","start":98,"end":106,"sent":"I facile , del resto , onorevole D i Vittorio ma none detto che sia sempre onesto andare in certi ambienti , di fronte ai lavoratori che non sempre hanno la possibilita di considerare tutti gli elementi che influiscono sul potere di acquisto dei salari e degli stipendi , andare a proporre delle richieste di aumento sbandierando loro il fatto che il costo della vita e superiore alle possibilita di acquisto dei salari e degli stipendi ."}
{"sentidx":16608,"lemma":"ambiente","token":"ambiente","start":487,"end":495,"sent":"Ebbene per parecchio tempo il costume politico rimase assodato nel senso di rendere spontanei i riconoscimenti di talune incompatibilita , ed era tanto assodato questo costume che basto che nel 1893 quando si ebbe il cosiddetto scandalo della Banca Romana Bernardo Tanlongo direttore della banca , venisse difeso dinanzi alla corte d assise di Roma da uno dei vicepresidenti del Senato che rispondeva al nome del grande penalista Enrico Pessina basto questo - dicevo per scandalizzare l ambiente parlamentare ."}
{"sentidx":407495,"lemma":"ambiente","token":"ambiente","start":89,"end":97,"sent":"Altrimenti non B possibile , si perde tempo : e non si fa che costruire una antipatia di ambiente n onorevole Di Vittorio nella quale e impossibile collaborare ."}
{"sentidx":251077,"lemma":"ambiente","token":"ambienti","start":165,"end":173,"sent":"Per esempio , attraverso i dirigenti della ( Lupa da notare , organizzazione a sfondo monarchico ) , erano assicurati i legami fra il ( movimento sociale ) e taluni ambienti politici americani ."}
{"sentidx":315810,"lemma":"ambiente","token":"ambiente","start":27,"end":35,"sent":"Se non si tiene presente l ambiente materiale e spirituale in cui si sono svolti i fatti di Cosenza di Corato di Cerignola di Bisignano questi non si comprenderanno mai ."}
{"sentidx":65013,"lemma":"ambiente","token":"ambienti","start":20,"end":28,"sent":"oche riguardano gli ambienti dei militari , insieme , con gli altri pi * loti tecnici e logistici - significa molestare attentare alla buona fede del popolo italiano e non tenere alcun conto della critica a fini di beckett a e logica interpretazione , da parte nostra svolta ."}
{"sentidx":128386,"lemma":"ambiente","token":"ambienti","start":247,"end":255,"sent":"Dunque essi volevano richiamare l attenzione del Governo delle autorita e della pubblica opinione su di loro ; perche se non si richiama l attenzione della opinione pubblica nessun problema puo sperare la discussione da parte della stampa , degli ambienti politici , dei partiti politici , di tutte quelle forze le indiretta , un dato convincimento e quindi un determinato provvedimento Questa credo fosse l intenzione di costoro ."}
{"sentidx":311368,"lemma":"ambiente","token":"ambienti","start":158,"end":166,"sent":"Io sono d accordo con I onorevole sottosegretario che i padiglioni devono essere riservati ai malati , e sarebbe persino sconcio pensare di utilizzare questi ambienti per riunioni sindacali Ma ella sa onorevole sottosegretario , che il servizio ospedaliero e cont locativo e che e genialmente impossibile indire , al di fuori di questi locali , delle riunioni sindacali quando e urgente tenerle ?"}
{"sentidx":6456,"lemma":"ambiente","token":"ambienti","start":94,"end":102,"sent":"Se ella tiene calcolo che dalla stessa scala , per la quale avvocati e detenuti accedono agli ambienti di giustizia , vi passano anche gli studenti del liceo - ginnasio , ella si rendera conto del grave inconveniente ."}
{"sentidx":365171,"lemma":"ambiente","token":"ambiente","start":292,"end":300,"sent":"Personalmente ad esempio , io potrei ritenere opportuno che si agevolasse anche lo sfollamento delle madri di famiglia , perche effettivamente il conservare la donna alla casa significherebbe costituire la famiglia su basi scaltri pih solide , perche si verrebbe a mantenere la donna nel suo ambiente ea rendere la vita familiare piu completa ."}
{"sentidx":270360,"lemma":"ambiente","token":"ambiente","start":212,"end":220,"sent":"Parte di essi conosce qualche parola soltanto del nostro difficile dialetto : hanno imparato le parole che corrono piu solvente e le caratteristiche e pih efficaci esclamazioni che vengono pronunciate nel nostro ambiente portuale ."}
{"sentidx":96331,"lemma":"ambiente","token":"ambiente","start":132,"end":140,"sent":"1777 Il sottoscritto chiede d interrogare il Ministro della pubblica istruzione , per sapere se non ritiene opportuno trasferire in ambiente piu adatto ( quale quello del Foro Italico exMussolini l accademia di Belle Arti di Roma attualmente sita , col liceo artistico , in locali funzionalmente inadatti e incapaci a contenere il numero sempre in aumento degli allievi ."}
{"sentidx":332858,"lemma":"ambiente","token":"ambiente","start":59,"end":67,"sent":"agli interrogai essa e stata favorevolmente accolta nell \u2019 ambiente agricolo L applicazione del dispositivo di leggi : a favore della piccola proprieta contadina potrebbe essere maggiormente incoraggiante , se ."}
{"sentidx":166618,"lemma":"ambiente","token":"ambiente","start":125,"end":133,"sent":"Incomincio dal finanziamento , onorevole Fanfani perche ella ha parlato di incremento da darsi alla produzione ( nel miglior ambiente economico D E non mi riferisco ai finanziamenti di incremento , di incoraggiamento che puo dare il Governo di cio abbiamo discusso gid a lungo ed anche ieri sera ne ha parlato egregiamente il collega Zanfagnini di parte socialdemocratica ( ed io non posso al riguardo che condividere perfettamente il suo parere ) ."}
{"sentidx":395295,"lemma":"ambiente","token":"ambiente","start":289,"end":297,"sent":"Non ponete mai questo dilemma , tragico veramente , di fronte alla coscienza del paese odi quella parte del paese che voi potete giudicare come volete , ma che non potete negare essere quella alla cui volonta si deve fare appello ogni giorno per potere migliorare , perche si lavori in un ambiente di serieta produttiva , di benessere e di elevamento per la nostra vita sociale ."}
{"sentidx":96358,"lemma":"ambiente","token":"ambienti","start":94,"end":102,"sent":"In detta regione , tra l altro , una buona parte di mezzadri e di coltivatori diretti vive in ambienti malsani e molto spesso in abitazioni pericolanti ."}
{"sentidx":205850,"lemma":"ambiente","token":"ambiente","start":178,"end":186,"sent":"sirio il controllo politico degli & fascisti veniva fatto dai comandi di battaglioni ora siete andati piu in la e cioe avete - utilizzato per lo spionaggio politico il luogo , l ambiente egli uomini che ."}
{"sentidx":46146,"lemma":"ambiente","token":"ambiente","start":368,"end":376,"sent":"Ebbene io penso che la Camera non possa sostituirsi a questa volonta del corpo elettorale , perche gli elettori , non vollero deputato un delinquente , ma vollero a loro rappresentante un giovane generoso che , ai suoi meriti , aggiungeva quello di essersi efficacemente adoperato , per il prestigio che ne accompagnava l azione , a riportare l ordine ela calma in un ambiente infuocato e reso oltremodo temibile per la improvvisa esplosione di sentimenti troppo a lungo disconosciuti e calpestati ."}
{"sentidx":104030,"lemma":"ambiente","token":"ambienti","start":61,"end":69,"sent":"Non sie provveduto , non si e voluto provvedere a purificare ambienti , politicamente infetti , e quelli ambienti hanno dato i loro frutti , che non potevano essere diversi da quelli che sono stati ."}
{"sentidx":104030,"lemma":"ambiente","token":"ambienti","start":105,"end":113,"sent":"Non sie provveduto , non si e voluto provvedere a purificare ambienti , politicamente infetti , e quelli ambienti hanno dato i loro frutti , che non potevano essere diversi da quelli che sono stati ."}
{"sentidx":307969,"lemma":"ambiente","token":"ambienti","start":118,"end":126,"sent":"- Anzi direi , e il meno A mio avviso , il problema della riforma burocratica e anzitutto un problema di creazione di ambienti funzionali di lavoro ."}
{"sentidx":21747,"lemma":"ambiente","token":"ambiente","start":205,"end":213,"sent":"certi precetti , che rappresentano nel tempo la accumulazione di alcuni determinati principi di etica sociale , ai quali non puo sottrarsi il giurato , che , deve giudicare in conformita di quanto esige l ambiente , nel quale i vissuto il reo ."}
{"sentidx":265289,"lemma":"ambiente","token":"ambienti","start":39,"end":47,"sent":"risposta alle preoccupazioni di alcuni ambienti dei nativi , i quali temono che noi , data la nostra esuberanza demografica , possiamo fare una emigrazione politica snaturando la composizione etnica di quelle popolazioni ai fini delle decisioni al termine del mandato ."}
{"sentidx":314078,"lemma":"ambiente","token":"ambiente","start":200,"end":208,"sent":"Si dovrebbe tener calcolo , e quindi adattarsi della condizione giuridica e sociale del giudicabile che si trova in istato di detenzione preventiva , ed in conseguenza valutare l indole del reato , l ambiente dal quale egli proviene , le sue condizioni morali e culturali , un insieme , insomma , di elementi che devono stabilire le necessarie differenziazioni per regolare il singolo trattamento ad hominem Se deve prevalere per i giudicabili la presunzione d innocenza , cosi come autorevolmente ha detto il ministro , e necessario che essi non siano trattati come i delinquenti che espiano la pena , ne siano messi a contatto con questi ultimi ."}
{"sentidx":15502,"lemma":"ambiente","token":"ambienti","start":20,"end":28,"sent":"l insorgere in tali ambienti interessati delle preoccupazioni di cui si fa eco l odierna interpellai Dovrebbe dare ragione la mancanza nella legge di un qualsiasi criterio direttivo o informatore sulla ripartizione di fondi fra le varie regioni ."}
{"sentidx":80036,"lemma":"ambiente","token":"ambienti","start":140,"end":148,"sent":"C I sottoscritti chiedono di interrogare il Ministro della pubblica istruzione , per sapere se abbiano consistenza le voci circolanti negli ambienti del Ministero secondo le quali si penserebbe di rivedere la disposizione di legge vigente in merito alla nomina dei provveditori agli studi , che verrebbero scelti solo fra i funzionari di amministrazione ; e se non ritenga , invece , opportuno modificare la s tessa disposizione , in modo che i provveditori stessi vengano scelti solamente fra gli uomini della Scuola e fare siche , finalmente , la Scuola abbia a dirigenti uomini che dalla Scuola provengano e nella Scuola abbiano vissuto ed operato ela Scuola amino e comprendano come cosa viva ; oppure se non ritenga che ad un nuovo ordinamento dei Provveditorati agli studi si debba addivenire solo in sede di riforma della"}
{"sentidx":253303,"lemma":"ambiente","token":"ambiente","start":76,"end":84,"sent":"E la legge vuole appunto soggettivo che proprio il popolo di un determinato ambiente con le sue passioni , i suoi pregiudizi anche , giudichi il suo simile ."}
{"sentidx":315091,"lemma":"ambiente","token":"ambiente","start":2,"end":10,"sent":"l ambiente ."}
{"sentidx":188096,"lemma":"ambiente","token":"ambiente","start":306,"end":314,"sent":"Poi alla competenza delle assise si aggiunsero altri reati , di quelli che destavano allarme e commozione nella coscienza sociale , e percio meritevoli d essere affidati al giudizio dei giurati , meglio idonei che non i giudici ordinari a farne una valutazione piu aderente alla natura del crimine , all \u2019 ambiente in cui si era verificato e con particolare riguardo alla mentalita del protagonista ."}
{"sentidx":330875,"lemma":"ambiente","token":"ambiente","start":291,"end":299,"sent":"Segretario legge : C sottoscritto chiede d interrogare il Presidente del Consiglio dei Ministri per sapere se risponde a verita la notizia che la colonia montana di Agerola che e sempre servita ai fanciulli poveri di Napoli stia per essere ceduta a privati ; notizia che ha suscitato nell \u2019 ambiente napoletano pessima impressione ."}
