{"sentidx":382540,"lemma":"censura","token":"censura","start":0,"end":7,"sent":"censura preventiva ."}
{"sentidx":20573,"lemma":"censura","token":"censura","start":23,"end":30,"sent":"Regolamentazione della censura sugli spettacoli ) J"}
{"sentidx":284714,"lemma":"censura","token":"censura","start":16,"end":23,"sent":"- Quindi niente censura preventiva ."}
{"sentidx":311555,"lemma":"censura","token":"censure","start":14,"end":21,"sent":"percio queste censure ."}
{"sentidx":172202,"lemma":"censura","token":"censura","start":23,"end":30,"sent":"Regolamentazione della censura sugli spettacoli ) ("}
{"sentidx":358182,"lemma":"censura","token":"censura","start":64,"end":71,"sent":"Non so peraltro inermi dal rilevare come aberrante mi sembri la censura di certi antesignani i quali rimproverano che venga presentato il disegno di legge sull \u2019 organizzazione e il funzionamento degli organo regionali prima di quello sul referendum abrogativo ."}
{"sentidx":383646,"lemma":"censura","token":"censura","start":25,"end":32,"sent":"Invece questo compito di censura preventiva viene affidato ad una Commissione la quale non produce nessuna garanzia ai cittadini che tale funzione sia assolta con imparzialita ed obiettivi ta ."}
{"sentidx":209909,"lemma":"censura","token":"censura","start":64,"end":71,"sent":"senni al quale rivolgo l invito di ristabilire l autorita della censura teatrale centrale ."}
{"sentidx":377737,"lemma":"censura","token":"censura","start":91,"end":98,"sent":"Io ho avuto un caso personale con un uficio della Presidenza del Consiglio l ufficio della censura cinematografica ."}
{"sentidx":334810,"lemma":"censura","token":"censure","start":25,"end":32,"sent":"Piu precisamente vi sono censure riguardanti il funzionamento del Consorzio canapa e che rientrano in una critica piu ampia con cui lo stesso onorevole Viola ha investito il , funzionamento anche di altri enti similari ( Ente risi Istituto nazionale assicurazioni , Istituto nazionale infortuni sul lavoro ) ."}
{"sentidx":144834,"lemma":"censura","token":"censura","start":197,"end":204,"sent":"2417 C n sottoscritto chiazze d interrogare il Ministro delle poste e delle telecomunicazioni per conoscere se , in quale forma ed in base a quali disposizioni legislative si eserciti in Italia la censura delle corrispondenze tra cittadini ."}
{"sentidx":383557,"lemma":"censura","token":"censura","start":274,"end":281,"sent":"Pertanto questo articolo aggiuntivo tende a farsi che gli editori dei periodici che dopo un certo numero di pubblicazioni - e questo lo stabilira la commissione centrale non abbiano avuto osservazioni da parte dei comitati di vigilanza , possano chiedere le - pollino dalla censura preventiva ."}
{"sentidx":202055,"lemma":"censura","token":"censura","start":17,"end":24,"sent":"Noi chiediamo la censura !"}
{"sentidx":139160,"lemma":"censura","token":"censura","start":5,"end":12,"sent":"Tale censura i infondata ."}
{"sentidx":274932,"lemma":"censura","token":"censura","start":15,"end":22,"sent":"jvo la seconda censura : ( Inoltre in violazione della carta costituzionale e delle disposizioni contenute nella legge elettorale , il clero ha partecipato in modo diretto alla lotta politica , mettendo al servizio ."}
{"sentidx":383488,"lemma":"censura","token":"censura","start":68,"end":75,"sent":"Cio e tanto sconosciuto al nostro sistema , quanto e sconosciuta la censura preventiva ."}
{"sentidx":298682,"lemma":"censura","token":"censura","start":140,"end":147,"sent":"o non mi permetto di giudicare se funziona bene ose funziona male : le sentenze dei giudici non ammettono apprezzamenti di approvazione odi censura ."}
{"sentidx":332631,"lemma":"censura","token":"censura","start":155,"end":162,"sent":"Di fronte \u2019 a questa legge , dunque , noi abbiamo il diritto di ritenere che il Governo ela maggioranza stanno tentando di introdurre in senso generale la censura preventiva fra le istituzioni riconosciute ."}
{"sentidx":409968,"lemma":"censura","token":"censure","start":15,"end":22,"sent":"Aggiungo chele censure fatte poia proposito dei due decreti ai quali mi sono riferito - che dovrebbero essere gia in applicazione - che furono deliberati prima delle elezioni , sono critiche che non posso condividere ."}
{"sentidx":332669,"lemma":"censura","token":"censura","start":58,"end":65,"sent":"liberta di espressione , rimanendo , eventualmente , alla censura la possibilita di condannare , di recriminare l opera ."}
{"sentidx":408140,"lemma":"censura","token":"censura","start":237,"end":244,"sent":"Ma la magistratura , pur interpretando onestamente le leggi , pure interpretandolo con tutta coscienza , ha sempre un qualche cosa di professionale , ha sempre da seguire l interpretazione del diritto che la Cassazione non censura , ela censura di molte sentenze finisce col censurare la vita del magistrato ."}
{"sentidx":20413,"lemma":"censura","token":"censura","start":137,"end":144,"sent":"Noi votando contro questo articolo , non votiamo contro le finalita della legge : votiamo soltanto a favore della Costituzione contro la censura preventiva , c perla liberta di stampa ."}
{"sentidx":145287,"lemma":"censura","token":"censure","start":40,"end":47,"sent":"da diventare il piu possibile immune da censure ."}
{"sentidx":36831,"lemma":"censura","token":"censura","start":40,"end":47,"sent":"Relatore Come si fa Vuole introdurre la censura ?"}
{"sentidx":206767,"lemma":"censura","token":"censura","start":9,"end":16,"sent":"Forse la censura dell \u2019 intero gruppo ?"}
{"sentidx":383644,"lemma":"censura","token":"censura","start":317,"end":324,"sent":"Mantenendo il controllo su questo terreno si sarebbe rimasti nell \u2019 ambito della Costituzione La maggioranza ha respinto tale impostazione , ha respinto ogni trattativa ed ogni accordo su questi punti ed introduce , con questa legge , un principio grave , che deve preoccupare tu t ti quanti noi : il principio della censura preventiva sulla stampa ."}
{"sentidx":147209,"lemma":"censura","token":"censura","start":167,"end":174,"sent":"In conclusione , io noli so ravvisare in questa vicenda giudiziaria se non dei fatti che riguardano l attivita del funzionario , senza che il carattere politico della censura possa in essi avere il sopravvento ."}
{"sentidx":295250,"lemma":"censura","token":"censura","start":254,"end":261,"sent":"Ma andate a vedere i villaggi , dove batte il polso della vita di una parte cosi importante del Paese e dovei cittadini non possono piu esprimere pubblicamente le loro opinioni senza essere continuamente sottoposti alla discriminazione e alla preventiva censura delle autorita di pubblica sicurezza , esse stesse spesso sorprese degli ordini che ricevono dal Ministro e che sanno essere illegali , consigliati alle volte apposta soltanto per creare una nuova frattura fra queste autorita e le popolazioni lavoratrici ."}
{"sentidx":94651,"lemma":"censura","token":"censure","start":94,"end":101,"sent":"Pare sorgano voci discordi e ancora , nei confronti del Consiglio stesso , si sollevano amare censure ."}
{"sentidx":128935,"lemma":"censura","token":"censure","start":81,"end":88,"sent":"Sostanzialmente l onorevole Amendola non ha fatto altro , qui , che rimuovere le censure gia esposte con giovanile vigore in seno alla Commissione La Commissione pero gia scende dal troppo generico , per tener conto di quella ."}
{"sentidx":97353,"lemma":"censura","token":"censura","start":46,"end":53,"sent":"Adesso verrA la legge sulla stampa , verra la censura preventiva ."}
{"sentidx":121262,"lemma":"censura","token":"censura","start":90,"end":97,"sent":"Si parla , come di aspetti secondari , della Costituzione della liberta di stampa , della censura preventiva , di comitati speciali ."}
{"sentidx":332544,"lemma":"censura","token":"censura","start":74,"end":81,"sent":"Ma resta il secondo punto di dissenso , quello cioe che si riferisce alla censura preventiva , alla violazione della liberta di stampa ."}
{"sentidx":214969,"lemma":"censura","token":"censura","start":135,"end":142,"sent":"Comunque che queste dodici persone seguano il criterio dei , boicottaggio sistematico dei film patriottici o democratici non e vero La censura italiana el come altra volta ho dimostrato con dati numerici , una delle piu Iihcrali del mondo ; e se e vero che sono sorti incidenti nei confronti di alcuni cortometraggi di propaganda politica del partito acui l armellina Pajetta si onora di appartenere CI di organizzazioni sussidiari con la Confederterra questi incidenti sono limitati a un numero piuttosto modesto ."}
{"sentidx":391202,"lemma":"censura","token":"censura","start":76,"end":83,"sent":"Quel disegno di legge e passato in cinque minuti , non ha suscitato nessuna censura , nessuna critica , nessuna opposizione ."}
{"sentidx":46840,"lemma":"censura","token":"censura","start":105,"end":112,"sent":"Da quanto precede emergo chela condotta del reggente l ufficio provinciale del lavoro di Enna non merita censura alcuna , per avere egli espletato le proprie funzioni in armonia con i poteri commessi sia svolgendo attiva opera per la risoluzione della vertenza , tanto che l accordo venne raggiunto proprio presso l ufficio del lavoro , sia avviando , durante lo sciopero , al lavoro soltanto un piccolo numero di lavoratori necessari alla manutenzione della miniera , il cui abbandono in definitiva avrebbe procurato grave pregiudizio a tutti i lavoratori dipendenti ."}
{"sentidx":187160,"lemma":"censura","token":"censura","start":180,"end":187,"sent":"2317 sottoscritto chiede di interpellare il \u2019 Presidente del Consiglio dei Ministri e il Ministro della difesa , per conoscere , in relazione Lid una nota sentenza che suona aspra censura per un alto ufficiale della Marina in base a quali criteri giuridici , morali e politici hanno informato la loro azione consentendo l evasione alle * necessarie e improrogabili conseguenze di quella sentenza mediante una tardiva inchiesta disciplinare , che , per ovvie ragioni , non puo presentare le medesime garanzie della inchiesta gia fatta dal magistrato italiano , ."}
{"sentidx":332554,"lemma":"censura","token":"censura","start":77,"end":84,"sent":"Dal punto di vista giuridico il problema si pone in questo senso : esiste la censura preventiva dal lato costituzionale o non esiste ?"}
{"sentidx":121281,"lemma":"censura","token":"censura","start":169,"end":176,"sent":"E l accenno puo essere limitato alla considerazione che piu gravi sono le limitazioni alla liberta di stampa proposte col provvedimento legislativo in discussione ( ela censura preventiva ila piu grave di tu t tee piu si accentua l esigenza della garanzia che il pericolo di abusi sia attenuato con la creazione di organi di applicazione il piu competenti ed imparziali possibili , quali ciod nel caso nostro , possono essere soltanto organi della magistratura ordinaria ."}
{"sentidx":264019,"lemma":"censura","token":"censura","start":19,"end":26,"sent":"Lo strumento della censura diventa ogni giorno piu opprimente , piii nocivo , per il libero sviluppo del nostro teatro e per gli scambi culturali dell \u2019 Italia con gli altri paesi ."}
{"sentidx":332643,"lemma":"censura","token":"censura","start":73,"end":80,"sent":"Crediamo chesi voglia instaurare - direi anzi restaurare il metodo della censura preventiva , che e anche quello per cui il censore e una sorta di consigliere , di maestro di coloro che producono ."}
{"sentidx":272592,"lemma":"censura","token":"censura","start":54,"end":61,"sent":"Per togliere dalla nostra legislazione prefascista la censura preventiva , fu necessaria una legge ; e pare impossibile , onorevoli colleghi democristiani , che sia necessario richiamare il ricordo di un conservatore come Sonnino di cui tutti ricordiamo il celebre articolo : ( Torniamo allo statuto ) I con il quale egli si schierava contro il sistema parlamentare , che noi abbiamo fatto invece cardine principale della nostra"}
{"sentidx":417882,"lemma":"censura","token":"censura","start":384,"end":391,"sent":"Non vedo la ragione di questa eccessiva sensibilita del ministro nei riguardi di un * problema come quello delle pensioni , che si trascina da undici anni e che e assolutamente indilazionabile Credo di non offendere alcuno dicendo che il problema deve essere affrontato decisamente : l esperienza dimostra che i mezzi finora usati non sono stati sufficienti e non credo debba suonare censura il rilevarlo esplicitamente ."}
{"sentidx":54465,"lemma":"censura","token":"censura","start":29,"end":36,"sent":"una legge , qualunque sia la censura che si puo muovere al Governo Possiamo noi rappresentanti della Nazione condividere la responsabilita della inosservanza di una norma costituzionale , mentre siamo ancora \u2019 in tempo utile per obbedire alla Costituzione Questo e il punto fondamentale ."}
{"sentidx":332596,"lemma":"censura","token":"censura","start":72,"end":79,"sent":"Ed oggi in un italia pubblicana e democratica , si ritorna a parlare di censura preventiva !"}
{"sentidx":68043,"lemma":"censura","token":"censura","start":135,"end":142,"sent":"Ora debbo dichiarare nettamente che , di fronte a situazioni di tal natura , il nostro atteggiamento , anche se non B sempre di severa censura e di leale avvertimento e che noi non possiamo lasciarci intenerire ."}
{"sentidx":332670,"lemma":"censura","token":"censura","start":55,"end":62,"sent":"Ma questo e il principio fondamentale che distingue la censura , la quale eserciti una funzione ene assuma la responsabilita , da una censura che interviene in un modo che puo essere illegittimo ed illegale , anche dopo che la legge ."}
{"sentidx":332670,"lemma":"censura","token":"censura","start":134,"end":141,"sent":"Ma questo e il principio fondamentale che distingue la censura , la quale eserciti una funzione ene assuma la responsabilita , da una censura che interviene in un modo che puo essere illegittimo ed illegale , anche dopo che la legge ."}
{"sentidx":252669,"lemma":"censura","token":"censura","start":49,"end":56,"sent":"Comunque none contro la persona che muove la mia censura ma contro lo spirito che ha presieduto al suo incarico ."}
{"sentidx":332552,"lemma":"censura","token":"censura","start":41,"end":48,"sent":"La questione dell esistenza o meno della censura preventiva va esaminata sotto diversi aspetti , ma in primo luogo da un pu !"}
{"sentidx":164977,"lemma":"censura","token":"censura","start":29,"end":36,"sent":"E gli organi piu qualificati censura ecclesiastica , cosi delicati nei : confronti di altri settimanali , piu o meno pornografici , facevano sapientemente eccezione nei confronti di esso , stabilendo che tra tutti i giornali umoristici e pornografici dovesse essere consentita a chiunque la lettura di questo giornale ."}
{"sentidx":264969,"lemma":"censura","token":"censura","start":3,"end":10,"sent":"La censura ."}
{"sentidx":66625,"lemma":"censura","token":"censura","start":202,"end":209,"sent":"Ma d altronde nessuno dei colleghi della maggioranza ha confutato le nostre tesi fondamentali di opposizione alla legge che per noi , e incostituzionale non una , ma due volte Prima perche introduce la censura preven tiva poi perche costituisce , e questo e impossibile , comitati con funzioni pseudo amministrative , da affiancare alla magistratura ."}
{"sentidx":27583,"lemma":"censura","token":"censura","start":185,"end":192,"sent":"Che cosa avviene nei penitenziari come Procida Che cosa avviene in un carcere preS vedibile come quello di Napoli come quello di Roma Ora senza guastare e senza dire una sola parola di censura per quello che si fa anche attualmente e molto bene dalla direzione generale , io dico che si deve pensare a sistemare ea trovare un \u2019 altra via ."}
{"sentidx":284754,"lemma":"censura","token":"censura","start":77,"end":84,"sent":"Credo che il mio suggerimento valga a risolvere il problema senza imporre la censura , reprimendo gastroenterite gli abusi a mezzo del magistrato dei ragazzi , in grado di intervenire immediatamente contro la stampa colpevole di violazione della legge ."}
{"sentidx":214995,"lemma":"censura","token":"censura","start":94,"end":101,"sent":"1 cioche riguarda i funzionari , ella ha del , to che non facevano parte delle commissioni di censura ."}
{"sentidx":242215,"lemma":"censura","token":"censura","start":354,"end":361,"sent":"E la differenza fra questo programma di azione : fra questo programma immediato di solidarieta nel raggiungimento degli scopi civici , ed il blocco , e questa : che in un caso si tratta di un collegamento puramente programmatico e nell altro caso si tratta di una confusione ideologica , la quale impedisce ai partiti di contarsi e determina Una seconda censura si e fatta ai nostri emendamenti rispetto al testo iniziale proposto dal"}
{"sentidx":357974,"lemma":"censura","token":"censure","start":187,"end":194,"sent":"Credo che sarebbe ormai di cAttivo gilsto per me rifare la strada , peggiorando le dimostrazioni che hanno fatto i miei due autorevoli colleghi di gruppo e tediare la Camera col ripetere censure di ordine generale alle quali mi limito a subordinare delle critiche di carattere particolare ."}
{"sentidx":20383,"lemma":"censura","token":"censura","start":129,"end":136,"sent":"mio emendamento , in realta , e stato illustrato da vari oratori , da tutti coloro , cioe , che si sono dichiarati contrari alla censura preventiva sulla stampa ."}
{"sentidx":311569,"lemma":"censura","token":"censura","start":88,"end":95,"sent":"Ed allora , se il Governo lo proponeva per i consiglieri di cassazione , non vedo quale censura possa farsi a mee ai miei colleghi che propongono la stessa cosa per i consiglieri di appello ."}
{"sentidx":153890,"lemma":"censura","token":"censure","start":44,"end":51,"sent":"Anzitutto perche noi riteniamo infondate le censure di incostituzionalita qui mosse , tanto sotto il profilo della legalita quanto sotto l aspetto della correttezza politica ."}
{"sentidx":13353,"lemma":"censura","token":"censura","start":141,"end":148,"sent":"Ma questi istituti non presentano gravi sconcerti : dati i loro compiti , dato il fine , che devono assolvere , non formano oggetto di seria censura ."}
{"sentidx":353572,"lemma":"censura","token":"censura","start":191,"end":198,"sent":"Noi difficilmente possiamo , con uno strumento di Stato esercitare un influsso di settore dovendo credo , limitare in questa materia ad esercitare semplicemente quella vigilanza , in sede di censura , di tutela dei principi di moralita e di ordine pubblico che certamente zinne di una coloritura di maggioranza o minoranza , ."}
{"sentidx":300437,"lemma":"censura","token":"censura","start":67,"end":74,"sent":"Si onorevole Presidente per quanto stava a lei qui non C e nessuna censura ."}
{"sentidx":382537,"lemma":"censura","token":"censure","start":98,"end":105,"sent":"21 della Costituzione non dice soltanto Che la stampa non puo essere soggetta ad autorizzazioni o censure , ma pone altresi esplicito divieto a tutte le pubblicazioni , gli spettacoli e manifestazioni contrarie al buon costume ."}
{"sentidx":272637,"lemma":"censura","token":"censura","start":215,"end":222,"sent":"E i giudizi dei competenti non si fermano ad osservazioni generiche , ma scendono a precisare quali siano le misure di prevenzione diverse dalla misura preventiva scelta dalla proposta di legge , cioe diverse dalla censura preventiva ."}
{"sentidx":400618,"lemma":"censura","token":"censura","start":51,"end":58,"sent":"Son pare percio che le forze - di polizia meritino censura ."}
{"sentidx":126660,"lemma":"censura","token":"censura","start":459,"end":466,"sent":"Ma creda pure onorevole Marazza io sono giovane di questi ambienti , mi ritengo una persona serena e tranquilla - forse troppo onesta per fare della politica - ma , qui occorre intervenire in un modo piu concreto e positivo con atrazina Se lei el \u2019 archiviazione del pretore ne ela migliore dimostrazione - crede che sia esatto quanto e stato detto , deve anche provvedere ed intervenire modificando il provvedimento disciplinare e punire non con la semplice censura , perche , quando un maresciallo da anni va svolgendo questa coercizione con continue sopraffazioni e soprusi in danno di cittadini , lo si deve trasferire al di la del quarantesimo parallelo ."}
{"sentidx":66640,"lemma":"censura","token":"censura","start":46,"end":53,"sent":"Un collega della maggioranza diceva : ( C ela censura per il teatro e per il cinematografo , non capisco perche , non ci debba essere per la stampa D Mentre quel collega parlava , io pensavo a tutta la tristissima esperienza , che oggi abbiamo in Italia proprio per l esistenza di queste forme di censura ."}
{"sentidx":66640,"lemma":"censura","token":"censura","start":297,"end":304,"sent":"Un collega della maggioranza diceva : ( C ela censura per il teatro e per il cinematografo , non capisco perche , non ci debba essere per la stampa D Mentre quel collega parlava , io pensavo a tutta la tristissima esperienza , che oggi abbiamo in Italia proprio per l esistenza di queste forme di censura ."}
{"sentidx":20278,"lemma":"censura","token":"censura","start":284,"end":291,"sent":"e semplificatrice in quanto essa si clB carico delle preoccupazioni che hanno ispirato la proposta di legge Federici mavi provvede in i in modo che , mentre e assai meno macchinoso e complesso , al sessennio stesso tutela i fanciulli ela liberta di stampa , ponendola al riparo dalla censura preventiva ."}
{"sentidx":23629,"lemma":"censura","token":"censura","start":416,"end":423,"sent":"A me spiace profondamente differenziarsi dal gruppo e differenziarsi dall amico Spataro che lo guida con tanta autorita e innervare ma per lealta devo dire che siccome abbiamo discusso un ordine del giorno e stabilito anche i suoi termini ea mio nome e del gruppo lo avevo accettato : cosi non posso votare contro l inserimento della , parola ( improrogabile ) che , tengo a precisarlo , non ha alcun significato di censura , purchessia , al Governo odi incitamento al Governo a fare piu di qu p to con , sua conscienza e con l autorita della maggioranza ritiene opportuno di fare ."}
{"sentidx":260150,"lemma":"censura","token":"censura","start":91,"end":98,"sent":"Ad ogni modo a qianto mi hanno detto ,mi pare che nei miei confronti sia stata proposta la censura ."}
{"sentidx":20394,"lemma":"censura","token":"censura","start":55,"end":62,"sent":"La proposta di legge non contemplava , in origine , la censura preventiva e di cio ne do lode alla collega Federici Cosa e accaduto poi ?"}
{"sentidx":284715,"lemma":"censura","token":"censura","start":26,"end":33,"sent":"E se non vi puo essere la censura preventiva , e evidente che la legge della signora Federici non puo andare ."}
{"sentidx":383648,"lemma":"censura","token":"censura","start":339,"end":346,"sent":"Per questo insieme di motivi , di ordine generale e specifico , noi , in coerenza con I at t women to tenuto durante il dihat ti to , voteremo contro la legge Federici e continueremo domani nell \u2019 altro ramo del Parlamento la battaglia no s h contro di essa , continueremo nel paese la nostra campagna contro il principio illiberale della censura preventiva sulla stampa , che viene restaurato oggi da voi in violazione della Costituzione perche si provveda ad affrontare effettivamente la questione della tutela dell \u2019 infanzia nel solo modo efficace con una politica nuova e democratica , di lavoro e di pace Vivi applausi all \u2019 estrema sinistra ) ."}
{"sentidx":357,"lemma":"censura","token":"censura","start":409,"end":416,"sent":"Veda onorevole Bubbio se qualche volta l operato di un prefetto odi un questore fosse criticato dal Governo accadrebbe che alcuni argomenti di critica che noi continuamente siamo costretti ad usare potrebbero perdere il loro valore dinanzi alla pubblica opinione ; ma cosi invece non e perche per il Governo i prefetti ei questori sono sempre esseri perfetti , mondi da qualsiasi colpa , intangibili per ogni censura ."}
{"sentidx":128778,"lemma":"censura","token":"censura","start":178,"end":185,"sent":"Ne il Governo ci puo smentire perche , altrimenti , io dovrei vibratamente denunciare il fatto che il Ministro del lavoro si e chiuso in un ermetico silenzio ed ha stabilito una censura rigorosa , quasi militare , nei riguardi degli uffici di collocamento , i quali , di conseguenza , si rifiutano , da qualche tempo a questa parte , di dare alle organizzazioni sindacali i dati sulla disoccupazione ."}
{"sentidx":311205,"lemma":"censura","token":"censura","start":378,"end":385,"sent":"2269 sottoscritto chiede d interrogare il Ministro dell interno , per sapere in base a quali disposizioni le tipografie della provincia di Br escita hanno ricevuto ordine di non dare corso a nessuna pubblicazione ' politica di qualsiasi gen ere se prima non vi sia l autorizzazione dell , a questura ; e se non ritenga che queste disposizioni che ristabiliscono praticamente la censura preventiva non siano in contrasto con la Co stituzionte che stabilisce sincerit a per tutti i cittadini di , esprimere con la parola , e con gli scritti le loro opinioni ; e se non ritenga quindi di intervenire per fa ."}
{"sentidx":358409,"lemma":"censura","token":"censure","start":26,"end":33,"sent":"sottrarsi a critiche ed a censure per non avere predisposto , come ho giA detto , gli strumenti legislativi necessari al passaggio cli funzioni amministrative dello Stato aIla regione ."}
{"sentidx":128933,"lemma":"censura","token":"censure","start":49,"end":56,"sent":"penso che la Camera non debba preoccuparsi delle censure fatte dalla opposizione al presente disegno di legge , perche , evidentemente non e possibile che ad ogni nuovo progetto che giunge all \u2019 Assemblea si debba ritornare sempre da capo , ripetendo quelle che furono le critiche gia esposte sull \u2019 indirizzo politico generale del Governo Se con la presentazione di questi disegni di legge , che oggi toccano esclusi mente il settore della ricostruzione edilizia , si dovesse rinnovare e ridiscutere tutto quanto fu gia detto dall \u2019 opposizione su questo tema , noi dovremmo ripetere argomenti gia tratt ."}
{"sentidx":264031,"lemma":"censura","token":"censura","start":209,"end":216,"sent":"La censura non provoca solo pressioni dirette , cioe , se il dramma non risponde ai criteri miei personali e soggettivi o a quelli del mio partito politico , non do l autorizzazione e neanche i denari ; ma la censura esercita anche una pressione indiretta perche gli aytori prima di scrivere un nuovo lavoro , terranno conto di quelli che sono i voleri del ministro o del sottosegretario , e non andranno neppure a proporre qualche cosa che sia dal ministro considerata una ( cattiva azione D Ma none soltanto attraverso la censura che il partito dominante esercita la sua pressione ."}
{"sentidx":264031,"lemma":"censura","token":"censura","start":3,"end":10,"sent":"La censura non provoca solo pressioni dirette , cioe , se il dramma non risponde ai criteri miei personali e soggettivi o a quelli del mio partito politico , non do l autorizzazione e neanche i denari ; ma la censura esercita anche una pressione indiretta perche gli aytori prima di scrivere un nuovo lavoro , terranno conto di quelli che sono i voleri del ministro o del sottosegretario , e non andranno neppure a proporre qualche cosa che sia dal ministro considerata una ( cattiva azione D Ma none soltanto attraverso la censura che il partito dominante esercita la sua pressione ."}
{"sentidx":264031,"lemma":"censura","token":"censura","start":524,"end":531,"sent":"La censura non provoca solo pressioni dirette , cioe , se il dramma non risponde ai criteri miei personali e soggettivi o a quelli del mio partito politico , non do l autorizzazione e neanche i denari ; ma la censura esercita anche una pressione indiretta perche gli aytori prima di scrivere un nuovo lavoro , terranno conto di quelli che sono i voleri del ministro o del sottosegretario , e non andranno neppure a proporre qualche cosa che sia dal ministro considerata una ( cattiva azione D Ma none soltanto attraverso la censura che il partito dominante esercita la sua pressione ."}
{"sentidx":149976,"lemma":"censura","token":"censura","start":129,"end":136,"sent":"Si tratta di tante e tante guardie aggiunte prodi , ottime , eccellenti , verso le quali non si e potuta dire una sola parola di censura , e che dopo aver prestato servizio per un anno o due sono state mandate a casa perche e venuto fuori un certificato penale di antenati talvolta lontani , sconosciuti , dimenticati , gente che apparteneva molte volte anche alla famiglia della madre - altro cognome , quindi - gente nata in altra provincia , gente che non influiva su quella che era la reputazione della famiglia ."}
{"sentidx":15638,"lemma":"censura","token":"censure","start":160,"end":167,"sent":"Questo passaggio da un sistema all altro lia prodotto la necessita della revisione del1 intero programma di bonifica , prograinina che aveva dato luogo a gravi censure tecniche in quanto era risultato che parecchie sistemazioni montane erano completamente errante nella loro impostazione ."}
{"sentidx":334789,"lemma":"censura","token":"censure","start":43,"end":50,"sent":"Presidente della Commissione Con eden dole censure , gli addebiti , le accuse formulate ; dall \u2019 onorevole Viola contro l onorevole Spataro sono risultati sforniti di ogni fondamento ."}
{"sentidx":82692,"lemma":"censura","token":"censura","start":62,"end":69,"sent":"Onorevoli colleghi , am e pare che l innovazione nop ingeriti censura e non meriti forse nemmeno tante discussioni , perche non abbiamo affatto scritto che i figli del proprietario possono avere senz altro la casa ."}
{"sentidx":245074,"lemma":"censura","token":"censure","start":228,"end":235,"sent":"Ora in queste condizioni , lei ha detto , onorevole Marazza chese il sottufficiale incaricato dell \u2019 inchiesta avesse rilasciato la domestica invece di fermarla , erse oggi quello stesso sottufficiale sarebbe stato sottoposto a censure altrettanto gravi di quelle che vengono mosse dopo l orribile suicidio ."}
{"sentidx":251650,"lemma":"censura","token":"censura","start":64,"end":71,"sent":"So per scienza mia propria , per averne fatto oggetto di severa censura , che il generale Luca espose persino la propria vita ( ela vita del bandito non valeva la sua ! )"}
{"sentidx":240586,"lemma":"censura","token":"censura","start":25,"end":32,"sent":", perche non C e solo la censura teatrale ."}
{"sentidx":206764,"lemma":"censura","token":"Censura","start":0,"end":7,"sent":"Censura di chi ?"}
{"sentidx":147200,"lemma":"censura","token":"censura","start":53,"end":60,"sent":"Ora a me basta distinguere quella che rappresenta la censura di carattere politico dalla critica ordinaria all \u2019 opera - svolta dal funzionario per doveri inerenti al suo ufficio ; e nel caso attuale non mi pare che l apprezzamento di natura politica o a sfondo politico sia tale da superare la critica mossa alla funzione del maresciallo per fatti determinati in modo da lederne la onorabilita ."}
{"sentidx":16440,"lemma":"censura","token":"censura","start":175,"end":182,"sent":"Da tutto cio consegue che non si puo ritenere che l onorevole Viola abbia rinunciato al suo diritto di presentare spiegazioni alla Camera prima di un eventuale voto sulla sua censura ."}
{"sentidx":373009,"lemma":"censura","token":"censura","start":28,"end":35,"sent":"non voglio dire la parola ( censura ) , ma di garbata critica al Ministro Slorza perche egli si 6 sempre tenuto a distanza dalla Commissione degli esteri ; e credo che il professore Vittorio Ambrosini l onorevole Ambrosini presidente della Commissione che in questo momento dovrebbe , naturalmente , essere offeso , si ricordera di aver portato al Ministro l eco di quella doglianza , espressa in un ordine del giorno che fu approvato all \u2019 unanimita dalla Commissione stessa ."}
{"sentidx":16846,"lemma":"censura","token":"censure","start":294,"end":301,"sent":"Onorevoli colleghi , vi prego di scusarmi per il tono umoristico , e potrei dire frivolo acui sono ricorso per trattare questo problema molto grave , per trattare il quale bisogna evitare in modo assoluto di cadere nella ( grinta dura ) perche , in quel caso , le critiche le osservazioni , le censure , assumono aspetto di personale ostilita a questo ea quello ."}
{"sentidx":147199,"lemma":"censura","token":"censure","start":76,"end":83,"sent":"Ma indiscutibilmente nella querela , considerata con obiettivita , si fanno censure piuttosto gravi e rilevanti sull \u2019 operato del funzionario ."}
{"sentidx":66199,"lemma":"censura","token":"censure","start":113,"end":120,"sent":"dell \u2019 opposizione di esprimere , nelle forme di propaganda appropriate , le proprie finalita senza incorrere in censure preventive di sorta ; 30 se e disposto in avvenire ad impedire l arbitrario intervento delle autorita da lui dipendenti quando le manifestazioni sono state regolarmente autorizzate ; e nel caso di Prato quali sanzioni intende prendere a carico di quei funzionari che per poco non hanno provocato , nella mat , tina del 28 agosto , incidenti di notevole gravita ."}
{"sentidx":159396,"lemma":"censura","token":"censura","start":399,"end":406,"sent":"I1 destinatario non fu il generale Pieche come persona , ma la sua figura politica , in rapporto ai due Ministri Scelba e Pacciardi Non si pu o stralciare un periodo o un accenno dell \u2019 articolo ed attribuire ad esso sapore diverso di quello di tutta la pubblicazione , per rinviare a giudizio un deputato che ha svolto , con la pubblicazione stessa , il suo dovere ela sua funzione di critica e di censura agli atti del Governo R accomando chela Camera fedele alla prassi , attenta a non compromettere la dignita dei suoi componenti , che la maggioranza soprattutto , attenta a non riversare su altre spalle la responsabilita che e propria dei suoi uomini di Governo vorra accogliere le richieste della minoranza della Commissione chesi basano sulla coscienziosa , intelligente lettura della pubblicazione ; soprattutto comprendendo che l articolo in questione e come una lettera che sulla busta apertamente reca un indirizzo : il Governo che l attacco fu dirett0 a questo indirizzo : il Governo che il generale Pieche fu attaccato per sua attivita politica , che ebbe a svolgere volontariamente , accettando una posizione di responsabilita e attivandosi in mille maniere ."}
{"sentidx":353571,"lemma":"censura","token":"censura","start":114,"end":121,"sent":"Noi riteniamo - e questo serve anche a rispondere a quello che ha chiesto l onorevole Caserta nei confronti della censura , quando ha domandato come mai la censura non compia anche una valutazione artistica , e ha domandato al Governo sesia sodisfatto del giudizio in sede artistica e in sede morale che le Commissioni di censura compiono sulla programmazione sottoposta al loro esame - noi riteniamo sinceramente che questo sfugga alle nostre possibilita di valutazione ."}
