{"sentidx":354188,"lemma":"cristiano","token":"cristiana","start":16,"end":25,"sent":"alla democrazia cristiana"}
{"sentidx":32671,"lemma":"cristiano","token":"cristiana","start":11,"end":20,"sent":"democrazia cristiana ."}
{"sentidx":77550,"lemma":"cristiano","token":"cristiana","start":11,"end":20,"sent":"Democrazia cristiana !"}
{"sentidx":247536,"lemma":"cristiano","token":"cristiana","start":11,"end":20,"sent":"democrazia cristiana ."}
{"sentidx":131306,"lemma":"cristiano","token":"cristiana","start":0,"end":9,"sent":"cristiana !"}
{"sentidx":320122,"lemma":"cristiano","token":"cristiana","start":0,"end":9,"sent":"cristiana !"}
{"sentidx":381441,"lemma":"cristiano","token":"cristiana","start":0,"end":9,"sent":"cristiana ."}
{"sentidx":409026,"lemma":"cristiano","token":"cristiana","start":0,"end":9,"sent":"cristiana ?"}
{"sentidx":225299,"lemma":"cristiano","token":"cristiana","start":0,"end":9,"sent":"cristiana !"}
{"sentidx":289982,"lemma":"cristiano","token":"cristiana","start":27,"end":36,"sent":"nazionale della democrazia cristiana ."}
{"sentidx":168833,"lemma":"cristiano","token":"cristiana","start":25,"end":34,"sent":"Parlava della democrazia cristiana ."}
{"sentidx":386411,"lemma":"cristiano","token":"cristiana","start":67,"end":76,"sent":"Oggi questo linguaggio appartiene alla preistoria della democrazia cristiana ."}
{"sentidx":134635,"lemma":"cristiano","token":"cristiana","start":7,"end":16,"sent":"crazia cristiana ."}
{"sentidx":83101,"lemma":"cristiano","token":"cristiani","start":23,"end":32,"sent":"Ripeto noi democratici cristiani ."}
{"sentidx":16509,"lemma":"cristiano","token":"cristiana","start":33,"end":42,"sent":"Nessun deputato della democrazia cristiana odi altro partito e nessun rappresentante di organizzazioni diverse dalle organizzazioni comuniste fu invitato ."}
{"sentidx":225300,"lemma":"cristiano","token":"cristiana","start":6,"end":15,"sent":"Anche cristiana !"}
{"sentidx":333724,"lemma":"cristiano","token":"cristiana","start":38,"end":47,"sent":"Hanno il solidarismo della democrazia cristiana ."}
{"sentidx":21126,"lemma":"cristiano","token":"cristiana","start":38,"end":47,"sent":"involuzione a destra della democrazia cristiana ?"}
{"sentidx":400540,"lemma":"cristiano","token":"cristiana","start":11,"end":20,"sent":"Democrazia cristiana : Perche maisi sarebbero dovuti prendere dei provvedimenti ?"}
{"sentidx":269810,"lemma":"cristiano","token":"cristiana","start":70,"end":79,"sent":"le coltivatori diretti e dal comitato provinciale dell \u2019 associazione cristiana dei lavoratori italiani ."}
{"sentidx":114651,"lemma":"cristiano","token":"cristiana","start":37,"end":46,"sent":"Sono il piedestallo della Democrazia cristiana !"}
{"sentidx":95675,"lemma":"cristiano","token":"cristiana","start":29,"end":38,"sent":"Ha imparato dalla democrazia cristiana !"}
{"sentidx":131756,"lemma":"cristiano","token":"cristiana","start":153,"end":162,"sent":"sottolineato ieri sera gli onorevoli Perez e Bellavista non esiste attualmente altra formazione politica democratica che possa succedere alla democrazia cristiana ."}
{"sentidx":329207,"lemma":"cristiano","token":"cristiano","start":28,"end":37,"sent":"Anche il gruppo democratico cristiano si associa alle condoglianze espresse ."}
{"sentidx":252481,"lemma":"cristiano","token":"cristiana","start":84,"end":93,"sent":"13 proprio una delusione nostra nei confronti del pensiero sociale della democrazia cristiana ."}
{"sentidx":247645,"lemma":"cristiano","token":"cristiana","start":64,"end":73,"sent":"Milleduecento miliardi per il Mezzogiorno e stata la democrazia cristiana a"}
{"sentidx":16888,"lemma":"cristiano","token":"cristiana","start":49,"end":58,"sent":"ionie Dunque onorevoli colleghi della democrazia cristiana , ."}
{"sentidx":262722,"lemma":"cristiano","token":"cristiana","start":23,"end":32,"sent":"Vuole chela democrazia cristiana abbia paura ?"}
{"sentidx":134577,"lemma":"cristiano","token":"cristiana","start":45,"end":54,"sent":"meglio sostenere il partito della democrazia cristiana che battersi per gli interessi diplomatici della nazione ."}
{"sentidx":202467,"lemma":"cristiano","token":"cristiana","start":24,"end":33,"sent":"Secondo mela democrazia cristiana deve difendersi contro se stessa ."}
{"sentidx":112869,"lemma":"cristiano","token":"cristiana","start":42,"end":51,"sent":"Questo era nel programma della democrazia cristiana ."}
{"sentidx":117660,"lemma":"cristiano","token":"cristiana","start":37,"end":46,"sent":"gruppo parlamentare della democrazia cristiana voterai contro l emendamento De Martino Cerabona A sostegno di questo emendamento sono state avanzate ragioni di carattere costituzionale e di ordine politico ."}
{"sentidx":390667,"lemma":"cristiano","token":"cristiana","start":92,"end":101,"sent":"Come faceva il partito liberale ad avere contemporaneamente degli accordi con la democrazia cristiana ?"}
{"sentidx":164825,"lemma":"cristiano","token":"cristiani","start":19,"end":28,"sent":"Solo i democratici cristiani !"}
{"sentidx":85398,"lemma":"cristiano","token":"cristiana","start":48,"end":57,"sent":"Basta che civada il segretario della democrazia cristiana !"}
{"sentidx":62316,"lemma":"cristiano","token":"cristiana","start":13,"end":22,"sent":"a democrazia cristiana intende fare in questa contingenza ."}
{"sentidx":289979,"lemma":"cristiano","token":"cristiana","start":77,"end":86,"sent":"Alla liberazione dedico tutto se stesso per la costituzione della democrazia cristiana ."}
{"sentidx":247813,"lemma":"cristiano","token":"cristiana","start":155,"end":164,"sent":"Nelle piazze d Italia tutti noi abbiamo sentito oratori liberali , repubblicani e socialdemocratici rivolgere critiche dure alla politica della democrazia cristiana , e non soltanto sulla politica amministrativa ."}
{"sentidx":305382,"lemma":"cristiano","token":"cristiana","start":146,"end":155,"sent":"11 valore della dichiarazione tripartita era quindi nullo allorche essa fu pubblicata perche servisse & i passaporto elettorale per la democrazia cristiana ."}
{"sentidx":20902,"lemma":"cristiano","token":"cristiana","start":113,"end":122,"sent":"richiami puramente e semplicemente al contrasto tra i principi generali del socialismo e quelli della democrazia cristiana ."}
{"sentidx":4392,"lemma":"cristiano","token":"cristiani","start":25,"end":34,"sent":"Anche alcuni democratici cristiani hanno cambiato idea da allora ."}
{"sentidx":33506,"lemma":"cristiano","token":"cristiani","start":61,"end":70,"sent":"onorevole autorita abbia ad ottenere anche a noi alluvionati cristiani e democristiani quanto godono gli altri cittadini compagni ."}
{"sentidx":292635,"lemma":"cristiano","token":"cristiana","start":55,"end":64,"sent":"Di chi ela responsabilita all interno della Democrazia cristiana ?"}
{"sentidx":54894,"lemma":"cristiano","token":"cristiana","start":27,"end":36,"sent":"della carita democratico - cristiana ."}
{"sentidx":26684,"lemma":"cristiano","token":"cristiana","start":127,"end":136,"sent":"Onorevoli colleghi , voi potete volendo considerare le discussioni alle quali mi riferisco come fatti interni della democrazia cristiana ."}
{"sentidx":344460,"lemma":"cristiano","token":"cristiana","start":73,"end":82,"sent":"Questa legge viene presentata mentre la parte dominions della Democrazia cristiana ha volutamente e freddamente rotto l unita sindacale ."}
{"sentidx":225005,"lemma":"cristiano","token":"cristiana","start":35,"end":44,"sent":"un rappresentante della democrazia cristiana ; est ."}
{"sentidx":237592,"lemma":"cristiano","token":"cristiana","start":61,"end":70,"sent":"Questa legge l ha proposta l amministratore della democrazia cristiana !"}
{"sentidx":363244,"lemma":"cristiano","token":"cristiana","start":75,"end":84,"sent":"Noi stiamo realizzando i punti piu salienti del programma della democrazia cristiana ."}
{"sentidx":114662,"lemma":"cristiano","token":"cristiana","start":75,"end":84,"sent":"Domandatelo a Varvaro l avvocato della banda Giuliano Altro che Democrazia cristiana !"}
{"sentidx":37621,"lemma":"cristiano","token":"cristiana","start":118,"end":127,"sent":"Venga o non venga approvato il disegno di legge Scelba la prossima campagna elettorale sara condotta dalla democrazia cristiana con tutti quei mezzi che abbiamo imparato a conoscere nelle precedenti campagne elettorali amministrative e politiche ."}
{"sentidx":418181,"lemma":"cristiano","token":"cristiani","start":60,"end":69,"sent":"Ma non deve generalizzare riferendosi a tutti i democratici cristiani ."}
{"sentidx":256859,"lemma":"cristiano","token":"cristiana","start":11,"end":20,"sent":"democrazia cristiana su un punto di centrale importanza ."}
{"sentidx":393986,"lemma":"cristiano","token":"cristiana","start":18,"end":27,"sent":"Per la democrazia cristiana voleremo poi alle politiche ."}
{"sentidx":78093,"lemma":"cristiano","token":"cristiana","start":82,"end":91,"sent":"pubblica nazionale , quella crisi che tormenta lo stesso partito della democrazia cristiana ."}
{"sentidx":247697,"lemma":"cristiano","token":"cristiana","start":61,"end":70,"sent":"11 partito giornali democratico si collega con la democrazia cristiana e coni liberali ."}
{"sentidx":21150,"lemma":"cristiano","token":"cristiana","start":216,"end":225,"sent":", quella serenata che e stata boiata teste sotto la finestra del palazzo del partito socialista vale adire specific su presunte condizioni interne che dovrebbero spostare lago della bussola politica della democrazia cristiana ."}
{"sentidx":87899,"lemma":"cristiano","token":"cristiana","start":14,"end":23,"sent":"La democrazia cristiana ( rispetto ai problemi fondamentali della vita ."}
{"sentidx":170590,"lemma":"cristiano","token":"cristiana","start":27,"end":36,"sent":"Nell isola , la democrazia cristiana ei partiti governativi vogliono giungere alle nuove elezioni con commissari prefettizi in tutti i comuni dove essi persero le elezioni amministrative del"}
{"sentidx":284968,"lemma":"cristiano","token":"cristiana","start":33,"end":42,"sent":"cittadini , voi della democrazia cristiana ."}
{"sentidx":88952,"lemma":"cristiano","token":"cristiana","start":38,"end":47,"sent":"Adesso sono asservito alla democrazia cristiana , perche ."}
{"sentidx":112870,"lemma":"cristiano","token":"cristiana","start":46,"end":55,"sent":"Relatore perla form iacr Non della democrazia cristiana !"}
{"sentidx":400531,"lemma":"cristiano","token":"cristiana","start":110,"end":119,"sent":"Immagino ripeto , che la interrogazione intenda qualificare con lo scudo crociato il simbolo della Democrazia cristiana ."}
{"sentidx":62910,"lemma":"cristiano","token":"cristiana","start":106,"end":115,"sent":"10 personalmente ne sono entusiasta , perche l iniziativa si basa soprattutto sulla solidarieta sociale e cristiana ."}
{"sentidx":201644,"lemma":"cristiano","token":"cristiana","start":28,"end":37,"sent":"Orbene voi della democrazia cristiana vi sentite di facilitare questo giuoco ?"}
{"sentidx":37500,"lemma":"cristiano","token":"cristiana","start":90,"end":99,"sent":"Questo volle l Assemblea Costituente Questo voleste anche voi , colleghi della Democrazia cristiana mentre oggi ."}
{"sentidx":333804,"lemma":"cristiano","token":"cristiana","start":18,"end":27,"sent":"Che la democrazia cristiana avesse nel suo programma l attuazione dei principi del cristianesimo , credo sia assolutamente pacifico ."}
{"sentidx":258743,"lemma":"cristiano","token":"cristiana","start":52,"end":61,"sent":"Lei onorevole Tomba e il Farinacci della democrazia cristiana !"}
{"sentidx":306216,"lemma":"cristiano","token":"cristiana","start":109,"end":118,"sent":"Questo accade a Lecce ea Catanzaro dovei locali dell \u2019 ente vengono utilizzati come sezioni della democrazia cristiana ."}
{"sentidx":197085,"lemma":"cristiano","token":"cristiana","start":141,"end":150,"sent":"Egli ha detto che la democrazia cristiana sta citazione potesse costituire un argomento di critica odi accusa nei confronti della democrazia cristiana ."}
{"sentidx":197085,"lemma":"cristiano","token":"cristiana","start":32,"end":41,"sent":"Egli ha detto che la democrazia cristiana sta citazione potesse costituire un argomento di critica odi accusa nei confronti della democrazia cristiana ."}
{"sentidx":271824,"lemma":"cristiano","token":"cristiana","start":38,"end":47,"sent":"E questa sarebbe opera di fratellanza cristiana !"}
{"sentidx":300860,"lemma":"cristiano","token":"cristiana","start":14,"end":23,"sent":"La democrazia cristiana non perdera questo voto ."}
{"sentidx":292609,"lemma":"cristiano","token":"cristiana","start":108,"end":117,"sent":"Italiani votando pel Fronte democratico popolare insultate il dolore di tante madri A cura della Democrazia cristiana D Badate non fu esposto dappertutto questo manifesto ."}
{"sentidx":193093,"lemma":"cristiano","token":"cristiana","start":31,"end":40,"sent":"Democrazia con la qualifica di cristiana !"}
{"sentidx":70916,"lemma":"cristiano","token":"cristiana","start":31,"end":40,"sent":"Ma i ministri della democrazia cristiana ."}
{"sentidx":237961,"lemma":"cristiano","token":"cristiana","start":55,"end":64,"sent":"Ma allora la politica elettoralistica della democrazia cristiana dove va a finire ?"}
{"sentidx":52681,"lemma":"cristiano","token":"cristiani","start":65,"end":74,"sent":"Mi sarebbe facile polemizzare ricordando anche che voi siete dei cristiani ."}
{"sentidx":77503,"lemma":"cristiano","token":"cristiana","start":133,"end":142,"sent":"Si diceva che questa tattica era attuata per cercare di indebolire i partiti collaboratori per dare maggiore rilievo alla democrazia cristiana ."}
{"sentidx":347488,"lemma":"cristiano","token":"cristiana","start":126,"end":135,"sent":"Non mancheranno le occasioni per saggiare fino a che punto sono una ed indivisibile la maggioranza governativa ela Democrazia cristiana ."}
{"sentidx":225744,"lemma":"cristiano","token":"cristiani","start":18,"end":27,"sent":"Anche democratici cristiani ; e sono purtroppo la grande maggioranza ."}
{"sentidx":330252,"lemma":"cristiano","token":"cristiana","start":24,"end":33,"sent":"Questa ela vostra bonta cristiana ."}
{"sentidx":247988,"lemma":"cristiano","token":"cristiani","start":55,"end":64,"sent":"La storia dira se un nuovo esperimento tra democratici cristiani e socialisti potra essere compiuto al servizio della democrazia ."}
{"sentidx":415889,"lemma":"cristiano","token":"cristiana","start":86,"end":95,"sent":"Queste erano le leggi che facevano scrivere all \u2019 onorevole Silvio Gora La democrazia cristiana dimostra di non avere usato della questione meridionale come di un volgare argomento elettorale ."}
{"sentidx":247930,"lemma":"cristiano","token":"cristiana","start":85,"end":94,"sent":"a difendere direttamente i propri interessi , non fidandosi neanche della democrazia cristiana , ?"}
{"sentidx":46016,"lemma":"cristiano","token":"cristiana","start":37,"end":46,"sent":"gruppo parlamentare della democrazia cristiana dara voto favorevole a questa legge ; dara voto favorevole senza entusiasmo , ma anche senza esitazione ."}
{"sentidx":51337,"lemma":"cristiano","token":"cristiana","start":78,"end":87,"sent":"Mi basta che parli di questo ordine della Direzione centrale della Democrazia cristiana ."}
{"sentidx":77970,"lemma":"cristiano","token":"cristiano","start":97,"end":106,"sent":"del Consiglio io debbo prendere atto che parlando al consiglio nazionale del partito democratico cristiano di tre partiti che sarebbero fuori del sistema democratico e repubblicano , ella non pensava al partito socialista italiano ."}
{"sentidx":247518,"lemma":"cristiano","token":"cristiana","start":134,"end":143,"sent":"Noi ci ricordiamo delle discussioni che ebbero luogo nell \u2019 estate scorsa fra i rappresentanti dei piccoli partiti e della democrazia cristiana ."}
{"sentidx":464,"lemma":"cristiano","token":"cristiana","start":174,"end":183,"sent":"Ripetero chela stessa fu determinata da una comunicazione ufficiale data al presidente della deputazione provinciale di Brindisi che pcr altro e un autorita della democrazia cristiana e non persona vicina ai nostri partiti ."}
{"sentidx":164826,"lemma":"cristiano","token":"cristiani","start":44,"end":53,"sent":"BERTI GIUSEPPE fu ANGELO Solo i democratici cristiani !"}
{"sentidx":21829,"lemma":"cristiano","token":"cristiana","start":72,"end":81,"sent":"Non puo naufragare , perche e voluto dalla maggioranza della democrazia cristiana ."}
{"sentidx":179185,"lemma":"cristiano","token":"cristiani","start":88,"end":97,"sent":"Sappiamo che il Ferrara e un grande elettore di determinati uomini politici democratici cristiani che fino alle ultime elezioni ."}
{"sentidx":4642,"lemma":"cristiano","token":"cristiana","start":113,"end":122,"sent":"possibilita di fare un consuntivo quinquennale della politica economica industriale del Governo della democrazia cristiana : in secondo luogo , questo dibattito e atteso per l orientamento che andranno ad assumere Camera e Governo in ordine al problema delle tariffe elettriche ."}
{"sentidx":242439,"lemma":"cristiano","token":"cristiana","start":93,"end":102,"sent":"Oggi noi dobbiamo molestare il senso del ostro profondo cordoglio e della nostra solidarieta cristiana ecl umana ; dobbiamo inchinarsi dinanzi alle vittime innocenti e manifestare ai popoli colpiti tutta la nostra simpatia ."}
{"sentidx":22789,"lemma":"cristiano","token":"cristiana","start":77,"end":86,"sent":"Infatti se entreranno in un consiglio comunale , al seguito della democrazia cristiana , quale indipendenza potranno avere ?"}
{"sentidx":19538,"lemma":"cristiano","token":"cristiana","start":84,"end":93,"sent":"Questi voti che sono andati al movimento sociale erano prima andati alla democrazia cristiana ."}
{"sentidx":32007,"lemma":"cristiano","token":"cristiano","start":83,"end":92,"sent":"QuesLo disegno di legge e stato respinto dalla maggioranza del partito democratico cristiano quando pubblicamente , aderendo al disegno di legge De Martino essa sie posta contro il ministro"}
{"sentidx":415788,"lemma":"cristiano","token":"cristiani","start":93,"end":102,"sent":"Invece oggi si scopre che anche le opere inaugurate con tanta pompa dai ministri democratici cristiani sono mancanti del necessario progetto !"}
{"sentidx":388744,"lemma":"cristiano","token":"cristiana","start":14,"end":23,"sent":"La democrazia cristiana ci portava un convincimento pacato , che si richiamava alla tradizione ."}
