{"sentidx":360193,"lemma":"innovazione","token":"innovazioni","start":27,"end":38,"sent":"L emendamento contiene due innovazioni ."}
{"sentidx":231353,"lemma":"innovazione","token":"innovazione","start":73,"end":84,"sent":"tiella riforma agraria e della i riforma conciaria costituiscono tutta l innovazione fondamentale della nostra agricoltura ."}
{"sentidx":328578,"lemma":"innovazione","token":"innovazione","start":31,"end":42,"sent":"Noi non abbiamo portato alcuna innovazione in materia di perquisizioni domiciliari ."}
{"sentidx":313601,"lemma":"innovazione","token":"innovazioni","start":59,"end":70,"sent":"Anche sulla stampa vediamo solle - \u2018 citare frequentemente innovazioni e miglioramenti attraverso servizi giornalistici , inette relazioni di convegni , ordini del giorno ."}
{"sentidx":352361,"lemma":"innovazione","token":"Innovazioni","start":3,"end":14,"sent":"Le Innovazioni contenute nella presente legge , pertanto , triplicano indubbiamente un miglioramento delle posizioni del mezzadro e un altrettanto notevole onere per quelle del concedente ."}
{"sentidx":117056,"lemma":"innovazione","token":"innovazioni","start":73,"end":84,"sent":"Le leggi sono state votate fuori del bilancio perche rappresentano delle innovazioni ."}
{"sentidx":26592,"lemma":"innovazione","token":"innovazione","start":29,"end":40,"sent":"13 questa effettivamente una innovazione che dimostra come nel momento del bisogno il Governo abbia saputo intervenire , superando le formalita di una prassi democratica ormai consolidata ."}
{"sentidx":217188,"lemma":"innovazione","token":"innovazione","start":8,"end":19,"sent":"Nessuna innovazione si e verificata nella struttura del Ministero che e tuttora quella tradizionale del tempo fascista ."}
{"sentidx":109980,"lemma":"innovazione","token":"innovazione","start":34,"end":45,"sent":"Non sembra opportuno introdurre l innovazione proposta nella presente legge , tanto piu che una disposizione analoga non esiste nella legge elettorale comunale ."}
{"sentidx":215820,"lemma":"innovazione","token":"innovazione","start":86,"end":97,"sent":"Per completare questa disamina dei primi articoli , aggiunge chesi e introdotta altra innovazione di una certa portata , sia pure soltanto terminologica , attraverso la sostituzione di una giunta provinciale alla , tradizionale deputazione provinciale ."}
{"sentidx":67833,"lemma":"innovazione","token":"innovazione","start":4,"end":15,"sent":"una innovazione che non credo abbia precedenti in alcun"}
{"sentidx":195619,"lemma":"innovazione","token":"innovazione","start":2,"end":13,"sent":"L innovazione mi lascia oltremodo ."}
{"sentidx":329086,"lemma":"innovazione","token":"innovazione","start":83,"end":94,"sent":"Come ho gia avuto occasione di accennare , con questa legge hon sie portata alcuna innovazione alle disposizioni vigenti per quanto riguarda la perquisizione domiciliare ."}
{"sentidx":205486,"lemma":"innovazione","token":"innovazione","start":42,"end":53,"sent":"La ragione principale al riguardo di tale innovazione di procedimento e stata quella di evitare contestazioni inutili e dannose ."}
{"sentidx":265653,"lemma":"innovazione","token":"innovazione","start":62,"end":73,"sent":"Xon vedo quindi alcuna obiezione che possa resistere a questa innovazione ."}
{"sentidx":191024,"lemma":"innovazione","token":"innovazione","start":13,"end":24,"sent":"C e pero una innovazione sostanziale introdotta nella proposta cli legge Rescigno innovazione che non riguarda tanto la diminuzione della durata di esercizio delle fu ?"}
{"sentidx":386750,"lemma":"innovazione","token":"innovazioni","start":49,"end":60,"sent":"In proposito i dubbi avanzati contro le proposte innovazioni , obiettivamente considerando l argomento , non sembrano del tutto sprovvisti di un fondamento di esattezza ."}
{"sentidx":191024,"lemma":"innovazione","token":"innovazione","start":82,"end":93,"sent":"C e pero una innovazione sostanziale introdotta nella proposta cli legge Rescigno innovazione che non riguarda tanto la diminuzione della durata di esercizio delle fu ?"}
{"sentidx":129623,"lemma":"innovazione","token":"innovazione","start":76,"end":87,"sent":"Vedremo attraverso i risultati concreti , quali saranno gli effetti di tale innovazione e quali potranno essere i ritocchi egli accorgimenti che nella legge organica si potranno adottare ."}
{"sentidx":398586,"lemma":"innovazione","token":"innovazione","start":99,"end":110,"sent":"- _ La Costituzione invero , proprio a proposito della scuola privata , ha introdotto una profonda innovazione ."}
{"sentidx":93583,"lemma":"innovazione","token":"innovazione","start":154,"end":165,"sent":"Tutti sanno che caratteristica essenziale della funzione legislativa , e quindi della norma legislativa , e oltre alla generalita e alla astrattezza , la innovazione di una situazione di diritto precedente ."}
{"sentidx":91000,"lemma":"innovazione","token":"innovazione","start":32,"end":43,"sent":"E dunque , questa veramente una innovazione proficua per la nostra industria agricola ."}
{"sentidx":339409,"lemma":"innovazione","token":"innovazione","start":46,"end":57,"sent":"La legge che andiamo a varare costituisce una innovazione ai precetti contenuti nel codice civile ?"}
{"sentidx":205263,"lemma":"innovazione","token":"innovazione","start":24,"end":35,"sent":"La riforma agraria e un innovazione profonda e direi quasi rivoluzionaria , se per rivoluzione intendiamo non la violenza ela sopraffazione della societa , ma la rigenerazione delle classi povere ela creazione di nuovi interessi , specie quando questi interessi toccano la maggior parte del popolo lavoratore d"}
{"sentidx":270878,"lemma":"innovazione","token":"innovazione","start":52,"end":63,"sent":"- Le cambiali ei titoli di credito sono nati da una innovazione cocente Oggi dominano la circolazione creditizia ."}
{"sentidx":7909,"lemma":"innovazione","token":"innovazione","start":156,"end":167,"sent":"Vogliamo del resto , una conferma autorevole , onorevoli colleghi , della fondatezza di queste mie osservazioni riguardo l opportunita ela giustizia di una innovazione del genere ?"}
{"sentidx":215794,"lemma":"innovazione","token":"innovazione","start":4,"end":15,"sent":"una innovazione rispetto anche a quello che - pochi mesi or sono abbiamo deliberato in seno alla Commissione interni , discutemmo sull ordinamento provinciale e regionale ."}
{"sentidx":270913,"lemma":"innovazione","token":"innovazione","start":54,"end":65,"sent":"Come vedete , neanche la giusta causa costituisce una innovazione ."}
{"sentidx":178954,"lemma":"innovazione","token":"innovazione","start":288,"end":299,"sent":"Per queste ragioni restiamo fermi nel nostro convincimento , che abbiamo espresso con dovizia di argomenti in questa Assemblea e nell altra , che il canone enfiteutico , cioe , debba ritenersi fondamentalmente immutabile e che non vi siano ragioni giuridiche che possano giustificare una innovazione cosi profonda ."}
{"sentidx":238106,"lemma":"innovazione","token":"innovazione","start":63,"end":74,"sent":"La Camera si rende evidentemente conto \u2018 del significato della innovazione , atta a p re venire sperequazioni non riparabili ."}
{"sentidx":393539,"lemma":"innovazione","token":"innovazione","start":70,"end":81,"sent":"Dobbiamo Hare atto al ministro \u2018 delle finanze che qualche coraggiosa innovazione e gia stata introdotta ; ma dobbiamo anche incoraggiare il ministro delle finanze perche prosegua su questa via della diminuzione delle aliquote , in modo da riordinare su basi stabili e piu razionali tutto l apparato del nostro sistema tributario ."}
{"sentidx":241679,"lemma":"innovazione","token":"innovazione","start":40,"end":51,"sent":"Questa none una chiarificazione : e una innovazione ."}
{"sentidx":216044,"lemma":"innovazione","token":"innovazione","start":20,"end":31,"sent":"Abbiamo poi l altra innovazione , che fu spianata il presidente I cioe la soppressione del presidente del consiglio provinciale ."}
{"sentidx":205481,"lemma":"innovazione","token":"innovazioni","start":192,"end":203,"sent":"Onorevoli colleghi , scendendo auna succinta analisi delle singole norme , osservo che , come si rileva dalle relazioni sia di maggioranza che di minoranza , la Commissione ha portato diverse innovazioni al testo ministeriale ."}
{"sentidx":7870,"lemma":"innovazione","token":"innovazione","start":10,"end":21,"sent":"integrale innovazione I legislativa Esprimo qui un concetto che ho gia avuto occasione di esprimere in relazione , ."}
{"sentidx":399065,"lemma":"innovazione","token":"innovazione","start":13,"end":24,"sent":"Questa e una innovazione nel nostro ordinamento giudiziario , nel quale i collegi sono sempre composti in numero dispari ."}
{"sentidx":309471,"lemma":"innovazione","token":"innovazione","start":32,"end":43,"sent":"Qual e il significato di questa innovazione ?"}
{"sentidx":281623,"lemma":"innovazione","token":"innovazioni","start":3,"end":14,"sent":"Le innovazioni della Commissione consistono nella inclusione del ministro dei trasporti nel comitato dei ministri per il Mezzogiorno perche si vuole che lo stanziamento per le ferrovie sia operato in coordinamento con l azione di tu t ti i ministri nel comitato stesso ."}
{"sentidx":285698,"lemma":"innovazione","token":"innovazioni","start":153,"end":164,"sent":"Lasciamo stare le critiche che la Commissione nella sua maggioranza , muove al , progetto : le critiche dirette al sistema proporzionale , che inserisce innovazioni in confronto a quanto costantemente si era praticato in materia ."}
{"sentidx":93587,"lemma":"innovazione","token":"innovazione","start":231,"end":242,"sent":"Ma su tutto questo si potrebbe ancora passar sopra , perche esistono delle leggi formali che riguardano determinati aspetti : la cosa principale e che none funzione legislativa perche - come dicevo - non ha la caratteristica della innovazione di una situazione di diritto preesistente ."}
{"sentidx":215793,"lemma":"innovazione","token":"innovazione","start":4,"end":15,"sent":"una innovazione rispetto al passato ; ."}
{"sentidx":63172,"lemma":"innovazione","token":"innovazione","start":62,"end":73,"sent":"Quali sono i fattori positivi ed i fattori negativi di questa innovazione ?"}
{"sentidx":174305,"lemma":"innovazione","token":"innovazioni","start":138,"end":149,"sent":"Si puo rilevare altresi con soddisfazione che nel recente schema di legge per la riforma delle pensioni di guerra , sono state introdotte innovazioni di pih alto interesse volte proprio a favore dei mutilatini ."}
{"sentidx":408545,"lemma":"innovazione","token":"innovazione","start":57,"end":68,"sent":", Plaudo anzi alla sua organica struttura e alla massima innovazione in esso contenuta , ."}
{"sentidx":103156,"lemma":"innovazione","token":"innovazione","start":43,"end":54,"sent":"Per vero non mi sento di accogliere questa innovazione ."}
{"sentidx":271471,"lemma":"innovazione","token":"innovazione","start":57,"end":68,"sent":"Ed allora , onorevoli colleghi , resta a spiegare questa innovazione ."}
{"sentidx":373827,"lemma":"innovazione","token":"innovazioni","start":29,"end":40,"sent":"Di piu si introducono alcune innovazioni per la mezzadria e il piccolo affitto ."}
{"sentidx":144388,"lemma":"innovazione","token":"innovazione","start":68,"end":79,"sent":"Basterebbe questa sola aggiunta per dimostrare che si tratta di una innovazione rispetto a quanto e stabilito dalla Costituzione A parte l aggiunta della controfirma del Presidente del Consiglio Dire come la Costituzione dice che il Presidente della Repubblica nomina un terzo dei componenti la Corte costituzionale , non e certo la stessa cosa che dire che il Presidente della Repubblica nomina questi cinque giudici su proposta di un determinato ministro , e che occorre , per di piu , la controfirma del Presidente del Consiglio E una cosa ben diversa ."}
{"sentidx":143318,"lemma":"innovazione","token":"innovazioni","start":39,"end":50,"sent":"Di esse specie per quanto attiene alle innovazioni rispetto al testo del Senato ho gia detto nella mia relazione scritta ."}
{"sentidx":179591,"lemma":"innovazione","token":"innovazione","start":79,"end":90,"sent":"Cio consentira di svecchiare le nostre attrezzature e di dare un contributo dj innovazione utile dopo un ventennio di autarchia e di guerra , cioe di isolamento tecnico ."}
{"sentidx":89530,"lemma":"innovazione","token":"innovazione","start":18,"end":29,"sent":"Questa B una vera innovazione ."}
{"sentidx":90996,"lemma":"innovazione","token":"innovazione","start":200,"end":211,"sent":"Ma riflettendo bene alla situazione attuale del mondo , in questo momento di catastrofe dPi prezzi dei prodotti agricoli , io credo che sia da accogliere con molta speranza e con molta fiducia questa innovazione ."}
{"sentidx":179830,"lemma":"innovazione","token":"innovazione","start":9,"end":20,"sent":"E di una innovazione ingiusta ."}
{"sentidx":179827,"lemma":"innovazione","token":"innovazione","start":17,"end":28,"sent":"Si tratta di una innovazione : infatti , se ben ricordo , la legislazione precedente in materia non ha mai previsto questa differenziazione ."}
{"sentidx":201770,"lemma":"innovazione","token":"innovazione","start":168,"end":179,"sent":"La Camera perla gionta volta dopo la guerra viene chiamata ad estendere i benefici finora dettati per i coltivatori diretti ai non coltivatori diretti , e questa e una innovazione - tanto radicale che va esaminata con la maggiore prudenza ."}
{"sentidx":118632,"lemma":"innovazione","token":"innovazione","start":27,"end":38,"sent":"Vedremo che in effetti , l innovazione e molto limitata dalle cautele che la maggioranza ha ritenuto di dover ribadire ."}
{"sentidx":48738,"lemma":"innovazione","token":"innovazioni","start":23,"end":34,"sent":"n Qui non si tratta di innovazioni sostanziali ."}
{"sentidx":63691,"lemma":"innovazione","token":"innovazione","start":109,"end":120,"sent":"Non lo dimentico , affatto , ma prendo atto che voi stessi nella vostra relazione avete segnalato che ve iin innovazione sostanziale ed a mio avviso inammissibile : che cioe l autorita giudiziaria non e piu indipendente rispetto ad organi come le commissioni che per ."}
{"sentidx":271498,"lemma":"innovazione","token":"innovazione","start":54,"end":65,"sent":"Anche qui si materializza di inserire in legge , come innovazione e conquista stabile , - cio che era frutto della contingenza bellica o postbellica ."}
{"sentidx":11995,"lemma":"innovazione","token":"innovazione","start":19,"end":30,"sent":"Ripeto che era una innovazione notevole : naturalmente , essa e stata soppressa dalla maggioranza della Commissione E questa , anzi , una delle ragioni per cui ."}
{"sentidx":27465,"lemma":"innovazione","token":"innovazione","start":82,"end":93,"sent":"Una delle osservazioni piu rilevanti che fanno colleghi e giudici contrari a tale innovazione , e questa : che il verbale stenografico manca di ogni possibilita di controllo sia da parte del giudice , sia da parte dell \u2019 avvocato ."}
{"sentidx":344871,"lemma":"innovazione","token":"innovazione","start":33,"end":44,"sent":"Per questi motivi , accetterei l innovazione , che mi pare utile nel pubblico interesse ."}
{"sentidx":357544,"lemma":"innovazione","token":"innovazioni","start":78,"end":89,"sent":"Per gli emendamenti relativi al terzo comma e al quarto comma , non essendoci innovazioni sostanziali , in sede di cool lo si potra vedere se e il caso di apportare qualche variazione puramente formale ."}
{"sentidx":69844,"lemma":"innovazione","token":"innovazioni","start":170,"end":181,"sent":"Quindi bisogna ricondurre l imposta progressiva complementare a un ruolo molto piu importante nel nostro complesso tributario A lungo dovrei attardarmi per illustrare le innovazioni apportate a tale imposta col disegno di legge in esame ."}
{"sentidx":55731,"lemma":"innovazione","token":"innovazione","start":39,"end":50,"sent":"Vi sono ragioni pro e ragioni contro l innovazione ."}
{"sentidx":272775,"lemma":"innovazione","token":"innovazione","start":47,"end":58,"sent":"L avere l attuale Governo tentato una radicale innovazione - e nel campo piu delicato e difficile , cioe quello tributario e opera di vera e profonda attuazione della democrazia ; e finalmente , l abbandono della verbosa retorica , per il concreto terreno dei ."}
{"sentidx":67565,"lemma":"innovazione","token":"innovazione","start":148,"end":159,"sent":"Non si vede la necessita di questo rinvio mentre , come ha notato l onorevole Cappi si vede l opportunita di non indugiare a dare attuazione ad una innovazione che sara di grande vantaggio per i lavori legislativi ."}
{"sentidx":191092,"lemma":"innovazione","token":"innovazioni","start":163,"end":174,"sent":"L ipotesi alla quale accenna l onorevole Miceli sostanzialmente e quella del concedente che attua delle innovazioni dannose al mezzadro , ma e evidente che queste innovazioni danneggerebbero lo stesso concedente , ed e quindi una ipotesi che non vorrei prendere nemmeno in considerazione , perche lontana dalla realta Non cisi deve preoccupare di questi casi che , se si verificano , sono eccezionali , ma si deve tenere presente la normalit a Per questo concordo nel testo cosi come e stato formulato dalla"}
{"sentidx":191092,"lemma":"innovazione","token":"innovazioni","start":104,"end":115,"sent":"L ipotesi alla quale accenna l onorevole Miceli sostanzialmente e quella del concedente che attua delle innovazioni dannose al mezzadro , ma e evidente che queste innovazioni danneggerebbero lo stesso concedente , ed e quindi una ipotesi che non vorrei prendere nemmeno in considerazione , perche lontana dalla realta Non cisi deve preoccupare di questi casi che , se si verificano , sono eccezionali , ma si deve tenere presente la normalit a Per questo concordo nel testo cosi come e stato formulato dalla"}
{"sentidx":101350,"lemma":"innovazione","token":"innovazione","start":282,"end":293,"sent":"A distanza di molti anni un altro scrittore , questa volta un commediografo , Carlo Veneziani nella commedia L antenato ha ripreso lo stesso concetto e ha narrato l avventura di un antenato che ritorna a vivere nei tempi nostri , pieno di meraviglia per tutto cio che e progresso e innovazione ."}
{"sentidx":27463,"lemma":"innovazione","token":"innovazione","start":49,"end":60,"sent":"Tuttavia mi rendo perfettamente conto che questa innovazione nella amministrazione della giustizia incontrera parecchie difficolta e far8 sorgere molte resistenze ."}
{"sentidx":139789,"lemma":"innovazione","token":"innovazione","start":15,"end":26,"sent":"l 3 questa una innovazione che veramente da un maggiore costrutto anche alle leggi precedenti , e della quale dobbiamo esser lieti perche , attraverso una forma molto abile , consente di estendere notevolmente i finanziamenti stessi attraverso mutui obbligazionari , prestiti o altro che le banche possono trovare sul mercato italiano od estero ."}
{"sentidx":155593,"lemma":"innovazione","token":"innovazioni","start":167,"end":178,"sent":"Tanto piu intempestivo , tanto piu incomprensibile appare quindi , in questo momento , il disegno di legge in esame , che si richiama , come a fatti gia scontati , ad innovazioni che sono invece oggetto di contestazione ."}
{"sentidx":27480,"lemma":"innovazione","token":"innovazione","start":55,"end":66,"sent":"GATTO Gli avvocati ei giudici che sono propensi a tale innovazione potrebbero far compilare il verbale da un cancelliere stenografo , gli avvocati ei giudici che sono contrari all \u2019 induzione della stenografia , potrebbero invece far compilare il verbale nel modo normale ."}
{"sentidx":95590,"lemma":"innovazione","token":"innovazioni","start":139,"end":150,"sent":"Tutte le potenze promotrici , ad eccezione dell \u2019 U R S S pongono in primo piano la sicurezza del mondo e sono disposte ad accettare delle innovazioni ai concetti tradizionali di cooperazione internazionale , di sovranita nazionale , di organizzazione economica , laddove essi sono necessari alla sicurezza ."}
{"sentidx":292811,"lemma":"innovazione","token":"innovazioni","start":202,"end":213,"sent":"Analogo ringraziamento intendo rivolgere al Governo perla sensibilita che ha dimostrato accettando le conclusioni della Commissione In sostanza , il provvedimento sottoposto al nostro esame porta delle innovazioni rispetto al precedente trattamento riservato ai pensionati , innovazioni che possiamo sintetizzare in tre punti : computo della pensione ( e questo 6 il punto essenziale ) in base all \u2019 ultimo stipendio , comprensivo di tutti gli assegni pensionabili , mentre ."}
{"sentidx":292811,"lemma":"innovazione","token":"innovazioni","start":275,"end":286,"sent":"Analogo ringraziamento intendo rivolgere al Governo perla sensibilita che ha dimostrato accettando le conclusioni della Commissione In sostanza , il provvedimento sottoposto al nostro esame porta delle innovazioni rispetto al precedente trattamento riservato ai pensionati , innovazioni che possiamo sintetizzare in tre punti : computo della pensione ( e questo 6 il punto essenziale ) in base all \u2019 ultimo stipendio , comprensivo di tutti gli assegni pensionabili , mentre ."}
{"sentidx":409657,"lemma":"innovazione","token":"innovazioni","start":192,"end":203,"sent":"Onorevole Ministro onorevoli colleghi , in linea di principio sono contrario all \u2019istituto dell \u2019 affittanza perche non lega sufficientemente alla terra , non incita - nella generalita - alle innovazioni e alla massima produzione , non sprona ai miglioramenti fondiari che sono fonte di progresso e di lavoro ."}
{"sentidx":48622,"lemma":"innovazione","token":"innovazioni","start":195,"end":206,"sent":"E allora , e facile , onorevoli colleghi , capire cosa e avvenuto nel settore economico da quando dalla Commissione dell agricoltura e trapelata la notizia che anche quest \u2019 anno , nonostante le innovazioni di fatto in materia di riforma agraria , la proroga delle affitI tenze sarebbe stata riservata soltanto ai coltivatori diretti ."}
{"sentidx":241808,"lemma":"innovazione","token":"innovazione","start":8,"end":19,"sent":"Nessuna innovazione puo essere apportata per quanto riguarda la vigilanza ela tutela sugli enti locali e sugli enti a carattere nazionale , interregionali O interprovinciali ."}
{"sentidx":27197,"lemma":"innovazione","token":"innovazioni","start":240,"end":251,"sent":"la sola legge , e della loro distinzione solo secondo la loro funzione giurisdizionale Chiede altresi , che siano trattate e risolte con carattere d urgenza , e con precedenza assoluta sugli altri problemi dell ordinamento giudiziario , le innovazioni costituzionali relative alla p3siz one ed allo stato giuridico ed economico dei m magistrati in modo da assicurare ad essi , fin dora , quel !"}
{"sentidx":67646,"lemma":"innovazione","token":"innovazione","start":75,"end":86,"sent":"Ricordo anzitutto che il testo che noi vi abbiamo proposto rappresenta una innovazione notevole , rispetto a quello che 6 il testo approvato dal Senato Secondo il Regolamento del Senato organo competente a stabilire se di un determinato progetto di legge puo essere investita una ."}
{"sentidx":270884,"lemma":"innovazione","token":"innovazione","start":134,"end":145,"sent":"Io dico tutto questo , ripeto : per dimostrare ancora una volta che voi avete fatto solo opera di trasfusione dal codice , ma non una innovazione ."}
{"sentidx":253190,"lemma":"innovazione","token":"innovazione","start":21,"end":32,"sent":"Vedete voi se questa innovazione dovra essere esaminata nella riforma dell \u2019 ordinamento giudiziario , per quanto riguarda l ordinaria amministrazione della giustizia in Cassazione ma quella delle progettate sezioni aggiunte mi pare sia una necessita tale , ch io pregherei l onorevole ministro cli volerli senz altro benevolmente esaminare ."}
{"sentidx":381905,"lemma":"innovazione","token":"innovazione","start":201,"end":212,"sent":"All onorevole relatore non e sfuggita , e sono certo che non sfuggira neppure a voi onorevoli colleghi , l importanza di tale provvedimento che , mentre non costituira di per se sostanziale modifica o innovazione all \u2019 ordinamento vigente , sara un grande passo avanti verso lo snellimento ela modernizzazione di una branca della pubblica amministrazione alla quale il popolo e particolarmente sensibile , essendo con essa in quotidiano immediato contatto ."}
{"sentidx":198241,"lemma":"innovazione","token":"innovazione","start":80,"end":91,"sent":"Quindi nessun pregiudizio deriverebbe per i diritti della Camera dalla proposta innovazione , \u2018 mentre , d altra parte , si otterrebbe il vantaggio di un piu sollecito svolgimento del procedimento legislativo ."}
{"sentidx":322135,"lemma":"innovazione","token":"innovazione","start":40,"end":51,"sent":"Appunto signor Presidente La mortadella innovazione non e piccola , nel senso che sarebbe proibito ricorrere al sistema di iscriversi in coda mentre oggi non esiste una norma del regolamento che stabilisca la decadenza per chi non risponda alla chiamata del Presidente echi non e presente puo salvare la propria posizione iscrivendosi Con questa modificazione , tale facolta non esisterebbe piu ."}
{"sentidx":394913,"lemma":"innovazione","token":"innovazione","start":148,"end":159,"sent":"Insisto su questo emendamento perche , per la verita , le dichiarazioni che l onorevole relatore ha fatto per respingere l inciso che costituisce l innovazione da me proposta al testo della Commissione precisamente l inciso che riguarda l onere della prova - mi sono apparse alquanto gravi ."}
{"sentidx":278177,"lemma":"innovazione","token":"innovazione","start":322,"end":333,"sent":"Io chiedo il completamento del bacino di Taranto peri seguenti motivi : 10 perche nell \u2019 intero Mediterraneo non esiste , costruito od in corso di costruzione , un bacino che abbia i requisiti tecnici di quello di Taranto Esso che permette qualsiasi riparazione anche a navi di massimo tonnellaggio , rappresenta una vera innovazione nel campo della moderna tecnica delle costruzioni navali , perche ai normali muri di pietra spessissimo sono state sostituite fiancate in cemento armato vuote e leggere , con opportuni giunti di dilatazione stagni sia per la platea che per le stesse fiancate ."}
{"sentidx":400050,"lemma":"innovazione","token":"innovazioni","start":147,"end":158,"sent":"Ripeto a me pare che in questo caso quando dal Governo giunge una richiesta di modificare o violare il regolamento della Camera odi portarvi delle innovazioni , dovrebbe essere la stessa Presidenza della Camera a rispondere ."}
{"sentidx":120436,"lemma":"innovazione","token":"innovazioni","start":69,"end":80,"sent":"Carlo Cattaneo diceva : ( Un partito retrogrado , avverso a tutte le innovazioni , accolse come un verace beneficio queste invasioni ( austriache , allora ) e vide nelle armi straniere il piu saldo sostegno dei suoi vieti pregiudizi e perse uno strumento di dominio , dimentico delle alte questioni di sovranita , dimentico della indipendenza del paese , mentre appunto non fece stima dei principi sacri della vita delle nazioni , ecc ."}
{"sentidx":179826,"lemma":"innovazione","token":"innovazione","start":87,"end":98,"sent":"Si tratta di una innovazione legislativa , e si tratta , a mio modesto avviso , di una innovazione ingiusta ."}
{"sentidx":179826,"lemma":"innovazione","token":"innovazione","start":17,"end":28,"sent":"Si tratta di una innovazione legislativa , e si tratta , a mio modesto avviso , di una innovazione ingiusta ."}
{"sentidx":7985,"lemma":"innovazione","token":"innovazioni","start":159,"end":170,"sent":", diritti acquisiti , le legittime aspettai ose si vuole , le semplici speranze di coloro che hanno presentato la loro candidatura al concorso senza prevedere innovazioni legislative ."}
{"sentidx":387766,"lemma":"innovazione","token":"innovazioni","start":196,"end":207,"sent":"La Commissione in linea di massima , i del parere che la presente legge debba prorogare puramente e semplicemente le norme vigenti in materia di contratti agrari , ed intende , pertanto , evitare innovazioni , anche perche siamo alla vigilia di una generale e definitiva regolamentazione di tutta la legislazione re - ."}
{"sentidx":67670,"lemma":"innovazione","token":"innovazione","start":69,"end":80,"sent":"Ricordo anzitutto che il testo proposto dalla Giunta rappresenta una innovazione rispetto al testo approvato dal Senato perche il Regolamento del Senato non prevede affatto l ipotesi di un disegno di legge , che importi un aumento dell \u2019 onere finanziario dello Stato e non disciplina affatto , quindi i rapporti tra la Commissione competente legislativa ela Commissione finanze e tesoro ."}
{"sentidx":107089,"lemma":"innovazione","token":"innovazioni","start":186,"end":197,"sent":"L amministrazione italiana e ancora quella di cinquant anili fa vive ancora su quegli schemi , non se aggiornata , avvistare le velocita hanno progredito ed io tanti campi si sono avute innovazioni e trasformazioni radicali ."}
{"sentidx":267020,"lemma":"innovazione","token":"innovazione","start":25,"end":36,"sent":"Qui non si tratta di una innovazione , onorevole Gava si tratta di un puro e semplice ritorno all \u2019 antico ."}
{"sentidx":133437,"lemma":"innovazione","token":"innovazione","start":292,"end":303,"sent":"I1 progetto , alla cui formulazione ho avuto l onore di partecipare , allarga per esempio le impugnazioni in rapporto alle formule di proscioglimento e consente che si possa produrre impugnazione avvero una sentenza di proscioglimento perche il fatto non costitui - \u2019 sce reato ; sara questa innovazione , se accolta , degna del massimo interesse , perche costituisce una delle garanzie di quella dignita della persona umana , che abbiamo sbandierato per le piazze e che dobbiamo attuare nella legislazione ."}
{"sentidx":296641,"lemma":"innovazione","token":"innovazioni","start":505,"end":516,"sent":"I1 Senato ha ritenuto , invece , di adottare il principio affermato nella relazione ministeriale e ha stabilito che i quindici membri del Consiglio nazionale eleggessero tra loro , nella prima riunione , sei componenti della commissione amministratrice della Cassa Io ritengo che il Senato abbia errato nel ripudiare i criteri giustamente seguiti da questa Assemblea ed in conseguenza mi auguro che la Camera faccia opera di giustizia accogliendo i miei emendamenti , i quali mirano a sopprimere tutte le innovazioni apportate dal Senato ed a ripristinare integralmente il testo da noi approvato ."}
