{"sentidx":99972,"lemma":"aborto","token":"aborti","start":61,"end":67,"sent":"Pensiamo soltanto al Ragusano dove e aumentato il dato degli aborti clandestini e non clandestini e quindi ce uno sfruttamento evidente non solo lavorativo ma sessuale ."}
{"sentidx":125444,"lemma":"aborto","token":"aborto","start":394,"end":400,"sent":"Qui non stiamo votando un diritto dell \u2019 Irlanda di fare cose diverse da quelle che sono contenute nella Dichiarazione dei diritti dell \u2019 uomo dell \u2019 Unione europea o nel Trattato di Lisbona Qui stiamo votando una dichiarazione interpretativa la quale ci dice che ne il Trattato di Lisbona ne la Carta dei diritti contengono nulla che obblighi un qualunque Paese europeo a fare una politica di aborto libero o a riconoscere l aborto come un diritto oppure ad accettare una famiglia la quale non sia quella tradizionale difesa dalla Costituzione irlandese ma anche da quella italiana ."}
{"sentidx":125444,"lemma":"aborto","token":"aborto","start":426,"end":432,"sent":"Qui non stiamo votando un diritto dell \u2019 Irlanda di fare cose diverse da quelle che sono contenute nella Dichiarazione dei diritti dell \u2019 uomo dell \u2019 Unione europea o nel Trattato di Lisbona Qui stiamo votando una dichiarazione interpretativa la quale ci dice che ne il Trattato di Lisbona ne la Carta dei diritti contengono nulla che obblighi un qualunque Paese europeo a fare una politica di aborto libero o a riconoscere l aborto come un diritto oppure ad accettare una famiglia la quale non sia quella tradizionale difesa dalla Costituzione irlandese ma anche da quella italiana ."}
{"sentidx":213936,"lemma":"aborto","token":"aborto","start":187,"end":193,"sent":"Da un lato vie il diritto della madre a partorire anonimamente ea mantenere l anonimato , condizioni indispensabili , come ha sottolineato la collega Binetti in alcuni casi per evitare l aborto oil parto clandestino o l abbandono del nascituro ."}
{"sentidx":9034,"lemma":"aborto","token":"aborto","start":171,"end":177,"sent":"Noi vogliamo prevenire attraverso , ad esempio , l aumento del numero ed una maggiore funzionalita dei consultori , luogo privilegiato , se si vuole davvero sconfiggere l aborto ."}
{"sentidx":68331,"lemma":"aborto","token":"aborto","start":89,"end":95,"sent":"Capisco che questo e un argomento sensibile , perche tocca l ideologia del diritto all \u2019 aborto , perche tocca gli interessi miliardari delle multinazionali ( lei stessa ha citato i dati esponenziali di crescita della vendita di questo farmaco , perche rende falsamente sicura la sessualita delle adolescenti e quanto altro ) , ma detto tutto questo , e non mettendolo nemmeno in discussione , vogliamo almeno dare un \u2019 informazione corretta alle donne ?"}
{"sentidx":326436,"lemma":"aborto","token":"aborto","start":226,"end":232,"sent":"Il testo individua una serie di nuove tipologie di reato che gli Stati dovranno introdurre nei propri ordinamenti : la violenza sessuale , il matrimonio forzato , le pratiche di mutilazione degli organi genitali femminili , l aborto ela sterilizzazione forzata , il favoreggiamento , la complicita , le circostanze aggravanti del reato ."}
{"sentidx":246473,"lemma":"aborto","token":"aborto","start":160,"end":166,"sent":"Cosi lei rimasta incinta , quando ha scoperto che la bambina che aspettava era gravemente malata , senza speranza , ha deciso di abortire al quinto mese : e un aborto terapeutico , al quinto mese e praticamente un parto ."}
{"sentidx":103044,"lemma":"aborto","token":"aborto","start":86,"end":92,"sent":"Sul secondo punto pero , la prevenzione della gravidanza non avrebbe a che fare con l aborto , qui invece vale la pena spendere una parola perche certamente questo non e vero peri farmaci anticoncezionali che per definizione prevengono il concepimento e quindi certamente non hanno nulla a che fare con l aborto ."}
{"sentidx":103044,"lemma":"aborto","token":"aborto","start":305,"end":311,"sent":"Sul secondo punto pero , la prevenzione della gravidanza non avrebbe a che fare con l aborto , qui invece vale la pena spendere una parola perche certamente questo non e vero peri farmaci anticoncezionali che per definizione prevengono il concepimento e quindi certamente non hanno nulla a che fare con l aborto ."}
{"sentidx":246490,"lemma":"aborto","token":"aborti","start":359,"end":365,"sent":"Ci sono dei fondati sospetti che queste pratiche continuino e questo ci deve allarmare perche , se mettiamo insieme il dato della diminuzione degli aborti al fatto che aumenta l obiezione di coscienza ( e sottosegretario , lei sa anche che ce stata una politica di tagli fortissimi ai servizi pubblici e di prevenzione ) , se dunque noi mettiamo insieme meno aborti , piu obiezione di coscienza e meno servizi , ci chiediamo se questo sospetto di pratiche illegali , che sono contro la salute delle donne , non sia fondato ."}
{"sentidx":246490,"lemma":"aborto","token":"aborti","start":148,"end":154,"sent":"Ci sono dei fondati sospetti che queste pratiche continuino e questo ci deve allarmare perche , se mettiamo insieme il dato della diminuzione degli aborti al fatto che aumenta l obiezione di coscienza ( e sottosegretario , lei sa anche che ce stata una politica di tagli fortissimi ai servizi pubblici e di prevenzione ) , se dunque noi mettiamo insieme meno aborti , piu obiezione di coscienza e meno servizi , ci chiediamo se questo sospetto di pratiche illegali , che sono contro la salute delle donne , non sia fondato ."}
{"sentidx":102171,"lemma":"aborto","token":"aborto","start":155,"end":161,"sent":"Era consapevole di vivere in uno Stato laico tanto che , mettendo da parte i suoi convincimenti personali , firmo da Ministro della sanita la legge sull \u2019 aborto , sicura di dover interpretare con lealta il suo mandato , distinguendo nettamente il ruolo pubblico da quello privato ."}
{"sentidx":222341,"lemma":"aborto","token":"aborto","start":2,"end":8,"sent":"L aborto , di fatto , della proposta dei CPR del Ministro Minniti che soltanto quattro su venti sono partiti - , lo stesso Minniti che ci racconta che attraverso il flusso di immigrati nel nostro Paese possono arrivare terroristi e io ricordo chiaramente le parole del segretario del Partito Democratico Renzi che quando la Lega denunciava questo pericolo concreto per il nostro Paese e per l Europa ci dava per coloro che volevano cavalcare la paura e acquisire consensi ; lo ricordo chiaramente ; oggi , con quattro anni di ritardo , e il Ministro dell interno del vostro Governo che lo dice Allora Presidente e chiaro che questa e una presa in giro per il Paese una presa in giro nata , ovviamente , da quando la stessa legislatura e iniziata , con Governi che non hanno avuto un mandato popolare , Governi e maggioranze che non rappresentano la maggioranza di questo Paese Dal Governo Letta di cui noi unici orgogliosamente non abbiamo mai votato un provvedimento , Mare Nostrum compreso , unici che con coerenza da sempre , dall \u2019 inizio della legislatura , abbiamo mantenuto una posizione chiara e coerente con quanto detto ai cittadini di questo Paese Applausi dei deputati del gruppo Lega Nord e Autonomie Lega dei Popoli Noi con Salvini Ebbene su questo vediamo una sinistra che fa gara ad essere piu sinistra : parlo da MDP e quanto ho sentito e imbarazzante , al PD al MoVimento 5 Stelle che addirittura si e inventato di regalare e di dare fino a 1000 euro al mese a chi prende in casa un immigrato clandestino qui a Roma con la sindaca Raggi Applausi dei deputati del gruppo Lega Nord e Autonomie Lega dei Popoli Noi con Salvini E una gara a chi e piu di sinistra , a chi e piu pro immigrazione clandestina ."}
{"sentidx":103042,"lemma":"aborto","token":"aborto","start":256,"end":262,"sent":"Il duplice equivoco risiede in due , se vuole , affermazioni , due slogan : il primo e chela gravidanza e una malattia di fatto , non viene detto ma implicitamente cosi si assume ; il secondo : la prevenzione della gravidanza non ha nulla a che fare con l aborto ."}
{"sentidx":5946,"lemma":"aborto","token":"aborto","start":72,"end":78,"sent":"Siccome Renzi e di Firenze e questa cosa la dovrebbe sapere , se questo aborto linguistico lo avesse consegnato anche lui una settimana alla Crusca forse qui saremmo stati a confondere dimeno ."}
{"sentidx":180362,"lemma":"aborto","token":"aborti","start":120,"end":126,"sent":"Poco fa l onorevole Giuliani diceva che , grazie alla legge sulle interruzioni volontarie di gravidanza il numero degli aborti e diminuito ."}
{"sentidx":103066,"lemma":"aborto","token":"aborti","start":213,"end":219,"sent":"Ora tocca all \u2019 Aifa e al Ministero della salute valutare questi dati : finora EllaOne nel nostro Paese e stata prescritta da un medico e dopo l esecuzione di un test di gravidanza , proprio per evitare possibili aborti ."}
{"sentidx":344641,"lemma":"aborto","token":"aborto","start":293,"end":299,"sent":"Voglio ricordare allora al sottosegretario Pizzetti none presente oggi l allora sottosegretario Vito che fu colui che rispose alla mia prima interrogazione in tal senso , denunciando l assenza degli strumenti conoscitivi da parte del Governo sui dati riguardanti la possibilita di prevenire l aborto nel momento in cui la donna manifestava l intenzione di interrompere la gravidanza soprattutto per un disagio di carattere socio - economico \u2013 che , se non ci dotiamo di questi strumenti , non saremo mai in grado di valutare cosa stiamo facendo ."}
{"sentidx":246489,"lemma":"aborto","token":"aborto","start":254,"end":260,"sent":"Ci sono problemi di vulnerabilita di una parte di donne , come quelle immigrate , e stato evidenziato nei lavori della Commissione che il sottosegretario ha citato ; e credo che noi possiamo dire che non siamo immuni dall \u2019 aver combattuto e debellato l aborto clandestino o comunque forme di pratica illegali ."}
{"sentidx":114347,"lemma":"aborto","token":"aborti","start":127,"end":133,"sent":"Infatti ce tutta una serie di danni indiretti , lo stress sul gregge , la riduzione , la perdita di produzione del latte , gli aborti , le ferite , l aumento di spese per le cure , tutta una serie di spese che , secondo alcune stime , puo far salire il danno fino a diciotto volte ."}
{"sentidx":62551,"lemma":"aborto","token":"aborto","start":26,"end":32,"sent":"Ieri col principio dell \u2019 aborto , e passato il principio che la vita nascente non valeva nulla , oggi che i malati non valgono nulla , domani forse anche la vita nel pieno vigore , perche , quando passa un principio , finisce che i principi poi producono effetti a cascata ."}
{"sentidx":7664,"lemma":"aborto","token":"aborti","start":26,"end":32,"sent":"Osteoporosi infertilita , aborti ripetuti , anemie , patologie dello smalto dentario , diabete , tiroide autoimmune , alopecia , epilessia con calcificazioni cerebrali e linfoma intestinale , sono solo alcuni dei sintomi e delle complicanze che la celiachia puo comportare ."}
{"sentidx":112334,"lemma":"aborto","token":"aborto","start":493,"end":499,"sent":"Signor Presidente io faccio parte di quella generazione che ha fatto il Sessantotto quella delle tante battaglie per i diritti delle donne ; quella che definiva servizio quello che fino allora si chiamava assistenza e beneficenza ; quella che lottava per la scuola ela sanita pubblica e quella che pensava che il figlio di un operaio poteva diventare anche dottore e che chiedeva pari opportunita per tutti , al di la del censo e del sesso ; quella delle grandi battaglie per il divorzio el \u2019 aborto ; quella della legge n 300 del 1970 che apriva finalmente una stagione nuova per il lavoro , riconoscendo dignita e diritti a tutti i lavoratori ."}
{"sentidx":180260,"lemma":"aborto","token":"aborti","start":152,"end":158,"sent":"Se si guarda ad altre importanti conquiste civili , come l interruzione volontaria di gravidanza , che ha portato , appunto , a ridurre il numero degli aborti , in fondo si osserva lo stesso tipo di andamento ."}
{"sentidx":246497,"lemma":"aborto","token":"aborto","start":90,"end":96,"sent":"In secondo luogo , occorre generalizzare la possibilita per tutte le donne di scegliere l aborto farmacologico , in day hospital ."}
{"sentidx":192991,"lemma":"aborto","token":"aborti","start":43,"end":49,"sent":"Solo per ricordarne alcuni : osteoporosi , aborti ripetuti , infertilita , anemia , diabete , tiroide , epilessia con calcificazione cerebrale , linfoma intestinale ."}
{"sentidx":272054,"lemma":"aborto","token":"aborti","start":268,"end":274,"sent":"La percentuale dei divorzi in Italia e molto bassa , e circa la meta della media europea ; ci sono da noi meno madri single , meno figli nati fuori dal matrimonio , meno anziani abbandonati , meno fenomeni tipici del disagio giovanile , come la violenza sulle donne , aborti e gravidanze fra le minorenni , bande giovanili e cosi via Giovanni Paolo II parlava di eccezione italiana ; altri la definiscono , invece , l anomalia italiana , in un \u2019 accezione ovviamente negativa , e indicano il modello europeo come una meta da raggiungere , un criterio acui uniformarsi ( e stato detto anche qui ) ."}
{"sentidx":53814,"lemma":"aborto","token":"aborto","start":82,"end":88,"sent":"Penso alle grandi battaglie per il divorzio , per una legislazione moderna sull \u2019 aborto , penso alla battaglia per la Costituzione svolta dentro l Assemblea costituente , come lei ben ricordava , insieme ad altre , poche donne , all \u2019 epoca , al grande prestigio che la porto a diventare Presidente della Camera sostenuta e condivisa da una larga parte del Parlamento a quel mandato , di cui tutti ricordano , che produsse un \u2019 innovazione storica , la prima donna Presidente della Camera ma anche ad un \u2019 altra innovazione , quella di essere la prima donna ad aver ricevuto un mandato esplorativo per la Presidenza del Consiglio prima ed unica donna in questo Paese Ma fu anche una grande protagonista del tempo suo ."}
{"sentidx":73313,"lemma":"aborto","token":"aborto","start":181,"end":187,"sent":"Se non accettassimo questa logica , potremmo trovarci di fronte a questo paradosso , cioe che , se l Aula del Parlamento dovesse votare di nuovo la legge n 194 cioe la legge sull \u2019 aborto , senza riconoscere l obiezione di coscienza , come invece adesso ce , ma la volesse levare , i deputati medici potrebbero trovarsi di fronte a un conflitto col proprio codice deontologico ed essere sottoposti a provvedimenti disciplinari ."}
{"sentidx":7705,"lemma":"aborto","token":"aborti","start":101,"end":107,"sent":"E nelle donne , in particolare , la malattia puo determinare assenza di mestruazioni , sterilita , o aborti spontanei e ricorrenti ."}
{"sentidx":118875,"lemma":"aborto","token":"aborto","start":123,"end":129,"sent":"Poi non sie fatto assolutamente nulla , il Parlamento ha ritenuto di dare un altro colpo mortale a quell \u2019 abbozzo , mezzo aborto , che Monti aveva previsto in maniera disorganizzata all \u2019 interno , in maniera tale da creare una grande confusione e non fare niente ."}
{"sentidx":284704,"lemma":"aborto","token":"aborto","start":834,"end":840,"sent":"Penso che da questo punto di vista l appello al \u00ab vogliamoci bene \u00bb e anche un po \u2019 offensivo rispetto a quest \u2019 Aula Noi siamo stati eletti qui con un mandato preciso , rispetto a quelle che sono le nostre identita , che prescindono da quelle del Governo Lo voglio dire anche facendo riferimento ad un principio di sovranita parlamentare : questa e un iniziativa di legge parlamentare , non era inserita in nessun programma di Governo Proprio lei presidente Brunetta che fale pulci ogni qualvolta un Ministro indica magari la possibilita di un reddito di inserimento , chiedendo se era o no nelle dichiarazioni di Letta perche , questa era nelle dichiarazioni di Letta Questa e un iniziativa parlamentare ; e come sale iniziative parlamentari , anche nei piu importanti passaggi della storia del nostro Paese penso alle leggi sull \u2019 aborto , alla leggi sul divorzio \u2013 ."}
{"sentidx":313117,"lemma":"aborto","token":"aborto","start":125,"end":131,"sent":"Si abbia , insomma , il coraggio di chiarire che il diritto alla vita non nega , con un velo di ipocrisia , il diritto all \u2019 aborto ad una coppia che decide di non volere odi non poter procreare ."}
{"sentidx":62298,"lemma":"aborto","token":"aborto","start":92,"end":98,"sent":"Lo ricordo ai piu , che forse non lo ricordano , ma gia all \u2019 articolo 1 della legge sull \u2019 aborto si diceva che lo Stato garantiva la procreazione cosciente e responsabile , nonche il valore della maternita e della tutela della vita umana ."}
{"sentidx":180370,"lemma":"aborto","token":"aborti","start":67,"end":73,"sent":"Senza contare il fatto che , onorevole Giuliani sono diminuiti gli aborti , rispetto a quali dati ?"}
{"sentidx":79743,"lemma":"aborto","token":"aborto","start":432,"end":438,"sent":"La reificazione del corpo e della psiche del bambino vanno di pari passo alla reificazione del corpo e della psiche della madre surrogata , anche nell \u2019 ipotesi della volontarieta della prestazione \u2013 definire aprioristica la relazionalita genitoriale tra bambino e madre \u2013 , come del resto e abominevole l eventuale rinuncia dei genitori committenti a farsi carico di un neonato disabile o ancor peggio , costringere la donna ad un aborto terapeutico , con tutto quel che ne consegue , perche la responsabilita sul bambino e ceduta completamente ai genitori committenti ."}
{"sentidx":344642,"lemma":"aborto","token":"aborto","start":467,"end":473,"sent":"Occorre allora che la scheda di raccolta dati , che confluisce nella relazione annuale del Ministero della salute possa essere una scheda che effettivamente risponda a questi quesiti , altrimenti si recita una inutile liturgia senza mettere in atto , di fatto , nulla di quanto prevede la legge n 194 del 1978 a favore delle gestanti in difficolta , compito per il quale ha ottenuto anche dei finanziamenti , alle quali rimane solo , eventualmente , la scelta dell \u2019 aborto ."}
{"sentidx":344396,"lemma":"aborto","token":"aborto","start":347,"end":353,"sent":"Naturalmente cera una differenza profonda , pero , di interpretazione , perche tutto quanto qui si gioca sul fatto che , se noi stiamo parlando di contraccezione , fino a quando avviene l impianto in utero o nell intervallo che decorre tra l avvenuto concepimento el \u2019 annidamento in utero , la soppressione dell \u2019 ovulo fecondato sia comunque un aborto , cioe se abbiamo a che fare comunque con un \u2019 interruzione dello sviluppo di un embrione umano ."}
{"sentidx":265783,"lemma":"aborto","token":"aborto","start":406,"end":412,"sent":"Ma furono anche gli anni in cui il club di Roma si interrogava sui limiti dello sviluppo ela grande questione ecologica usciva dai centri studi e irrompeva sulla scena pubblica fino a esplodere con il referendum sul nucleare nel 1987 Berlinguer fu uno degli artefici , insieme a Tina Anselmi dell istituzione del Servizio sanitario nazionale , della riforma psichiatrica , di una nuova legislazione sull \u2019 aborto ."}
{"sentidx":77714,"lemma":"aborto","token":"aborto","start":408,"end":414,"sent":"Il 2 giugno le donne si recano in massa a votare per scegliere tra monarchia e repubblica ed eleggono la Costituente che vede perla prima volta sedere in Parlamento 21 donne su 556 Quelle 21 costituenti hanno aperto la strada a tante conquiste che sono state raggiunte dopo , che sono state conquiste ottenute anche grazie alle aperture che erano state inserite dentro la nostra Costituzione Il divorzio , l aborto , il diritto di famiglia , la legge sulla violenza , i diritti delle lavoratrici sono riforme che sono state conquiste e non concessioni ."}
{"sentidx":365714,"lemma":"aborto","token":"aborto","start":7,"end":13,"sent":"Aborto aborto terapeutico , procreazione assistita , eutanasia sono in questo nostro Paese diritti dimezzati , dimezzati dai pregiudizi che diventano legge e che magari nemmeno corrispondono ai comportamenti ed ai convincimenti reali che avvengono nella societa ."}
{"sentidx":365714,"lemma":"aborto","token":"Aborto","start":0,"end":6,"sent":"Aborto aborto terapeutico , procreazione assistita , eutanasia sono in questo nostro Paese diritti dimezzati , dimezzati dai pregiudizi che diventano legge e che magari nemmeno corrispondono ai comportamenti ed ai convincimenti reali che avvengono nella societa ."}
{"sentidx":103063,"lemma":"aborto","token":"aborto","start":360,"end":366,"sent":"In questo modo io ritengo che si ingannino la popolazione e in particolare , le adolescenti , che ricorrono massicciamente a questo farmaco , ma , soprattutto , si violino le leggi del nostro Stato che finalizzano la procreazione responsabile alla tutela della salute della donna e del prodotto del concepimento , e perfino la legge n 194 del 1978 che vieta l aborto clandestino ."}
{"sentidx":213987,"lemma":"aborto","token":"aborto","start":129,"end":135,"sent":"In questo senso l anonimato della madre al momento del parto \u2013 lo abbiamo detto tutti \u2013 rimane ancora un valido deterrente all \u2019 aborto e all abbandono senza regola e dobbiamo prestare attenzione ."}
{"sentidx":62299,"lemma":"aborto","token":"aborti","start":137,"end":143,"sent":"Poi noi sappiamo bene che quell \u2019 articolo , quella legge , era tutto tranne che a favore della vita , mi pare che 5 milioni di morti di aborti lo dimostrino abbondantemente dal 1978 ad oggi pero in linea di principio , fu evidenziato qualche cosa che non faceva una grinza , tante che il legislatore di allora si ritrovo d accordo , nella quasi totalita dell \u2019 Aula su questo principio ."}
{"sentidx":313098,"lemma":"aborto","token":"aborto","start":322,"end":328,"sent":"Come molti di voi ricorderanno , il popolo irlandese ha bocciato il Trattato di Lisbona con il referendum del giugno 2008 Dopo aver ottenuto garanzie giuridiche dall \u2019 Unione europea , quali la propria neutralita militare ed il suo diritto ad imporre tasse e legiferare in materia di questioni etiche \u2013 come per esempio l aborto \u2013 , l Irlanda ha poi votato \u00ab si \u00bb al referendum successivo dell \u2019 ottobre 2009 In seguito alle indicazioni giunte dal popolo , nel 2011 il Governo irlandese ha presentato un progetto di modifica dei trattati in forma di protocollo ."}
{"sentidx":9033,"lemma":"aborto","token":"aborto","start":493,"end":499,"sent":"Non possiamo non rimarcare , per l ennesima volta , che la percentuale del 70 per cento di medici obiettori , con punte in alcune regioni del 90 per cento e addirittura , del 100 per cento in numerosi ospedali , non puo non far pensare a comportamenti opportunistici , anche perche molto spesso notiamo una coincidenza tra coloro che invocano il diritto all \u2019 obiezione di coscienza , che e un giusto diritto , con l inerzia , quando non la complicita , nell \u2019 impedire azioni per prevenire l aborto , che non piace a nessuna di noi che difendiamo la legge ."}
{"sentidx":103078,"lemma":"aborto","token":"aborto","start":97,"end":103,"sent":"Chi potra escludere \u2013 dicevo \u2013 che una ragazzina possa usarlo infine anche effettivamente per un aborto solitario , cioe per riportare l aborto nelle condizioni di clandestinita dalle quali la stessa legge n 194 ha voluto sottrarlo ?"}
{"sentidx":103078,"lemma":"aborto","token":"aborto","start":137,"end":143,"sent":"Chi potra escludere \u2013 dicevo \u2013 che una ragazzina possa usarlo infine anche effettivamente per un aborto solitario , cioe per riportare l aborto nelle condizioni di clandestinita dalle quali la stessa legge n 194 ha voluto sottrarlo ?"}
{"sentidx":90518,"lemma":"aborto","token":"aborto","start":702,"end":708,"sent":"Il cammino inizio allora , ma e stato lungo e complesso ed e bene forse mettere di fianco a questo cammino alcune date che ci ricordano \u2013 lo dico soprattutto alla collega Saltamartini che diceva che i simboli non sono importanti \u2013 come i simboli e le date siano assolutamente importanti , ed e bene ricordare la fragilita di questo percorso in quest \u2019 Aula Lo dico perche solo nel 1963 si sono ottenuti l accesso delle donne alla magistratura ela nullita delle clausole di nubilato nei contratti di lavoro ; solo nel 1968 l adulterio femminile non e stato piu considerato reato ; solo dal 1970 e stato possibile divorziare ; dal 1975 vie stata parita tra i coniugi nel diritto di famiglia ; dal 1978 l aborto non e sempre stato reato ; dal 1981 il delitto d onore non e piu riconosciuto nel diritto penale e solo dal 1996 la violenza sessuale e reato , cosi come solo dal 2012 sie completata la piena parita giuridica tra i figli nati fuori e dentro il matrimonio ."}
{"sentidx":103053,"lemma":"aborto","token":"aborto","start":86,"end":92,"sent":"Voglio citare , infine , la legge n 194 del 1978 che pur permettendo in taluni casi l aborto per tutelare la salute della madre , proclama la tutela della vita umana fin dal concepimento ."}
{"sentidx":246480,"lemma":"aborto","token":"aborti","start":198,"end":204,"sent":"Pero il Ministero della salute , sempre nella relazione , arriva ad affermare \u2013 questo lo voglio sottolineare \u2013 che il numero dei medici non obiettori e congruo rispetto al numero complessivo degli aborti : una media settimanale di 1 7 aborti per ciascun obiettore ; si sbandiera un tasso medio dimezzato , ma l entusiasmo e freddato , sottosegretario , dal Comitato europeo dei diritti sociali , organismo del Consiglio d Europa che ha condannato , proprio l 8 marzo , il nostro Paese perla violazione della legge n 194 del 1978 in particolare per l elevato numero di obiettori di coscienza ."}
{"sentidx":246480,"lemma":"aborto","token":"aborti","start":236,"end":242,"sent":"Pero il Ministero della salute , sempre nella relazione , arriva ad affermare \u2013 questo lo voglio sottolineare \u2013 che il numero dei medici non obiettori e congruo rispetto al numero complessivo degli aborti : una media settimanale di 1 7 aborti per ciascun obiettore ; si sbandiera un tasso medio dimezzato , ma l entusiasmo e freddato , sottosegretario , dal Comitato europeo dei diritti sociali , organismo del Consiglio d Europa che ha condannato , proprio l 8 marzo , il nostro Paese perla violazione della legge n 194 del 1978 in particolare per l elevato numero di obiettori di coscienza ."}
{"sentidx":344639,"lemma":"aborto","token":"aborto","start":170,"end":176,"sent":"Sulla stessa linea , abbiamo chiesto al Governo di monitorare \u2013 e stata questa la richiesta di formulazione che abbiamo accolto \u2013 le effettive proposte alternative all \u2019 aborto che la stessa legge n 194 del 1978 prevede che , purtroppo , non vengono sistematicamente proposte alle gestanti ."}
{"sentidx":125375,"lemma":"aborto","token":"aborto","start":268,"end":274,"sent":"Basti pensare che all \u2019 interno dell \u2019 articolo 41 ce il riconoscimento costituzionale della famiglia naturale e all interno dell \u2019 articolo 40 il grande tema del diritto del nascituro e quindi , di una legislazione quale quella irlandese che rifiuta il diritto all \u2019 aborto ."}
{"sentidx":75680,"lemma":"aborto","token":"aborto","start":133,"end":139,"sent":"Cito per prima \u00ab Lettera ad un bambino mai nato \u00bb e poi Un uomo due testi in cui si ergono due esperienze dolorose per una donna , l aborto el \u2019 amore ."}
{"sentidx":180363,"lemma":"aborto","token":"aborto","start":56,"end":62,"sent":"A parte che , dal momento in cui e nata la legge sull \u2019 aborto , nel 1978 sono 5 milioni gli italiani che sono venuti meno ."}
{"sentidx":180371,"lemma":"aborto","token":"aborti","start":88,"end":94,"sent":"A quelli che diceva la Bonino che diceva che morivano 100 200 300 mila donne l anno per aborti clandestini ?"}
