{"sentidx":142108,"lemma":"lira","token":"lire","start":130,"end":134,"sent":"Perche grandi societa si devono accaparrare i soldi e poi magari svendere sotto banco i medesimi incarichi di progettazione a due lire ai liberi professionisti ?"}
{"sentidx":238146,"lemma":"lira","token":"lira","start":238,"end":242,"sent":"Allora noi con questo emendamento , chiediamo che tutti gli adempimenti debbano essere fatti e controllati prima del ricevimento dei finanziamenti , perche non ci sia in Italia nessun giornale o nessuna televisione che possa ricevere una lira di denaro pubblico senza avere un giornalista , o peggio ancora , avendolo in carico ma non pagando Applausi dei deputati del gruppo Misto Conservatori e"}
{"sentidx":197108,"lemma":"lira","token":"lira","start":14,"end":18,"sent":"Se avanza una lira dal finanziamento alle scuole pubbliche , allora si puo anche dare alle scuole private ."}
{"sentidx":168016,"lemma":"lira","token":"lira","start":38,"end":42,"sent":"Poi non ando cosi ela pressione sulla lira fu drammatica ."}
{"sentidx":17768,"lemma":"lira","token":"lire","start":69,"end":73,"sent":"Un miliardo e mezzo di euro vuol dire tremila miliardi delle vecchie lire ."}
{"sentidx":93253,"lemma":"lira","token":"lire","start":18,"end":22,"sent":"3 000 miliardi di lire !"}
{"sentidx":83065,"lemma":"lira","token":"lire","start":42,"end":46,"sent":"Stiamo parlando , oltretutto , di quattro lire ."}
{"sentidx":55994,"lemma":"lira","token":"lire","start":656,"end":660,"sent":"Grazie Presidente Collega Massa presidente Realacci in questi giorni , ancora la vostra maggioranza e il vostro Governo parlano delle privatizzazioni come di una soluzione per i problemi del nostro Paese Io vorrei ricordare che queste privatizzazioni hanno significato che l IRI ha regalato l Ilva ai Riva vorrei che fosse ricordato , oggi , perche quando poi si chiede allo Stato di mettere a disposizione ben ottocento milioni di euro per il risanamento ambientale , stiamo dicendo che , ancora una volta , la collettivita si deve far carico dei guasti e dei danni causati dagli imprenditori privati , i quali avevano avuto un vantaggio a prendere a due lire un azienda tra le piu importanti del nostro Paese e che poi hanno pensato bene di non mettere neanche un centesimo per la tutela ambientale di quell \u2019 impresa ."}
{"sentidx":68162,"lemma":"lira","token":"lira","start":231,"end":235,"sent":"I cittadini lo sanno benissimo che di servizi non ne hanno piu , da questo Stato Si taglia sui servizi , si taglia sugli enti locali , a livello centrale si continua a spendere per la politica , pero ai petrolieri non si tocca una lira , perche se togliamo qualcosa ai petrolieri e ai banchieri probabilmente i partiti non avrebbero di che foraggiare le campagne elettorali !"}
{"sentidx":277254,"lemma":"lira","token":"lira","start":328,"end":332,"sent":"E tutto molto interessante e per fortuna qualcosa si sta muovendo per cercare di rivedere il sistema cooperativistico ma io non le chiedevo qualcosa del futuro : io le chiedevo cosa volevate fare : a per farsi che i lavoratori vengano tutelati perche , ripeto , tra poco finira la cassa integrazione e molti non avranno piu una lira , b in che modo questi soci possono essere tutelati ."}
{"sentidx":94277,"lemma":"lira","token":"lira","start":282,"end":286,"sent":"A questo proposito , faccio notare che la nostra bilancia commerciale registra un forte attivo e che questo dimostra quanto siano infondate le tesi di coloro che sostengono che ci converrebbe uscire dall \u2019 euro per poter esportare ancora di piu grazie alla svalutazione della nuova lira ."}
{"sentidx":207326,"lemma":"lira","token":"lira","start":103,"end":107,"sent":"Non si fa carico della sanita anch essa a totale carico della regione Sardegna Lo Stato non spende una lira ."}
{"sentidx":33565,"lemma":"lira","token":"lire","start":124,"end":128,"sent":"I datori di lavoro che non assumono per il tramite degli uffici di collocamento i lavoratori , sono puniti con l ammenda da lire tot a lire tot per ogni lavoratore assunto ."}
{"sentidx":33565,"lemma":"lira","token":"lire","start":135,"end":139,"sent":"I datori di lavoro che non assumono per il tramite degli uffici di collocamento i lavoratori , sono puniti con l ammenda da lire tot a lire tot per ogni lavoratore assunto ."}
{"sentidx":177999,"lemma":"lira","token":"lire","start":108,"end":112,"sent":"Lei la ricorda , signor Presidente la vicenda dei mutui in ECU Cittadini italiani che avevano il reddito in lire e che avevano contratto , e dovevano pagare , il debito in ECU Sono stati rovinati perche , da che mondo e mondo , la moneta cattiva scaccia quella buona ."}
{"sentidx":32653,"lemma":"lira","token":"lire","start":128,"end":132,"sent":"E invece , no : arriva il decreto - legge , arriva questo imperio dal Governo di mettere questa odiosa tassa , che sono quattro lire poi alla fine , pero le piattaforme petrolifere non le vogliamo tassare ."}
{"sentidx":358033,"lemma":"lira","token":"lire","start":218,"end":222,"sent":"Signora Presidente della Camera sono tanti e sfido l illuminato capogruppo del Il Popolo della Liberta Berlusconi Presidente dall alto delle sue competenze universalmente riconosciute , a riportare la cifra da euro in lire e trascrivere il risultato su una vignetta a quadretti , possibilmente senza ricorrere all \u2019 aiuto dei suoi chiarissimi consulenti ."}
{"sentidx":15017,"lemma":"lira","token":"lire","start":313,"end":317,"sent":"E in questi anni abbiamo visto cosa succede se un \u2019 unica persona con troppi poteri , soprattutto con potere economico , come in questo contesto , che ha la possibilita di spesa non dico illimitata , perche qualcuno ha posto anche la questione che e solo un milione e mezzo di euro : sono tre miliardi di vecchie lire del vecchio conio , per qualcuno che almeno ha piu affinita e si rende conto di cosa si sta parlando ."}
{"sentidx":131655,"lemma":"lira","token":"lira","start":454,"end":458,"sent":"E la promessa che pero gli daremo tutto quello che riusciremo a portare a casa con la benzina delegificazione sapendo gia che di benzina delegificazione non si parla perche il sottosegretario all \u2019 economia qui presente ci ha spiegato che per lui la benzina delegificazione vuol dire leggere la spesa pubblica non tagliare perche altrimenti l avrebbe chiamata benzina cut Questo ci ha detto in Commissione Il che significa che non intende recuperare una lira degli 830 miliardi di spesa pubblica ."}
{"sentidx":320464,"lemma":"lira","token":"lira","start":7,"end":11,"sent":"Con la lira Con la sua svalutazione ?"}
{"sentidx":340178,"lemma":"lira","token":"lire","start":181,"end":185,"sent":"Questo il sottosegretario De Filippo lo sa Come pure la questione della connessione ferroviaria della citta di Matera Vi e un opera realizzata che e costata 500 miliardi di vecchie lire per realizzare una ferrovia mai messa in esercizio tra Ferrandina e Matera che ne faremo di questo investimento ?"}
{"sentidx":29368,"lemma":"lira","token":"lire","start":20,"end":24,"sent":"Duemila miliardi di lire di soldi pubblici non hanno minimamente indotto dirigenti e Governo a investire sulla citta , che ovviamente diventava sempre piu invivibile : interi quartieri affumicati dai camini , il centro storico totalmente abbandonato , il borgo ottocentesco sopraelevato da quattro a nove dieci piani , carenza dei servizi primari , alunni costretti a seguire lezioni nelle scuole medie in locali di fortuna , mancanza totale di verde pubblico ( 40 centimetri per abitante ) ."}
{"sentidx":151356,"lemma":"lira","token":"lire","start":340,"end":344,"sent":"Pero voi avete altro acui pensare : l impressione e che l unico vostro interesse e rimanere a galla , sconfiggere le opposizioni e fregarsene del Paese Dico questo perche mentre voi controllavate gli scontrini da dieci euro fuori dai tabacchi , l ex presidente della Lazio Cragnotti emetteva le ultime obbligazioni per oltre un miliardo di lire , cercando di rubare gli ultimi spiccioli ai propri risparmiatori , e dopo poco dichiarava insolvenza ."}
{"sentidx":143432,"lemma":"lira","token":"lire","start":81,"end":85,"sent":"Accade quindi , che la nostra economia sta tornando dolorosamente a ragionare in lire , mentre il debito diventa insostenibile perche espresso ancora in marchi tedeschi ."}
{"sentidx":201482,"lemma":"lira","token":"lira","start":233,"end":237,"sent":"E noi con questa delega , spiegando solamente di incentivare e di estendere queste forme , diciamo al Governo di pensarci lui : lo stesso Governo che con Renzi fino a poco tempo spergiurava che della Brebemi non avrebbero pagato una lira i contribuenti italiani ."}
{"sentidx":217273,"lemma":"lira","token":"lire","start":479,"end":483,"sent":"So soltanto una cosa : che i sindacati degli operai agricoli , non dei braccianti agricoli , degli operai agricoli , da tempo immemorabile , consapevoli del fatto che il lavoratore doveva recarsi in campagna , nelle aziende a chilometri di distanza dal centro abitato , avevano individuato uno strumento , la cosiddetta indennita di percorso ; che prima era rapportata ad un quarto dora di paga a chilometro dopo il terzo , poi e stata tramutata in una indennita monetaria : tot lire per ogni chilometro dopo il terzo ."}
{"sentidx":110810,"lemma":"lira","token":"lire","start":904,"end":908,"sent":"Questa ela forza di questa Commissione tra l altro , permettetemi , anche in un clima come quello attuale nel quale viviamo : e stata la forza della coesione di tutti i componenti in quella Commissione quella coesione e quell \u2019 unita di intenti che io credo sia opportuno e doveroso recuperare anche in questa legislatura , grazie all \u2019 insediamento della nuova Commissione Rispetto a questo faccio un altro rapidissimo passaggio : ci sono mercati , inesplorati , ancora , soprattutto rispetto a questi fenomeni , immensi , che fanno si che dietro a queste attivita illegali ci sia sfruttamento del lavoro minorile \u2013 perche in alcuni Paesi non possiamo nascondersi che questi prodotti vengono realizzati grazie all \u2019 utilizzo di minori , costretti a condizioni devastanti di lavoro \u2013 ce l utilizzo di una occupazione femminile che viene utilizzata con il massimo dello sfruttamento pagando veramente due lire , ma soprattutto , dietro ad alcune di queste attivita , ce la volonta di impoverire il nostro sistema Italia Allora mai come oggi in un momento di crisi , e opportuno e doveroso mettere in campo tutti quegli strumenti necessari per far si che le nostre imprese , che i nostri artigiani , che i nostri commercianti non ne traggano un ulteriore problema e un ulteriore perdita di profitto rispetto ad un mercato illegale e rispetto ad una situazione che ha necessita , soprattutto , di essere combattuta , ma anche attraverso i consumatori stessi , perche quella el \u2019 altra grande iniziativa che noi dobbiamo fare in questo tragitto , in questo percorso ."}
{"sentidx":88135,"lemma":"lira","token":"lira","start":100,"end":104,"sent":"Invece applauso a scena aperta per chi ha detto : ma chi se ne frega se dobbiamo ridurre di qualche lira le risorse per i diritti dei detenuti a favore delle vittime , se non ce ."}
{"sentidx":299182,"lemma":"lira","token":"lire","start":539,"end":543,"sent":"Noi del Partito Comunista abbiamo costruito sezioni , federazioni , con le braccia e coni soldi degli operai e della classe operaia e non possiamo , oggi , da questi ultimi arrivati , ricevere lezioni di onesta ( Applausi dei deputati dei gruppi Sinistra Ecologia Liberta Partito Democratico e Scelta Civica per l Italia Applausi polemici dei deputati del gruppo MoVimento 5 Stelle Nella Camera del lavoro del mio paese esiste ancora la gigantografia di un assegno del 1973 con cui gli operai agricoli di quel paese donarono 43 milioni di lire dell \u2019 epoca per acquistare la Camera del lavoro che e ancora aperta oggi ( Applausi dei deputati dei gruppi Sinistra Ecologia Liberta e Partito Democratico Quindi respingiamo con sdegno l accusa di latrocinio soprattutto rivolta ad esponenti della classe operaia e dei movimenti operai ."}
{"sentidx":343541,"lemma":"lira","token":"lire","start":839,"end":843,"sent":"Grazie gentile Presidente Come ho detto nel mio intervento pochi minuti fa , noi voteremo questo provvedimento perche lo abbiamo gia fatto al Senato e condividiamo appunto alcune delle modalita e delle finalita che in esso sono contenute , in primo luogo perche sono in continuita con le misure adottate dai Governi Berlusconi Ricordo per tutti due elementi di questa storia nella quale noi siamo inseriti e che vogliamo rivendicare con forza e con orgoglio : nel 2004 il decreto legislativo del Ministro Urbani che pose fine alla pratica dei finanziamenti a pioggia dati a opere che spesso o non vedevano la luce o vedevano una luce per cosi dire molto fioca perche venivano visti da pochissime persone , a fronte di un esborso che nel corso degli anni e arrivato a toccare una cifra vicino \u2013 udite , udite \u2013 ai mille miliardi di antiche lire ."}
{"sentidx":6396,"lemma":"lira","token":"lira","start":412,"end":416,"sent":"La settimana passata il nuovo inquilino della Casa Bianca ha avviato , tra gli altri , un intervento in un settore , quello bancario e finanziario , destinato ad avere ripercussioni fuori dei confini degli Stati Uniti e prima o poi inevitabilmente , anche in Europa e quindi , in Italia Lo ricordo per le anime belle che immaginano , fuori dall \u2019 euro e dall Unione europea , un futuro roseo con il ritorno alla lira e alle svalutazioni competitive ."}
{"sentidx":278282,"lemma":"lira","token":"lira","start":402,"end":406,"sent":"Certamente ci sono state anche esperienze negative , sono state ricordate , prima fra tutte quella dei Mondiali del Novanta pero onorevole Valente se lei gira per Roma lei none di Roma pero certamente Roma la gira e si fa raccontare dai romani per esempio come sono stati utilizzati i fondi del grande Giubileo del 2000 come Roma e stata in grado di trasformarsi , di crescere , di rinascere senza una lira di distrazione , senza un intervento di nessuna autorita contabile , senza alcun morto nei cantieri , ce una realta che ha trasformato e ha rilanciato Roma grazie proprio ad un evento speciale straordinario ea soldi che sono stati bene impiegati ."}
{"sentidx":360654,"lemma":"lira","token":"lira","start":102,"end":106,"sent":"Pero io vorrei partire da un punto che secondo me dovrebbe essere un po \u2019 chiaro a tutti : non ce una lira in piu rispetto ai fondi strutturali e al Fondo per lo sviluppo ela coesione per il Sud Siamo dentro una lunga scia che ormai da vent anni sie accumulata , dove il Mezzogiorno si regge esclusivamente sul contributo dei fondi strutturali e del Fondo per lo sviluppo ela coesione e ovviamente del finanziamento Abbiamo assistito \u2013 non e soltanto responsabilita di questo Governo e sarebbe un errore dirlo \u2013 a un progressivo allontanamento del resto del Paese dal Sud Governi centrali che hanno tagliato risorse e trasferimenti , ed e chiaro che , senza risorse ordinarie accanto all \u2019 intervento straordinario dei fondi strutturali , il Mezzogiorno non cela fa ad uscire dalla crisi ."}
{"sentidx":24093,"lemma":"lira","token":"lira","start":416,"end":420,"sent":"Ministro le ricordo che dall \u2019 8 di novembre ce un cittadino italiano , un sindaco onesto , per bene , il sindaco di Adro che e agli arresti domiciliari ( Applausi dei deputati del gruppo Lega Nord e Autonomie Da otto giorni e in sciopero della fame per una reclusione ingiusta , unicamente per aver aiutato delle aziende locali a realizzare un \u2019 opera pubblica gratuita per i propri cittadini , senza intascare una lira ."}
{"sentidx":68160,"lemma":"lira","token":"lira","start":125,"end":129,"sent":"Anzi a questi impianti spesso diamo delle franchigie , per cui estraggono quanto vogliono , da vari pozzi , senza pagare una lira allo Stato italiano , quindi senza pagare i cittadini ."}
{"sentidx":18287,"lemma":"lira","token":"lira","start":130,"end":134,"sent":"Perche non gli sida una lira , quindi fondamentalmente gli si offre uno scambio : vi obblighiamo a fare una cosa non vi diamo una lira , pero , anche se non la farete , visto che vi stiamo obbligando a fare un ulteriore lavoro , un \u2019 ulteriore attivita , sostanzialmente non vi succedera niente ."}
{"sentidx":18287,"lemma":"lira","token":"lira","start":24,"end":28,"sent":"Perche non gli sida una lira , quindi fondamentalmente gli si offre uno scambio : vi obblighiamo a fare una cosa non vi diamo una lira , pero , anche se non la farete , visto che vi stiamo obbligando a fare un ulteriore lavoro , un \u2019 ulteriore attivita , sostanzialmente non vi succedera niente ."}
{"sentidx":17767,"lemma":"lira","token":"lire","start":301,"end":305,"sent":"Si tratta del famoso caso Longarini un signore che e stato concessionario dei piani di ricostruzione post bellica di Ancona Ariano Irpino e Macerata Allora vorrei far presente a quest \u2019 Aula deserta che qui , per quanto riguarda l arbitrato di Ancona e in ballo un ammontare di un miliardo e mezzo di lire , di euro scusate , quindi sono talmente alte le cifre che mi confondo anche io ."}
{"sentidx":307824,"lemma":"lira","token":"lire","start":64,"end":68,"sent":"Pero io da cittadino qualsiasi , da risparmiatore che metta due lire , che compri qualche azione delle Poste italiane , sono andato a vedermi un po \u2019 i bilanci dello Stato lo stato di questo colosso ."}
{"sentidx":349940,"lemma":"lira","token":"lira","start":66,"end":70,"sent":"Umberto Bossi ci volle credere e si butto a capofitto , senza una lira in tasca \u2013 vogliamo sottolineare \u2013 , nell \u2019 avventura di diffondere i principi di Bruno Salvadori in Lombardia e in tutto il Nord federando tutti gli altri movimenti e partiti federalisti indipendentisti nella Lega Nord Dapprima il mondo politico ha guardato \u2013 uso un eufemismo \u2013 con scetticismo a queste nuove idee , ma , passo dopo passo , con la costante opera di evangelizzazione compiuta dalla Lega e sulla scorta del desiderio di liberta delle genti del Nord i principi federalisti oggi sono patrimonio di molte forze politiche , se non di tutte , che ne riconoscono la valenza innovativa per la responsabilizzazione degli amministratori locali e nella gestione delle risorse pubbliche ."}
{"sentidx":148694,"lemma":"lira","token":"lire","start":298,"end":302,"sent":"Oggi sta succedendo esattamente la stessa cosa , solo che non e piu lo spread , ma sono le banche , non ce piu il Governo Berlusconi ma ce il Governo Renzi colpevole , mentre il Governo Berlusconi era incolpevole , el \u2019 oggetto del desiderio non sono piu le aziende , le imprese , comprate per due lire , ma sono le banche , le nostre banche , anch esse comprate o comprabili per due lire o peggio , per due euro ."}
{"sentidx":148694,"lemma":"lira","token":"lire","start":384,"end":388,"sent":"Oggi sta succedendo esattamente la stessa cosa , solo che non e piu lo spread , ma sono le banche , non ce piu il Governo Berlusconi ma ce il Governo Renzi colpevole , mentre il Governo Berlusconi era incolpevole , el \u2019 oggetto del desiderio non sono piu le aziende , le imprese , comprate per due lire , ma sono le banche , le nostre banche , anch esse comprate o comprabili per due lire o peggio , per due euro ."}
{"sentidx":185847,"lemma":"lira","token":"lire","start":439,"end":443,"sent":"Nel contesto di finanza pubblica in cui per l intero Paese cera il cosiddetto stanziamento e trasferimento di risorse ordinarie , per un certo periodo ce stato pure lo stanziamento di risorse straordinarie , nelle piu varie forme utilizzate : in un primo tempo , con la Cassa del Mezzogiorno poi con l Agenzia sud poi con l intervento straordinario per il Mezzogiorno l ultimo che e stato fatto nel 1988 paria 120 mila miliardi di vecchie lire ."}
{"sentidx":359106,"lemma":"lira","token":"lire","start":291,"end":295,"sent":"Allora voi che spesso andate in Europa poiche l Europa e molto attenta a togliere di mezzo i prodotti italiani , perche mette la regola sul formaggio con la polvere e senza polvere , sulle arance della Sicilia che non vanno bene e alla fine per un gioco delle tre carte , importiamo per due lire quelle della Tunisia dite una cosa in Europa togliessero un po \u2019 l attenzione da questi temi agricoli e concentrassero l attenzione su una vera separazione bancaria , perche l economia reale non ha piu intenzione di rimetterci i soldi per colpa di questa finanza speculativa ."}
{"sentidx":293726,"lemma":"lira","token":"lira","start":130,"end":134,"sent":"Le regioni , lo ribadiamo , non saranno mai in grado di applicare questa proposta di legge perche non avete stanziato nemmeno una lira per poterlo ."}
{"sentidx":302823,"lemma":"lira","token":"lire","start":73,"end":77,"sent":"Penso al caso di Senigallia Dovremo chiederci sei 16 miliardi di vecchie lire che furono stanziati all \u2019 inizio degli anni Ottanta potevano essere spesi e non rimpallati tra un ente e un altro ; se le valutazioni che la regione aveva fatto sull \u2019 impatto ambientale sul fiume Misa potevano essere considerate piu attentamente , visto che si indicavano di rischi altissimi anche per le persone ; se vi sia stata una speculazione edilizia che abbia messo a repentaglio la sicurezza dei cittadini , delle famiglie e delle imprese ."}
{"sentidx":253173,"lemma":"lira","token":"lira","start":128,"end":132,"sent":"L altro problema e che l articolo 10 di questa norma e una clausola di invarianza finanziaria , ma se noi non diamo neanche una lira , neanche un euro per finanziare un centro di Intelligence collettiva europea di contrasto al terrorismo , e chiaro che non realizziamo il contrasto al terrorismo , perche , ripeto , dal 28 gennaio ad oggi , sono successe delle cose e non sie mosso nulla a livello internazionale ."}
{"sentidx":93395,"lemma":"lira","token":"lira","start":421,"end":425,"sent":"Perche vede lei fa riferimento al prelievo di solidarieta che e stato fatto dal Governo Monti che era il vostro antesignano , mettiamola cosi ; ma quel prelievo di solidarieta fu fatto sulla base di una battaglia che noi abbiamo svolto in Commissione lavoro , perche il Governo Monti si presento in Aula con un provvedimento che diceva che si bloccavano le indicizzazioni delle pensioni da 900 euro e non si chiedeva una lira a chi prendeva pensioni da 90 mila euro al mese Le dico allora qual ela proposta di Fratelli d Italia La nostra proposta e si calcola un tetto anche per le pensioni in essere ; oltre quel tetto , si calcolano i contributi ."}
{"sentidx":272729,"lemma":"lira","token":"lire","start":268,"end":272,"sent":"Io penso che questa sia la base di partenza , senza immaginare minimamente che si voglia ritornare a sistemi tipo Cassa del Mezzogiorno o peggio ancora , a interventi straordinari per il Mezzogiorno che negli anni Ottanta finanziarono con 120 mila miliardi di vecchie lire infrastrutture e quanto altro dovevano occorrere per ridurre il divario ."}
{"sentidx":345742,"lemma":"lira","token":"lira","start":862,"end":866,"sent":"Un altra cosa : Alfano viene il 17 dicembre , non il 15 e perche noi del MoVimento 5 Stelle andando a leggere la ridicola bozza di riforma che ha presentato sui giornali , abbiamo chiesto che venga nelle Commissioni competenti a fare il suo lavoro di Ministro illustrando questa mirabolante riforma , che , certo , andandola a guardare cosi , vagamente , non si capisce che tipo di risparmi comporti , visto che , citando un esempio , il comparto della Polizia postale viene completamente distrutto e questo non portera un centesimo di risparmio nelle casse dello Stato Infatti forse Alfano non lo sa sui costi della Polizia postale , quelli del personale sono a carico del Ministero dell interno , e tali rimarranno ; i costi delle strutture , delle attrezzature e cosi via sono a carico delle Poste Italiane per una convenzione che sussiste , e quindi non una lira verra dalla cancellazione di queste sedi ."}
{"sentidx":43550,"lemma":"lira","token":"lire","start":320,"end":324,"sent":"Perche noi pensiamo , e attraverso questo provvedimento e chiaro che la maggioranza di Governo Questo e semplicemente un prosieguo di quelli che sono stati atti firmati nel 1988 quando Andreotti Ministro degli esteri , decise di entrare all \u2019 interno di queste banche caraibiche , ovviamente finanziando per miliardi di lire all \u2019 epoca , e ci sono costate tantissimo francamente ."}
{"sentidx":222050,"lemma":"lira","token":"lire","start":1031,"end":1035,"sent":"Non cisi puo fermare dietro una porta chiusa , non si puo , come disse il procuratore generale di Roma il dottor Pascalino accettare supinamente che la polizia di Stato abbia fatto operazioni di parata tendenti a rassicurare la popolazione ma non a cercare Moro Il colpo finale della Commissione che ha operato anche in tempi ristretti , el \u2019 aver individuato con certezza brigatisti mai toccati da provvedimenti giudiziari , brigatisti i cui nomi non sono mai venuti fuori , e aver evidenziato che molto , molto , molto probabilmente la prima prigione di Moro sia stata in via Massimi 91 li dove le forze di Polizia all epoca , a seguito di un \u2019 indicazione della Guardia di finanza , non entrarono perche palazzina extraterritoriale di proprieta dello IOR che all epoca era gestito da Marcinkus E perche sia chiaro il ruolo dello IOR Marcinkus era un agente CIA edera iscritto alla P2 e Paolo VI che tento la trattativa - e noi abbiamo avuto testimoni che ci hanno raccontato di aver visto le mazzette dei soldi , 10 miliardi di lire dell \u2019 epoca - fu osteggiato dallo IOR tante che quel denaro lo ando a trovare fuori , lo ando a trovare a Milano dove c erano tanti ebrei che lui aveva salvato in occasione della seconda guerra mondiale ."}
{"sentidx":296876,"lemma":"lira","token":"lire","start":191,"end":195,"sent":"Durante gli anni trascorsi in carcere il padre omicida ha sempre lavorato , ma si guarda bene dall \u2019 inviare alla figlia un solo centesimo e non versera mai la provvisionale di 80 milioni di lire fissata dalla corte di assise di Nuoro Anzi arriva a denunciare i cognati per diffamazione e nove giorni dopo la liberta , chiede e ottiene di incassare la pensione di reversibilita della moglie uccisa , togliendola alla figlia e chiedendo anche il rimborso degli arretrati ."}
{"sentidx":350792,"lemma":"lira","token":"lire","start":101,"end":105,"sent":"Abbiamo fatto manovre finanziarie , una dopo l altra , che sono costate 450 mila miliardi di vecchie lire per poter entrare in Europa E davanti a tutto questo , noi ci accorgiamo che l Europa cieca come non mai , non affronta nessun tipo di problema , non affronta un problema che riguarda la gente , che riguarda i cittadini , che riguarda veramente la vita delle persone ."}
{"sentidx":77842,"lemma":"lira","token":"lira","start":573,"end":577,"sent":"Signor Presidente per ribadire insomma il mandato sociale , il fatto che quando veniamo in Parlamento bisognerebbe anche studiare che cosa e stato portato a termine e che cosa e stato fatto bene , ma solo all \u2019 inizio , e occorre uno sforzo per portare a termine in senso ecologico anche disposizioni bellissime e incredibili come la legge n 328 del 2000 In parte abbiamo gia detto della linea di intervento perche con l adozione del Programma di azione biennale per la promozione dei diritti el \u2019 integrazione delle persone con disabilita , visto che non e stata data una lira , non vengono fatti poi i controlli \u2013 perche questo e il problema \u2013 all \u2019 interno di questa linea di intervento noi abbiamo chiaramente la disposizione che bisogna utilizzare l ICF Visto che il PD si dimostra tanto sensibile ai diritti e anche come ha gia detto la collega Argentin ha affermato di essere attenta agli sprechi e all eventuale truffe che il mondo della disabilita potrebbe fare a discapito dello Stato se semplicemente iniziassimo a cercare di fare un lavoro \u2013 e parlo innanzitutto a me stesso \u2013 di implementazione e potenziamento dell \u2019 International Classification of Functioning che e esattamente una modalita moderna , internazionale , accreditata dalla letteratura scientifica attraverso cui in questo momento in Italia noi invece stipuliamo che la disabilita e determinata dal 100 per cento , dal 73 per cento , dall \u2019 83 per cento , con tre cartelline che possono essere barrate senza distinguere se la disabilita puo essere di tipo acuto , per un oncologico , per una mastectomia radicale , ose invece e una disabilita cronica degenerativa o semplicemente cronica , perche dobbiamo andarci a studiare la cartella clinica , perche non ci affidiamo al mondo scientifico che e gia accreditato a livello internazionale ."}
{"sentidx":200430,"lemma":"lira","token":"lire","start":84,"end":88,"sent":"Inoltre stiamo chiedendo che sia prorogata la possibilita , per chi possiede ancora lire , non convertite in euro , di cambiare senza gli inganni , delimitazione che un decreto di Monti poi bocciato dalla Consulta aveva cercato di imporre a fine 2011 Infine siamo riusciti a sventare l ennesima proroga sulle vecchie centrali a biomasse e biogas , con un regalo ulteriore da 25 milioni di euro soprattutto al gruppo Marcegaglia Ma credo possa essere interessante capire cosa vuol dire il termine proroga ."}
{"sentidx":234464,"lemma":"lira","token":"lire","start":319,"end":323,"sent":"Se fosse accaduto molti inquilini si sarebbero potuti comprare la casa , l agognata casa , con la stessa legge utilizzata da moltissimi politici italiani , tra cui , non ultimo , il sottosegretario Patroni Griffi Applausi dei deputati del gruppo MoVimento 5 Stelle Anche loro cosi facendo , avrebbero pagato la casa in lire e non in euro l avrebbero comprata quando la maggior parte aveva ancora un \u2019 eta per la quale la banca gli avrebbe concesso un mutuo e non quindi , adesso , a settanta , ottanta novant \u2019 anni , tutti pensionati ."}
{"sentidx":330703,"lemma":"lira","token":"lire","start":138,"end":142,"sent":"Si scelse Taranto si scelse la citta dei due mari , la citta spartana , una delle due citta piu belle d Italia e del Sud 2000 miliardi di lire di soldi pubblici per costruire la vecchia Italsider non hanno minimamente indotto il Governo di allora a investire sulla citta e quindi ci ritroviamo interi quartieri affumicati dai camini , il centro storico totalmente abbandonato , palazzi di 10 odi 12 piani gettati cosi sul borgo ottocentesco , urbanistica scadente , scuole medie improvvisate in locali di fortuna , totale mancanza di verde pubblico ."}
{"sentidx":135204,"lemma":"lira","token":"lira","start":206,"end":210,"sent":"Mi scusi Presidente faccio un richiamo all \u2019 articolo 8 del Regolamento perche lei poc anzi ha espresso un giudizio nel merito riferito a seguito dell \u2019 intervento del ( Commenti possiamo un attimo placare lira ."}
{"sentidx":369502,"lemma":"lira","token":"lire","start":340,"end":344,"sent":"Invece Sorgenia Spa di Carlo De Benedetti tessera numero 1 del Partito Democratico il partito del fantoccio Renzi ottiene decine di milioni di euro : uno sconto per il vero capo del PD Carlo De Benedetti il vero padrone del PD presidente del gruppo editoriale l Espresso colui che nel 1993 ammise di aver pagato tangenti per 10 miliardi di lire ai partiti di Governo per ottenere un appalto dalle Poste italiane ."}
{"sentidx":124678,"lemma":"lira","token":"lire","start":367,"end":371,"sent":"Signor Presidente purtroppo non posso far sognare nessuno , mi sembra pero che non ci sia bisogno ne della Merkel ne di Letta Basta guardare le cifre : la Francia ha un debito pubblico pari al 90 per cento del prodotto interno lordo , l Italia ha un debito pubblico pari al 130 per cento del prodotto interno lordo ; ce una differenza di sei , settecento miliardi di lire ."}
{"sentidx":337163,"lemma":"lira","token":"lira","start":276,"end":280,"sent":"Si e permesso di riformare totalmente il nostro sistema bancario , trasformando un sistema bancario solido che per ottant anni non ha mai avuto bisogno del bail in Per ottant anni questo Paese non ha mai pensato di far pagare agli obbligazionisti o ai correntisti neanche una lira , Presidente equi oggi stiamo cercando di capire se i danni fatti dagli amministratori , liberi di fare quello che vogliono dentro queste banche , li debbano pagare i correntisti oi contribuenti ."}
{"sentidx":245763,"lemma":"lira","token":"lire","start":392,"end":396,"sent":"L altra componente della domanda , rappresentata dai consumi , e stata affossata dalla gestione della crisi con l austerity , e ci ritroviamo in questo circolo vizioso , da cui non riusciamo ad uscire , per cui abbiamo un debito spropositato , non solo pubblico , ma soprattutto privato , espresso in una valuta forte , l euro marco , e un economia , invece , che sta tornando a ragionare in lire e che none piu capace di restituirlo ."}
{"sentidx":347939,"lemma":"lira","token":"lire","start":544,"end":548,"sent":"Essendo pero noi dotati di quel senso di concretezza che contraddistingue il cittadino comune e del livello di diffidenza medio dell \u2019 elettore , abbiamo pensato fosse giunto il momento di trasformare le parole in fatti : di dare un segno a tutti che cio di cui si parla e cioche si vuole realmente , e nonche sia il solito spot elettorale , di rinunciare temporaneamente \u2013 lo sottolineo , solo temporaneamente \u2013 a 91 milioni di euro , che i partiti dovrebbero percepire a fine luglio , di sospendere l erogazione di 180 miliardi delle vecchie lire nelle more della valutazione del testo base e del passaggio dello stesso nelle Aule di Camera e Senato Non e una richiesta assurda : si tratta semplicemente di una proposta di buon senso ."}
{"sentidx":281153,"lemma":"lira","token":"lire","start":149,"end":153,"sent":"Molti italiani ricorderanno sicuramente quella monetaria , che ebbe un grande impatto : il prelievo sui conti correnti , 95 mila miliardi di vecchie lire di manovra finanziaria in sei mesi evia seguitando ."}
{"sentidx":271446,"lemma":"lira","token":"lira","start":154,"end":158,"sent":"Quindi Presidente oltre a non chiedere nulla , a non chiedere nulla indietro a queste persone che usufruiscono di una pensione senza aver mai versato una lira di contributi , li escludiamo da questa legge , poiche la nostra proposta emendativa , secondo qualcuno , e lesiva nei loro confronti ."}
{"sentidx":796,"lemma":"lira","token":"lira","start":169,"end":173,"sent":"In queste ore vi sono cittadini che si rivolgono ai loro sindaci \u2013 quei sindaci troppo spesso lasciati da soli in questo Paese a fronteggiare ogni emergenza , senza una lira da poter investire per rispondere alle responsabilita amplissime alle quali sono chiamati \u2013 per chiedere la restituzione delle foto dei cari di famiglia ."}
{"sentidx":278217,"lemma":"lira","token":"lire","start":1028,"end":1032,"sent":"Vorrei che questo punto fosse tra di noi chiaro , perche a me none parso ; non proponiamo di ritirare la candidatura di Roma perche valutiamo che il Paese non cela possa fare ; anzi , noi abbiamo la valutazione opposta , siamo sicuri che l Italia cela possa fare e che Roma cela possa fare e nona caso siamo anche impegnati in prima persona affinche ci sia un salto di qualita nell \u2019 amministrazione di Roma Siamo convinti delle possibilita dell \u2019 Italia e di Roma nonostante i precedenti non giochino proprio a nostro favore , i cadaveri immobiliari dei mondiali di nuoto li conosciamo , la Citta dello sport di Calatrava e visibile a chiunque passi per la Roma Napoli e vorrei ricordare all \u2019 ineffabile presidente Montezemolo chele sue parole di oggi sono le stesse che lui pronunciava prima dei mondiali di \u00ab Italia 90 quando era direttore generale di quel grande evento di cui ancora paghiamo i debiti dopo 25 anni la cui l eredita e visibile a Milano a Torino a Roma a Roma la stazione di Farneto e costata 15 miliardi di lire ed e stata aperta per quattro giorni \u2013 ma nonostante i precedenti non giochino a nostro favore , noi rimaniamo convinti di poter fare un salto di qualita in termini di legalita , in termini di efficienza , in termini di capacita di implementare un progetto ."}
{"sentidx":282265,"lemma":"lira","token":"lira","start":238,"end":242,"sent":"Signor Presidente passando adesso all \u2019 illustrazione dell \u2019 ordine del giorno che ho presentato , non entrero nel merito del provvedimento assolutamente insufficiente , che non affronta il problema dell \u2019 occupazione , che non mette una lira , meglio un euro , a favore dei disoccupati ."}
{"sentidx":321333,"lemma":"lira","token":"lira","start":70,"end":74,"sent":"Tuttavia manteniamo la calma , cerchiamo di essere calmi , perche con lira non si risolve nulla ."}
{"sentidx":361843,"lemma":"lira","token":"lire","start":456,"end":460,"sent":"Lo faccio brevemente ricordando due date : ricordando il decreto legislativo del Governo Berlusconi nel 2004 con il Ministro Urbani che ha messo fine a quel Fondo di garanzia che garantiva erogazioni a pioggia a fronte di pellicole che spesso , purtroppo , non vedevano la luce o addirittura vedevano la luce ma venivano viste da un numero molto limitato di persone : una spesa , nell \u2019 arco del tempo , che aveva raggiunto quasi 1 000 miliardi di antiche lire ."}
{"sentidx":18302,"lemma":"lira","token":"lira","start":143,"end":147,"sent":"Grazie Presidente Questo emendamento e fondamentale perche stiamo caricando di oneri la pubblica amministrazione a obbligarvi senza dargli una lira e non dando nemmeno un onere in piu all \u2019 assicurazione ."}
{"sentidx":294748,"lemma":"lira","token":"lira","start":417,"end":421,"sent":"Dopo la botta che avete dato ( che abbiamo dato , mi ci metto pure io , ma io non l ho votata ) sull \u2019 IMU agricola , agli ultimi proprietari , se ci sono , perche non si riescono a trovare , i comuni hanno pagato un prezzo altissimo e alcuni , in queste ore , stanno rifiatando le ultime ore di liberta , prima di andare nel dissesto : gli ultimi colpi glieli abbiamo assestati noi ai comuni , che non hanno piu una lira con l IMU agricola ."}
{"sentidx":332288,"lemma":"lira","token":"lira","start":120,"end":124,"sent":"Ma ancora una volta , nonostante abbiamo varato un provvedimento della Commissione ambiente , non abbiamo stanziato una lira per rimediare a quell \u2019 errore ."}
{"sentidx":257596,"lemma":"lira","token":"lira","start":196,"end":200,"sent":"Questo accade in una regione come la Sardegna dove giaci sono 120 mila disoccupati e 130 mila che hanno rinunciato a cercare lavoro e dove ad esempio 16 mila lavoratori in mobilita non vedono una lira di cio che gli e dovuto da 22 mesi Ministro Poletti Meridiana e certamente un vettore privato , ma opera in rotte in concessione pubblica e beneficia da anni di una massa importante di risorse pubbliche per la gestione della continuita territoriale , in un servizio pubblico essenziale per la Sardegna e per il Paese Le chiediamo quali siano le intenzioni del Governo per garantire a 1634 persone il diritto al lavoro ."}
{"sentidx":89058,"lemma":"lira","token":"lire","start":224,"end":228,"sent":"Non mela sento personalmente , invece , di far filare tutto liscio rispetto ad un decreto lavoro , con il quale il Governo Renzi continua a andare in tutte le piazze adire che sta risolvendo la piaga del lavoro e mette zero lire per affrontare il 42 7 per cento di disoccupazione giovanile ."}
{"sentidx":116447,"lemma":"lira","token":"lire","start":191,"end":195,"sent":"Come e stato possibile procedere , come se nulla fosse , con gli affidi dopo che la Corte europea dei diritti dell \u2019 uomo nel 2000 ha sanzionato l Italia a pagare una multa di 200 milioni di lire \u2013 c erano ancora le lire \u2013 , proprio a causa del Forteto Come e stato possibile che non siano stati minimamente presi in considerazione i precedenti penali nei confronti del leader della setta di \u00ab il Forteto per maltrattamenti , atti di libidine violenta e corruzione di minore ?"}
{"sentidx":116447,"lemma":"lira","token":"lire","start":216,"end":220,"sent":"Come e stato possibile procedere , come se nulla fosse , con gli affidi dopo che la Corte europea dei diritti dell \u2019 uomo nel 2000 ha sanzionato l Italia a pagare una multa di 200 milioni di lire \u2013 c erano ancora le lire \u2013 , proprio a causa del Forteto Come e stato possibile che non siano stati minimamente presi in considerazione i precedenti penali nei confronti del leader della setta di \u00ab il Forteto per maltrattamenti , atti di libidine violenta e corruzione di minore ?"}
{"sentidx":322950,"lemma":"lira","token":"lire","start":81,"end":85,"sent":"Per il mio comune , il comune di Cantu a bilancio di questo decreto vi sono zero lire , per il comune di Sciacca invece , vi e 1 milione di euro ."}
{"sentidx":336346,"lemma":"lira","token":"lira","start":581,"end":585,"sent":"Giuliano Amato rappresenta degnamente il disgusto , l indecenza , l obbrobrio , l orrore , il ribrezzo perpetrato negli anni dalla casta politica italiana ( Applausi dei deputati del gruppo MoVimento 5 Stelle Il dottor sottile \u00bb e quanto di piu lontano dal senso di legalita , moralita ed etica che vorremmo vedere oggi nel nostro Paese e che i cittadini hanno chiesto a seguito delle elezioni del 2013 Amato ex cassiere del PSI degli scandali brigatista Amato il pensionato doro piu famoso d Italia pensione maturata dopo aver combattuto strenuamente contro la svalutazione della lira , che ci ha portato a mostrarci alle imposizioni truffaldine di Maastricht Amato e quello che dispose con il decreto dell \u2019 11 luglio del 1992 il prelievo forzoso ."}
{"sentidx":271647,"lemma":"lira","token":"lira","start":651,"end":655,"sent":"Non parliamo , e lo ripeto , dei vari manager che in Italia in sedici mesi , prendono una liquidazione di quasi 30 milioni di euro - Cattaneo l ho detto , e quindi lo ripeto , su suggerimento del collega Palese non abbiamo parlato , come prima ho ricordato , della famigerata \u201c legge Mosca che dal 1974 per due richiami , e per 12 miliardi e mezzo , lo ripeto , 12 miliardi e mezzo , non 76 milioni , ha dato delle pensioni a sindacalisti , ex sindacalisti , deputati ed ex deputati , anche , pare , al Presidente all ex Presidente della Repubblica Giorgio Napolitano e ha dato questa pensione sulla base di un \u2019 autotassazione senza aver versato una lira di contributi ; va bene , continuiamo , sicuramente , cosi , basta che facciamo alla svelta , basta che facciamo presto ."}
{"sentidx":27687,"lemma":"lira","token":"lira","start":201,"end":205,"sent":"La domanda che io faccio e perche lo Stato italiano sta finanziando , prima con 300 milioni e poi con altri 800 milioni , degli interventi di uno stabilimento industriale e none disposto a mettere una lira nella riqualifica ambientale del territorio dell \u2019 arco ionico ( Applausi dei deputati del gruppo MoVimento 5"}
{"sentidx":332285,"lemma":"lira","token":"lire","start":625,"end":629,"sent":"In quest \u2019 Aula ho sentito , alle soglie della noia assoluta , interventi su ordini del giorno , mozioni e Atti Parlamentari 7 Camera dei Deputati XVII LEGISLATURA DISCUSSIONI SEDUTA DEL 30 OTTOBRE 2014 N 321 chiacchiere sulle bonifiche a Marghera a Seveso e sulle bonifiche per l amianto in provincia di Alessandria mi piacerebbe che i parlamentari del PD sempre cosi zelanti nel portare avanti ordini del giorno assolutamente inutili sulle bonifiche di amianto , si preoccupassero del fatto che un provvedimento , per l ennesima volta , esce dalla Commissione ambiente , nonostante eserciti di ordini del giorno , con zero lire per le bonifiche a Marghera Seveso el \u2019 amianto di Alessandria Ma andiamo avanti ."}
{"sentidx":136574,"lemma":"lira","token":"lire","start":140,"end":144,"sent":"Le vorrei soltanto ricordare che chi ha contribuito alla distruzione dell \u2019 Olivetti dal 1985 al 1996 bruciando 15 mila miliardi di vecchie lire , e stato De Benedetti soprannominato \u00ab tessera numero uno del Partito Democratico Applausi dei deputati del gruppo MoVimento 5 Stelle Lei dopodomani andra in Europa a parlare di immigrazione , bene , quando incontra la Merkel le faccia questa semplice domanda : tu hai idea di quanto ci si guadagna sugli immigrati ?"}
{"sentidx":258664,"lemma":"lira","token":"lire","start":50,"end":54,"sent":"Quindi noi abbiamo detto : portiamo queste 20 000 lire quantomeno al triplo del valore delle tasse che si pagano quando si va in tribunale per portare avanti una causa ."}
{"sentidx":281165,"lemma":"lira","token":"lire","start":652,"end":656,"sent":"Ora se aggiungiamo a questo l impreparazione enorme dei comuni soprattutto sulla spesa pubblica e poi introduciamo anche il fatto che , nel frattempo , la spesa pubblica nel nostro Paese e aumentata spaventosamente , e non solo e aumentata , ma , soprattutto , e aumentata quella improduttiva e che non abbiamo fatto neanche le riforme strutturali , neanche una , per sbaglio , siamo andati a finire nella procedura di infrazione , da cui poi siamo usciti con i sacrifici degli italiani , enormi , perche , per poter entrare nell \u2019 euro , tra le varie manovre finanziarie degli anni che si sono succeduti , dal 1992 al 1999 400 000 miliardi di vecchie lire di manovre finanziarie sono state fatte , piu altre per poter continuare a rimanere all \u2019 interno dell \u2019 euro , oltre poi ai problemi del debito pubblico e quanto altro ."}
{"sentidx":243700,"lemma":"lira","token":"lire","start":159,"end":163,"sent":"Se voleste davvero fare una proposta rivoluzionaria , se l essere parlamentare e un servizio alla nazione , proponete \u00ab zero \u00bb , non 5 mila come voi dite Zero lire solo che uno mantiene lo stipendio che aveva prima con l azienda che aveva prima , se e un servizio alla nazione ."}
{"sentidx":165745,"lemma":"lira","token":"lire","start":201,"end":205,"sent":"Ricordo come esempio lampante che , in un anno , l Emilia Romagna a parita di condizioni , a parita piu o meno di abitanti della Puglia prendeva a suo tempo \u2013 parliamo del 1996 900 miliardi di vecchie lire in piu rispetto alla mia regione , la regione Puglia che ela mia regione ."}
{"sentidx":178293,"lemma":"lira","token":"lire","start":350,"end":354,"sent":"La legge Scelba recita a questa maniera , a proposito dell \u2019 apologia del fascismo , all \u2019 articolo 4 chiunque fa propaganda per la costituzione , eccetera eccetera , del movimento fascista , eccetera , e punito con la reclusione \u201c x Poi dice la pena e della reclusione da due a cinque anni e della multa - all \u2019 epoca - da un milione a 4 milioni di lire se alcuno dei fatti previsti dai commi precedenti e commesso con il mezzo della stampa ."}
{"sentidx":93239,"lemma":"lira","token":"lire","start":135,"end":139,"sent":"Una somma che e paria dieci volte il costo della tangente Enimont definita la madre di tutte le tangenti del valore di 150 miliardi di lire ."}
{"sentidx":162287,"lemma":"lira","token":"lire","start":80,"end":84,"sent":"Erano stati stanziati 500 milioni di euro , quindi mille miliardi delle vecchie lire , per fare le operazioni sulle carceri : non e successo niente !"}
{"sentidx":162739,"lemma":"lira","token":"lire","start":61,"end":65,"sent":"Prima di entrare nell \u2019 euro , il marco tedesco valeva mille lire ."}
{"sentidx":328375,"lemma":"lira","token":"lire","start":153,"end":157,"sent":"Non so Presidente se lei sache Scaroni che e quello che nel 1996 ha patteggiato un anno e quattro mesi per tangenti per svariate centinaia di milioni di lire versate dal Partito"}
{"sentidx":55894,"lemma":"lira","token":"lire","start":254,"end":258,"sent":"Leggo un articolo scritto dodici anni dopo la nascita dello stabilimento , che dice questo : dodici anni fa , a ridosso di una citta dalle strutture fragilissime , fu gettato un colosso industriale che sta per raggiungere la statura di 2 000 miliardi di lire e 16 000 dipendenti , senza la minima preoccupazione di inserire l operazione in un piano armonico di sviluppo della comunita ."}
{"sentidx":96235,"lemma":"lira","token":"lire","start":211,"end":215,"sent":"Il voto e del 5 febbraio : favorevoli 179 contrari 156 Mentre i numeri parlano da soli , va ricordato che il primo successo delle madri della Consulta fu quello di ottenere che il premio della Repubblica 3 mila lire fosse esteso anche alle vedove di guerra e alle mogli dei prigionieri ."}
{"sentidx":63445,"lemma":"lira","token":"lire","start":228,"end":232,"sent":"Trent annidi precarieta \u2013 forse un record europeo \u2013 per alcune migliaia di lavoratori della provincia di Napoli E infatti , come sa bene il Viceministro e del 2 agosto del 1984 il decreto - legge che finanzia per 27 miliardi di lire dell \u2019 epoca il comune ela provincia di Napoli per lavori socialmente utili , dice il decreto ."}
{"sentidx":93252,"lemma":"lira","token":"lire","start":295,"end":299,"sent":"Nessuna risposta e stata fornita sulle vicende relative al piano di ricostruzione di Ancona benche l amministrazione sia stata condannata a pagare 1 2 miliardi di euro , oltre agli interessi , e meta delle spese e diritti onorari di lite a favore del signor Longarini in tutto 3 000 miliardi di lire ."}
{"sentidx":335343,"lemma":"lira","token":"lire","start":161,"end":165,"sent":"Soldi che peraltro , derivano dalla ricapitalizzazione della Banca d Italia in cui il capitale sociale passa dagli attuali 156 mila euro i vecchi 300 milioni di lire \u2013 ad appunto 7 miliardi e mezzo di euro ."}
{"sentidx":42201,"lemma":"lira","token":"lire","start":277,"end":281,"sent":"San Bartolomeo in Atti Parlamentari 15 Camera dei Deputati XVII LEGISLATURA DISCUSSIONI SEDUTA DEL 17 GENNAIO 2014 N 154 Galdo e una cittadina del Fortore distante 80 chilometri da Benevento al confine tra la Campania la Puglia e il Molise Una struttura costata 50 miliardi di lire , mai aperta , nonostante due leggi regionali campane ne prevedessero l attivazione ."}
{"sentidx":278265,"lemma":"lira","token":"lire","start":55,"end":59,"sent":"E lo Stadio Olimpico di Roma E costato 235 miliardi di lire ."}
