{"sentidx":183694,"lemma":"maggioranza","token":"maggioranza","start":20,"end":31,"sent":"Ostruzionismo della maggioranza ."}
{"sentidx":188368,"lemma":"maggioranza","token":"maggioranza","start":26,"end":37,"sent":"Simonetta Relatrice perla maggioranza ."}
{"sentidx":188364,"lemma":"maggioranza","token":"maggioranza","start":26,"end":37,"sent":"Simonetta Relatrice perla maggioranza ."}
{"sentidx":236400,"lemma":"maggioranza","token":"maggioranza","start":26,"end":37,"sent":"Donatella Relatrice perla maggioranza ."}
{"sentidx":236392,"lemma":"maggioranza","token":"maggioranza","start":26,"end":37,"sent":"Donatella Relatrice perla maggioranza ."}
{"sentidx":236388,"lemma":"maggioranza","token":"maggioranza","start":26,"end":37,"sent":"Donatella Relatrice perla maggioranza ."}
{"sentidx":269801,"lemma":"maggioranza","token":"maggioranza","start":16,"end":27,"sent":"Relatrice perla maggioranza ."}
{"sentidx":62045,"lemma":"maggioranza","token":"maggioranza","start":16,"end":27,"sent":"Relatrice perla maggioranza ."}
{"sentidx":62068,"lemma":"maggioranza","token":"maggioranza","start":16,"end":27,"sent":"Relatrice perla maggioranza ."}
{"sentidx":62055,"lemma":"maggioranza","token":"maggioranza","start":16,"end":27,"sent":"Relatrice perla maggioranza ."}
{"sentidx":269771,"lemma":"maggioranza","token":"maggioranza","start":16,"end":27,"sent":"Relatrice perla maggioranza ."}
{"sentidx":110933,"lemma":"maggioranza","token":"maggioranza","start":16,"end":27,"sent":"Relatrice perla maggioranza ."}
{"sentidx":62070,"lemma":"maggioranza","token":"maggioranza","start":16,"end":27,"sent":"Relatrice perla maggioranza ."}
{"sentidx":269773,"lemma":"maggioranza","token":"maggioranza","start":16,"end":27,"sent":"Relatrice perla maggioranza ."}
{"sentidx":269775,"lemma":"maggioranza","token":"maggioranza","start":16,"end":27,"sent":"Relatrice perla maggioranza ."}
{"sentidx":269777,"lemma":"maggioranza","token":"maggioranza","start":16,"end":27,"sent":"Relatrice perla maggioranza ."}
{"sentidx":269779,"lemma":"maggioranza","token":"maggioranza","start":16,"end":27,"sent":"Relatrice perla maggioranza ."}
{"sentidx":269785,"lemma":"maggioranza","token":"maggioranza","start":16,"end":27,"sent":"Relatrice perla maggioranza ."}
{"sentidx":71543,"lemma":"maggioranza","token":"maggioranza","start":16,"end":27,"sent":"Relatrice perla maggioranza ."}
{"sentidx":62083,"lemma":"maggioranza","token":"maggioranza","start":16,"end":27,"sent":"Relatrice perla maggioranza ."}
{"sentidx":62073,"lemma":"maggioranza","token":"maggioranza","start":16,"end":27,"sent":"Relatrice perla maggioranza ."}
{"sentidx":269789,"lemma":"maggioranza","token":"maggioranza","start":16,"end":27,"sent":"Relatrice perla maggioranza ."}
{"sentidx":62086,"lemma":"maggioranza","token":"maggioranza","start":16,"end":27,"sent":"Relatrice perla maggioranza ."}
{"sentidx":196803,"lemma":"maggioranza","token":"maggioranza","start":16,"end":27,"sent":"Relatrice perla maggioranza ."}
{"sentidx":62088,"lemma":"maggioranza","token":"maggioranza","start":16,"end":27,"sent":"Relatrice perla maggioranza ."}
{"sentidx":62091,"lemma":"maggioranza","token":"maggioranza","start":16,"end":27,"sent":"Relatrice perla maggioranza ."}
{"sentidx":359537,"lemma":"maggioranza","token":"maggioranza","start":16,"end":27,"sent":"Relatrice perla maggioranza ."}
{"sentidx":359539,"lemma":"maggioranza","token":"maggioranza","start":16,"end":27,"sent":"Relatrice perla maggioranza ."}
{"sentidx":359541,"lemma":"maggioranza","token":"maggioranza","start":16,"end":27,"sent":"Relatrice perla maggioranza ."}
{"sentidx":359545,"lemma":"maggioranza","token":"maggioranza","start":16,"end":27,"sent":"Relatrice perla maggioranza ."}
{"sentidx":359547,"lemma":"maggioranza","token":"maggioranza","start":16,"end":27,"sent":"Relatrice perla maggioranza ."}
{"sentidx":359549,"lemma":"maggioranza","token":"maggioranza","start":16,"end":27,"sent":"Relatrice perla maggioranza ."}
{"sentidx":359551,"lemma":"maggioranza","token":"maggioranza","start":16,"end":27,"sent":"Relatrice perla maggioranza ."}
{"sentidx":359553,"lemma":"maggioranza","token":"maggioranza","start":16,"end":27,"sent":"Relatrice perla maggioranza ."}
{"sentidx":359555,"lemma":"maggioranza","token":"maggioranza","start":16,"end":27,"sent":"Relatrice perla maggioranza ."}
{"sentidx":269787,"lemma":"maggioranza","token":"maggioranza","start":16,"end":27,"sent":"Relatrice perla maggioranza ."}
{"sentidx":269791,"lemma":"maggioranza","token":"maggioranza","start":16,"end":27,"sent":"Relatrice perla maggioranza ."}
{"sentidx":269851,"lemma":"maggioranza","token":"maggioranza","start":16,"end":27,"sent":"Relatrice perla maggioranza ."}
{"sentidx":269793,"lemma":"maggioranza","token":"maggioranza","start":16,"end":27,"sent":"Relatrice perla maggioranza ."}
{"sentidx":269825,"lemma":"maggioranza","token":"maggioranza","start":16,"end":27,"sent":"Relatrice perla maggioranza ."}
{"sentidx":269827,"lemma":"maggioranza","token":"maggioranza","start":16,"end":27,"sent":"Relatrice perla maggioranza ."}
{"sentidx":71509,"lemma":"maggioranza","token":"maggioranza","start":16,"end":27,"sent":"Relatrice perla maggioranza ."}
{"sentidx":269829,"lemma":"maggioranza","token":"maggioranza","start":16,"end":27,"sent":"Relatrice perla maggioranza ."}
{"sentidx":110958,"lemma":"maggioranza","token":"maggioranza","start":16,"end":27,"sent":"Relatrice perla maggioranza ."}
{"sentidx":269831,"lemma":"maggioranza","token":"maggioranza","start":16,"end":27,"sent":"Relatrice perla maggioranza ."}
{"sentidx":269833,"lemma":"maggioranza","token":"maggioranza","start":16,"end":27,"sent":"Relatrice perla maggioranza ."}
{"sentidx":196922,"lemma":"maggioranza","token":"maggioranza","start":16,"end":27,"sent":"Relatrice perla maggioranza ."}
{"sentidx":269835,"lemma":"maggioranza","token":"maggioranza","start":16,"end":27,"sent":"Relatrice perla maggioranza ."}
{"sentidx":269837,"lemma":"maggioranza","token":"maggioranza","start":16,"end":27,"sent":"Relatrice perla maggioranza ."}
{"sentidx":269839,"lemma":"maggioranza","token":"maggioranza","start":16,"end":27,"sent":"Relatrice perla maggioranza ."}
{"sentidx":269841,"lemma":"maggioranza","token":"maggioranza","start":16,"end":27,"sent":"Relatrice perla maggioranza ."}
{"sentidx":269843,"lemma":"maggioranza","token":"maggioranza","start":16,"end":27,"sent":"Relatrice perla maggioranza ."}
{"sentidx":269845,"lemma":"maggioranza","token":"maggioranza","start":16,"end":27,"sent":"Relatrice perla maggioranza ."}
{"sentidx":269847,"lemma":"maggioranza","token":"maggioranza","start":16,"end":27,"sent":"Relatrice perla maggioranza ."}
{"sentidx":269823,"lemma":"maggioranza","token":"maggioranza","start":16,"end":27,"sent":"Relatrice perla maggioranza ."}
{"sentidx":269821,"lemma":"maggioranza","token":"maggioranza","start":16,"end":27,"sent":"Relatrice perla maggioranza ."}
{"sentidx":269819,"lemma":"maggioranza","token":"maggioranza","start":16,"end":27,"sent":"Relatrice perla maggioranza ."}
{"sentidx":269805,"lemma":"maggioranza","token":"maggioranza","start":16,"end":27,"sent":"Relatrice perla maggioranza ."}
{"sentidx":269795,"lemma":"maggioranza","token":"maggioranza","start":16,"end":27,"sent":"Relatrice perla maggioranza ."}
{"sentidx":110935,"lemma":"maggioranza","token":"maggioranza","start":16,"end":27,"sent":"Relatrice perla maggioranza ."}
{"sentidx":269797,"lemma":"maggioranza","token":"maggioranza","start":16,"end":27,"sent":"Relatrice perla maggioranza ."}
{"sentidx":269799,"lemma":"maggioranza","token":"maggioranza","start":16,"end":27,"sent":"Relatrice perla maggioranza ."}
{"sentidx":269803,"lemma":"maggioranza","token":"maggioranza","start":16,"end":27,"sent":"Relatrice perla maggioranza ."}
{"sentidx":196868,"lemma":"maggioranza","token":"maggioranza","start":16,"end":27,"sent":"Relatrice perla maggioranza ."}
{"sentidx":269807,"lemma":"maggioranza","token":"maggioranza","start":16,"end":27,"sent":"Relatrice perla maggioranza ."}
{"sentidx":110947,"lemma":"maggioranza","token":"maggioranza","start":16,"end":27,"sent":"Relatrice perla maggioranza ."}
{"sentidx":269809,"lemma":"maggioranza","token":"maggioranza","start":16,"end":27,"sent":"Relatrice perla maggioranza ."}
{"sentidx":196888,"lemma":"maggioranza","token":"maggioranza","start":16,"end":27,"sent":"Relatrice perla maggioranza ."}
{"sentidx":269811,"lemma":"maggioranza","token":"maggioranza","start":16,"end":27,"sent":"Relatrice perla maggioranza ."}
{"sentidx":269813,"lemma":"maggioranza","token":"maggioranza","start":16,"end":27,"sent":"Relatrice perla maggioranza ."}
{"sentidx":269815,"lemma":"maggioranza","token":"maggioranza","start":16,"end":27,"sent":"Relatrice perla maggioranza ."}
{"sentidx":269817,"lemma":"maggioranza","token":"maggioranza","start":16,"end":27,"sent":"Relatrice perla maggioranza ."}
{"sentidx":359557,"lemma":"maggioranza","token":"maggioranza","start":16,"end":27,"sent":"Relatrice perla maggioranza ."}
{"sentidx":359559,"lemma":"maggioranza","token":"maggioranza","start":16,"end":27,"sent":"Relatrice perla maggioranza ."}
{"sentidx":359561,"lemma":"maggioranza","token":"maggioranza","start":16,"end":27,"sent":"Relatrice perla maggioranza ."}
{"sentidx":359563,"lemma":"maggioranza","token":"maggioranza","start":16,"end":27,"sent":"Relatrice perla maggioranza ."}
{"sentidx":359898,"lemma":"maggioranza","token":"maggioranza","start":16,"end":27,"sent":"Relatrice perla maggioranza ."}
{"sentidx":359663,"lemma":"maggioranza","token":"maggioranza","start":16,"end":27,"sent":"Relatrice perla maggioranza ."}
{"sentidx":359661,"lemma":"maggioranza","token":"maggioranza","start":16,"end":27,"sent":"Relatrice perla maggioranza ."}
{"sentidx":359659,"lemma":"maggioranza","token":"maggioranza","start":16,"end":27,"sent":"Relatrice perla maggioranza ."}
{"sentidx":359657,"lemma":"maggioranza","token":"maggioranza","start":16,"end":27,"sent":"Relatrice perla maggioranza ."}
{"sentidx":359655,"lemma":"maggioranza","token":"maggioranza","start":16,"end":27,"sent":"Relatrice perla maggioranza ."}
{"sentidx":359653,"lemma":"maggioranza","token":"maggioranza","start":16,"end":27,"sent":"Relatrice perla maggioranza ."}
{"sentidx":359651,"lemma":"maggioranza","token":"maggioranza","start":16,"end":27,"sent":"Relatrice perla maggioranza ."}
{"sentidx":359649,"lemma":"maggioranza","token":"maggioranza","start":16,"end":27,"sent":"Relatrice perla maggioranza ."}
{"sentidx":359647,"lemma":"maggioranza","token":"maggioranza","start":16,"end":27,"sent":"Relatrice perla maggioranza ."}
{"sentidx":359645,"lemma":"maggioranza","token":"maggioranza","start":16,"end":27,"sent":"Relatrice perla maggioranza ."}
{"sentidx":359643,"lemma":"maggioranza","token":"maggioranza","start":16,"end":27,"sent":"Relatrice perla maggioranza ."}
{"sentidx":359641,"lemma":"maggioranza","token":"maggioranza","start":16,"end":27,"sent":"Relatrice perla maggioranza ."}
{"sentidx":359639,"lemma":"maggioranza","token":"maggioranza","start":16,"end":27,"sent":"Relatrice perla maggioranza ."}
{"sentidx":359637,"lemma":"maggioranza","token":"maggioranza","start":16,"end":27,"sent":"Relatrice perla maggioranza ."}
{"sentidx":62093,"lemma":"maggioranza","token":"maggioranza","start":16,"end":27,"sent":"Relatrice perla maggioranza ."}
{"sentidx":62102,"lemma":"maggioranza","token":"maggioranza","start":16,"end":27,"sent":"Relatrice perla maggioranza ."}
{"sentidx":196761,"lemma":"maggioranza","token":"maggioranza","start":16,"end":27,"sent":"Relatrice perla maggioranza ."}
{"sentidx":110900,"lemma":"maggioranza","token":"maggioranza","start":16,"end":27,"sent":"Relatrice perla maggioranza ."}
{"sentidx":314768,"lemma":"maggioranza","token":"maggioranza","start":16,"end":27,"sent":"Relatrice perla maggioranza ."}
{"sentidx":110898,"lemma":"maggioranza","token":"maggioranza","start":16,"end":27,"sent":"Relatrice perla maggioranza ."}
{"sentidx":62148,"lemma":"maggioranza","token":"maggioranza","start":16,"end":27,"sent":"Relatrice perla maggioranza ."}
{"sentidx":239650,"lemma":"maggioranza","token":"maggioranza","start":16,"end":27,"sent":"Relatrice perla maggioranza ."}
{"sentidx":62146,"lemma":"maggioranza","token":"maggioranza","start":16,"end":27,"sent":"Relatrice perla maggioranza ."}
