{"sentidx":113424,"lemma":"salute","token":"salute","start":46,"end":52,"sent":"Concludo signor Presidente Ambiente significa salute ."}
{"sentidx":66392,"lemma":"salute","token":"Salute","start":0,"end":6,"sent":"Salute eccetera eccetera ."}
{"sentidx":110825,"lemma":"salute","token":"salute","start":96,"end":102,"sent":"I prodotti contraffatti infatti non presentano caratteristiche qualitative tali da garantire la salute dei consumatori ."}
{"sentidx":222837,"lemma":"salute","token":"salute","start":32,"end":38,"sent":"del nostro sottosegretario alla salute ."}
{"sentidx":119786,"lemma":"salute","token":"salute","start":24,"end":30,"sent":"Beatrice Ministra della salute ."}
{"sentidx":27744,"lemma":"salute","token":"salute","start":99,"end":105,"sent":"Sottosegretario noi chiediamo semplicemente che la responsabilita penale in materia di sicurezza e salute venga rispettata ."}
{"sentidx":327931,"lemma":"salute","token":"salute","start":31,"end":37,"sent":"Sottosegretario di Stato perla salute ."}
{"sentidx":238943,"lemma":"salute","token":"salute","start":31,"end":37,"sent":"Sottosegretario di Stato perla salute ."}
{"sentidx":35560,"lemma":"salute","token":"salute","start":31,"end":37,"sent":"Sottosegretario di Stato perla salute ."}
{"sentidx":238908,"lemma":"salute","token":"salute","start":31,"end":37,"sent":"Sottosegretario di Stato perla salute ."}
{"sentidx":192899,"lemma":"salute","token":"salute","start":31,"end":37,"sent":"Sottosegretario di Stato perla salute ."}
{"sentidx":327897,"lemma":"salute","token":"salute","start":31,"end":37,"sent":"Sottosegretario di Stato perla salute ."}
{"sentidx":238895,"lemma":"salute","token":"salute","start":31,"end":37,"sent":"Sottosegretario di Stato perla salute ."}
{"sentidx":239011,"lemma":"salute","token":"salute","start":31,"end":37,"sent":"Sottosegretario di Stato perla salute ."}
{"sentidx":192926,"lemma":"salute","token":"salute","start":31,"end":37,"sent":"Sottosegretario di Stato perla salute ."}
{"sentidx":35536,"lemma":"salute","token":"salute","start":31,"end":37,"sent":"Sottosegretario di Stato perla salute ."}
{"sentidx":310862,"lemma":"salute","token":"salute","start":31,"end":37,"sent":"Sottosegretario di Stato perla salute ."}
{"sentidx":327947,"lemma":"salute","token":"salute","start":31,"end":37,"sent":"Sottosegretario di Stato perla salute ."}
{"sentidx":119475,"lemma":"salute","token":"salute","start":31,"end":37,"sent":"Sottosegretario di Stato perla salute ."}
{"sentidx":37838,"lemma":"salute","token":"salute","start":31,"end":37,"sent":"Sottosegretario di Stato perla salute ."}
{"sentidx":267430,"lemma":"salute","token":"salute","start":31,"end":37,"sent":"Sottosegretario di Stato perla salute ."}
{"sentidx":40239,"lemma":"salute","token":"Salute","start":0,"end":6,"sent":"Salute il nostro sistema sanitario e universalistico ."}
{"sentidx":267431,"lemma":"salute","token":"salute","start":91,"end":97,"sent":"Signor Presidente ringrazio l interpellante , l onorevole Elvira Savino Il Ministero della salute quotidianamente riceve segnalazioni relative alla disapplicazione delle norme nazionali e regionali in materia di randagismo , con particolare riguardo a situazioni di maltrattamenti sugli animali provenienti da tutto il territorio nazionale ."}
{"sentidx":134014,"lemma":"salute","token":"salute","start":41,"end":47,"sent":"90 De Filippo Vito Sottosegretario perla salute ."}
{"sentidx":134010,"lemma":"salute","token":"salute","start":41,"end":47,"sent":"81 De Filippo Vito Sottosegretario perla salute ."}
{"sentidx":232618,"lemma":"salute","token":"salute","start":37,"end":43,"sent":"Signor Presidente il Ministero della salute dedica gia da molto tempo attenzione al problema della contraffazione farmaceutica riguardante prodotti non fabbricati in conformita alle norme GMP riconosciute a livello mondiale ."}
{"sentidx":102945,"lemma":"salute","token":"salute","start":31,"end":37,"sent":"Non possiamo risparmiare sulla salute delle persone ."}
{"sentidx":163322,"lemma":"salute","token":"salute","start":15,"end":21,"sent":"Ministra della salute ."}
{"sentidx":163305,"lemma":"salute","token":"salute","start":15,"end":21,"sent":"Ministra della salute ."}
{"sentidx":163328,"lemma":"salute","token":"salute","start":15,"end":21,"sent":"Ministra della salute ."}
{"sentidx":19695,"lemma":"salute","token":"salute","start":15,"end":21,"sent":"Ministra della salute ."}
{"sentidx":285536,"lemma":"salute","token":"salute","start":15,"end":21,"sent":"Ministro della salute ."}
{"sentidx":285517,"lemma":"salute","token":"salute","start":15,"end":21,"sent":"Ministro della salute ."}
{"sentidx":257539,"lemma":"salute","token":"salute","start":15,"end":21,"sent":"Ministro della salute ."}
{"sentidx":285501,"lemma":"salute","token":"salute","start":15,"end":21,"sent":"Ministro della salute ."}
{"sentidx":91652,"lemma":"salute","token":"salute","start":15,"end":21,"sent":"Ministro della salute ."}
{"sentidx":142800,"lemma":"salute","token":"salute","start":15,"end":21,"sent":"Ministro della salute ."}
{"sentidx":182133,"lemma":"salute","token":"salute","start":15,"end":21,"sent":"Ministro della salute ."}
{"sentidx":182122,"lemma":"salute","token":"salute","start":15,"end":21,"sent":"Ministro della salute ."}
{"sentidx":19672,"lemma":"salute","token":"salute","start":15,"end":21,"sent":"Ministra della salute ."}
{"sentidx":251216,"lemma":"salute","token":"salute","start":15,"end":21,"sent":"Ministra della salute ."}
{"sentidx":182084,"lemma":"salute","token":"salute","start":15,"end":21,"sent":"Ministro della salute ."}
{"sentidx":182097,"lemma":"salute","token":"salute","start":15,"end":21,"sent":"Ministro della salute ."}
{"sentidx":275106,"lemma":"salute","token":"salute","start":15,"end":21,"sent":"Ministro della salute ."}
{"sentidx":275121,"lemma":"salute","token":"salute","start":15,"end":21,"sent":"Ministro della salute ."}
{"sentidx":190430,"lemma":"salute","token":"salute","start":15,"end":21,"sent":"Ministro della salute ."}
{"sentidx":246410,"lemma":"salute","token":"salute","start":15,"end":21,"sent":"Ministro della salute ."}
{"sentidx":19651,"lemma":"salute","token":"salute","start":15,"end":21,"sent":"Ministra della salute ."}
{"sentidx":182110,"lemma":"salute","token":"salute","start":15,"end":21,"sent":"Ministro della salute ."}
{"sentidx":257536,"lemma":"salute","token":"salute","start":15,"end":21,"sent":"Ministro della salute ."}
{"sentidx":354376,"lemma":"salute","token":"salute","start":15,"end":21,"sent":"Ministro della salute ."}
{"sentidx":112793,"lemma":"salute","token":"salute","start":15,"end":21,"sent":"Ministra della salute ."}
{"sentidx":354374,"lemma":"salute","token":"salute","start":15,"end":21,"sent":"Ministro della salute ."}
{"sentidx":257527,"lemma":"salute","token":"salute","start":15,"end":21,"sent":"Ministro della salute ."}
{"sentidx":112803,"lemma":"salute","token":"salute","start":15,"end":21,"sent":"Ministra della salute ."}
{"sentidx":264617,"lemma":"salute","token":"salute","start":15,"end":21,"sent":"Ministro della salute ."}
{"sentidx":354371,"lemma":"salute","token":"salute","start":15,"end":21,"sent":"Ministro della salute ."}
{"sentidx":112831,"lemma":"salute","token":"salute","start":15,"end":21,"sent":"Ministra della salute ."}
{"sentidx":112814,"lemma":"salute","token":"salute","start":15,"end":21,"sent":"Ministra della salute ."}
{"sentidx":190423,"lemma":"salute","token":"salute","start":15,"end":21,"sent":"Ministro della salute ."}
{"sentidx":110206,"lemma":"salute","token":"salute","start":15,"end":21,"sent":"Ministra della salute ."}
{"sentidx":122806,"lemma":"salute","token":"salute","start":15,"end":21,"sent":"Ministra della salute ."}
{"sentidx":91641,"lemma":"salute","token":"salute","start":15,"end":21,"sent":"Ministro della salute ."}
{"sentidx":128500,"lemma":"salute","token":"salute","start":15,"end":21,"sent":"Ministro della salute ."}
{"sentidx":128479,"lemma":"salute","token":"salute","start":15,"end":21,"sent":"Ministro della salute ."}
{"sentidx":308263,"lemma":"salute","token":"salute","start":15,"end":21,"sent":"Ministro della salute ."}
{"sentidx":124612,"lemma":"salute","token":"salute","start":15,"end":21,"sent":"Ministro della salute ."}
{"sentidx":308270,"lemma":"salute","token":"salute","start":15,"end":21,"sent":"Ministro della salute ."}
{"sentidx":308273,"lemma":"salute","token":"salute","start":15,"end":21,"sent":"Ministro della salute ."}
{"sentidx":124589,"lemma":"salute","token":"salute","start":15,"end":21,"sent":"Ministro della salute ."}
{"sentidx":122796,"lemma":"salute","token":"salute","start":15,"end":21,"sent":"Ministra della salute ."}
{"sentidx":128533,"lemma":"salute","token":"salute","start":15,"end":21,"sent":"Ministro della salute ."}
{"sentidx":122786,"lemma":"salute","token":"salute","start":15,"end":21,"sent":"Ministra della salute ."}
{"sentidx":122770,"lemma":"salute","token":"salute","start":15,"end":21,"sent":"Ministra della salute ."}
{"sentidx":308291,"lemma":"salute","token":"salute","start":15,"end":21,"sent":"Ministro della salute ."}
{"sentidx":349377,"lemma":"salute","token":"salute","start":15,"end":21,"sent":"Ministra della salute ."}
{"sentidx":257564,"lemma":"salute","token":"salute","start":15,"end":21,"sent":"Ministro della salute ."}
{"sentidx":120169,"lemma":"salute","token":"salute","start":15,"end":21,"sent":"Ministra della salute ."}
{"sentidx":308304,"lemma":"salute","token":"salute","start":15,"end":21,"sent":"Ministro della salute ."}
{"sentidx":257545,"lemma":"salute","token":"salute","start":15,"end":21,"sent":"Ministro della salute ."}
{"sentidx":128514,"lemma":"salute","token":"salute","start":15,"end":21,"sent":"Ministro della salute ."}
{"sentidx":128503,"lemma":"salute","token":"salute","start":15,"end":21,"sent":"Ministro della salute ."}
{"sentidx":128551,"lemma":"salute","token":"salute","start":15,"end":21,"sent":"Ministro della salute ."}
{"sentidx":23010,"lemma":"salute","token":"salute","start":15,"end":21,"sent":"Ministro della salute ."}
{"sentidx":142781,"lemma":"salute","token":"salute","start":15,"end":21,"sent":"Ministro della salute ."}
{"sentidx":142762,"lemma":"salute","token":"salute","start":15,"end":21,"sent":"Ministro della salute ."}
{"sentidx":91630,"lemma":"salute","token":"salute","start":15,"end":21,"sent":"Ministro della salute ."}
{"sentidx":142740,"lemma":"salute","token":"salute","start":15,"end":21,"sent":"Ministro della salute ."}
{"sentidx":251218,"lemma":"salute","token":"salute","start":15,"end":21,"sent":"Ministra della salute ."}
{"sentidx":257576,"lemma":"salute","token":"salute","start":15,"end":21,"sent":"Ministro della salute ."}
{"sentidx":232644,"lemma":"salute","token":"salute","start":15,"end":21,"sent":"Ministro della salute ."}
{"sentidx":264311,"lemma":"salute","token":"salute","start":15,"end":21,"sent":"Ministro della salute ."}
{"sentidx":232624,"lemma":"salute","token":"salute","start":15,"end":21,"sent":"Ministro della salute ."}
{"sentidx":232617,"lemma":"salute","token":"salute","start":15,"end":21,"sent":"Ministro della salute ."}
{"sentidx":257580,"lemma":"salute","token":"salute","start":15,"end":21,"sent":"Ministro della salute ."}
{"sentidx":35326,"lemma":"salute","token":"salute","start":63,"end":69,"sent":"Naturalmente intervengono in questo settore il Ministero della salute , i servizi veterinari regionali , gli istituti zooprofilattici sperimentali , i servizi veterinari delle Aziende sanitarie locali ."}
{"sentidx":80445,"lemma":"salute","token":"salute","start":159,"end":165,"sent":"Le politiche di rifinanziamento del sistema sanitario e dei ticket stanno rendendo competitive le prestazioni private e mettono in discussione il diritto alla salute"}
{"sentidx":216488,"lemma":"salute","token":"salute","start":83,"end":89,"sent":"Che lei potesse anche chiedere una simile attivazione da parte del Ministero della salute , riguardo agli effetti nocivi della realizzazione della modifica della discarica sulla popolazione residente ."}
{"sentidx":189903,"lemma":"salute","token":"salute","start":140,"end":146,"sent":"Concludo signor Presidente Invito percio tutti a rispondere a queste domande : si puo escludere tassativamente la possibilita di danni alla salute in mancanza di una valutazione dei rischi nutrizionali e tossicologici indipendente , trasparente e scientificamente fondata ?"}
{"sentidx":99767,"lemma":"salute","token":"salute","start":129,"end":135,"sent":"Con questo emendamento chiediamo semplicemente di eliminare il silenzio - assenso in riferimento alle pratiche che riguardano la salute dei cittadini ."}
